[{"id":153738,"name":"Paceville","state_id":100,"state_code":"48","state_name":"St. Julian's","country_id":135,"country_code":"MT","country_name":"Malta","latitude":"35.92370000","longitude":"14.49140000","native":"Paceville","type":"adm1","level":null,"parent_id":null,"population":4892,"timezone":"Europe/Malta","translations":{"ar":"بايسفيل","br":"Paceville","de":"Paceville","es":"Paceville","fa":"پیسویل","fr":"Paceville","hi":"पेसविले","hr":"Paceville","it":"Paceville","ja":"パーチェヴィル","ko":"페이스빌","nl":"Paceville","pl":"Paceville","pt":"Paceville","pt-BR":"Paceville","ru":"Пачевиль","tr":"Paceville","uk":"Пейсвілл","zh-CN":"帕斯维尔"},"wikiDataId":"Q918186"},{"id":67801,"name":"San Ġwann","state_id":100,"state_code":"48","state_name":"St. Julian's","country_id":135,"country_code":"MT","country_name":"Malta","latitude":"35.90556000","longitude":"14.47611000","native":"San Ġwann","type":"adm1","level":null,"parent_id":null,"population":12523,"timezone":"Europe/Malta","translations":{"ar":"سان غوان","br":"San Ġwann","de":"San Ġwann","es":"San Ġwann","fa":"سان گوان","fr":"San Ġwann","hi":"सैन Ġwann","hr":"San Gwann","it":"San Ġwann","ja":"サン・ジュワン","ko":"산 Ġwann","nl":"San Ġwann","pl":"San Ġwann","pt":"San Ġwann","pt-BR":"San Ġwann","ru":"Сан-Гванн","tr":"San Ġwann","uk":"Сан-Гванн","zh-CN":"圣·万"},"wikiDataId":"Q39507"}]