[{"id":64883,"name":"Ala-Buka","state_id":1000,"state_code":"J","state_name":"Jalal-Abad","country_id":118,"country_code":"KG","country_name":"Kyrgyzstan","latitude":"41.40806000","longitude":"71.46306000","native":"Ала-Бука","type":"city","level":null,"parent_id":null,"population":15426,"timezone":"Asia/Bishkek","translations":{"br":"Ala-Buka","ko":"알라부카","pt-BR":"Ala-Buka","pt":"Ala-Buka","nl":"Ala-Buka","hr":"Ala-Buka","fa":"آلا-بوکا","de":"Ala-Buka","es":"Ala-Buka","fr":"Ala-Buka","ja":"アラブカ","it":"Ala-Buka","zh-CN":"阿拉布卡","tr":"Ala-Buka","ru":"Ала-Бука","uk":"Ала-Бука","pl":"Ala-Buka","hi":"अला-Buka","ar":"علاء بوكا"},"wikiDataId":"Q401959"},{"id":64889,"name":"Bazar-Korgon","state_id":1000,"state_code":"J","state_name":"Jalal-Abad","country_id":118,"country_code":"KG","country_name":"Kyrgyzstan","latitude":"41.03760000","longitude":"72.74586000","native":"Базар-Коргон","type":"adm2","level":null,"parent_id":null,"population":41011,"timezone":"Asia/Bishkek","translations":{"br":"Bazar-Korgon","ko":"바자르-코르곤","pt-BR":"Bazar-Korgon","pt":"Bazar-Korgon","nl":"Bazar-Korgon","hr":"Bazar-Korgon","fa":"بازار-کورگون","de":"Bazar-Korgon","es":"Bazar-Korgon","fr":"Bazar-Korgon","ja":"バザール・コルゴン","it":"Bazar-Korgon","zh-CN":"巴扎尔-科尔贡","tr":"Bazar-Korgon","ru":"Базар-Коргон","uk":"Базар-Коргон","pl":"Bazar-Korgon","hi":"बाजार-Korgon","ar":"بازار-كورجون"},"wikiDataId":"Q1703230"},{"id":64899,"name":"Jalal-Abad","state_id":1000,"state_code":"J","state_name":"Jalal-Abad","country_id":118,"country_code":"KG","country_name":"Kyrgyzstan","latitude":"40.93333000","longitude":"73.00000000","native":"Жалал Абад","type":"adm1","level":null,"parent_id":null,"population":null,"timezone":"Asia/Bishkek","translations":{"br":"Jalal-Abad","ko":"잘랄아바드","pt-BR":"Jalal-Abad","pt":"Jalal-Abad","nl":"Jalal-Abad","hr":"Džalal-Abad","fa":"جلال آباد","de":"Dschalal-Abad","es":"Jalal-Abad","fr":"Djalal-Abad","ja":"ジャラル・アバド","it":"Jalal-Abad","zh-CN":"贾拉勒阿巴德","tr":"Celal-Abad","ru":"Джалал-Абад","uk":"Джалал-Абад","pl":"Dżalalabad","hi":"जलालाबाद","ar":"جلال آباد"},"wikiDataId":"Q487689"},{"id":64910,"name":"Kazarman","state_id":1000,"state_code":"J","state_name":"Jalal-Abad","country_id":118,"country_code":"KG","country_name":"Kyrgyzstan","latitude":"41.40500000","longitude":"74.03700000","native":"Казарман","type":"adm2","level":null,"parent_id":null,"population":21678,"timezone":"Asia/Bishkek","translations":{"br":"Kazarman","ko":"카자르만","pt-BR":"Kazarman","pt":"Kazarman","nl":"Kazachstan","hr":"Kazarman","fa":"کازارمن","de":"Kazarman","es":"Kazarman","fr":"Kazarman","ja":"カザーマン","it":"Kazarman","zh-CN":"卡扎尔曼","tr":"Kazarman","ru":"Казарман","uk":"Казарман","pl":"Kazarman","hi":"काज़रमैन","ar":"كازارمان"},"wikiDataId":"Q754798"},{"id":64912,"name":"Kerben","state_id":1000,"state_code":"J","state_name":"Jalal-Abad","country_id":118,"country_code":"KG","country_name":"Kyrgyzstan","latitude":"41.49399000","longitude":"71.75826000","native":"Кербен","type":"adm2","level":null,"parent_id":null,"population":14141,"timezone":"Asia/Bishkek","translations":{"br":"Kerben","ko":"케르벤","pt-BR":"Kerben","pt":"Kerben","nl":"Kerben","hr":"Kerben","fa":"کاربن","de":"Kerben","es":"Kerben","fr":"Kerben","ja":"ケルベン","it":"Kerben","zh-CN":"克尔本","tr":"Kerben","ru":"Кербен","uk":"Кербен","pl":"Kerben","hi":"केर्बेन","ar":"كيربن"},"wikiDataId":"Q2355674"},{"id":64913,"name":"Kochkor-Ata","state_id":1000,"state_code":"J","state_name":"Jalal-Abad","country_id":118,"country_code":"KG","country_name":"Kyrgyzstan","latitude":"41.03709000","longitude":"72.48320000","native":"Кочкор-Ата","type":"city","level":null,"parent_id":null,"population":17177,"timezone":"Asia/Bishkek","translations":{"br":"Kochkor-Ata","ko":"코츠코르-아타","pt-BR":"Kochkor-Ata","pt":"Kochkor-Ata","nl":"Kochkor-Ata","hr":"Kochkor-Ata","fa":"کوچکور-آتا","de":"Kochkor-Ata","es":"Kochkor-Ata","fr":"Kochkor-Ata","ja":"コッホコル・アタ","it":"Kochkor-Ata","zh-CN":"科奇科尔阿塔","tr":"Koçkor-Ata","ru":"Кочкор-Ата","uk":"Кочкор-Ата","pl":"Koczkor-Ata","hi":"कोचकोर-अता","ar":"كوتشكور-آتا"},"wikiDataId":"Q2224040"},{"id":64924,"name":"Suzak","state_id":1000,"state_code":"J","state_name":"Jalal-Abad","country_id":118,"country_code":"KG","country_name":"Kyrgyzstan","latitude":"40.89820000","longitude":"72.90481000","native":"Сузак","type":"adm2","level":null,"parent_id":null,"population":30534,"timezone":"Asia/Bishkek","translations":{"br":"Suzak","ko":"수작","pt-BR":"Suzak","pt":"Suzak","nl":"Suzak","hr":"Suzak","fa":"سوزاک","de":"Suzak","es":"Suzak","fr":"Suzak","ja":"スザック","it":"Suzak","zh-CN":"苏扎克","tr":"Suzak","ru":"Сузак","uk":"Сузак","pl":"Suzak","hi":"सुज़ाक","ar":"سوزاك"},"wikiDataId":"Q4445602"},{"id":64927,"name":"Tash-Kumyr","state_id":1000,"state_code":"J","state_name":"Jalal-Abad","country_id":118,"country_code":"KG","country_name":"Kyrgyzstan","latitude":"41.34612000","longitude":"72.21707000","native":"Таш-Көмүр","type":"city","level":null,"parent_id":null,"population":23594,"timezone":"Asia/Bishkek","translations":{"br":"Tash-Kumyr","ko":"타쉬-쿠미르","pt-BR":"Tash-Kumyr","pt":"Tash-Kumyr","nl":"Tash-Kumyr","hr":"Taš-Kumir","fa":"تش-کومیر","de":"Tasch-Kumyr","es":"Tash-Kumyr","fr":"Tash-Kumyr","ja":"タシュ・クミル","it":"Tash-Kumyr","zh-CN":"塔什库米尔","tr":"Taş-Kumır","ru":"Таш-Кумыр","uk":"Таш-Кумир","pl":"Tasz-Kumyr","hi":"ताश-कुमिर","ar":"تاش كومير"},"wikiDataId":"Q2283488"},{"id":64929,"name":"Toktogul","state_id":1000,"state_code":"J","state_name":"Jalal-Abad","country_id":118,"country_code":"KG","country_name":"Kyrgyzstan","latitude":"41.87442000","longitude":"72.94192000","native":"Токтогул","type":"adm2","level":null,"parent_id":null,"population":20577,"timezone":"Asia/Bishkek","translations":{"br":"Toktogul","ko":"톡토굴","pt-BR":"Toktogul","pt":"Toktogul","nl":"Toktogul","hr":"Toktogul","fa":"توکتوگول","de":"Toktogul","es":"Toktogul","fr":"Toktogul","ja":"トクトグル","it":"Toktogul","zh-CN":"托克托古尔","tr":"Toktogul","ru":"Токтогул","uk":"Токтогул","pl":"Toktogul","hi":"टोकटोगुल","ar":"توكتوغول"},"wikiDataId":"Q1647779"},{"id":64930,"name":"Toktogul District","state_id":1000,"state_code":"J","state_name":"Jalal-Abad","country_id":118,"country_code":"KG","country_name":"Kyrgyzstan","latitude":"41.75000000","longitude":"73.00000000","native":"Токтогул району","type":"district","level":null,"parent_id":null,"population":98100,"timezone":"Asia/Bishkek","translations":{"br":"Distrig Toktogul","ko":"톡토굴 지구","pt-BR":"Distrito de Toktogul","pt":"Distrito de Toktogul","nl":"Toktogul District","hr":"Okrug Toktogul","fa":"شهرستان توکتوگول","de":"Bezirk Toktogul","es":"Distrito de Toktogul","fr":"District de Toktogul","ja":"トクトグル地区","it":"Distretto di Toktogul","zh-CN":"托克托古尔区","tr":"Toktogul İlçesi","ru":"Токтогульский район","uk":"Токтогульський район","pl":"Dystrykt Toktogul","hi":"टोकतोगुल जिला","ar":"منطقة توكتوغول"},"wikiDataId":"Q754609"}]