[{"id":79676,"name":"Åkrehamn","state_id":1021,"state_code":"11","state_name":"Rogaland","country_id":165,"country_code":"NO","country_name":"Norway","latitude":"59.26053000","longitude":"5.18689000","native":"Åkrehamn","type":"city","level":null,"parent_id":null,"population":5018,"timezone":"Europe/Oslo","translations":{"br":"Åkrehamn","ko":"아크레함","pt-BR":"Åkrehamn","pt":"Åkrehamn","nl":"Åkrehamn","hr":"Åkrehamn","fa":"آکرهمن","de":"Åkrehamn","es":"Akrehamn","fr":"Åkrehamn","ja":"オークレハムン","it":"Åkrehamn","zh-CN":"阿克雷港","tr":"Åkrehamn","ru":"Окрехамн","uk":"Окрехамн","pl":"Åkrehamn","hi":"एक्रेहैम्न","ar":"أكريهامن"},"wikiDataId":"Q2648207"},{"id":79075,"name":"Bjerkreim","state_id":1021,"state_code":"11","state_name":"Rogaland","country_id":165,"country_code":"NO","country_name":"Norway","latitude":"58.63050000","longitude":"6.08130000","native":"Bjerkreim","type":"city","level":null,"parent_id":null,"population":2905,"timezone":"Europe/Oslo","translations":{"br":"Bjerkreim","ko":"비에르크라임","pt-BR":"Bjerkreim","pt":"Bjerkreim","nl":"Bjerkreim","hr":"Bjerkreim","fa":"بیرکریم","de":"Bjerkreim","es":"Bjerkreim","fr":"Bjerkreim","ja":"ビャークライム","it":"Circolo polare artico","zh-CN":"比耶克赖姆","tr":"Bjerkreim","ru":"Бьеркрейм","uk":"Б'єркрайм","pl":"Bjerkreim","hi":"बजेर्क्रेम","ar":"بييركرايم"},"wikiDataId":"Q493308"},{"id":79083,"name":"Bokn","state_id":1021,"state_code":"11","state_name":"Rogaland","country_id":165,"country_code":"NO","country_name":"Norway","latitude":"59.23062000","longitude":"5.43524000","native":"Bokn","type":"adm2","level":null,"parent_id":null,"population":0,"timezone":"Europe/Oslo","translations":{"br":"Bokn","ko":"보큰","pt-BR":"Bokn","pt":"Bokn","nl":"Bokn","hr":"Bokn","fa":"بوکن","de":"Bokn","es":"Libro","fr":"Bokn","ja":"ボクン","it":"Bokn","zh-CN":"博克恩","tr":"Bokn","ru":"Бокн","uk":"Бокн","pl":"Bokn","hi":"बोकन","ar":"بوكن"},"wikiDataId":"Q489351"},{"id":79090,"name":"Bryne","state_id":1021,"state_code":"11","state_name":"Rogaland","country_id":165,"country_code":"NO","country_name":"Norway","latitude":"58.73536000","longitude":"5.64766000","native":"Bryne","type":"adm2","level":null,"parent_id":null,"population":13312,"timezone":"Europe/Oslo","translations":{"br":"Bryne","ko":"브라인","pt-BR":"Bryne","pt":"Bryne","nl":"Bryne","hr":"Bryne","fa":"براین","de":"Bryne","es":"Bryne","fr":"Bryne","ja":"ブライン","it":"Bryne","zh-CN":"布莱恩","tr":"Bryne","ru":"Брюн","uk":"Брін","pl":"Bryne","hi":"ब्रायन","ar":"براين"},"wikiDataId":"Q2332350"},{"id":79109,"name":"Egersund","state_id":1021,"state_code":"11","state_name":"Rogaland","country_id":165,"country_code":"NO","country_name":"Norway","latitude":"58.45133000","longitude":"5.99970000","native":"Egersund","type":"adm2","level":null,"parent_id":null,"population":11788,"timezone":"Europe/Oslo","translations":{"br":"Egersund","ko":"에게르순드","pt-BR":"Egersund","pt":"Egersund","nl":"Egersund","hr":"Egersund","fa":"اگرسوند","de":"Egersund","es":"Egersund","fr":"Egersund","ja":"エーゲルスン","it":"Egersund","zh-CN":"埃格松","tr":"Egersund","ru":"Эгерсунд","uk":"Егерсунд","pl":"Egersund","hi":"एगरसंड","ar":"إيجرسوند"},"wikiDataId":"Q1020025"},{"id":79117,"name":"Eigersund","state_id":1021,"state_code":"11","state_name":"Rogaland","country_id":165,"country_code":"NO","country_name":"Norway","latitude":"58.45236000","longitude":"6.00314000","native":"Eigersund","type":"adm2","level":null,"parent_id":null,"population":15375,"timezone":"Europe/Oslo","translations":{"br":"Eigersund","ko":"아이거순드","pt-BR":"Eigersund","pt":"Eigersund","nl":"Eigersund","hr":"Eigersund","fa":"ایگرسوند","de":"Eigersund","es":"Eigersund","fr":"Eigersund","ja":"アイゲルスン","it":"Eigersund","zh-CN":"艾格松","tr":"Eigersund","ru":"Эйгерсунд","uk":"Айгерсунд","pl":"Eigersund","hi":"आइगरसंड","ar":"أيجرسوند"},"wikiDataId":"Q483877"},{"id":79118,"name":"Eike","state_id":1021,"state_code":"11","state_name":"Rogaland","country_id":165,"country_code":"NO","country_name":"Norway","latitude":"59.39833000","longitude":"5.36389000","native":"Eike","type":"city","level":null,"parent_id":null,"population":1408,"timezone":"Europe/Oslo","translations":{"br":"Eike","ko":"아이크","pt-BR":"Eike","pt":"Eike","nl":"Eike","hr":"Eike","fa":"آیکه","de":"Eike","es":"Eike","fr":"Eike","ja":"アイケ","it":"Eike","zh-CN":"艾克","tr":"Eike","ru":"Эйке","uk":"Ейке","pl":"Eike","hi":"इके","ar":"إيكي"},"wikiDataId":"Q3433183"},{"id":79141,"name":"Finnøy","state_id":1021,"state_code":"11","state_name":"Rogaland","country_id":165,"country_code":"NO","country_name":"Norway","latitude":"59.17117000","longitude":"5.87398000","native":"Finnøy","type":"adm2","level":null,"parent_id":null,"population":null,"timezone":"Europe/Oslo","translations":{"br":"Finnøy","ko":"피노이","pt-BR":"Finnøy","pt":"Finnøy","nl":"Finnøy","hr":"Finnøy","fa":"فینوی","de":"Finnøy","es":"Finnøy","fr":"Finnøy","ja":"フィンノイ","it":"Finnøy","zh-CN":"芬诺伊","tr":"Finnøy","ru":"Финнёй","uk":"Фінней","pl":"Finnøy","hi":"फिनोय","ar":"فينوي"},"wikiDataId":"Q48750"},{"id":79155,"name":"Forsand","state_id":1021,"state_code":"11","state_name":"Rogaland","country_id":165,"country_code":"NO","country_name":"Norway","latitude":"58.89929000","longitude":"6.09642000","native":"Forsand","type":"adm2","level":null,"parent_id":null,"population":530,"timezone":"Europe/Oslo","translations":{"br":"Forsand","ko":"포산드","pt-BR":"Forsand","pt":"Forsand","nl":"Voorzand","hr":"Forsand","fa":"فورساند","de":"Forsand","es":"Forsand","fr":"Forsand","ja":"フォルサンド","it":"Forsand","zh-CN":"福桑","tr":"Forsand","ru":"Форсанд","uk":"Форсанд","pl":"Forsand","hi":"फ़ोरसैंड","ar":"فورساند"},"wikiDataId":"Q484309"},{"id":79179,"name":"Gjesdal","state_id":1021,"state_code":"11","state_name":"Rogaland","country_id":165,"country_code":"NO","country_name":"Norway","latitude":"58.76478000","longitude":"5.85500000","native":"Gjesdal","type":"locality","level":null,"parent_id":null,"population":12536,"timezone":"Europe/Oslo","translations":{"br":"Gjesdal","ko":"예스달","pt-BR":"Gjesdal","pt":"Gjesdal","nl":"Gjesdal","hr":"Gjesdal","fa":"گجسدال","de":"Gjesdal","es":"Gjesdal","fr":"Gjesdal","ja":"ゲスダル","it":"Gjesdal","zh-CN":"耶斯达尔","tr":"Gjesdal","ru":"Гьесдал","uk":"Г'єсдал","pl":"Gjesdal","hi":"गेज्डाल","ar":"جيسدال"},"wikiDataId":"Q255148"},{"id":79245,"name":"Hå","state_id":1021,"state_code":"11","state_name":"Rogaland","country_id":165,"country_code":"NO","country_name":"Norway","latitude":"58.61610000","longitude":"5.64497000","native":"Hå","type":"adm2","level":null,"parent_id":null,"population":20067,"timezone":"Europe/Oslo","translations":{"br":"Hå","ko":"하아","pt-BR":"Lá","pt":"Lá","nl":"Hå","hr":"Ha","fa":"ها","de":"Ha","es":"Ja","fr":"Ha","ja":"ハ","it":"Hå","zh-CN":"哈","tr":"Ha","ru":"Hå","uk":"Хо","pl":"Hå","hi":"हा","ar":"ها"},"wikiDataId":"Q485608"},{"id":79211,"name":"Hauge i Dalane","state_id":1021,"state_code":"11","state_name":"Rogaland","country_id":165,"country_code":"NO","country_name":"Norway","latitude":"58.34361000","longitude":"6.28121000","native":"Hauge i Dalane","type":"adm2","level":null,"parent_id":null,"population":2148,"timezone":"Europe/Oslo","translations":{"br":"Hauge e Dalane","ko":"하우게 이 달레인","pt-BR":"Hauge em Dalane","pt":"Hauge em Dalane","nl":"Hauge i Dalane","hr":"Hauge i Dalane","fa":"هاوگه ای دالان","de":"Hauge i Dalane","es":"Hauge y Dalane","fr":"Hauge et Dalane","ja":"ハウゲ・イ・ダラネ","it":"Hauge i Dalane","zh-CN":"海格和达拉内","tr":"Hauge i Dalane","ru":"Hauge i Dalane","uk":"Гауге-і-Далане","pl":"Hauge i Dalane","hi":"Hauge i Dalane","ar":"Hauge i Dalane"},"wikiDataId":"Q1789941"},{"id":79212,"name":"Haugesund","state_id":1021,"state_code":"11","state_name":"Rogaland","country_id":165,"country_code":"NO","country_name":"Norway","latitude":"59.41015000","longitude":"5.27551000","native":"Haugesund","type":"adm2","level":null,"parent_id":null,"population":38441,"timezone":"Europe/Oslo","translations":{"br":"Haugesund","ko":"헤우게순","pt-BR":"Haugesund","pt":"Haugesund","nl":"Haugesund","hr":"Haugesund","fa":"هاگسوند","de":"Haugesund","es":"Haugesund","fr":"Haugesund","ja":"ハウゲスン","it":"Haugesund","zh-CN":"海于格松","tr":"Haugesund","ru":"Хаугесунн","uk":"Гаугесунн","pl":"Haugesund","hi":"हौगेसुंड","ar":"هاوجيسوند"},"wikiDataId":"Q109036"},{"id":79224,"name":"Hjelmeland","state_id":1021,"state_code":"11","state_name":"Rogaland","country_id":165,"country_code":"NO","country_name":"Norway","latitude":"59.23668000","longitude":"6.17912000","native":"Hjelmeland","type":"city","level":null,"parent_id":null,"population":2681,"timezone":"Europe/Oslo","translations":{"br":"Hjelmeland","ko":"헬멜란드","pt-BR":"Hjelmeland","pt":"Hjelmeland","nl":"Hjelmeland","hr":"Hjelmeland","fa":"هیلملند","de":"Hjelmeland","es":"Hjelmeland","fr":"Hjelmeland","ja":"ヘルメランド","it":"Hjelmeland","zh-CN":"耶尔默兰","tr":"Evler ülkesi","ru":"Хьельмеланд","uk":"Єльмеланд","pl":"Hjelmeland","hi":"हेजेलमलैंड","ar":"هيلميلاند"},"wikiDataId":"Q250055"},{"id":79232,"name":"Hommersåk","state_id":1021,"state_code":"11","state_name":"Rogaland","country_id":165,"country_code":"NO","country_name":"Norway","latitude":"58.92556000","longitude":"5.85104000","native":"Hommersåk","type":"locality","level":null,"parent_id":null,"population":6764,"timezone":"Europe/Oslo","translations":{"br":"Hommersåk","ko":"호메르사크","pt-BR":"Hommersåk","pt":"Hommersåk","nl":"Hommersåk","hr":"Hommersåk","fa":"هومرساک","de":"Hommersåk","es":"Hommersåk","fr":"Hommersåk","ja":"ホメルソーク","it":"Hommersåk","zh-CN":"霍默萨克","tr":"Hommersåk","ru":"Хоммерсок","uk":"Хоммерсак","pl":"Hommersåk","hi":"होमर्सक","ar":"هومرساك"},"wikiDataId":"Q2441500"},{"id":79262,"name":"Jørpeland","state_id":1021,"state_code":"11","state_name":"Rogaland","country_id":165,"country_code":"NO","country_name":"Norway","latitude":"59.02251000","longitude":"6.04078000","native":"Jørpeland","type":"adm2","level":null,"parent_id":null,"population":7714,"timezone":"Europe/Oslo","translations":{"br":"Jørpeland","ko":"요르펠란드","pt-BR":"Jørpeland","pt":"Jørpeland","nl":"Jørpeland","hr":"Jørpeland","fa":"جورپلند","de":"Jørpeland","es":"Jørpeland","fr":"Jørpeland","ja":"ヨーペランド","it":"Jørpeland","zh-CN":"约尔珀兰","tr":"Jørpeland","ru":"Йорпеланд","uk":"Єрпеланд","pl":"Jørpeland","hi":"जोर्पेलैंड","ar":"يوربيلند"},"wikiDataId":"Q1851053"},{"id":79259,"name":"Judaberg","state_id":1021,"state_code":"11","state_name":"Rogaland","country_id":165,"country_code":"NO","country_name":"Norway","latitude":"59.17204000","longitude":"5.87617000","native":"JUDABERG","type":"adm2","level":null,"parent_id":null,"population":560,"timezone":"Europe/Oslo","translations":{"br":"Judaberg","ko":"주다버그","pt-BR":"Judaberg","pt":"Judaberg","nl":"Judaberg","hr":"Judaberg","fa":"جودابرگ","de":"Judaberg","es":"Judaberg","fr":"Judaberg","ja":"ジュダバーグ","it":"Judaberg","zh-CN":"朱达伯格","tr":"Judaberg","ru":"Джудаберг","uk":"Юдаберг","pl":"Judaberg","hi":"जुडाबर्ग","ar":"جودابيرج"},"wikiDataId":"Q1771142"},{"id":79267,"name":"Karmøy","state_id":1021,"state_code":"11","state_name":"Rogaland","country_id":165,"country_code":"NO","country_name":"Norway","latitude":"59.28079000","longitude":"5.30529000","native":"Karmøy","type":"adm2","level":null,"parent_id":null,"population":11561,"timezone":"Europe/Oslo","translations":{"br":"Karmøy","ko":"카르뫼이","pt-BR":"Karmøy","pt":"Karmøy","nl":"Karmøy","hr":"Karmøy","fa":"کارموی","de":"Karmøy","es":"Karmøy","fr":"Karmøy","ja":"カルモイ","it":"Karmøy","zh-CN":"卡默伊","tr":"Karmøy","ru":"Кармёй","uk":"Кармой","pl":"Karmøy","hi":"कर्मोय","ar":"كارموي"},"wikiDataId":"Q483902"},{"id":79274,"name":"Klepp","state_id":1021,"state_code":"11","state_name":"Rogaland","country_id":165,"country_code":"NO","country_name":"Norway","latitude":"58.77655000","longitude":"5.63009000","native":"Klepp","type":"adm2","level":null,"parent_id":null,"population":0,"timezone":"Europe/Oslo","translations":{"br":"Klepp","ko":"클렙","pt-BR":"Klepp","pt":"Klepp","nl":"Klepp","hr":"Klepp","fa":"کلپ","de":"Klepp","es":"Klepp","fr":"Klepp","ja":"クレップ","it":"Klepp","zh-CN":"克莱普","tr":"Klepp","ru":"Клепп","uk":"Клепп","pl":"Klepp","hi":"क्लेप","ar":"كليب"},"wikiDataId":"Q500223"},{"id":79283,"name":"Kopervik","state_id":1021,"state_code":"11","state_name":"Rogaland","country_id":165,"country_code":"NO","country_name":"Norway","latitude":"59.28354000","longitude":"5.30669000","native":"Kopervik","type":"adm2","level":null,"parent_id":null,"population":11860,"timezone":"Europe/Oslo","translations":{"br":"Kopervik","ko":"코페르빅","pt-BR":"Kopervik","pt":"Kopervik","nl":"Kopervik","hr":"Kopervik","fa":"کوپرویک","de":"Kopervik","es":"Kopervik","fr":"Kopervik","ja":"コペルヴィク","it":"Kopervik","zh-CN":"科佩维克","tr":"Kopervik","ru":"Копервик","uk":"Копервік","pl":"Kopervik","hi":"कोपरविक","ar":"كوبرفيك"},"wikiDataId":"Q2109119"},{"id":79295,"name":"Kvitsøy","state_id":1021,"state_code":"11","state_name":"Rogaland","country_id":165,"country_code":"NO","country_name":"Norway","latitude":"59.06471000","longitude":"5.40537000","native":"Kvitsøy","type":"adm2","level":null,"parent_id":null,"population":570,"timezone":"Europe/Oslo","translations":{"br":"Kvitsøy","ko":"크비초이","pt-BR":"Kvitsøy","pt":"Kvitsøy","nl":"Kvitsøy","hr":"Kvitsøy","fa":"کویتسوی","de":"Kvitsøy","es":"Kvitsøy","fr":"Kvitsøy","ja":"クヴィツォイ","it":"Kvitsøy","zh-CN":"克维特瑟伊","tr":"Kvitsøy","ru":"Квитсёй","uk":"Квітсей","pl":"Kvitsøy","hi":"क्वित्सोय","ar":"كفيتسوي"},"wikiDataId":"Q494024"},{"id":79330,"name":"Lund","state_id":1021,"state_code":"11","state_name":"Rogaland","country_id":165,"country_code":"NO","country_name":"Norway","latitude":"58.45715000","longitude":"6.54871000","native":"Lund","type":"adm2","level":null,"parent_id":null,"population":3259,"timezone":"Europe/Oslo","translations":{"br":"Lund","ko":"룬드","pt-BR":"Lund","pt":"Lund","nl":"Lund","hr":"Lund","fa":"لوند","de":"Lund","es":"Lund","fr":"Lund","ja":"ルンド","it":"Lund","zh-CN":"隆德","tr":"Lund","ru":"Лунд","uk":"Лунд","pl":"Lund","hi":"लुंड","ar":"لوند"},"wikiDataId":"Q515536"},{"id":79336,"name":"Lyefjell","state_id":1021,"state_code":"11","state_name":"Rogaland","country_id":165,"country_code":"NO","country_name":"Norway","latitude":"58.73539000","longitude":"5.73615000","native":"Lyfjell","type":"city","level":null,"parent_id":null,"population":2200,"timezone":"Europe/Oslo","translations":{"br":"Lyefjell","ko":"리에펠","pt-BR":"Lyefjell","pt":"Lyefjell","nl":"Lyefjell","hr":"Lyefjell","fa":"لیفجل","de":"Lyefjell","es":"Lyefjell","fr":"Lyefjell","ja":"リーフジェル","it":"Lyefjell","zh-CN":"吕夫耶尔","tr":"Lyefjell","ru":"Льефьель","uk":"Ліф'єль","pl":"Lyefjell","hi":"लायफजेल","ar":"ليفيجيل"},"wikiDataId":"Q503612"},{"id":79371,"name":"Moi","state_id":1021,"state_code":"11","state_name":"Rogaland","country_id":165,"country_code":"NO","country_name":"Norway","latitude":"58.45674000","longitude":"6.55184000","native":"Moi","type":"adm2","level":null,"parent_id":null,"population":2008,"timezone":"Europe/Oslo","translations":{"br":"Moi","ko":"나","pt-BR":"Eu","pt":"Eu","nl":"Ik","hr":"Moj","fa":"موی","de":"Ich","es":"Yo","fr":"Moi","ja":"わたし","it":"Io","zh-CN":"我","tr":"Ben","ru":"Мои","uk":"Мой","pl":"Ja","hi":"मोई","ar":"موي"},"wikiDataId":"Q1770346"},{"id":79415,"name":"Nærbø","state_id":1021,"state_code":"11","state_name":"Rogaland","country_id":165,"country_code":"NO","country_name":"Norway","latitude":"58.66546000","longitude":"5.63788000","native":"Nærbø","type":"city","level":null,"parent_id":null,"population":7632,"timezone":"Europe/Oslo","translations":{"br":"Nærbø","ko":"네르뵈","pt-BR":"Nærbø","pt":"Nærbø","nl":"Nærbø","hr":"Nærbø","fa":"نربو","de":"Nærbø","es":"Cerca de","fr":"Nærbø","ja":"ナーボ","it":"Nærbø","zh-CN":"纳尔博","tr":"Nærbø","ru":"Нэрбё","uk":"Нербьо","pl":"Nærbø","hi":"नैरबो","ar":"ناربو"},"wikiDataId":"Q2141864"},{"id":79693,"name":"Ølen","state_id":1021,"state_code":"11","state_name":"Rogaland","country_id":165,"country_code":"NO","country_name":"Norway","latitude":"59.60437000","longitude":"5.80799000","native":"Ølen","type":"adm2","level":null,"parent_id":null,"population":891,"timezone":"Europe/Oslo","translations":{"br":"Ølen","ko":"욀렌","pt-BR":"Ølen","pt":"Ølen","nl":"Ølen","hr":"Ølen","fa":"اولن","de":"Ølen","es":"Ølen","fr":"Ølen","ja":"オーレン","it":"Ølen","zh-CN":"奥伦","tr":"Ølen","ru":"Олен","uk":"Олен","pl":"Ølen","hi":"Olen","ar":"أولين"},"wikiDataId":"Q6517575"},{"id":79437,"name":"Randaberg","state_id":1021,"state_code":"11","state_name":"Rogaland","country_id":165,"country_code":"NO","country_name":"Norway","latitude":"58.99870000","longitude":"5.62055000","native":"Randaberg","type":"adm2","level":null,"parent_id":null,"population":11795,"timezone":"Europe/Oslo","translations":{"br":"Randaberg","ko":"란다버그","pt-BR":"Randaberg","pt":"Randaberg","nl":"Randaberg","hr":"Randaberg","fa":"راندابرگ","de":"Randaberg","es":"Randaberg","fr":"Randaberg","ja":"ランダバーグ","it":"Randaberg","zh-CN":"兰德伯格","tr":"Randaberg","ru":"Рандаберг","uk":"Рандаберг","pl":"Randaberg","hi":"रैंडाबर्ग","ar":"راندابيرج"},"wikiDataId":"Q492115"},{"id":79447,"name":"Rennesøy","state_id":1021,"state_code":"11","state_name":"Rogaland","country_id":165,"country_code":"NO","country_name":"Norway","latitude":"59.09899000","longitude":"5.69966000","native":"Rennesøy","type":"city","level":null,"parent_id":null,"population":null,"timezone":"Europe/Oslo","translations":{"br":"Roazhon","ko":"렌네쇠이","pt-BR":"Rennesøy","pt":"Rennesøy","nl":"Rennesøy","hr":"Rennesøy","fa":"رنسو","de":"Rennesøy","es":"Rennesøy","fr":"Rennesøy","ja":"レンネゾーイ","it":"Rennesøy","zh-CN":"雷讷瑟","tr":"Rennesøy","ru":"Реннесёй","uk":"Реннесой","pl":"Rennesøy","hi":"रेनेसोय","ar":"رينسوي"},"wikiDataId":"Q494045"},{"id":79483,"name":"Sandnes","state_id":1021,"state_code":"11","state_name":"Rogaland","country_id":165,"country_code":"NO","country_name":"Norway","latitude":"58.84760000","longitude":"5.72855000","native":"Sandnes","type":"adm2","level":null,"parent_id":null,"population":373,"timezone":"Europe/Oslo","translations":{"br":"Traezh","ko":"산네스","pt-BR":"Sandnes","pt":"Sandnes","nl":"Sandnes","hr":"Sandnes","fa":"ساندنس","de":"Sandnes","es":"Sandnes","fr":"Sandnes","ja":"サンネス","it":"Sandnes","zh-CN":"桑内斯","tr":"Sandnes","ru":"Санднес","uk":"Санднес","pl":"Sandnes","hi":"सैन्डनीस","ar":"ساندنس"},"wikiDataId":"Q27587"},{"id":79488,"name":"Sauda","state_id":1021,"state_code":"11","state_name":"Rogaland","country_id":165,"country_code":"NO","country_name":"Norway","latitude":"59.65067000","longitude":"6.35312000","native":"Sauda","type":"adm2","level":null,"parent_id":null,"population":4600,"timezone":"Europe/Oslo","translations":{"br":"Sauda","ko":"사우다","pt-BR":"Sauda","pt":"Sauda","nl":"Sauda","hr":"Sauda","fa":"سودا","de":"Sauda","es":"Sauda","fr":"Sauda","ja":"サウダ","it":"Sauda","zh-CN":"沙乌达","tr":"Sauda","ru":"Сауда","uk":"Сауда","pl":"Sauda","hi":"सौदा","ar":"سودا"},"wikiDataId":"Q485297"},{"id":79575,"name":"Sæveland","state_id":1021,"state_code":"11","state_name":"Rogaland","country_id":165,"country_code":"NO","country_name":"Norway","latitude":"59.26667000","longitude":"5.20000000","native":"Søbeland","type":"city","level":null,"parent_id":null,"population":7873,"timezone":"Europe/Oslo","translations":{"br":"Sæveland","ko":"세벨란드","pt-BR":"Sæveland","pt":"Sæveland","nl":"Sæveland","hr":"Sæveland","fa":"ساولند","de":"Sæveland","es":"Sæveland","fr":"Sæveland","ja":"セーヴェランド","it":"Sæveland","zh-CN":"萨韦兰","tr":"Sæveland","ru":"Сэвеланд","uk":"Севеланд","pl":"Sæveland","hi":"सेवेलैंड","ar":"سيفلاند"},"wikiDataId":"Q7665822"},{"id":79521,"name":"Skudeneshavn","state_id":1021,"state_code":"11","state_name":"Rogaland","country_id":165,"country_code":"NO","country_name":"Norway","latitude":"59.14856000","longitude":"5.25687000","native":"Skudeneshavn","type":"city","level":null,"parent_id":null,"population":3348,"timezone":"Europe/Oslo","translations":{"br":"Skudeneshavn","ko":"스쿠데네샤운","pt-BR":"Skudeneshavn","pt":"Skudeneshavn","nl":"Skudeneshavn","hr":"Skudeneshavn","fa":"اسکودنشاون","de":"Skudeneshavn","es":"Skudeneshavn","fr":"Skudeneshavn","ja":"スクデネスハウン","it":"Skudeneshavn","zh-CN":"斯库德内斯港","tr":"Skudeneshavn","ru":"Скуденесхавн","uk":"Скуденешгавн","pl":"Skudeneshavn","hi":"स्कुडेनेशवन","ar":"سكودينيشافن"},"wikiDataId":"Q1900046"},{"id":79530,"name":"Sokndal","state_id":1021,"state_code":"11","state_name":"Rogaland","country_id":165,"country_code":"NO","country_name":"Norway","latitude":"58.34256000","longitude":"6.29425000","native":"Sokndal","type":"city","level":null,"parent_id":null,"population":3371,"timezone":"Europe/Oslo","translations":{"br":"Sokndal","ko":"속달","pt-BR":"Sokndal","pt":"Sokndal","nl":"Sokndal","hr":"Sokndal","fa":"سوکندال","de":"Sokndal","es":"Sokndal","fr":"Sokndal","ja":"ソクンダル","it":"Sokndal","zh-CN":"索恩达尔","tr":"Sokndal","ru":"Сокндал","uk":"Сокндал","pl":"Sokndal","hi":"सोकन्डल","ar":"سوكندال"},"wikiDataId":"Q48858"},{"id":79531,"name":"Sola","state_id":1021,"state_code":"11","state_name":"Rogaland","country_id":165,"country_code":"NO","country_name":"Norway","latitude":"58.88806000","longitude":"5.64728000","native":"Sola","type":"adm2","level":null,"parent_id":null,"population":29153,"timezone":"Europe/Oslo","translations":{"br":"Sola","ko":"솔라","pt-BR":"Sola","pt":"Sola","nl":"Alleen","hr":"Sola","fa":"سولا","de":"Sola","es":"Sola","fr":"Sola","ja":"ソラ","it":"Sola","zh-CN":"索拉","tr":"Güneş","ru":"Сола","uk":"Сола","pl":"Sola","hi":"सोला","ar":"سولا"},"wikiDataId":"Q488948"},{"id":79538,"name":"Stavanger","state_id":1021,"state_code":"11","state_name":"Rogaland","country_id":165,"country_code":"NO","country_name":"Norway","latitude":"58.96941000","longitude":"5.72856000","native":"Stavanger","type":"adm1","level":null,"parent_id":null,"population":150123,"timezone":"Europe/Oslo","translations":{"br":"Stavanger","ko":"스타방에르","pt-BR":"Stavanger","pt":"Stavanger","nl":"Stavanger","hr":"Stavanger","fa":"استاوانگر","de":"Stavanger","es":"Stavanger","fr":"Stavanger","ja":"スタヴァンゲル","it":"Stavanger","zh-CN":"斯塔万格","tr":"Stavanger","ru":"Ставангер","uk":"Ставангер","pl":"Stavanger","hi":"स्टावेंजर","ar":"ستافنجر"},"wikiDataId":"Q25416"},{"id":79555,"name":"Strand","state_id":1021,"state_code":"11","state_name":"Rogaland","country_id":165,"country_code":"NO","country_name":"Norway","latitude":"59.02353000","longitude":"6.04343000","native":"Strand","type":"city","level":null,"parent_id":null,"population":785,"timezone":"Europe/Oslo","translations":{"br":"Neudenn","ko":"바닷가","pt-BR":"Strand","pt":"Strand","nl":"Streng","hr":"Nasukati","fa":"استرند","de":"Strand","es":"Hebra","fr":"Brin","ja":"ストランド","it":"Strand","zh-CN":"斯特兰德","tr":"İplik","ru":"Стрэнд","uk":"Стренд","pl":"Pasmo","hi":"किनारा","ar":"خصلة"},"wikiDataId":"Q48591"},{"id":79563,"name":"Suldal","state_id":1021,"state_code":"11","state_name":"Rogaland","country_id":165,"country_code":"NO","country_name":"Norway","latitude":"59.48571000","longitude":"6.25222000","native":"Suldal","type":"adm2","level":null,"parent_id":null,"population":0,"timezone":"Europe/Oslo","translations":{"br":"Sudal","ko":"술달","pt-BR":"Suldal","pt":"Suldal","nl":"Suldal","hr":"Suldal","fa":"سولدال","de":"Suldal","es":"Suldal","fr":"Suldal","ja":"スルダル","it":"Suldal","zh-CN":"苏尔达尔","tr":"Suldal","ru":"Сулдал","uk":"Сулдал","pl":"Suldal","hi":"सुल्डल","ar":"سولدال"},"wikiDataId":"Q48577"},{"id":79589,"name":"Tananger","state_id":1021,"state_code":"11","state_name":"Rogaland","country_id":165,"country_code":"NO","country_name":"Norway","latitude":"58.93618000","longitude":"5.57410000","native":"Tananger","type":"city","level":null,"parent_id":null,"population":6377,"timezone":"Europe/Oslo","translations":{"br":"Tananger","ko":"타낭에르","pt-BR":"Tananger","pt":"Tananger","nl":"Tananger","hr":"Tananger","fa":"تاننگر","de":"Tananger","es":"Tangara","fr":"Tangara","ja":"タナガー","it":"Tananger","zh-CN":"塔南格","tr":"Tananger","ru":"Танангер","uk":"Танангер","pl":"Tananger","hi":"तनंगेर","ar":"تانانجر"},"wikiDataId":"Q2211190"},{"id":79590,"name":"Tau","state_id":1021,"state_code":"11","state_name":"Rogaland","country_id":165,"country_code":"NO","country_name":"Norway","latitude":"59.06481000","longitude":"5.92250000","native":"Erverve","type":"city","level":null,"parent_id":null,"population":3512,"timezone":"Europe/Oslo","translations":{"br":"Tau","ko":"타우","pt-BR":"Tau","pt":"Tau","nl":"Tau","hr":"Tau","fa":"تاو","de":"Tau","es":"Tau","fr":"Tau","ja":"タウ","it":"Tau","zh-CN":"陶氏","tr":"Tau","ru":"Тау","uk":"Тау","pl":"Tau","hi":"ताउ","ar":"تاو"},"wikiDataId":"Q2760222"},{"id":79592,"name":"Time","state_id":1021,"state_code":"11","state_name":"Rogaland","country_id":165,"country_code":"NO","country_name":"Norway","latitude":"58.73636000","longitude":"5.65297000","native":"Tid","type":"adm2","level":null,"parent_id":null,"population":20157,"timezone":"Europe/Oslo","translations":{"br":"Amzer","ko":"시간","pt-BR":"Tempo","pt":"Tempo","nl":"Tijd","hr":"Vrijeme","fa":"زمان","de":"Zeit","es":"Tiempo","fr":"Temps","ja":"時間","it":"Tempo","zh-CN":"时间","tr":"Zaman","ru":"Время","uk":"Час","pl":"Czas","hi":"समय","ar":"وقت"},"wikiDataId":"Q493981"},{"id":79618,"name":"Tysvær","state_id":1021,"state_code":"11","state_name":"Rogaland","country_id":165,"country_code":"NO","country_name":"Norway","latitude":"59.42159000","longitude":"5.44781000","native":"Slips","type":"adm2","level":null,"parent_id":null,"population":11715,"timezone":"Europe/Oslo","translations":{"br":"Tysvær","ko":"티스베르","pt-BR":"Tysvær","pt":"Tysvær","nl":"Tysvær","hr":"Tysvær","fa":"تیسوار","de":"Tysvær","es":"Tysvær","fr":"Tysvær","ja":"ティスヴァー","it":"Tysvær","zh-CN":"蒂斯韦尔","tr":"Tysvær","ru":"Тюсвэр","uk":"Тісвер","pl":"Tysvær","hi":"टायस्वेर","ar":"تيسفر"},"wikiDataId":"Q493977"},{"id":79627,"name":"Utsira","state_id":1021,"state_code":"11","state_name":"Rogaland","country_id":165,"country_code":"NO","country_name":"Norway","latitude":"59.30565000","longitude":"4.88621000","native":"Utsira","type":"adm2","level":null,"parent_id":null,"population":217,"timezone":"Europe/Oslo","translations":{"br":"Utsira","ko":"우치라","pt-BR":"Utsira","pt":"Utsira","nl":"Utsira","hr":"Utsira","fa":"اوتسیرا","de":"Utsira","es":"Utsira","fr":"Utsira","ja":"ウツィラ","it":"Utsira","zh-CN":"乌特西拉","tr":"Utsira","ru":"Утсира","uk":"Утсіра","pl":"Utsira","hi":"उत्सिरा","ar":"أوتسيرا"},"wikiDataId":"Q499485"},{"id":79634,"name":"Varhaug","state_id":1021,"state_code":"11","state_name":"Rogaland","country_id":165,"country_code":"NO","country_name":"Norway","latitude":"58.61810000","longitude":"5.65702000","native":"Varhaug","type":"adm2","level":null,"parent_id":null,"population":3387,"timezone":"Europe/Oslo","translations":{"br":"Varhaug","ko":"바르하우그","pt-BR":"Varhaug","pt":"Varhaug","nl":"Varhaug","hr":"Varhaug","fa":"وارهوگ","de":"Varhaug","es":"Varhaug","fr":"Varhaug","ja":"ヴァルハウグ","it":"Varhaug","zh-CN":"瓦尔豪格","tr":"Varhaug","ru":"Вархауг","uk":"Вархауг","pl":"Varhaug","hi":"वरहाग","ar":"فارهاوج"},"wikiDataId":"Q1771466"},{"id":79636,"name":"Vedavågen","state_id":1021,"state_code":"11","state_name":"Rogaland","country_id":165,"country_code":"NO","country_name":"Norway","latitude":"59.29483000","longitude":"5.21874000","native":"Vedavågen","type":"city","level":null,"parent_id":null,"population":2728,"timezone":"Europe/Oslo","translations":{"br":"Vedavågen","ko":"베다보겐","pt-BR":"Vedavågen","pt":"Vedavågen","nl":"Vedavågen","hr":"Vedavågen","fa":"وداوگِن","de":"Vedavågen","es":"Vedavågen","fr":"Vedavågen","ja":"ヴェダヴォーゲン","it":"Vedavågen","zh-CN":"韦达沃根","tr":"Vedavågen","ru":"Ведавоген","uk":"Ведаваген","pl":"Vedavågen","hi":"वेदावगेन","ar":"فيدافوجن"},"wikiDataId":"Q7917946"},{"id":79650,"name":"Vigrestad","state_id":1021,"state_code":"11","state_name":"Rogaland","country_id":165,"country_code":"NO","country_name":"Norway","latitude":"58.57103000","longitude":"5.68182000","native":"Vigrestad","type":"city","level":null,"parent_id":null,"population":2149,"timezone":"Europe/Oslo","translations":{"br":"Vigrestad","ko":"비그레스타드","pt-BR":"Vigrestad","pt":"Vigrestad","nl":"Vigrestad","hr":"Vigrestad","fa":"ویگرستاد","de":"Vigrestad","es":"Vigrestad","fr":"Vigrestad","ja":"ヴィグレスタッド","it":"Vigrestad","zh-CN":"维格雷斯塔德","tr":"Vigrestad","ru":"Вигрестад","uk":"Вігрестад","pl":"Vigrestad","hi":"विग्रेस्टेड","ar":"فيجريستاد"},"wikiDataId":"Q1771452"},{"id":79654,"name":"Vikeså","state_id":1021,"state_code":"11","state_name":"Rogaland","country_id":165,"country_code":"NO","country_name":"Norway","latitude":"58.63759000","longitude":"6.09133000","native":"Vikeså","type":"adm2","level":null,"parent_id":null,"population":1040,"timezone":"Europe/Oslo","translations":{"br":"Vikeså","ko":"비케소","pt-BR":"Vikeså","pt":"Vikeså","nl":"Vikeså","hr":"Vikeså","fa":"ویکساو","de":"Vikeså","es":"Vikeså","fr":"Vikeså","ja":"ヴィケサ","it":"Vikeså","zh-CN":"维克斯奥","tr":"Vikeså","ru":"Викесо","uk":"Вікесо","pl":"Vikeså","hi":"विकेसा","ar":"فيكيسو"},"wikiDataId":"Q1787854"},{"id":79655,"name":"Vikevåg","state_id":1021,"state_code":"11","state_name":"Rogaland","country_id":165,"country_code":"NO","country_name":"Norway","latitude":"59.09754000","longitude":"5.69790000","native":"Vikevåg","type":"city","level":null,"parent_id":null,"population":529,"timezone":"Europe/Oslo","translations":{"br":"Vikevåg","ko":"비케보그","pt-BR":"Vikevåg","pt":"Vikevåg","nl":"Vikevåg","hr":"Vikevåg","fa":"ویکه‌واگ","de":"Vikevåg","es":"Vikevåg","fr":"Vikevåg","ja":"ヴィケヴォーグ","it":"Vikevåg","zh-CN":"维凯沃格","tr":"Vikevåg","ru":"Викевог","uk":"Вікевог","pl":"Vikevåg","hi":"विकेवाग","ar":"فيكيفوج"},"wikiDataId":"Q6673737"},{"id":79657,"name":"Vindafjord","state_id":1021,"state_code":"11","state_name":"Rogaland","country_id":165,"country_code":"NO","country_name":"Norway","latitude":"59.60543000","longitude":"5.80784000","native":"Vindafjord","type":"adm2","level":null,"parent_id":null,"population":891,"timezone":"Europe/Oslo","translations":{"br":"Vindafjord","ko":"빈다피오르드","pt-BR":"Fiorde de Vinda","pt":"Fiorde de Vinda","nl":"Vindafjord","hr":"Vindafjord","fa":"ویندافیورد","de":"Vindafjord","es":"Fiordo de Vinda","fr":"Vindafjord","ja":"ヴィンダフィヨルド","it":"Vindafjord","zh-CN":"温达峡湾","tr":"Vindafjord","ru":"Виндафьорд","uk":"Віндафьорд","pl":"Vindafjord","hi":"विंडाफ़ोर्ड","ar":"فيندافيورد"},"wikiDataId":"Q502197"},{"id":79661,"name":"Vormedal","state_id":1021,"state_code":"11","state_name":"Rogaland","country_id":165,"country_code":"NO","country_name":"Norway","latitude":"59.35607000","longitude":"5.31962000","native":"Vormedal","type":"city","level":null,"parent_id":null,"population":2774,"timezone":"Europe/Oslo","translations":{"br":"Vormedal","ko":"보르메달","pt-BR":"Vormedal","pt":"Vormedal","nl":"Vormedal","hr":"Vormedal","fa":"ورمدال","de":"Vormedaille","es":"Vormedal","fr":"Médaille Vormedal","ja":"ヴォルメダル","it":"Medaglia d'oro","zh-CN":"沃尔梅达尔","tr":"Vormedal","ru":"Вормедаль","uk":"Вормедал","pl":"Vormedal","hi":"वोर्मेडल","ar":"فورميدال"},"wikiDataId":"Q7941816"}]