[{"id":79038,"name":"Alstahaug","state_id":1025,"state_code":"18","state_name":"Nordland","country_id":165,"country_code":"NO","country_name":"Norway","latitude":"65.97556000","longitude":"12.56836000","native":"Alstahaug","type":"city","level":null,"parent_id":null,"population":7465,"timezone":"Europe/Oslo","translations":{"br":"Alstahaug","ko":"알스타하우그","pt-BR":"Alstahaug","pt":"Alstahaug","nl":"Alstahaug","hr":"Alstahaug","fa":"آلستاهاوگ","de":"Alstahaug","es":"Alstahaug","fr":"Alstahaug","ja":"アルスタハウグ","it":"Alstahaug","zh-CN":"阿尔斯塔海于格","tr":"Alstahaug","ru":"Альстахауг","uk":"Альстахауг","pl":"Alstahaug","hi":"आल्स्टाहॉग","ar":"ألستاهوج"},"wikiDataId":"Q217808"},{"id":79041,"name":"Andenes","state_id":1025,"state_code":"18","state_name":"Nordland","country_id":165,"country_code":"NO","country_name":"Norway","latitude":"69.31428000","longitude":"16.11939000","native":"Annen","type":"adm2","level":null,"parent_id":null,"population":2499,"timezone":"Europe/Oslo","translations":{"br":"Andenoù","ko":"안데네스","pt-BR":"Andenes","pt":"Andenes","nl":"Andenes","hr":"Andenes","fa":"آندن‌ها","de":"Andenes","es":"Andenes","fr":"Andènes","ja":"アンデネス","it":"Andenes","zh-CN":"安德内斯","tr":"Andenes","ru":"Анденес","uk":"Анденес","pl":"Andenes","hi":"एंडीन्स","ar":"أندينيس"},"wikiDataId":"Q167305"},{"id":79042,"name":"Andøy","state_id":1025,"state_code":"18","state_name":"Nordland","country_id":165,"country_code":"NO","country_name":"Norway","latitude":"69.08033000","longitude":"15.77637000","native":"Andøy","type":"city","level":null,"parent_id":null,"population":4542,"timezone":"Europe/Oslo","translations":{"br":"Andøy","ko":"안도이","pt-BR":"Andøy","pt":"Andøy","nl":"Andøy","hr":"Andøy","fa":"آندوی","de":"Andøy","es":"Andøy","fr":"Andøy","ja":"アンドイ","it":"Andøy","zh-CN":"安德于","tr":"Andøy","ru":"Андёй","uk":"Андей","pl":"Andøy","hi":"एंडोय","ar":"أندوي"},"wikiDataId":"Q113710"},{"id":79061,"name":"Ballangen","state_id":1025,"state_code":"18","state_name":"Nordland","country_id":165,"country_code":"NO","country_name":"Norway","latitude":"68.34365000","longitude":"16.83317000","native":"Ballangen","type":"city","level":null,"parent_id":null,"population":794,"timezone":"Europe/Oslo","translations":{"br":"Ballangen","ko":"발랑겐","pt-BR":"Ballangen","pt":"Ballangen","nl":"Ballangen","hr":"Ballangen","fa":"بالانگن","de":"Ballangen","es":"Ballangen","fr":"Ballangen","ja":"バランゲン","it":"Ballangen","zh-CN":"巴兰根","tr":"Ballangen","ru":"Балланген","uk":"Балланген","pl":"Ballangen","hi":"बल्लंगेन","ar":"بالانجين"},"wikiDataId":"Q113514"},{"id":79067,"name":"Beiarn","state_id":1025,"state_code":"18","state_name":"Nordland","country_id":165,"country_code":"NO","country_name":"Norway","latitude":"67.00725000","longitude":"14.57304000","native":"Beiarn","type":"adm2","level":null,"parent_id":null,"population":0,"timezone":"Europe/Oslo","translations":{"br":"Beiarn","ko":"베이안","pt-BR":"Beiarn","pt":"Beiarn","nl":"Beiarn","hr":"Beiarn","fa":"بیارن","de":"Beiarn","es":"Beiarn","fr":"Beiarn","ja":"ベイアーン","it":"Beiarn","zh-CN":"贝亚恩","tr":"Beiarn","ru":"Беиарн","uk":"Бейарн","pl":"Beiarn","hi":"बेयर्न","ar":"بيارن"},"wikiDataId":"Q487524"},{"id":79074,"name":"Bindal","state_id":1025,"state_code":"18","state_name":"Nordland","country_id":165,"country_code":"NO","country_name":"Norway","latitude":"65.08780000","longitude":"12.37747000","native":"Bindal","type":"adm2","level":null,"parent_id":null,"population":1374,"timezone":"Europe/Oslo","translations":{"br":"Bindal","ko":"빈달","pt-BR":"Bindal","pt":"Bindal","nl":"Bindal","hr":"Bindal","fa":"بیندال","de":"Bindal","es":"Bindal","fr":"Bindal","ja":"ビンダル","it":"Bindal","zh-CN":"宾达尔","tr":"Bindal","ru":"Биндал","uk":"Біндал","pl":"Bindal","hi":"बिंदल","ar":"بيندال"},"wikiDataId":"Q489362"},{"id":79076,"name":"Bjerkvik","state_id":1025,"state_code":"18","state_name":"Nordland","country_id":165,"country_code":"NO","country_name":"Norway","latitude":"68.54917000","longitude":"17.55709000","native":"Bjerkvik","type":"city","level":null,"parent_id":null,"population":1074,"timezone":"Europe/Oslo","translations":{"br":"Bjerkvik","ko":"비에르크비크","pt-BR":"Bjerkvik","pt":"Bjerkvik","nl":"Bjerkvik","hr":"Bjerkvik","fa":"بیرک ویک","de":"Bjerkvik","es":"Bjerkvik","fr":"Bjerkvik","ja":"ビャークヴィク","it":"Bjerkvik","zh-CN":"比耶克维克","tr":"Bjerkvik","ru":"Бьерквик","uk":"Б'єрквік","pl":"Bjerkvik","hi":"बजेर्कविक","ar":"بيركفيك"},"wikiDataId":"Q2388512"},{"id":79081,"name":"Bodø","state_id":1025,"state_code":"18","state_name":"Nordland","country_id":165,"country_code":"NO","country_name":"Norway","latitude":"67.28325000","longitude":"14.38319000","native":"Bodø","type":"adm1","level":null,"parent_id":null,"population":43322,"timezone":"Europe/Oslo","translations":{"br":"Bodø","ko":"보도","pt-BR":"Bodø","pt":"Bodø","nl":"Bodø","hr":"Bodø","fa":"بودو","de":"Bodø","es":"Bodø","fr":"Bodø","ja":"ボードー","it":"Bodø","zh-CN":"博德","tr":"Bodø","ru":"Будё","uk":"Буде","pl":"Bodø","hi":"बोडो","ar":"بودو"},"wikiDataId":"Q221119"},{"id":79082,"name":"Bogen","state_id":1025,"state_code":"18","state_name":"Nordland","country_id":165,"country_code":"NO","country_name":"Norway","latitude":"68.52647000","longitude":"16.99280000","native":"Boken","type":"adm2","level":null,"parent_id":null,"population":395,"timezone":"Europe/Oslo","translations":{"br":"Bogen","ko":"보겐","pt-BR":"Arco","pt":"Arco","nl":"Bogen","hr":"Bogen","fa":"بوگن","de":"Bogen","es":"Arco","fr":"Bogen","ja":"ボーゲン","it":"Bogen","zh-CN":"博根","tr":"Bogen","ru":"Боген","uk":"Боген","pl":"Bogen","hi":"बोगेन","ar":"بوغن"},"wikiDataId":"Q2047509"},{"id":79096,"name":"Bø","state_id":1025,"state_code":"18","state_name":"Nordland","country_id":165,"country_code":"NO","country_name":"Norway","latitude":"68.68823000","longitude":"14.47899000","native":"Bø","type":"city","level":null,"parent_id":null,"population":0,"timezone":"Europe/Oslo","translations":{"br":"Bø","ko":"악","pt-BR":"Bø","pt":"Bø","nl":"Bø","hr":"Bø","fa":"بو","de":"Bø","es":"Bø","fr":"Bø","ja":"ボー","it":"Bø","zh-CN":"博","tr":"Bö","ru":"Бё","uk":"Бе","pl":"Bø","hi":"बो","ar":"بو"},"wikiDataId":"Q484012"},{"id":79091,"name":"Brønnøy","state_id":1025,"state_code":"18","state_name":"Nordland","country_id":165,"country_code":"NO","country_name":"Norway","latitude":"65.46786000","longitude":"12.20626000","native":"Brønnøy","type":"city","level":null,"parent_id":null,"population":7838,"timezone":"Europe/Oslo","translations":{"br":"Brønnøy","ko":"브뢴노이","pt-BR":"Brønnøy","pt":"Brønnøy","nl":"Brønnøy","hr":"Brønnøy","fa":"برونوی","de":"Brønnøy","es":"Brønnøy","fr":"Brønnøy","ja":"ブロノイ","it":"Brønnøy","zh-CN":"布伦讷伊","tr":"Brønnøy","ru":"Брённёй","uk":"Бронной","pl":"Brønnøy","hi":"ब्रोन्नोय","ar":"برونوي"},"wikiDataId":"Q112855"},{"id":79092,"name":"Brønnøysund","state_id":1025,"state_code":"18","state_name":"Nordland","country_id":165,"country_code":"NO","country_name":"Norway","latitude":"65.47487000","longitude":"12.21285000","native":"Brønnøysund","type":"adm2","level":null,"parent_id":null,"population":5093,"timezone":"Europe/Oslo","translations":{"br":"Brønnøysund","ko":"브뢴노이순드","pt-BR":"Brønnøysund","pt":"Brønnøysund","nl":"Brønnøysund","hr":"Brønnøysund","fa":"برونویسوند","de":"Brønnøysund","es":"Brønnøysund","fr":"Brønnøysund","ja":"ブロンノイスンド","it":"Brønnøysund","zh-CN":"布伦讷于松","tr":"Brønnøysund","ru":"Брённёйсунд","uk":"Бреннойсунд","pl":"Brønnøysund","hi":"ब्रोन्नोयसंड","ar":"برونويسوند"},"wikiDataId":"Q995929"},{"id":79108,"name":"Dønna","state_id":1025,"state_code":"18","state_name":"Nordland","country_id":165,"country_code":"NO","country_name":"Norway","latitude":"66.10606000","longitude":"12.48189000","native":"Dønna","type":"city","level":null,"parent_id":null,"population":1447,"timezone":"Europe/Oslo","translations":{"br":"Dønna","ko":"도나","pt-BR":"Donna","pt":"Donna","nl":"Donna","hr":"Dønna","fa":"دونا","de":"Donna","es":"Donna","fr":"Donna","ja":"ドンナ","it":"Donna","zh-CN":"唐娜","tr":"Dønna","ru":"Донна","uk":"Дьонна","pl":"Donna","hi":"डोना","ar":"دونا"},"wikiDataId":"Q489347"},{"id":79128,"name":"Evenes","state_id":1025,"state_code":"18","state_name":"Nordland","country_id":165,"country_code":"NO","country_name":"Norway","latitude":"68.52334000","longitude":"17.00888000","native":"Evenes","type":"city","level":null,"parent_id":null,"population":1362,"timezone":"Europe/Oslo","translations":{"br":"Evenes","ko":"에베네스","pt-BR":"Noites","pt":"Noites","nl":"Avonden","hr":"Evenes","fa":"ایونز","de":"Evenes","es":"Evenes","fr":"Évènes","ja":"エヴェネス","it":"Sera","zh-CN":"埃沃内斯","tr":"Evenes","ru":"Эвенес","uk":"Евенес","pl":"Evenes","hi":"इवनेस","ar":"إيفينز"},"wikiDataId":"Q48897"},{"id":79130,"name":"Evjen","state_id":1025,"state_code":"18","state_name":"Nordland","country_id":165,"country_code":"NO","country_name":"Norway","latitude":"68.26667000","longitude":"13.73333000","native":"Evjen","type":"city","level":null,"parent_id":null,"population":2127,"timezone":"Europe/Oslo","translations":{"br":"Evjen","ko":"에브엔","pt-BR":"Evjen","pt":"Evjen","nl":"Evjen","hr":"Evjen","fa":"اوجن","de":"Evjen","es":"Evjen","fr":"Evjen","ja":"エヴジェン","it":"Evjen","zh-CN":"埃夫延","tr":"Evjen","ru":"Эвьен","uk":"Евжен","pl":"Evjen","hi":"एवजेन","ar":"إيفجين"},"wikiDataId":"Q2232941"},{"id":79135,"name":"Fauske","state_id":1025,"state_code":"18","state_name":"Nordland","country_id":165,"country_code":"NO","country_name":"Norway","latitude":"67.25963000","longitude":"15.39410000","native":"Fauske","type":"adm2","level":null,"parent_id":null,"population":9805,"timezone":"Europe/Oslo","translations":{"br":"Fauske","ko":"파우스케","pt-BR":"Fauske","pt":"Fauske","nl":"Fauske","hr":"Fauske","fa":"فاسک","de":"Fauske","es":"Fauske","fr":"Fauske","ja":"ファウスケ","it":"Fauske","zh-CN":"福斯克","tr":"Fauske","ru":"Фауске","uk":"Фауске","pl":"Fauske","hi":"फॉस्के","ar":"فوسكي"},"wikiDataId":"Q48696"},{"id":79146,"name":"Flakstad","state_id":1025,"state_code":"18","state_name":"Nordland","country_id":165,"country_code":"NO","country_name":"Norway","latitude":"68.09292000","longitude":"13.23310000","native":"Flakstad","type":"city","level":null,"parent_id":null,"population":1266,"timezone":"Europe/Oslo","translations":{"br":"Flakstad","ko":"플락스타드","pt-BR":"Flakstad","pt":"Flakstad","nl":"Flakstad","hr":"Flakstad","fa":"فلکستاد","de":"Flakstad","es":"Flakstad","fr":"Flakstad","ja":"フラックスタッド","it":"Flakstad","zh-CN":"弗拉克斯塔德","tr":"Flakstad","ru":"Флакстад","uk":"Флакстад","pl":"Flakstad","hi":"फ्लैकस्टेड","ar":"فلاكستاد"},"wikiDataId":"Q494680"},{"id":79175,"name":"Gildeskål","state_id":1025,"state_code":"18","state_name":"Nordland","country_id":165,"country_code":"NO","country_name":"Norway","latitude":"67.03394000","longitude":"14.02582000","native":"Gildeskål","type":"city","level":null,"parent_id":null,"population":2003,"timezone":"Europe/Oslo","translations":{"br":"Gildeskål","ko":"길데스칼","pt-BR":"Gildeskål","pt":"Gildeskål","nl":"Gildeskål","hr":"Gildeskål","fa":"گیلدسک","de":"Gildeskål","es":"Gildeskål","fr":"Gildeskål","ja":"ギルデスコール","it":"Gildeskål","zh-CN":"吉尔德斯卡尔","tr":"Gildeskål","ru":"Гильдескол","uk":"Гілдескол","pl":"Gildeskål","hi":"गिल्डेस्कल","ar":"جيلديسكول"},"wikiDataId":"Q484208"},{"id":79181,"name":"Gladstad","state_id":1025,"state_code":"18","state_name":"Nordland","country_id":165,"country_code":"NO","country_name":"Norway","latitude":"65.67683000","longitude":"11.96218000","native":"Gladstad","type":"adm2","level":null,"parent_id":null,"population":306,"timezone":"Europe/Oslo","translations":{"br":"Gladstad","ko":"글라드스타트","pt-BR":"Gladstad","pt":"Gladstad","nl":"Gladstad","hr":"Gladstad","fa":"گلادستاد","de":"Gladstad","es":"Gladstad","fr":"Gladstad","ja":"グラッドスタッド","it":"Gladstad","zh-CN":"格拉德斯塔德","tr":"Gladstad","ru":"Гладстад","uk":"Гладстад","pl":"Gladstad","hi":"ग्लैडस्टैड","ar":"جلادستاد"},"wikiDataId":"Q2195796"},{"id":79182,"name":"Glomfjord","state_id":1025,"state_code":"18","state_name":"Nordland","country_id":165,"country_code":"NO","country_name":"Norway","latitude":"66.81663000","longitude":"13.94404000","native":"Glomfjord","type":"city","level":null,"parent_id":null,"population":1089,"timezone":"Europe/Oslo","translations":{"br":"Glomfjord","ko":"글롬피오르드","pt-BR":"Glomfjord","pt":"Glomfjord","nl":"Glomfjord","hr":"Glomfjord","fa":"گلومفیورد","de":"Glomfjord","es":"Glomfjord","fr":"Glomfjord","ja":"グロムフィヨルド","it":"Glomfjord","zh-CN":"格洛姆峡湾","tr":"Glomfjord","ru":"Гломфьорд","uk":"Гломфьорд","pl":"Glomfjord","hi":"ग्लोमफजॉर्ड","ar":"غلومفيورد"},"wikiDataId":"Q1019570"},{"id":79186,"name":"Grane","state_id":1025,"state_code":"18","state_name":"Nordland","country_id":165,"country_code":"NO","country_name":"Norway","latitude":"65.53865000","longitude":"13.38499000","native":"Grener","type":"city","level":null,"parent_id":null,"population":1430,"timezone":"Europe/Oslo","translations":{"br":"Greunenn","ko":"그랜","pt-BR":"Grane","pt":"Grane","nl":"Grane","hr":"Grane","fa":"گران","de":"Grane","es":"Grano","fr":"Grane","ja":"グラン","it":"Grane","zh-CN":"格拉内","tr":"Gran","ru":"Гране","uk":"Гране","pl":"Grane","hi":"ग्रेन","ar":"جران"},"wikiDataId":"Q493758"},{"id":79189,"name":"Gravdal","state_id":1025,"state_code":"18","state_name":"Nordland","country_id":165,"country_code":"NO","country_name":"Norway","latitude":"68.11832000","longitude":"13.55339000","native":"Gravdal","type":"city","level":null,"parent_id":null,"population":1700,"timezone":"Europe/Oslo","translations":{"br":"Gravdal","ko":"그라브달","pt-BR":"Gravdal","pt":"Gravdal","nl":"Gravdal","hr":"Gravdal","fa":"گراودال","de":"Gravdal","es":"Gravdal","fr":"Gravdal","ja":"グラヴダル","it":"Gravdal","zh-CN":"格拉夫达尔","tr":"Gravdal","ru":"Гравдал","uk":"Гравдал","pl":"Gravdal","hi":"ग्रेवडाल","ar":"جرافدال"},"wikiDataId":"Q2211730"},{"id":79197,"name":"Hadsel","state_id":1025,"state_code":"18","state_name":"Nordland","country_id":165,"country_code":"NO","country_name":"Norway","latitude":"68.56328000","longitude":"14.90835000","native":"Hadsel","type":"city","level":null,"parent_id":null,"population":8400,"timezone":"Europe/Oslo","translations":{"br":"Hadsel","ko":"하드셀","pt-BR":"Hadsel","pt":"Hadsel","nl":"Hadsel","hr":"Hadsel","fa":"هادسل","de":"Hadsel","es":"Hadsel","fr":"Hadsel","ja":"ハドセル","it":"Hadsel","zh-CN":"哈德塞尔","tr":"Hadsel","ru":"Хадсель","uk":"Хадсел","pl":"Hadsel","hi":"हेडसल","ar":"هادسل"},"wikiDataId":"Q484043"},{"id":79202,"name":"Hamarøy","state_id":1025,"state_code":"18","state_name":"Nordland","country_id":165,"country_code":"NO","country_name":"Norway","latitude":"68.08381000","longitude":"15.61671000","native":"Hamarøy","type":"adm2","level":null,"parent_id":null,"population":2786,"timezone":"Europe/Oslo","translations":{"br":"Hamarøy","ko":"하마뢰이","pt-BR":"Hamarøy","pt":"Hamarøy","nl":"Hamarøy","hr":"Hamarøy","fa":"هاماروی","de":"Hamarøy","es":"Hamarøy","fr":"Hamarøy","ja":"ハマロイ","it":"Hamarøy","zh-CN":"哈马罗伊","tr":"Hamarøy","ru":"Хамарёй","uk":"Гамарой","pl":"Hamarøy","hi":"हमारॉय","ar":"هاماروي"},"wikiDataId":"Q487538"},{"id":79210,"name":"Hattfjelldal","state_id":1025,"state_code":"18","state_name":"Nordland","country_id":165,"country_code":"NO","country_name":"Norway","latitude":"65.59765000","longitude":"13.98948000","native":"Hattfjelldal","type":"adm2","level":null,"parent_id":null,"population":1274,"timezone":"Europe/Oslo","translations":{"br":"Hattfjelldal","ko":"하트펠달","pt-BR":"Hattfjelldal","pt":"Hattfjelldal","nl":"Hattfjelldal","hr":"Hattfjelldal","fa":"هاتفجلدال","de":"Hattfjelldal","es":"Hattfjelldal","fr":"Hattfjelldal","ja":"ハットフィエルダル","it":"Hattfjelldal","zh-CN":"哈特菲耶尔达尔","tr":"Hattfjelldal","ru":"Хаттфьельдал","uk":"Хаттф'єлдал","pl":"Hattfjelldal","hi":"हट्टफजेल्डल","ar":"هاتفييلدال"},"wikiDataId":"Q488384"},{"id":79213,"name":"Hauknes","state_id":1025,"state_code":"18","state_name":"Nordland","country_id":165,"country_code":"NO","country_name":"Norway","latitude":"66.28333000","longitude":"14.06667000","native":"Hauknes","type":"city","level":null,"parent_id":null,"population":2101,"timezone":"Europe/Oslo","translations":{"br":"Hauknes","ko":"하우크네스","pt-BR":"Hauknes","pt":"Hauknes","nl":"Hauknes","hr":"Hauknes","fa":"هاوکنس","de":"Hauknes","es":"Hauknes","fr":"Hauknes","ja":"ハウクネス","it":"Hauknes","zh-CN":"豪克内斯","tr":"Hauknes","ru":"Хаукнес","uk":"Хаукнес","pl":"Hauknes","hi":"हौक्नेस","ar":"هاوكنيس"},"wikiDataId":"Q2364788"},{"id":79215,"name":"Hemnes","state_id":1025,"state_code":"18","state_name":"Nordland","country_id":165,"country_code":"NO","country_name":"Norway","latitude":"66.07712000","longitude":"13.81350000","native":"Hemnes","type":"city","level":null,"parent_id":null,"population":715,"timezone":"Europe/Oslo","translations":{"br":"Hemnes","ko":"헴네스","pt-BR":"Hemnes","pt":"Hemnes","nl":"Hemnes","hr":"Hemnes","fa":"همنس","de":"Hemnes","es":"Hemnes","fr":"Hemnes","ja":"ヘムネス","it":"Hemnes","zh-CN":"汉内斯","tr":"Hemnes","ru":"Хемнес","uk":"Хемнес","pl":"Hemnes","hi":"हेमनेस","ar":"هيمنس"},"wikiDataId":"Q488776"},{"id":79216,"name":"Hemnesberget","state_id":1025,"state_code":"18","state_name":"Nordland","country_id":165,"country_code":"NO","country_name":"Norway","latitude":"66.22489000","longitude":"13.61643000","native":"Hemnesberget","type":"city","level":null,"parent_id":null,"population":1335,"timezone":"Europe/Oslo","translations":{"br":"Hemnesberget","ko":"헴네스베르게트","pt-BR":"Hemnesberget","pt":"Hemnesberget","nl":"Hemnesberget","hr":"Hemnesberget","fa":"همنسبرگت","de":"Hemnesberget","es":"Hemnesberget","fr":"Hemnesberget","ja":"ヘムネスベルゲット","it":"Hemnesberget","zh-CN":"赫姆内斯贝格特","tr":"Hemnesberget","ru":"Хемнесбергет","uk":"Хемнесбергет","pl":"Hemnesberget","hi":"हेमनेसबर्गेट","ar":"هيمنسبيرجيت"},"wikiDataId":"Q2205396"},{"id":79220,"name":"Herøy","state_id":1025,"state_code":"18","state_name":"Nordland","country_id":165,"country_code":"NO","country_name":"Norway","latitude":"65.98427000","longitude":"12.28916000","native":"Herøy","type":"city","level":null,"parent_id":null,"population":1888,"timezone":"Europe/Oslo","translations":{"br":"Herøy","ko":"헤뢰이","pt-BR":"Herói","pt":"Herói","nl":"Herøy","hr":"Herøy","fa":"هروی","de":"Herøy","es":"Herøy","fr":"Herøy","ja":"ヘロイ","it":"Herøy","zh-CN":"赫罗伊","tr":"Kahraman","ru":"Херёй","uk":"Герой","pl":"Herøy","hi":"हेरोय","ar":"هيروي"},"wikiDataId":"Q493932"},{"id":79255,"name":"Inndyr","state_id":1025,"state_code":"18","state_name":"Nordland","country_id":165,"country_code":"NO","country_name":"Norway","latitude":"67.03353000","longitude":"14.02663000","native":"Inndyr","type":"adm2","level":null,"parent_id":null,"population":649,"timezone":"Europe/Oslo","translations":{"br":"Indyr","ko":"인디르","pt-BR":"Inndyr","pt":"Inndyr","nl":"Inndyr","hr":"Inndyr","fa":"ایندیر","de":"Inndyr","es":"Inndyr","fr":"Inndyr","ja":"インディール","it":"Inndyr","zh-CN":"因代尔","tr":"Inndyr","ru":"Индир","uk":"Індир","pl":"Inndyr","hi":"इन्डियर","ar":"إندير"},"wikiDataId":"Q2977929"},{"id":79263,"name":"Kabelvåg","state_id":1025,"state_code":"18","state_name":"Nordland","country_id":165,"country_code":"NO","country_name":"Norway","latitude":"68.21066000","longitude":"14.47554000","native":"Kabelvåg","type":"city","level":null,"parent_id":null,"population":2322,"timezone":"Europe/Oslo","translations":{"br":"Kabelvåg","ko":"카벨보그","pt-BR":"Cabo","pt":"Cabo","nl":"Kabelvåg","hr":"Kabelvåg","fa":"کابلوخ","de":"Kabelvåg","es":"Cable","fr":"Câble","ja":"ケーブルヴォーグ","it":"Kabelvåg","zh-CN":"卡伯尔沃格","tr":"Kabelvåg","ru":"Кабельвог","uk":"Кабельвог","pl":"Kabelvåg","hi":"केबलवाग","ar":"كابلفوغ"},"wikiDataId":"Q1719658"},{"id":79273,"name":"Kjøpsvik","state_id":1025,"state_code":"18","state_name":"Nordland","country_id":165,"country_code":"NO","country_name":"Norway","latitude":"68.09696000","longitude":"16.37416000","native":"Kjøpsvik","type":"city","level":null,"parent_id":null,"population":787,"timezone":"Europe/Oslo","translations":{"br":"Kjøpsvik","ko":"쿄프스비크","pt-BR":"Kjøpsvik","pt":"Kjøpsvik","nl":"Kjøpsvik","hr":"Kjøpsvik","fa":"کجویک","de":"Kjøpsvik","es":"Kjøpsvik","fr":"Kjøpsvik","ja":"キョプスヴィク","it":"Kjøpsvik","zh-CN":"克约普斯维克","tr":"Kjøpsvik","ru":"Кьёпсвик","uk":"Кьопсвік","pl":"Kjøpsvik","hi":"क्जोप्सविक","ar":"كيوبسفيك"},"wikiDataId":"Q1813882"},{"id":79285,"name":"Korgen","state_id":1025,"state_code":"18","state_name":"Nordland","country_id":165,"country_code":"NO","country_name":"Norway","latitude":"66.07662000","longitude":"13.82160000","native":"Kurven","type":"adm2","level":null,"parent_id":null,"population":912,"timezone":"Europe/Oslo","translations":{"br":"Korgen","ko":"코르겐","pt-BR":"Korgen","pt":"Korgen","nl":"Korgen","hr":"Korgen","fa":"کورگن","de":"Korgen","es":"Korgen","fr":"Korgen","ja":"コルゲン","it":"Korgen","zh-CN":"科尔根","tr":"Korgen","ru":"Корген","uk":"Корген","pl":"Korgen","hi":"कोर्गेन","ar":"كورجين"},"wikiDataId":"Q2300008"},{"id":79309,"name":"Leirfjord","state_id":1025,"state_code":"18","state_name":"Nordland","country_id":165,"country_code":"NO","country_name":"Norway","latitude":"66.06348000","longitude":"12.93667000","native":"Leirfjord","type":"adm2","level":null,"parent_id":null,"population":2354,"timezone":"Europe/Oslo","translations":{"br":"Leirfjord","ko":"레이르피오르드","pt-BR":"Fiorde de Leir","pt":"Fiorde de Leir","nl":"Leirfjord","hr":"Leirfjord","fa":"لیرفورد","de":"Leirfjord","es":"Fiordo de Leir","fr":"Leirfjord","ja":"レイルフィヨルド","it":"Leirfjord","zh-CN":"莱尔峡湾","tr":"Leirfjord","ru":"Лейрфьорд","uk":"Лейрфйорд","pl":"Leirfjord","hi":"लीयरफ़ोर्ड","ar":"ليرفجورد"},"wikiDataId":"Q48870"},{"id":79313,"name":"Leknes","state_id":1025,"state_code":"18","state_name":"Nordland","country_id":165,"country_code":"NO","country_name":"Norway","latitude":"68.14746000","longitude":"13.61151000","native":"Leknes","type":"adm2","level":null,"parent_id":null,"population":3766,"timezone":"Europe/Oslo","translations":{"br":"Leknes","ko":"레크네스","pt-BR":"Leknes","pt":"Leknes","nl":"Leknes","hr":"Leknes","fa":"لکنس","de":"Leknes","es":"Leknes","fr":"Leknes","ja":"レクネス","it":"Leknes","zh-CN":"莱克内斯","tr":"Leknes","ru":"Лекнес","uk":"Лекнес","pl":"Leknes","hi":"लेकनेस","ar":"ليكنس"},"wikiDataId":"Q1993766"},{"id":79314,"name":"Leland","state_id":1025,"state_code":"18","state_name":"Nordland","country_id":165,"country_code":"NO","country_name":"Norway","latitude":"66.06406000","longitude":"12.94325000","native":"Leland","type":"adm2","level":null,"parent_id":null,"population":774,"timezone":"Europe/Oslo","translations":{"br":"Leland","ko":"릴랜드","pt-BR":"Leland","pt":"Leland","nl":"Leland","hr":"Leland","fa":"لیلند","de":"Leland","es":"Leland","fr":"Leland","ja":"リーランド","it":"Leland","zh-CN":"利兰","tr":"Leland","ru":"Лиланд","uk":"Ліланд","pl":"Leland","hi":"लेलैंड","ar":"ليلاند"},"wikiDataId":"Q2800865"},{"id":79343,"name":"Løding","state_id":1025,"state_code":"18","state_name":"Nordland","country_id":165,"country_code":"NO","country_name":"Norway","latitude":"67.30055000","longitude":"14.73852000","native":"Løding","type":"city","level":null,"parent_id":null,"population":3333,"timezone":"Europe/Oslo","translations":{"br":"Løding","ko":"뢰딩","pt-BR":"Alojamento","pt":"Alojamento","nl":"Løding","hr":"Løding","fa":"لودینگ","de":"Løding","es":"Løding","fr":"Hébergement","ja":"ローディング","it":"Caricamento","zh-CN":"勒丁","tr":"Loding","ru":"Лёдинг","uk":"Льодінг","pl":"Løding","hi":"loding","ar":"لودينغ"},"wikiDataId":"Q2199444"},{"id":79344,"name":"Lødingen","state_id":1025,"state_code":"18","state_name":"Nordland","country_id":165,"country_code":"NO","country_name":"Norway","latitude":"68.40998000","longitude":"15.99012000","native":"Lødingen","type":"adm2","level":null,"parent_id":null,"population":2067,"timezone":"Europe/Oslo","translations":{"br":"Lødingen","ko":"뢰딩겐","pt-BR":"Lødingen","pt":"Lødingen","nl":"Lødingen","hr":"Lødingen","fa":"لودینگن","de":"Lødingen","es":"Lødingen","fr":"Lødingen","ja":"ロディンゲン","it":"Lødingen","zh-CN":"洛丁根","tr":"Lodingen","ru":"Лёдинген","uk":"Льодінген","pl":"Lødingen","hi":"लोडिंगेन","ar":"لودينجن"},"wikiDataId":"Q484252"},{"id":79345,"name":"Løpsmarka","state_id":1025,"state_code":"18","state_name":"Nordland","country_id":165,"country_code":"NO","country_name":"Norway","latitude":"67.31343000","longitude":"14.44934000","native":"Løpsmarka","type":"locality","level":null,"parent_id":null,"population":2301,"timezone":"Europe/Oslo","translations":{"br":"Løpsmarka","ko":"뢰프스마르카","pt-BR":"Løpsmarka","pt":"Løpsmarka","nl":"Løpsmarka","hr":"Løpsmarka","fa":"لوپسمارکا","de":"Løpsmarka","es":"Løpsmarka","fr":"Løpsmarka","ja":"ロプスマルカ","it":"Løpsmarka","zh-CN":"洛普斯马尔卡","tr":"Løpsmarka","ru":"Лёпсмарка","uk":"Лепсмарка","pl":"Løpsmarka","hi":"लोप्समार्का","ar":"لوبماركا"},"wikiDataId":"Q2674878"},{"id":79334,"name":"Lurøy","state_id":1025,"state_code":"18","state_name":"Nordland","country_id":165,"country_code":"NO","country_name":"Norway","latitude":"66.41887000","longitude":"12.84248000","native":"Lurøy","type":"adm2","level":null,"parent_id":null,"population":0,"timezone":"Europe/Oslo","translations":{"br":"Lurøy","ko":"루뢰이","pt-BR":"Lurøy","pt":"Lurøy","nl":"Lurøy","hr":"Lurøy","fa":"لوروی","de":"Lurøy","es":"Lurøy","fr":"Lurøy","ja":"ルロイ","it":"Lurøy","zh-CN":"卢罗伊","tr":"Lurøy","ru":"Лурёй","uk":"Лурей","pl":"Lurøy","hi":"लुरॉय","ar":"لوروي"},"wikiDataId":"Q48341"},{"id":79358,"name":"Melbu","state_id":1025,"state_code":"18","state_name":"Nordland","country_id":165,"country_code":"NO","country_name":"Norway","latitude":"68.50246000","longitude":"14.79962000","native":"Melbu","type":"city","level":null,"parent_id":null,"population":2277,"timezone":"Europe/Oslo","translations":{"br":"Melbu","ko":"멜버른","pt-BR":"Melbourne","pt":"Melbourne","nl":"Melbu","hr":"Melbu","fa":"ملبو","de":"Melbu","es":"Melbourne","fr":"Melbu","ja":"メルブ","it":"Melbu","zh-CN":"梅尔布","tr":"Melbu","ru":"Мельбу","uk":"Мелбу","pl":"Melbu","hi":"मेल्बू","ar":"ميلبو"},"wikiDataId":"Q577137"},{"id":79362,"name":"Meløy","state_id":1025,"state_code":"18","state_name":"Nordland","country_id":165,"country_code":"NO","country_name":"Norway","latitude":"66.87204000","longitude":"13.70763000","native":"Meløy","type":"city","level":null,"parent_id":null,"population":6104,"timezone":"Europe/Oslo","translations":{"br":"Meløy","ko":"멜뢰이","pt-BR":"Meløy","pt":"Meløy","nl":"Meløy","hr":"Meløy","fa":"ملوی","de":"Meløy","es":"Meløy","fr":"Meløy","ja":"メロイ","it":"Meløy","zh-CN":"梅洛伊","tr":"Meloy","ru":"Мелёй","uk":"Мелёй","pl":"Meløy","hi":"मेलोय","ar":"ميلوي"},"wikiDataId":"Q48323"},{"id":79366,"name":"Mo i Rana","state_id":1025,"state_code":"18","state_name":"Nordland","country_id":165,"country_code":"NO","country_name":"Norway","latitude":"66.31278000","longitude":"14.14278000","native":"Mo I Rana","type":"adm2","level":null,"parent_id":null,"population":18755,"timezone":"Europe/Oslo","translations":{"br":"Mo i Rana","ko":"모이라나","pt-BR":"Mo e Rana","pt":"Mo e Rana","nl":"Mo ik Rana","hr":"Mo i Rana","fa":"مو ای رعنا","de":"Mo i Rana","es":"Mo i Rana","fr":"Mo et Rana","ja":"モ・イ・ラナ","it":"Mo i Rana","zh-CN":"摩城","tr":"Mo ve Rana","ru":"Мо и Рана","uk":"Мо і Рана","pl":"Mo i Rana","hi":"मो आई राणा","ar":"مو أنا رنا"},"wikiDataId":"Q59169"},{"id":79373,"name":"Mosjøen","state_id":1025,"state_code":"18","state_name":"Nordland","country_id":165,"country_code":"NO","country_name":"Norway","latitude":"65.83599000","longitude":"13.19076000","native":"Mosjøen","type":"adm2","level":null,"parent_id":null,"population":10059,"timezone":"Europe/Oslo","translations":{"br":"Mosjøen","ko":"모셰엔","pt-BR":"Mosjøen","pt":"Mosjøen","nl":"Mosjøen","hr":"Mosjøen","fa":"موشون","de":"Mosjøen","es":"Mosjøen","fr":"Mosjøen","ja":"モスヨーエン","it":"Mosjøen","zh-CN":"莫舍恩","tr":"Mosjøen","ru":"Мушёэн","uk":"Мусьєен","pl":"Mosjøen","hi":"मोसजोएन","ar":"موسجوين"},"wikiDataId":"Q851998"},{"id":79374,"name":"Moskenes","state_id":1025,"state_code":"18","state_name":"Nordland","country_id":165,"country_code":"NO","country_name":"Norway","latitude":"67.93467000","longitude":"13.09109000","native":"Moskenes","type":"city","level":null,"parent_id":null,"population":969,"timezone":"Europe/Oslo","translations":{"br":"Moskenes","ko":"모스케네스","pt-BR":"Moskenes","pt":"Moskenes","nl":"Moskenes","hr":"Moskenes","fa":"موسکنس","de":"Moskenes","es":"Moskenes","fr":"Moskenes","ja":"モスケネス","it":"Moskenes","zh-CN":"莫斯克内斯","tr":"Moskenes","ru":"Москенес","uk":"Москенес","pl":"Moskenes","hi":"मोस्केनेस","ar":"موسكينيس"},"wikiDataId":"Q487636"},{"id":79377,"name":"Myre","state_id":1025,"state_code":"18","state_name":"Nordland","country_id":165,"country_code":"NO","country_name":"Norway","latitude":"68.91400000","longitude":"15.07843000","native":"Myre","type":"adm2","level":null,"parent_id":null,"population":2232,"timezone":"Europe/Oslo","translations":{"br":"Myre","ko":"마이어","pt-BR":"Myre","pt":"Myre","nl":"Myre","hr":"Myre","fa":"مایر","de":"Myre","es":"Myre","fr":"Myre","ja":"マイレ","it":"Myre","zh-CN":"迈尔","tr":"Myre","ru":"Майр","uk":"Майр","pl":"Myre","hi":"मायरे","ar":"مير"},"wikiDataId":"Q1897127"},{"id":79386,"name":"Narvik","state_id":1025,"state_code":"18","state_name":"Nordland","country_id":165,"country_code":"NO","country_name":"Norway","latitude":"68.43896000","longitude":"17.42775000","native":"Narvik","type":"adm2","level":null,"parent_id":null,"population":14183,"timezone":"Europe/Oslo","translations":{"br":"Narvik","ko":"나르비크","pt-BR":"Narvik","pt":"Narvik","nl":"Narvik","hr":"Narvik","fa":"نارویک","de":"Narvik","es":"Narvik","fr":"Narvik","ja":"ナルヴィク","it":"Narvik","zh-CN":"纳尔维克","tr":"Narvik","ru":"Нарвик","uk":"Нарвік","pl":"Narwik","hi":"नार्विक","ar":"نارفيك"},"wikiDataId":"Q1215658"},{"id":79393,"name":"Nesna","state_id":1025,"state_code":"18","state_name":"Nordland","country_id":165,"country_code":"NO","country_name":"Norway","latitude":"66.19796000","longitude":"13.02229000","native":"Nesna","type":"adm2","level":null,"parent_id":null,"population":1770,"timezone":"Europe/Oslo","translations":{"br":"Nesna","ko":"네스나","pt-BR":"Nesna","pt":"Nesna","nl":"Nesna","hr":"Nesna","fa":"نسنا","de":"Nesna","es":"Nesna","fr":"Nesna","ja":"ネスナ","it":"Nesna","zh-CN":"内斯纳","tr":"Nesna","ru":"Несна","uk":"Несна","pl":"Nesna","hi":"नेस्ना","ar":"نسنا"},"wikiDataId":"Q494062"},{"id":79692,"name":"Øksnes","state_id":1025,"state_code":"18","state_name":"Nordland","country_id":165,"country_code":"NO","country_name":"Norway","latitude":"68.91463000","longitude":"15.08703000","native":"Øksnes","type":"city","level":null,"parent_id":null,"population":4628,"timezone":"Europe/Oslo","translations":{"br":"Øksnes","ko":"Øksnes","pt-BR":"Øksnes","pt":"Øksnes","nl":"Øksnes","hr":"Øksnes","fa":"اوکسنس","de":"Øksnes","es":"Øksnes","fr":"Øksnes","ja":"オクスネス","it":"Øksnes","zh-CN":"厄克斯内斯","tr":"Øksnes","ru":"Øksnes","uk":"Екснес","pl":"Øksnes","hi":"Øksnes","ar":"أوكسنيس"},"wikiDataId":"Q308134"},{"id":79696,"name":"Ørnes","state_id":1025,"state_code":"18","state_name":"Nordland","country_id":165,"country_code":"NO","country_name":"Norway","latitude":"66.86878000","longitude":"13.70579000","native":"Ørnes","type":"adm2","level":null,"parent_id":null,"population":1624,"timezone":"Europe/Oslo","translations":{"br":"Ørnes","ko":"에르네스","pt-BR":"Ørnes","pt":"Ørnes","nl":"Ørnes","hr":"Ørnes","fa":"اورنس","de":"Ørnes","es":"Ørnes","fr":"Ørnes","ja":"オルネス","it":"Ørnes","zh-CN":"厄尔内斯","tr":"Ørnes","ru":"Эрнес","uk":"Ернес","pl":"Ørnes","hi":"ओर्नेस","ar":"أورنيس"},"wikiDataId":"Q308223"},{"id":79436,"name":"Rana","state_id":1025,"state_code":"18","state_name":"Nordland","country_id":165,"country_code":"NO","country_name":"Norway","latitude":"66.31122000","longitude":"14.13996000","native":"Rana","type":"adm2","level":null,"parent_id":null,"population":25927,"timezone":"Europe/Oslo","translations":{"br":"Rana","ko":"라나","pt-BR":"Rana","pt":"Rana","nl":"Rana","hr":"Rana","fa":"رانا","de":"Rana","es":"Rana","fr":"Rana","ja":"ラナ","it":"Rana","zh-CN":"拉纳","tr":"Rana","ru":"Рана","uk":"Рана","pl":"Rana","hi":"राणा","ar":"رنا"},"wikiDataId":"Q484322"},{"id":79442,"name":"Reine","state_id":1025,"state_code":"18","state_name":"Nordland","country_id":165,"country_code":"NO","country_name":"Norway","latitude":"67.93249000","longitude":"13.08955000","native":"Reine","type":"adm2","level":null,"parent_id":null,"population":286,"timezone":"Europe/Oslo","translations":{"br":"Reine","ko":"레인","pt-BR":"Rainha","pt":"Rainha","nl":"Koningin","hr":"Reine","fa":"رین","de":"Reine","es":"Reina","fr":"Reine","ja":"レーヌ","it":"Regina","zh-CN":"雷讷","tr":"Kraliçe","ru":"Рейне","uk":"Рейн","pl":"Królowa","hi":"रीने","ar":"رين"},"wikiDataId":"Q593597"},{"id":79455,"name":"Rognan","state_id":1025,"state_code":"18","state_name":"Nordland","country_id":165,"country_code":"NO","country_name":"Norway","latitude":"67.10021000","longitude":"15.39086000","native":"Rognan","type":"adm2","level":null,"parent_id":null,"population":2584,"timezone":"Europe/Oslo","translations":{"br":"Rognan","ko":"로그난","pt-BR":"Rognan","pt":"Rognan","nl":"Rognan","hr":"Rognan","fa":"روگنان","de":"Rognan","es":"Rognan","fr":"Rognan","ja":"ログナン","it":"Rognan","zh-CN":"罗格南","tr":"Rognan","ru":"Рогнан","uk":"Рогнан","pl":"Rognan","hi":"रोगन","ar":"روجنان"},"wikiDataId":"Q2162122"},{"id":79466,"name":"Rødøy","state_id":1025,"state_code":"18","state_name":"Nordland","country_id":165,"country_code":"NO","country_name":"Norway","latitude":"66.71195000","longitude":"13.28530000","native":"Rødøy","type":"adm2","level":null,"parent_id":null,"population":1160,"timezone":"Europe/Oslo","translations":{"br":"Rødøy","ko":"뢰되이","pt-BR":"Rodó","pt":"Rodó","nl":"Rood","hr":"Rødøy","fa":"رودوی","de":"Rødøy","es":"Rødøy","fr":"Rødøy","ja":"ロドイ","it":"Rødøy","zh-CN":"勒德于","tr":"Kızıl","ru":"Рёдёй","uk":"Родей","pl":"Rødøy","hi":"रोडोय","ar":"رودوي"},"wikiDataId":"Q488046"},{"id":79470,"name":"Røst","state_id":1025,"state_code":"18","state_name":"Nordland","country_id":165,"country_code":"NO","country_name":"Norway","latitude":"67.51727000","longitude":"12.11564000","native":"Røst","type":"adm2","level":null,"parent_id":null,"population":458,"timezone":"Europe/Oslo","translations":{"br":"Røst","ko":"뢰스트","pt-BR":"Rosto","pt":"Rosto","nl":"Røst","hr":"Røst","fa":"روست","de":"Røst","es":"Rost","fr":"Røst","ja":"ロスト","it":"Røst","zh-CN":"罗斯特","tr":"Røst","ru":"Рёст","uk":"Рьост","pl":"Røst","hi":"रोस्ट","ar":"روست"},"wikiDataId":"Q130048"},{"id":79475,"name":"Saltdal","state_id":1025,"state_code":"18","state_name":"Nordland","country_id":165,"country_code":"NO","country_name":"Norway","latitude":"67.10144000","longitude":"15.39458000","native":"Saltdal","type":"adm2","level":null,"parent_id":null,"population":4822,"timezone":"Europe/Oslo","translations":{"br":"Saltdal","ko":"살트달","pt-BR":"Saltdal","pt":"Saltdal","nl":"Zoutdal","hr":"Saltdal","fa":"سالتدال","de":"Saltdal","es":"Saltdal","fr":"Saltdal","ja":"サルトダル","it":"Saltdal","zh-CN":"萨尔特达尔","tr":"Saltdal","ru":"Салтдал","uk":"Салтдал","pl":"Saltdal","hi":"साल्टडाल","ar":"سالتدال"},"wikiDataId":"Q48880"},{"id":79484,"name":"Sandnessjøen","state_id":1025,"state_code":"18","state_name":"Nordland","country_id":165,"country_code":"NO","country_name":"Norway","latitude":"66.02166000","longitude":"12.63158000","native":"Sandnessjøen","type":"adm2","level":null,"parent_id":null,"population":6056,"timezone":"Europe/Oslo","translations":{"br":"Sandnessjøen","ko":"샌드네스요엔","pt-BR":"Sandnessjøen","pt":"Sandnessjøen","nl":"Sandnessjøen","hr":"Sandnessjøen","fa":"سندنسجون","de":"Sandnessjøen","es":"Sandnessjøen","fr":"Sandnessjøen","ja":"サンドネスヨーン","it":"Sandnessjøen","zh-CN":"桑内舍恩","tr":"Sandnessjøen","ru":"Санднесшёэн","uk":"Санднесшеен","pl":"Sandnessjøen","hi":"सैंडनेसजेन","ar":"ساندنيسجوين"},"wikiDataId":"Q1004686"},{"id":79534,"name":"Sortland","state_id":1025,"state_code":"18","state_name":"Nordland","country_id":165,"country_code":"NO","country_name":"Norway","latitude":"68.69618000","longitude":"15.41174000","native":"Sortland","type":"adm2","level":null,"parent_id":null,"population":10781,"timezone":"Europe/Oslo","translations":{"br":"Sortland","ko":"소르틀랜드","pt-BR":"Sortland","pt":"Sortland","nl":"Sortland","hr":"Sortland","fa":"سورتلند","de":"Sortland","es":"Sortland","fr":"Sortland","ja":"ソートランド","it":"Sortland","zh-CN":"索特兰","tr":"Sortland","ru":"Сортланд","uk":"Сортленд","pl":"Sortland","hi":"सॉर्टलैंड","ar":"سورتلاند"},"wikiDataId":"Q48844"},{"id":79577,"name":"Sømna","state_id":1025,"state_code":"18","state_name":"Nordland","country_id":165,"country_code":"NO","country_name":"Norway","latitude":"65.31379000","longitude":"12.16729000","native":"Sømna","type":"city","level":null,"parent_id":null,"population":1979,"timezone":"Europe/Oslo","translations":{"br":"Sømna","ko":"쇠므나","pt-BR":"Sømna","pt":"Sømna","nl":"Sømna","hr":"Sømna","fa":"سومنا","de":"Sømna","es":"Sømna","fr":"Sømna","ja":"ソムナ","it":"Sømna","zh-CN":"索姆纳","tr":"Sømna","ru":"Сёмна","uk":"Сьомна","pl":"Sømna","hi":"सोम्ना","ar":"سومنا"},"wikiDataId":"Q48610"},{"id":79583,"name":"Sørfold","state_id":1025,"state_code":"18","state_name":"Nordland","country_id":165,"country_code":"NO","country_name":"Norway","latitude":"67.34803000","longitude":"15.59445000","native":"Sørfold","type":"adm2","level":null,"parent_id":null,"population":1851,"timezone":"Europe/Oslo","translations":{"br":"Sørfold","ko":"쇠르폴드","pt-BR":"Sørfold","pt":"Sørfold","nl":"Sørfold","hr":"Sørfold","fa":"سورفولد","de":"Sørfold","es":"Sørfold","fr":"Sørfold","ja":"ソールフォルド","it":"Sørfold","zh-CN":"索尔福尔德","tr":"Sørfold","ru":"Сёрфолд","uk":"Серфолд","pl":"Sørfold","hi":"सोरफोल्ड","ar":"سورفولد"},"wikiDataId":"Q484097"},{"id":79584,"name":"Sørland","state_id":1025,"state_code":"18","state_name":"Nordland","country_id":165,"country_code":"NO","country_name":"Norway","latitude":"67.66564000","longitude":"12.69784000","native":"Sørland","type":"adm2","level":null,"parent_id":null,"population":589,"timezone":"Europe/Oslo","translations":{"br":"Sørland","ko":"쇠를란드","pt-BR":"Sørland","pt":"Sørland","nl":"Sørland","hr":"Sørland","fa":"سورلند","de":"Sørland","es":"Sørland","fr":"Sørland","ja":"ソーランド","it":"Sørland","zh-CN":"索尔兰","tr":"Sørland","ru":"Сёрланд","uk":"Серланд","pl":"Sørland","hi":"सोरलैंड","ar":"سورلاند"},"wikiDataId":"Q2335573"},{"id":79540,"name":"Steigen","state_id":1025,"state_code":"18","state_name":"Nordland","country_id":165,"country_code":"NO","country_name":"Norway","latitude":"67.77625000","longitude":"15.01621000","native":"Klatre","type":"adm2","level":null,"parent_id":null,"population":0,"timezone":"Europe/Oslo","translations":{"br":"Steigen","ko":"슈타이겐","pt-BR":"Steigen","pt":"Steigen","nl":"Steigen","hr":"Steigen","fa":"استایگن","de":"Steigen","es":"Steigen","fr":"Steigen","ja":"シュタイゲン","it":"Steigen","zh-CN":"施泰根","tr":"Steigen","ru":"Штайген","uk":"Штайген","pl":"Steigen","hi":"स्टीगेन","ar":"ستيجن"},"wikiDataId":"Q494005"},{"id":79546,"name":"Stokmarknes","state_id":1025,"state_code":"18","state_name":"Nordland","country_id":165,"country_code":"NO","country_name":"Norway","latitude":"68.56462000","longitude":"14.91075000","native":"Stokmarknes","type":"adm2","level":null,"parent_id":null,"population":3540,"timezone":"Europe/Oslo","translations":{"br":"Stokmarknes","ko":"스톡마크네스","pt-BR":"Stokmarknes","pt":"Stokmarknes","nl":"Stokmarknes","hr":"Stokmarknes","fa":"استوک‌مارکنس","de":"Stokmarknes","es":"Estocolmo","fr":"Stokmarknes","ja":"ストックマルクネス","it":"Stokmarknes","zh-CN":"斯托克马克内斯","tr":"Stokmarknes","ru":"Стокмаркнес","uk":"Стокмаркнес","pl":"Stokmarknes","hi":"स्टोकमार्कनेस","ar":"ستوكماركنس"},"wikiDataId":"Q288577"},{"id":79557,"name":"Straume","state_id":1025,"state_code":"18","state_name":"Nordland","country_id":165,"country_code":"NO","country_name":"Norway","latitude":"68.68880000","longitude":"14.47205000","native":"Strøm","type":"adm2","level":null,"parent_id":null,"population":331,"timezone":"Europe/Oslo","translations":{"br":"Straume","ko":"스트라우메","pt-BR":"Straume","pt":"Straume","nl":"Straume","hr":"Straume","fa":"استرامو","de":"Straume","es":"Straume","fr":"Straume","ja":"ストラウメ","it":"Straume","zh-CN":"斯特劳姆","tr":"Straume","ru":"Страуме","uk":"Страуме","pl":"Straume","hi":"स्ट्रॉमे","ar":"ستروم"},"wikiDataId":"Q2172806"},{"id":79560,"name":"Straumen","state_id":1025,"state_code":"18","state_name":"Nordland","country_id":165,"country_code":"NO","country_name":"Norway","latitude":"67.34769000","longitude":"15.60493000","native":"Straumen","type":"adm2","level":null,"parent_id":null,"population":892,"timezone":"Europe/Oslo","translations":{"br":"Straumen","ko":"스트라우멘","pt-BR":"Straumen","pt":"Straumen","nl":"Straumen","hr":"Straumen","fa":"استرامن","de":"Straumen","es":"Straumen","fr":"Straumen","ja":"ストラウメン","it":"Straumen","zh-CN":"斯特劳门","tr":"Straumen","ru":"Штраумен","uk":"Страумен","pl":"Straumen","hi":"स्ट्रॉमेन","ar":"ستراومن"},"wikiDataId":"Q2559230"},{"id":79571,"name":"Svolvær","state_id":1025,"state_code":"18","state_name":"Nordland","country_id":165,"country_code":"NO","country_name":"Norway","latitude":"68.23417000","longitude":"14.56834000","native":"Svolvær","type":"adm2","level":null,"parent_id":null,"population":4775,"timezone":"Europe/Oslo","translations":{"br":"Svolvær","ko":"스볼베르","pt-BR":"Svolvær","pt":"Svolvær","nl":"Svolvær","hr":"Svolvær","fa":"سولوور","de":"Svolvær","es":"Svolvær","fr":"Svolvær","ja":"スヴォルヴェル","it":"Svolvær","zh-CN":"斯沃尔韦尔","tr":"Svolvær","ru":"Свольвер","uk":"Свольвер","pl":"Svolvær","hi":"स्वोल्वेर","ar":"سفولفير"},"wikiDataId":"Q145948"},{"id":79591,"name":"Terråk","state_id":1025,"state_code":"18","state_name":"Nordland","country_id":165,"country_code":"NO","country_name":"Norway","latitude":"65.08700000","longitude":"12.37148000","native":"Terråk","type":"adm2","level":null,"parent_id":null,"population":527,"timezone":"Europe/Oslo","translations":{"br":"Terråk","ko":"테라크","pt-BR":"Terråk","pt":"Terråk","nl":"Terrak","hr":"Terråk","fa":"تراک","de":"Terråk","es":"Tierra","fr":"Terråk","ja":"テラック","it":"Terrak","zh-CN":"地形","tr":"Toprak","ru":"Террак","uk":"Террак","pl":"Terråk","hi":"Terrak","ar":"تيراك"},"wikiDataId":"Q2254214"},{"id":79595,"name":"Tjeldsund","state_id":1025,"state_code":"18","state_name":"Nordland","country_id":165,"country_code":"NO","country_name":"Norway","latitude":"68.55557000","longitude":"16.36172000","native":"Tjeldsund","type":"city","level":null,"parent_id":null,"population":4209,"timezone":"Europe/Oslo","translations":{"br":"Tjeldsund","ko":"첼드순드","pt-BR":"Tjeldsund","pt":"Tjeldsund","nl":"Tjeldsund","hr":"Tjeldsund","fa":"تیلدسوند","de":"Tjeldsund","es":"Tjeldsund","fr":"Tjeldsund","ja":"チェルズンド","it":"Tjeldsund","zh-CN":"切尔德松德","tr":"Tjeldsund","ru":"Тьелдсунн","uk":"Тьєльдсунд","pl":"Tjeldsund","hi":"त्जेल्डसुंड","ar":"تيلدسوند"},"wikiDataId":"Q48801"},{"id":79611,"name":"Træna","state_id":1025,"state_code":"18","state_name":"Nordland","country_id":165,"country_code":"NO","country_name":"Norway","latitude":"66.50159000","longitude":"12.09645000","native":"Træna","type":"city","level":null,"parent_id":null,"population":463,"timezone":"Europe/Oslo","translations":{"br":"Træna","ko":"트레나","pt-BR":"Træna","pt":"Træna","nl":"Træna","hr":"Træna","fa":"ترنا","de":"Træna","es":"Traena","fr":"Træna","ja":"トレナ","it":"Træna","zh-CN":"特莱纳","tr":"Tren","ru":"Трэна","uk":"Трена","pl":"Træna","hi":"ट्राना","ar":"ترينا"},"wikiDataId":"Q48620"},{"id":79607,"name":"Trofors","state_id":1025,"state_code":"18","state_name":"Nordland","country_id":165,"country_code":"NO","country_name":"Norway","latitude":"65.53335000","longitude":"13.40631000","native":"Trofors","type":"adm2","level":null,"parent_id":null,"population":860,"timezone":"Europe/Oslo","translations":{"br":"Trofors","ko":"트로포스","pt-BR":"Trofors","pt":"Trofors","nl":"Trofors","hr":"Trofors","fa":"تروفورها","de":"Trofors","es":"Trofors","fr":"Trofors","ja":"トロフォース","it":"Trofors","zh-CN":"特罗福斯","tr":"Troforlar","ru":"Трофорс","uk":"Трофорс","pl":"Trofors","hi":"ट्रोफोर्स","ar":"تروفورز"},"wikiDataId":"Q1907123"},{"id":79616,"name":"Tysfjord","state_id":1025,"state_code":"18","state_name":"Nordland","country_id":165,"country_code":"NO","country_name":"Norway","latitude":"68.09772000","longitude":"16.37591000","native":"Tysfjord","type":"city","level":null,"parent_id":null,"population":null,"timezone":"Europe/Oslo","translations":{"br":"Tysfjord","ko":"티스피오르드","pt-BR":"Fiorde de Tys","pt":"Fiorde de Tys","nl":"Tysfjord","hr":"Tysfjord","fa":"تایسفیورد","de":"Tysfjord","es":"Fiordo de Tys","fr":"Tysfjord","ja":"ティスフィヨルド","it":"Fiordo di Tys","zh-CN":"蒂斯菲尤尔","tr":"Tysfjord","ru":"Тюсфьорд","uk":"Тісфьорд","pl":"Tysfjord","hi":"टिसफ्योर्ड","ar":"تيسفيورد"},"wikiDataId":"Q493851"},{"id":79663,"name":"Vågan","state_id":1025,"state_code":"18","state_name":"Nordland","country_id":165,"country_code":"NO","country_name":"Norway","latitude":"68.23220000","longitude":"14.56226000","native":"Vågan","type":"city","level":null,"parent_id":null,"population":9871,"timezone":"Europe/Oslo","translations":{"br":"Vågan","ko":"보간","pt-BR":"Vågan","pt":"Vågan","nl":"Vågan","hr":"Vågan","fa":"واگان","de":"Vågan","es":"Vågan","fr":"Vågan","ja":"ヴォーガン","it":"Vågan","zh-CN":"瓦甘","tr":"Vågan","ru":"Воган","uk":"Воган","pl":"Vågan","hi":"वेगान","ar":"فاجان"},"wikiDataId":"Q490246"},{"id":79669,"name":"Værøy","state_id":1025,"state_code":"18","state_name":"Nordland","country_id":165,"country_code":"NO","country_name":"Norway","latitude":"67.66374000","longitude":"12.69337000","native":"Værøy","type":"city","level":null,"parent_id":null,"population":677,"timezone":"Europe/Oslo","translations":{"br":"Værøy","ko":"베뢰이","pt-BR":"Værøy","pt":"Værøy","nl":"Værøy","hr":"Værøy","fa":"واروی","de":"Værøy","es":"Værøy","fr":"Værøy","ja":"ヴェロイ","it":"Værøy","zh-CN":"韦罗伊岛","tr":"Værøy","ru":"Вэрёй","uk":"Верой","pl":"Værøy","hi":"वेरोय","ar":"فيروي"},"wikiDataId":"Q48629"},{"id":79637,"name":"Vefsn","state_id":1025,"state_code":"18","state_name":"Nordland","country_id":165,"country_code":"NO","country_name":"Norway","latitude":"65.84109000","longitude":"13.20024000","native":"Vefsn","type":"adm2","level":null,"parent_id":null,"population":13475,"timezone":"Europe/Oslo","translations":{"br":"Vefsn","ko":"베프슨","pt-BR":"Vefsn","pt":"Vefsn","nl":"Vefsn","hr":"Vefsn","fa":"وفسن","de":"Vefsn","es":"Vefsn","fr":"Vefsn","ja":"ヴェフスン","it":"Vefsn","zh-CN":"韦夫森","tr":"Vefsn","ru":"Вефсн","uk":"Вефсн","pl":"Vefsn","hi":"वेफ़्स्न","ar":"فيفسن"},"wikiDataId":"Q503654"},{"id":79638,"name":"Vega","state_id":1025,"state_code":"18","state_name":"Nordland","country_id":165,"country_code":"NO","country_name":"Norway","latitude":"65.67539000","longitude":"11.96456000","native":"Vega","type":"city","level":null,"parent_id":null,"population":1207,"timezone":"Europe/Oslo","translations":{"br":"Vega","ko":"베가","pt-BR":"Vega","pt":"Vega","nl":"Vega","hr":"Vega","fa":"وگا","de":"Vega","es":"Vega","fr":"Véga","ja":"ベガ","it":"Vega","zh-CN":"维加","tr":"Vega","ru":"Вега","uk":"Вега","pl":"Vega","hi":"वेगा","ar":"فيغا"},"wikiDataId":"Q488375"},{"id":79647,"name":"Vestvågøy","state_id":1025,"state_code":"18","state_name":"Nordland","country_id":165,"country_code":"NO","country_name":"Norway","latitude":"68.14830000","longitude":"13.61119000","native":"Vestvågøy","type":"adm2","level":null,"parent_id":null,"population":3556,"timezone":"Europe/Oslo","translations":{"br":"Vestvågøy","ko":"베스트보괴이","pt-BR":"Vestvågøy","pt":"Vestvågøy","nl":"Vestvågøy","hr":"Vestvågøy","fa":"وستواگ","de":"Vestvågøy","es":"Vestvågøy","fr":"Vestvågøy","ja":"ヴェストヴォーゴイ","it":"Vestvågøy","zh-CN":"西沃格于","tr":"Vestvågøy","ru":"Вествагёй","uk":"Вествоґой","pl":"Vestvågøy","hi":"वेस्टवागोए","ar":"فيستفاجوي"},"wikiDataId":"Q507201"},{"id":79648,"name":"Vevelstad","state_id":1025,"state_code":"18","state_name":"Nordland","country_id":165,"country_code":"NO","country_name":"Norway","latitude":"65.70002000","longitude":"12.43921000","native":"Vevelstad","type":"adm2","level":null,"parent_id":null,"population":470,"timezone":"Europe/Oslo","translations":{"br":"Vevelstad","ko":"베벨스타드","pt-BR":"Vevelstad","pt":"Vevelstad","nl":"Vevelstad","hr":"Vevelstad","fa":"وولستاد","de":"Vevelstad","es":"Vevelstad","fr":"Vevelstad","ja":"ヴェベルスタード","it":"Vevelstad","zh-CN":"韦弗尔斯塔德","tr":"Vevelstad","ru":"Вевельстад","uk":"Вевелстад","pl":"Vevelstad","hi":"वेवेलस्टेड","ar":"فيفيلستاد"},"wikiDataId":"Q494068"},{"id":79651,"name":"Vik","state_id":1025,"state_code":"18","state_name":"Nordland","country_id":165,"country_code":"NO","country_name":"Norway","latitude":"65.31254000","longitude":"12.16734000","native":"Vik","type":"adm2","level":null,"parent_id":null,"population":360,"timezone":"Europe/Oslo","translations":{"br":"Vik","ko":"빅","pt-BR":"Vik","pt":"Vik","nl":"Vik","hr":"Vik","fa":"ویک","de":"Vik","es":"Vik","fr":"Vik","ja":"ヴィク","it":"Vik","zh-CN":"维克","tr":"Vik","ru":"Вик","uk":"Вік","pl":"Vik","hi":"विक","ar":"فيك"},"wikiDataId":"Q2559281"}]