{"id":67811,"name":"Sliema","state_id":104,"state_code":"56","state_name":"Sliema","country_id":135,"country_code":"MT","country_name":"Malta","latitude":"35.91250000","longitude":"14.50194000","native":"Sliema","type":"adm1","level":null,"parent_id":null,"population":22591,"timezone":"Europe/Malta","translations":{"ar":"سليما","br":"Sliema","de":"Sliema","es":"Sliema","fa":"سلیما","fr":"Tas-Sliema","hi":"स्लीमा","hr":"Sliema","it":"Sliema","ja":"スリーマ","ko":"슬리에마","nl":"Sliema","pl":"Sliema","pt":"Sliema","pt-BR":"Sliema","ru":"Слима","tr":"Sliema","uk":"Сліма","zh-CN":"斯利马"},"wikiDataId":"Q39526"}