[{"id":55169,"name":"Abasár","state_id":1040,"state_code":"HE","state_name":"Heves County","country_id":99,"country_code":"HU","country_name":"Hungary","latitude":"47.79705000","longitude":"20.00324000","native":"Megszabadulás","type":"city","level":null,"parent_id":null,"population":3189,"timezone":"Europe/Budapest","translations":{"br":"Abasár","ko":"아바사르","pt-BR":"Abasár","pt":"Abasár","nl":"Abasár","hr":"Abasár","fa":"اباسار","de":"Abasár","es":"Abasár","fr":"Abasar","ja":"アバサール","it":"Abasár","zh-CN":"阿巴萨尔","tr":"Abasár","ru":"Абасар","uk":"Абасар","pl":"Abasár","hi":"अबासार","ar":"أباسار"},"wikiDataId":"Q368326"},{"id":55176,"name":"Adács","state_id":1040,"state_code":"HE","state_name":"Heves County","country_id":99,"country_code":"HU","country_name":"Hungary","latitude":"47.69210000","longitude":"19.97696000","native":"Adács","type":"city","level":null,"parent_id":null,"population":2507,"timezone":"Europe/Budapest","translations":{"br":"Adács","ko":"아다치","pt-BR":"Adács","pt":"Adács","nl":"Adács","hr":"Adács","fa":"آداکس","de":"Adács","es":"Adács","fr":"Adács","ja":"アダチ","it":"Adács","zh-CN":"阿达奇","tr":"Adács","ru":"Адач","uk":"Адач","pl":"Adács","hi":"अडाक्स","ar":"أداكس"},"wikiDataId":"Q506654"},{"id":55188,"name":"Andornaktálya","state_id":1040,"state_code":"HE","state_name":"Heves County","country_id":99,"country_code":"HU","country_name":"Hungary","latitude":"47.85000000","longitude":"20.41667000","native":"Andornaktálya","type":"city","level":null,"parent_id":null,"population":2569,"timezone":"Europe/Budapest","translations":{"br":"Andornaktalya","ko":"안도르나크탈리아","pt-BR":"Andornaktálya","pt":"Andornaktálya","nl":"Andornaktálya","hr":"Andornaktálya","fa":"آندورناکتالیا","de":"Andornaktálya","es":"Andornaktálya","fr":"Andornaktálya","ja":"アンドルナクタリア","it":"Andornaktálya","zh-CN":"安多纳克塔利亚","tr":"Andornaktálya","ru":"Андорнакталья","uk":"Андорнакталья","pl":"Andornaktálya","hi":"एंडोर्नाक्टालिया","ar":"أندورناكتاليا"},"wikiDataId":"Q760889"},{"id":55190,"name":"Apc","state_id":1040,"state_code":"HE","state_name":"Heves County","country_id":99,"country_code":"HU","country_name":"Hungary","latitude":"47.79419000","longitude":"19.69429000","native":"APC","type":"city","level":null,"parent_id":null,"population":2421,"timezone":"Europe/Budapest","translations":{"br":"Apc","ko":"APC","pt-BR":"Apc","pt":"Apc","nl":"Apc","hr":"Apc","fa":"ای پی سی","de":"APC","es":"Apc","fr":"APC","ja":"APC","it":"Apc","zh-CN":"装甲运兵车","tr":"APC","ru":"БТР","uk":"Апк","pl":"APC","hi":"एपीसी","ar":"APC"},"wikiDataId":"Q773393"},{"id":55302,"name":"Bélapátfalva","state_id":1040,"state_code":"HE","state_name":"Heves County","country_id":99,"country_code":"HU","country_name":"Hungary","latitude":"48.05000000","longitude":"20.36667000","native":"Bélapátfalva","type":"adm2","level":null,"parent_id":null,"population":2738,"timezone":"Europe/Budapest","translations":{"br":"Bélapátfalva","ko":"벨라파트팔바","pt-BR":"Bélapátfalva","pt":"Bélapátfalva","nl":"Bélapátfalva","hr":"Bélapátfalva","fa":"بلاپاتفالوا","de":"Bélapátfalva","es":"Bélapátfalva","fr":"Bélapátfalva","ja":"ベラプトファルヴァ","it":"Bélapátfalva","zh-CN":"贝拉帕特法尔瓦","tr":"Bélapátfalva","ru":"Белапатфалва","uk":"Белапатфалва","pl":"Bélapátfalva","hi":"बेलापाटफाल्वा","ar":"بيلاباتفالفا"},"wikiDataId":"Q258884"},{"id":55303,"name":"Bélapátfalvai Járás","state_id":1040,"state_code":"HE","state_name":"Heves County","country_id":99,"country_code":"HU","country_name":"Hungary","latitude":"48.06386000","longitude":"20.36163000","native":"Bélapátfalvai Járás","type":"city","level":null,"parent_id":null,"population":null,"timezone":"Europe/Budapest","translations":{"br":"Bélapátfalvai Járás","ko":"벨라파트팔바이 하라스","pt-BR":"Bélapátfalvai Járás","pt":"Bélapátfalvai Járás","nl":"Bélapátfalvai Járás","hr":"Járás u Bélapátfalvaiju","fa":"بلاپاتفالوی یارس","de":"Bélapátfalvai Járás","es":"Bélapátfalvai Járás","fr":"Bélapátfalvai Járás","ja":"ベラプトファルヴァイ・ジャラス","it":"Bélapátfalvai Járás","zh-CN":"Bélapátfalvai Járás","tr":"Bélapátfalvai Járás","ru":"Bélapátfalvai Járás","uk":"Белапатфалвай Ярас","pl":"Bélapátfalvai Járás","hi":"Bélapátfalvai Járás","ar":"Bélapátfalvai Járás"},"wikiDataId":"Q831098"},{"id":55244,"name":"Besenyőtelek","state_id":1040,"state_code":"HE","state_name":"Heves County","country_id":99,"country_code":"HU","country_name":"Hungary","latitude":"47.70000000","longitude":"20.43333000","native":"Besenyőtelek","type":"city","level":null,"parent_id":null,"population":2429,"timezone":"Europe/Budapest","translations":{"br":"Besenyőtele","ko":"베세뇨텔렉","pt-BR":"Besenyőtelek","pt":"Besenyőtelek","nl":"Besenyőtelek","hr":"Besenyőtelek","fa":"بزنیوتلک","de":"Besenyőtelek","es":"Besenyőtelek","fr":"Besenyőtelek","ja":"ベセニョテレク","it":"Besenyőtelek","zh-CN":"贝塞尼耶特莱克","tr":"Besenyőtelek","ru":"Besenyőtelek","uk":"Бесеньőтелек","pl":"Besenyőtelek","hi":"बेसेन्योटेलेक","ar":"بيسينيوتلك"},"wikiDataId":"Q794014"},{"id":55253,"name":"Boldog","state_id":1040,"state_code":"HE","state_name":"Heves County","country_id":99,"country_code":"HU","country_name":"Hungary","latitude":"47.60285000","longitude":"19.68839000","native":"Boldog","type":"city","level":null,"parent_id":null,"population":2833,"timezone":"Europe/Budapest","translations":{"br":"Boldog","ko":"볼독","pt-BR":"Boldog","pt":"Boldog","nl":"Boldog","hr":"Boldog","fa":"بولدوگ","de":"Bolddog","es":"Boldog","fr":"Boldog","ja":"ボルドッグ","it":"Boldog","zh-CN":"博尔多格","tr":"Boldog","ru":"Болдог","uk":"Болдог","pl":"Boldog","hi":"बोल्डोग","ar":"بولدوج"},"wikiDataId":"Q654560"},{"id":55346,"name":"Csány","state_id":1040,"state_code":"HE","state_name":"Heves County","country_id":99,"country_code":"HU","country_name":"Hungary","latitude":"47.64829000","longitude":"19.82972000","native":"Csány","type":"city","level":null,"parent_id":null,"population":2068,"timezone":"Europe/Budapest","translations":{"br":"Csány","ko":"차니","pt-BR":"Csány","pt":"Csány","nl":"Csány","hr":"Csány","fa":"چانی","de":"Csány","es":"Csány","fr":"Csány","ja":"チャニー","it":"Csány","zh-CN":"恰尼","tr":"Csány","ru":"Чань","uk":"Чань","pl":"Csány","hi":"क्सानी","ar":"كساني"},"wikiDataId":"Q672245"},{"id":55371,"name":"Domoszló","state_id":1040,"state_code":"HE","state_name":"Heves County","country_id":99,"country_code":"HU","country_name":"Hungary","latitude":"47.83333000","longitude":"20.11667000","native":"Domoszló","type":"city","level":null,"parent_id":null,"population":1779,"timezone":"Europe/Budapest","translations":{"br":"Domoszló","ko":"도모슬로","pt-BR":"Domoszló","pt":"Domoszló","nl":"Domoszló","hr":"Domoszló","fa":"دوموشلو","de":"Domoszló","es":"Domoszló","fr":"Domoszló","ja":"ドモスロー","it":"Domoszló","zh-CN":"多莫斯洛","tr":"Domoszló","ru":"Домосло","uk":"Домосло","pl":"Domoszló","hi":"डोमोस्ज़लो","ar":"دوموسلو"},"wikiDataId":"Q780659"},{"id":55395,"name":"Ecséd","state_id":1040,"state_code":"HE","state_name":"Heves County","country_id":99,"country_code":"HU","country_name":"Hungary","latitude":"47.73267000","longitude":"19.76696000","native":"Ecséd","type":"city","level":null,"parent_id":null,"population":3457,"timezone":"Europe/Budapest","translations":{"br":"Ecséd","ko":"에크세드","pt-BR":"Êxtase","pt":"Êxtase","nl":"Ecséd","hr":"Ecséd","fa":"اکسِد","de":"Ecséd","es":"Ecséd","fr":"Ecséd","ja":"エクセド","it":"Ecséd","zh-CN":"埃切德","tr":"Coşkulu","ru":"Ecséd","uk":"Ешед","pl":"Ecséd","hi":"एक्सेड","ar":"إكسيد"},"wikiDataId":"Q282039"},{"id":55398,"name":"Eger","state_id":1040,"state_code":"HE","state_name":"Heves County","country_id":99,"country_code":"HU","country_name":"Hungary","latitude":"47.90265000","longitude":"20.37329000","native":"Buja","type":"adm1","level":null,"parent_id":null,"population":53876,"timezone":"Europe/Budapest","translations":{"br":"Eger","ko":"에게르","pt-BR":"Eger","pt":"Eger","nl":"Eger","hr":"Eger","fa":"ایگر","de":"Eger","es":"Eger","fr":"Éger","ja":"エゲル","it":"Eger","zh-CN":"埃格尔","tr":"Eger","ru":"Эгер","uk":"Егер","pl":"Eger","hi":"ईगर","ar":"إيجر"},"wikiDataId":"Q167109"},{"id":55399,"name":"Egerszalók","state_id":1040,"state_code":"HE","state_name":"Heves County","country_id":99,"country_code":"HU","country_name":"Hungary","latitude":"47.86667000","longitude":"20.33333000","native":"Egerszalók","type":"city","level":null,"parent_id":null,"population":1948,"timezone":"Europe/Budapest","translations":{"br":"Egerszalók","ko":"에게르잘록","pt-BR":"Egerszalók","pt":"Egerszalók","nl":"Egerszalók","hr":"Egerszalók","fa":"اگرسالوک","de":"Egerszalók","es":"Egerszalók","fr":"Egerszalók","ja":"エゲルサローク","it":"Egerszalók","zh-CN":"艾格扎洛克","tr":"Egerszalók","ru":"Эгерсалок","uk":"Егерсалок","pl":"Egerszalók","hi":"Egerszalok","ar":"إيجرزالوك"},"wikiDataId":"Q987849"},{"id":55400,"name":"Egri Járás","state_id":1040,"state_code":"HE","state_name":"Heves County","country_id":99,"country_code":"HU","country_name":"Hungary","latitude":"47.92961000","longitude":"20.37383000","native":"Egri Járás","type":"city","level":null,"parent_id":null,"population":null,"timezone":"Europe/Budapest","translations":{"br":"Egri Járás","ko":"에그리 하라스","pt-BR":"Egri Járás","pt":"Egri Járás","nl":"Egri Járás","hr":"Egri Járás","fa":"اگری یاراس","de":"Egri Járás","es":"Egri Járás","fr":"Egri Járás","ja":"エグリ・ジャラス","it":"Egri Járás","zh-CN":"埃格里·哈拉斯","tr":"Egri Járás","ru":"Эгри Ярас","uk":"Егрі Яраш","pl":"Egri Járás","hi":"एग्री जारस","ar":"إيجري جاراس"},"wikiDataId":"Q854361"},{"id":55412,"name":"Erdőtelek","state_id":1040,"state_code":"HE","state_name":"Heves County","country_id":99,"country_code":"HU","country_name":"Hungary","latitude":"47.68333000","longitude":"20.31667000","native":"Erdőtelek","type":"city","level":null,"parent_id":null,"population":3291,"timezone":"Europe/Budapest","translations":{"br":"Erdőtele","ko":"에르되텔렉","pt-BR":"Erdőtelek","pt":"Erdőtelek","nl":"Erdőtelek","hr":"Erdőtelek","fa":"اردوتِک","de":"Erdőtelek","es":"Erdőtelek","fr":"Erdőtelek","ja":"エルデテレク","it":"Erdőtelek","zh-CN":"埃尔德捷列克","tr":"Erdőtelek","ru":"Эрдётелек","uk":"Ердьотелек","pl":"Erdőtelek","hi":"एर्दोटेलेक","ar":"إردوتيليك"},"wikiDataId":"Q249661"},{"id":55425,"name":"Felsőtárkány","state_id":1040,"state_code":"HE","state_name":"Heves County","country_id":99,"country_code":"HU","country_name":"Hungary","latitude":"47.96667000","longitude":"20.41667000","native":"Felsőtárkány","type":"city","level":null,"parent_id":null,"population":3444,"timezone":"Europe/Budapest","translations":{"br":"Felsőtárkány","ko":"펠소타르카니","pt-BR":"Felsőtárkány","pt":"Felsőtárkány","nl":"Felsőtárkány","hr":"Felsőtárkány","fa":"فلسوتارکانی","de":"Felsőtárkány","es":"Felsőtárkány","fr":"Felsőtárkány","ja":"フェルシュターカニ","it":"Felsőtárkány","zh-CN":"费尔索塔尔卡尼","tr":"Felsőtárkány","ru":"Felsőtárkány","uk":"Фельсётаркань","pl":"Felsőtárkány","hi":"फेल्सोटार्कानी","ar":"فيلسوتاركاني"},"wikiDataId":"Q514643"},{"id":55441,"name":"Füzesabony","state_id":1040,"state_code":"HE","state_name":"Heves County","country_id":99,"country_code":"HU","country_name":"Hungary","latitude":"47.75000000","longitude":"20.41667000","native":"Füzesabony","type":"adm2","level":null,"parent_id":null,"population":7098,"timezone":"Europe/Budapest","translations":{"br":"Füzesabony","ko":"퓨즈사보니","pt-BR":"Füzesabony","pt":"Füzesabony","nl":"Füzesabony","hr":"Füzesabony","fa":"فوزه‌سابونی","de":"Füzesabony","es":"Füzesabony","fr":"Füzesabony","ja":"フューゼサボニー","it":"Füzesabony","zh-CN":"菲泽萨博尼","tr":"Füzesabony","ru":"Фюзешабонь","uk":"Фюзесабонь","pl":"Füzesabony","hi":"फ़्यूज़ेसाबोनी","ar":"فوزيسابوني"},"wikiDataId":"Q911642"},{"id":55442,"name":"Füzesabonyi Járás","state_id":1040,"state_code":"HE","state_name":"Heves County","country_id":99,"country_code":"HU","country_name":"Hungary","latitude":"47.72671000","longitude":"20.42875000","native":"Füzesabonyi Járás","type":"city","level":null,"parent_id":null,"population":null,"timezone":"Europe/Budapest","translations":{"br":"Füzesabonyi Járás","ko":"퓨즈사보니 하라스","pt-BR":"Füzesabonyi Járás","pt":"Füzesabonyi Járás","nl":"Füzesabonyi Járás","hr":"Füzesabonyi Járás","fa":"فوزه‌سبونی یاراس","de":"Füzesabonyi Járás","es":"Füzesabonyi Járás","fr":"Füzesabonyi Járás","ja":"Füzesabonyi Járás","it":"Füzesabonyi Járás","zh-CN":"Füzesabonyi Járás","tr":"Füzesabonyi Járás","ru":"Füzesabonyi Járás","uk":"Фюзесабоньї Яраш","pl":"Füzesabonyi Járás","hi":"फ़्यूज़ेसाबोनी जारस","ar":"فوزيسابوني جاراس"},"wikiDataId":"Q853176"},{"id":55459,"name":"Gyöngyös","state_id":1040,"state_code":"HE","state_name":"Heves County","country_id":99,"country_code":"HU","country_name":"Hungary","latitude":"47.78257000","longitude":"19.92800000","native":"Gyöngyös","type":"adm2","level":null,"parent_id":null,"population":27294,"timezone":"Europe/Budapest","translations":{"br":"Gyöngyös","ko":"굇요스","pt-BR":"Gyöngyös","pt":"Gyöngyös","nl":"Gyöngyös","hr":"Gyöngyös","fa":"گیونگیوس","de":"Gyöngyös","es":"Gyöngyös","fr":"Gyöngyös","ja":"ギョンジェシュ","it":"Gyöngyös","zh-CN":"琼约什","tr":"Gyöngyös","ru":"Дьёндьёш","uk":"Дьйондьйош","pl":"Gyöngyös","hi":"ग्योंग्योस","ar":"جيونجيوس"},"wikiDataId":"Q209983"},{"id":55460,"name":"Gyöngyöshalász","state_id":1040,"state_code":"HE","state_name":"Heves County","country_id":99,"country_code":"HU","country_name":"Hungary","latitude":"47.74161000","longitude":"19.92876000","native":"Gyöngyöshalász","type":"city","level":null,"parent_id":null,"population":2576,"timezone":"Europe/Budapest","translations":{"br":"Gyöngyöshalász","ko":"굇요샬라시","pt-BR":"Gyöngyöshalász","pt":"Gyöngyöshalász","nl":"Gyöngyöshalász","hr":"Gyöngyöshalász","fa":"گیونگیوشالاس","de":"Gyöngyöshalász","es":"Gyöngyöshalász","fr":"Gyöngyöshalász","ja":"ギョンギョシャラーシュ","it":"Gyöngyöshalász","zh-CN":"吉奥尼奥沙拉什","tr":"Gyöngyöshalász","ru":"Gyöngyöshalász","uk":"Дьондьйошалаш","pl":"Gyöngyöshalász","hi":"ग्योन्ग्योशालाज़","ar":"جيونجيوشالاز"},"wikiDataId":"Q729853"},{"id":55461,"name":"Gyöngyösi Járás","state_id":1040,"state_code":"HE","state_name":"Heves County","country_id":99,"country_code":"HU","country_name":"Hungary","latitude":"47.79079000","longitude":"19.95430000","native":"Gyöngyösi Járás","type":"city","level":null,"parent_id":null,"population":null,"timezone":"Europe/Budapest","translations":{"br":"Gyöngyösi Járás","ko":"굇요시 자라스","pt-BR":"Gyöngyösi Járás","pt":"Gyöngyösi Járás","nl":"Gyöngyösi Járás","hr":"Gyöngyösi Járás","fa":"گیونگیوسی یاراس","de":"Gyöngyösi Járás","es":"Gyöngyösi Járás","fr":"Gyöngyösi Járás","ja":"ギュンジェシ・ヤラス","it":"Gyöngyösi Járás","zh-CN":"杰拉斯","tr":"Gyöngyösi Járás","ru":"Gyöngyösi Járás","uk":"Дьондьйоші Яраш","pl":"Gyöngyösi Járás","hi":"Gyöngyösi Járás","ar":"Gyöngyösi Járás"},"wikiDataId":"Q853127"},{"id":55462,"name":"Gyöngyöspata","state_id":1040,"state_code":"HE","state_name":"Heves County","country_id":99,"country_code":"HU","country_name":"Hungary","latitude":"47.81505000","longitude":"19.78925000","native":"Gyöngyöspata","type":"city","level":null,"parent_id":null,"population":2204,"timezone":"Europe/Budapest","translations":{"br":"Gyöngyöspata","ko":"굇기오슈파타","pt-BR":"Gyöngyöspata","pt":"Gyöngyöspata","nl":"Gyöngyöspata","hr":"Gyöngyöspata","fa":"گیونگیوسپاتا","de":"Gyöngyöspata","es":"Gyöngyöspata","fr":"Gyöngyöspata","ja":"ギュンギュスパタ","it":"Gyöngyöspata","zh-CN":"女巫师","tr":"Gyöngyöspata","ru":"Дьёндьёспата","uk":"Дьондьйошпата","pl":"Gyöngyöspata","hi":"ग्योन्ग्योस्पाटा","ar":"جيونجيوسباتا"},"wikiDataId":"Q1030385"},{"id":55463,"name":"Gyöngyössolymos","state_id":1040,"state_code":"HE","state_name":"Heves County","country_id":99,"country_code":"HU","country_name":"Hungary","latitude":"47.81724000","longitude":"19.93619000","native":"Gyöngyössolymos","type":"city","level":null,"parent_id":null,"population":2695,"timezone":"Europe/Budapest","translations":{"br":"Gyöngyössolymos","ko":"굇요솔리모스","pt-BR":"Gyöngyössolymos","pt":"Gyöngyössolymos","nl":"Gyöngyössolymos","hr":"Gyöngyössolymos","fa":"گیونگیوسولیموس","de":"Gyöngyössolymos","es":"Gyöngyössolymos","fr":"Gyöngyössolymos","ja":"ギョンギョッソリモス","it":"Gyöngyössolymos","zh-CN":"慈善活动","tr":"Gyöngyössolymos","ru":"Дьёндьёссолимос","uk":"Дьондьйоссольмос","pl":"Gyöngyössolymos","hi":"ग्योन्ग्योसोलिमोस","ar":"جيونجيوسوليموس"},"wikiDataId":"Q784268"},{"id":55464,"name":"Gyöngyöstarján","state_id":1040,"state_code":"HE","state_name":"Heves County","country_id":99,"country_code":"HU","country_name":"Hungary","latitude":"47.81369000","longitude":"19.86724000","native":"Gyöngyöstarján","type":"city","level":null,"parent_id":null,"population":2160,"timezone":"Europe/Budapest","translations":{"br":"Gyöngyöstarján","ko":"Gyöngyöstarján","pt-BR":"Gyöngyöstarján","pt":"Gyöngyöstarján","nl":"Gyöngyöstarján","hr":"Gyöngyöstarján","fa":"گیونگیوستاریان","de":"Gyöngyöstarján","es":"Gyöngyöstarján","fr":"Gyöngyöstarján","ja":"ギュンギュスタルジャン","it":"Gyöngyöstarján","zh-CN":"妇产科医生","tr":"Gyöngyöstarján","ru":"Gyöngyöstarján","uk":"Дьйонгйостар'ян","pl":"Gyöngyöstarján","hi":"ग्योन्ग्योस्टारजैन","ar":"جيونجيوستارجان"},"wikiDataId":"Q1030405"},{"id":55500,"name":"Hatvan","state_id":1040,"state_code":"HE","state_name":"Heves County","country_id":99,"country_code":"HU","country_name":"Hungary","latitude":"47.66667000","longitude":"19.68333000","native":"Hatvan","type":"adm2","level":null,"parent_id":null,"population":19505,"timezone":"Europe/Budapest","translations":{"br":"Hatvan","ko":"하트반","pt-BR":"Hatvan","pt":"Hatvan","nl":"Hatvan","hr":"Hatvan","fa":"هاتوان","de":"Hatvan","es":"Hatvan","fr":"Hatvan","ja":"ハトヴァン","it":"Hatvan","zh-CN":"豪特万","tr":"Hatvan","ru":"Хатван","uk":"Хатван","pl":"Hatvan","hi":"हटवान","ar":"هاتفان"},"wikiDataId":"Q629849"},{"id":55501,"name":"Hatvani Járás","state_id":1040,"state_code":"HE","state_name":"Heves County","country_id":99,"country_code":"HU","country_name":"Hungary","latitude":"47.69468000","longitude":"19.72852000","native":"Hatvani Járás","type":"city","level":null,"parent_id":null,"population":null,"timezone":"Europe/Budapest","translations":{"br":"Hatvani Járás","ko":"하트바니 자라스","pt-BR":"Hatvani Járás","pt":"Hatvani Járás","nl":"Hatvani Járás","hr":"Hatvani Járás","fa":"هاتوانی یاراس","de":"Hatvani Járás","es":"Hatvani Járás","fr":"Hatvani Járás","ja":"ハトヴァニ・ヤラス","it":"Hatvani Járás","zh-CN":"哈特瓦尼·哈拉斯","tr":"Hatvani Járás","ru":"Хатвани Ярас","uk":"Хатвані Ярас","pl":"Hatvani Járás","hi":"हटवानी जारस","ar":"هاتفاني جاراس"},"wikiDataId":"Q16629260"},{"id":55509,"name":"Heréd","state_id":1040,"state_code":"HE","state_name":"Heves County","country_id":99,"country_code":"HU","country_name":"Hungary","latitude":"47.70638000","longitude":"19.63314000","native":"Húgyos","type":"city","level":null,"parent_id":null,"population":1745,"timezone":"Europe/Budapest","translations":{"br":"Heréd","ko":"헤레드","pt-BR":"Heréd","pt":"Heréd","nl":"Hered","hr":"Heréd","fa":"هرد","de":"Heréd","es":"Hered","fr":"Héréd","ja":"ヘレド","it":"Heréd","zh-CN":"赫雷德","tr":"Hered","ru":"Херед","uk":"Геред","pl":"Heréd","hi":"हेरेड","ar":"هيريد"},"wikiDataId":"Q771769"},{"id":55510,"name":"Heves","state_id":1040,"state_code":"HE","state_name":"Heves County","country_id":99,"country_code":"HU","country_name":"Hungary","latitude":"47.60000000","longitude":"20.28333000","native":"Heves","type":"adm2","level":null,"parent_id":null,"population":9870,"timezone":"Europe/Budapest","translations":{"br":"Heves","ko":"헤베스","pt-BR":"Heves","pt":"Heves","nl":"Heves","hr":"Heves","fa":"هوز","de":"Heves","es":"Heves","fr":"Héves","ja":"ヘヴェス","it":"Heves","zh-CN":"赫维什","tr":"Heves","ru":"Хевеш","uk":"Хевеш","pl":"Heves","hi":"हेव्स","ar":"هيفز"},"wikiDataId":"Q855011"},{"id":55511,"name":"Hevesi Járás","state_id":1040,"state_code":"HE","state_name":"Heves County","country_id":99,"country_code":"HU","country_name":"Hungary","latitude":"47.61535000","longitude":"20.31739000","native":"Hevesi Járás","type":"city","level":null,"parent_id":null,"population":null,"timezone":"Europe/Budapest","translations":{"br":"Hevesi Járás","ko":"헤베시 자라스","pt-BR":"Hevesi Járás","pt":"Hevesi Járás","nl":"Hevesi Járás","hr":"Hevesi Járás","fa":"هوسی یاراس","de":"Hevesi Járás","es":"Hevesi Járás","fr":"Hevesi Járás","ja":"ヘヴェシ・ヤラス","it":"Hevesi Járás","zh-CN":"赫维西·哈拉斯","tr":"Hevesi Járás","ru":"Хевеси Ярас","uk":"Хевеші Яраш","pl":"Hevesi Járás","hi":"हेवेसी जारस","ar":"هيفيزي جاراس"},"wikiDataId":"Q854348"},{"id":55514,"name":"Hort","state_id":1040,"state_code":"HE","state_name":"Heves County","country_id":99,"country_code":"HU","country_name":"Hungary","latitude":"47.69081000","longitude":"19.78930000","native":"Hort","type":"city","level":null,"parent_id":null,"population":3575,"timezone":"Europe/Budapest","translations":{"br":"Hort","ko":"호르트","pt-BR":"Hort","pt":"Hort","nl":"Hort","hr":"Hort","fa":"هورت","de":"Hort","es":"Hort","fr":"Hort","ja":"ホルト","it":"Hort","zh-CN":"霍特","tr":"Hort","ru":"Хорт","uk":"Хорт","pl":"Hort","hi":"हॉर्ट","ar":"هورت"},"wikiDataId":"Q10719398"},{"id":55635,"name":"Kál","state_id":1040,"state_code":"HE","state_name":"Heves County","country_id":99,"country_code":"HU","country_name":"Hungary","latitude":"47.73333000","longitude":"20.26667000","native":"Káposzta","type":"city","level":null,"parent_id":null,"population":3446,"timezone":"Europe/Budapest","translations":{"br":"Kál","ko":"칼","pt-BR":"Kál","pt":"Kál","nl":"Kal","hr":"Kál","fa":"کال","de":"Kál","es":"Kál","fr":"Kál","ja":"カール","it":"Kál","zh-CN":"卡尔","tr":"Kál","ru":"Кал","uk":"Кал","pl":"Kál","hi":"कल","ar":"كال"},"wikiDataId":"Q1043477"},{"id":55571,"name":"Karácsond","state_id":1040,"state_code":"HE","state_name":"Heves County","country_id":99,"country_code":"HU","country_name":"Hungary","latitude":"47.72962000","longitude":"20.03076000","native":"Karácsond","type":"city","level":null,"parent_id":null,"population":2785,"timezone":"Europe/Budapest","translations":{"br":"Karácsond","ko":"카락손드","pt-BR":"Karácsond","pt":"Karácsond","nl":"Karácsond","hr":"Karácsond","fa":"کاراسون","de":"Karácsond","es":"Karácsond","fr":"Karácsond","ja":"カラクソンド","it":"Karácsond","zh-CN":"卡拉克松德","tr":"Karacsond","ru":"Карачонд","uk":"Карачсонд","pl":"Karácsond","hi":"कराक्सोंड","ar":"كاراكسوند"},"wikiDataId":"Q278275"},{"id":55586,"name":"Kerecsend","state_id":1040,"state_code":"HE","state_name":"Heves County","country_id":99,"country_code":"HU","country_name":"Hungary","latitude":"47.80000000","longitude":"20.35000000","native":"Kerecsend","type":"city","level":null,"parent_id":null,"population":2198,"timezone":"Europe/Budapest","translations":{"br":"Kerecsend","ko":"케레첸드","pt-BR":"Kerecsend","pt":"Kerecsend","nl":"Kerecsend","hr":"Kerecsend","fa":"کرچند","de":"Kerecsend","es":"Kerecsend","fr":"Kerecsend","ja":"ケレクセンド","it":"Kerecsend","zh-CN":"克雷克森德","tr":"Kerecsend","ru":"Керексенд","uk":"Кереченд","pl":"Kerecsend","hi":"केरेकसेंड","ar":"كيريكسيند"},"wikiDataId":"Q1070818"},{"id":55601,"name":"Kisköre","state_id":1040,"state_code":"HE","state_name":"Heves County","country_id":99,"country_code":"HU","country_name":"Hungary","latitude":"47.50000000","longitude":"20.50000000","native":"A Kiscoron","type":"city","level":null,"parent_id":null,"population":2602,"timezone":"Europe/Budapest","translations":{"br":"Kisköre","ko":"키스코레","pt-BR":"Kisköre","pt":"Kisköre","nl":"Kisköre","hr":"Kisköre","fa":"کیشکوره","de":"Kisköre","es":"Kisköre","fr":"Kisköre","ja":"キスコーレ","it":"Kisköre","zh-CN":"基斯克勒","tr":"Kiskoré","ru":"Кишкёре","uk":"Кішкере","pl":"Kisköre","hi":"किस्कोरे","ar":"كيسكوري"},"wikiDataId":"Q222242"},{"id":55620,"name":"Kompolt","state_id":1040,"state_code":"HE","state_name":"Heves County","country_id":99,"country_code":"HU","country_name":"Hungary","latitude":"47.73333000","longitude":"20.25000000","native":"Kompolt","type":"city","level":null,"parent_id":null,"population":1813,"timezone":"Europe/Budapest","translations":{"br":"Kompolt","ko":"콤폴트","pt-BR":"Kompolt","pt":"Kompolt","nl":"Kompolt","hr":"Kompolt","fa":"کامپولت","de":"Kompolt","es":"Kompolt","fr":"Kompolt","ja":"コンポルト","it":"Kompolt","zh-CN":"孔波尔特","tr":"Kompolt","ru":"Комполт","uk":"Компольт","pl":"Kompolt","hi":"कोम्पोल्ट","ar":"كومبولت"},"wikiDataId":"Q936331"},{"id":55671,"name":"Lőrinci","state_id":1040,"state_code":"HE","state_name":"Heves County","country_id":99,"country_code":"HU","country_name":"Hungary","latitude":"47.73295000","longitude":"19.67867000","native":"Lőrinci","type":"city","level":null,"parent_id":null,"population":5365,"timezone":"Europe/Budapest","translations":{"br":"Lőrinci","ko":"로린치","pt-BR":"Lőrinci","pt":"Lőrinci","nl":"Lőrinci","hr":"Lőrinci","fa":"لورینچی","de":"Lőrinci","es":"Lőrinci","fr":"Lőrinci","ja":"ロリンチ","it":"Lőrinci","zh-CN":"洛林奇","tr":"Lőrinci","ru":"Лёринци","uk":"Лерінчі","pl":"Lőrinci","hi":"लोरिन्सी","ar":"لورينشي"},"wikiDataId":"Q1088716"},{"id":55676,"name":"Maklár","state_id":1040,"state_code":"HE","state_name":"Heves County","country_id":99,"country_code":"HU","country_name":"Hungary","latitude":"47.80000000","longitude":"20.41667000","native":"Maklár","type":"city","level":null,"parent_id":null,"population":2368,"timezone":"Europe/Budapest","translations":{"br":"Maklár","ko":"마클라르","pt-BR":"Maklár","pt":"Maklár","nl":"Maklár","hr":"Maklár","fa":"مکلار","de":"Maklár","es":"Maklár","fr":"Maklar","ja":"マクラール","it":"Maklár","zh-CN":"马克拉尔","tr":"Maklár","ru":"Маклар","uk":"Маклар","pl":"Maklár","hi":"मक्लार","ar":"ماكلار"},"wikiDataId":"Q521373"},{"id":55724,"name":"Mátraderecske","state_id":1040,"state_code":"HE","state_name":"Heves County","country_id":99,"country_code":"HU","country_name":"Hungary","latitude":"47.95000000","longitude":"20.08333000","native":"Mátraderecske","type":"city","level":null,"parent_id":null,"population":2232,"timezone":"Europe/Budapest","translations":{"br":"Mátraderecske","ko":"마트라데레츠케","pt-BR":"Mátraderecske","pt":"Mátraderecske","nl":"Mátraderecske","hr":"Mátraderecské","fa":"ماترادرِسکه","de":"Mátraderecske","es":"Mátraderecske","fr":"Mátraderecske","ja":"マトラデレツケ","it":"Mátraderecske","zh-CN":"马特拉德雷茨克","tr":"Mátraderecske","ru":"Матрадерецке","uk":"Матрадерецьке","pl":"Mátraderecske","hi":"मत्रादेरेस्के","ar":"ماتراديركسك"},"wikiDataId":"Q603285"},{"id":55761,"name":"Nagyréde","state_id":1040,"state_code":"HE","state_name":"Heves County","country_id":99,"country_code":"HU","country_name":"Hungary","latitude":"47.76543000","longitude":"19.84819000","native":"Nagyréde","type":"city","level":null,"parent_id":null,"population":3069,"timezone":"Europe/Budapest","translations":{"br":"Nagyréde","ko":"나지레데","pt-BR":"Nagyréde","pt":"Nagyréde","nl":"Nagyréde","hr":"Nagyréde","fa":"ناگیرده","de":"Nagyréde","es":"Nagyréde","fr":"Nagyréde","ja":"ナジレデ","it":"Nagyréde","zh-CN":"纳吉雷德","tr":"Nagyréde","ru":"Надьреде","uk":"Надьреде","pl":"Nagyréde","hi":"नागीरेडे","ar":"ناغيريد"},"wikiDataId":"Q371004"},{"id":55802,"name":"Ostoros","state_id":1040,"state_code":"HE","state_name":"Heves County","country_id":99,"country_code":"HU","country_name":"Hungary","latitude":"47.86667000","longitude":"20.43333000","native":"Ostoros","type":"city","level":null,"parent_id":null,"population":2909,"timezone":"Europe/Budapest","translations":{"br":"Ostoros","ko":"오스토로스","pt-BR":"Ostoros","pt":"Ostoros","nl":"Ostoros","hr":"Ostoros","fa":"اوستوروس","de":"Ostoros","es":"Ostoros","fr":"Ostoros","ja":"オストロス","it":"Ostoros","zh-CN":"奥斯托罗斯","tr":"Ostoros","ru":"Осторос","uk":"Осторос","pl":"Ostoros","hi":"ओस्टोरोस","ar":"أوستوروس"},"wikiDataId":"Q1071246"},{"id":55810,"name":"Parád","state_id":1040,"state_code":"HE","state_name":"Heves County","country_id":99,"country_code":"HU","country_name":"Hungary","latitude":"47.92323000","longitude":"20.02972000","native":"Parád","type":"city","level":null,"parent_id":null,"population":1758,"timezone":"Europe/Budapest","translations":{"br":"Parad","ko":"파라드","pt-BR":"Paraíso","pt":"Paraíso","nl":"Parád","hr":"Parád","fa":"پاراد","de":"Parád","es":"Parád","fr":"Parad","ja":"パラード","it":"Parád","zh-CN":"帕拉德","tr":"Parád","ru":"Парад","uk":"Парад","pl":"Parad","hi":"Parad","ar":"باراد"},"wikiDataId":"Q935066"},{"id":55811,"name":"Parádsasvár","state_id":1040,"state_code":"HE","state_name":"Heves County","country_id":99,"country_code":"HU","country_name":"Hungary","latitude":"47.91260000","longitude":"19.97709000","native":"Parádsvár","type":"city","level":null,"parent_id":null,"population":322,"timezone":"Europe/Budapest","translations":{"br":"Paradsasvár","ko":"파라드사스바르","pt-BR":"Parádsasvár","pt":"Parádsasvár","nl":"Parádsasvár","hr":"Parádsasvár","fa":"پارادساسوار","de":"Parádsasvár","es":"Parádsasvár","fr":"Parádsasvár","ja":"パラドシャスヴァル","it":"Parádsasvár","zh-CN":"帕拉德萨斯瓦尔","tr":"Parádsasvár","ru":"Parádsasvár","uk":"Парадшасвар","pl":"Parádsasvár","hi":"Parádsasvár","ar":"بارادساسفار"},"wikiDataId":"Q1185447"},{"id":55856,"name":"Pétervására","state_id":1040,"state_code":"HE","state_name":"Heves County","country_id":99,"country_code":"HU","country_name":"Hungary","latitude":"48.01667000","longitude":"20.10000000","native":"Pétervására","type":"adm2","level":null,"parent_id":null,"population":2064,"timezone":"Europe/Budapest","translations":{"br":"Pétervására","ko":"페테르바사라","pt-BR":"Pétervására","pt":"Pétervására","nl":"Pétervására","hr":"Pétervására","fa":"پترواسارا","de":"Pétervására","es":"Pétervására","fr":"Pétervására","ja":"ペテルヴァーサラ","it":"Pétervására","zh-CN":"彼得瓦萨拉","tr":"Pétervására","ru":"Петервашара","uk":"Петервасара","pl":"Piotr","hi":"पीटरवासरा","ar":"بيترفاسارا"},"wikiDataId":"Q185719"},{"id":55857,"name":"Pétervásárai Járás","state_id":1040,"state_code":"HE","state_name":"Heves County","country_id":99,"country_code":"HU","country_name":"Hungary","latitude":"48.00589000","longitude":"20.09466000","native":"Pétervásárai Járás","type":"city","level":null,"parent_id":null,"population":null,"timezone":"Europe/Budapest","translations":{"br":"Pétervásárai Járás","ko":"페테르바사라이 자라스","pt-BR":"Pétervásárai Járás","pt":"Pétervásárai Járás","nl":"Pétervásárai Járás","hr":"Járás Pétervásárai","fa":"پیترواسارای یاراس","de":"Pétervásárai Járás","es":"Pétervásárai Járás","fr":"Pétervásárai Járás","ja":"ペテルヴァサライ・ヤラス","it":"Pétervásárai Járás","zh-CN":"Pétervásárai Járás","tr":"Pétervásárai Járás","ru":"Pétervásárai Járás","uk":"Петервасарай Яраш","pl":"Pétervásárai Járás","hi":"Pétervásárai Járás","ar":"Pétervásárai Járás"},"wikiDataId":"Q733824"},{"id":55816,"name":"Petőfibánya","state_id":1040,"state_code":"HE","state_name":"Heves County","country_id":99,"country_code":"HU","country_name":"Hungary","latitude":"47.76960000","longitude":"19.69988000","native":"Petőfibánya","type":"city","level":null,"parent_id":null,"population":3061,"timezone":"Europe/Budapest","translations":{"br":"Petőfibánya","ko":"페토피바냐","pt-BR":"Petőfibánya","pt":"Petőfibánya","nl":"Petőfibánya","hr":"Petőfibánya","fa":"پتوفیبانیا","de":"Petőfibánya","es":"Petőfibánya","fr":"Petőfibánya","ja":"ペトフィバーニャ","it":"Petőfibánya","zh-CN":"佩特尤菲班亚","tr":"Petőfibánya","ru":"Petőfibánya","uk":"Петефібанья","pl":"Petőfibánya","hi":"पेटोफिबान्या","ar":"بيتوفيبانيا"},"wikiDataId":"Q1185245"},{"id":55831,"name":"Poroszló","state_id":1040,"state_code":"HE","state_name":"Heves County","country_id":99,"country_code":"HU","country_name":"Hungary","latitude":"47.65000000","longitude":"20.66667000","native":"Poroszló","type":"city","level":null,"parent_id":null,"population":2596,"timezone":"Europe/Budapest","translations":{"br":"Poroszló","ko":"포로슬로","pt-BR":"Poroszló","pt":"Poroszló","nl":"Poroszló","hr":"Poroszló","fa":"پوروشلو","de":"Poroszló","es":"Poroszló","fr":"Poroszló","ja":"ポロスロー","it":"Poroszló","zh-CN":"波罗斯洛","tr":"Poroszló","ru":"Поросло","uk":"Поросло","pl":"Poroszló","hi":"पोरोस्ज़लो","ar":"بوروزلو"},"wikiDataId":"Q780264"},{"id":55863,"name":"Recsk","state_id":1040,"state_code":"HE","state_name":"Heves County","country_id":99,"country_code":"HU","country_name":"Hungary","latitude":"47.93333000","longitude":"20.11667000","native":"Recsk","type":"city","level":null,"parent_id":null,"population":2449,"timezone":"Europe/Budapest","translations":{"br":"Recsk","ko":"레스크","pt-BR":"Recsk","pt":"Recsk","nl":"Recsk","hr":"Recsk","fa":"رِسک","de":"Recsk","es":"Recsk","fr":"Recsk","ja":"レツク","it":"Recsk","zh-CN":"雷茨克","tr":"Recsk","ru":"Реск","uk":"Реск","pl":"Recsk","hi":"रेस्क","ar":"ريكسك"},"wikiDataId":"Q582533"},{"id":55880,"name":"Rózsaszentmárton","state_id":1040,"state_code":"HE","state_name":"Heves County","country_id":99,"country_code":"HU","country_name":"Hungary","latitude":"47.78200000","longitude":"19.74210000","native":"Rózsaszentmárton","type":"city","level":null,"parent_id":null,"population":1826,"timezone":"Europe/Budapest","translations":{"br":"Rózsaszentmárton","ko":"로즈사젠트마르톤","pt-BR":"Rózsaszentmárton","pt":"Rózsaszentmárton","nl":"Rózsaszentmárton","hr":"Rózsaszentmárton","fa":"روزاسسنت‌مارتون","de":"Rózsaszentmárton","es":"Rózsaszentmárton","fr":"Rózsaszentmárton","ja":"ロザセントマートン","it":"Rózsaszentmárton","zh-CN":"罗扎斯森马顿","tr":"Rózsaszentmárton","ru":"Rózsaszentmárton","uk":"Рожасентмартон","pl":"Rózsaszentmárton","hi":"रोज़साज़ेंटमार्टन","ar":"روزساسزينتمارتون"},"wikiDataId":"Q1072238"},{"id":55900,"name":"Sirok","state_id":1040,"state_code":"HE","state_name":"Heves County","country_id":99,"country_code":"HU","country_name":"Hungary","latitude":"47.93333000","longitude":"20.20000000","native":"Pince","type":"city","level":null,"parent_id":null,"population":2068,"timezone":"Europe/Budapest","translations":{"br":"Sirok","ko":"시록","pt-BR":"Sirok","pt":"Sirok","nl":"Sirok","hr":"Širok","fa":"سیروک","de":"Sirok","es":"Sirok","fr":"Sirok","ja":"シロク","it":"Sirok","zh-CN":"西罗克","tr":"Sirok","ru":"Сирок","uk":"Сірок","pl":"Sirok","hi":"सिरोक","ar":"سيروك"},"wikiDataId":"Q1089593"},{"id":55957,"name":"Szihalom","state_id":1040,"state_code":"HE","state_name":"Heves County","country_id":99,"country_code":"HU","country_name":"Hungary","latitude":"47.76667000","longitude":"20.48333000","native":"Szihalom","type":"city","level":null,"parent_id":null,"population":2016,"timezone":"Europe/Budapest","translations":{"br":"Szihalom","ko":"시할롬","pt-BR":"Szihalom","pt":"Szihalom","nl":"Szihalom","hr":"Szihalom","fa":"سیهالوم","de":"Szihalom","es":"Szihalom","fr":"Szihalom","ja":"シハロム","it":"Szihalom","zh-CN":"西哈洛姆","tr":"Szihalom","ru":"Сзихалом","uk":"Сіхалом","pl":"Szihalom","hi":"सिहालोम","ar":"سيهالوم"},"wikiDataId":"Q782269"},{"id":55960,"name":"Szilvásvárad","state_id":1040,"state_code":"HE","state_name":"Heves County","country_id":99,"country_code":"HU","country_name":"Hungary","latitude":"48.10000000","longitude":"20.40000000","native":"Szilvásvárad","type":"city","level":null,"parent_id":null,"population":1885,"timezone":"Europe/Budapest","translations":{"br":"Szilvásvárad","ko":"실바스바라드","pt-BR":"Szilvásvárad","pt":"Szilvásvárad","nl":"Szilvásvárad","hr":"Szilvásvárad","fa":"سیلواسواراد","de":"Szilvásvárad","es":"Szilvásvárad","fr":"Szilvásvárad","ja":"シルヴァースヴァーラド","it":"Szilvásvárad","zh-CN":"锡尔沃斯瓦拉德","tr":"Szilvásvárad","ru":"Силвасварад","uk":"Сільвашварад","pl":"Szilvásvárad","hi":"स्ज़िल्वास्वाराड","ar":"سزيلفاسفاراد"},"wikiDataId":"Q1089496"},{"id":56013,"name":"Tarnalelesz","state_id":1040,"state_code":"HE","state_name":"Heves County","country_id":99,"country_code":"HU","country_name":"Hungary","latitude":"48.05000000","longitude":"20.18333000","native":"Tarnalelesz","type":"city","level":null,"parent_id":null,"population":1498,"timezone":"Europe/Budapest","translations":{"br":"Tarnalelesz","ko":"타르날렐레즈","pt-BR":"Tarnalelesz","pt":"Tarnalelesz","nl":"Tarnalelesz","hr":"Tarnalelesz","fa":"تارنالِش","de":"Tarnalelesz","es":"Tarnalelesz","fr":"Tarnalelesz","ja":"タルナレレス","it":"Tarnalelesz","zh-CN":"塔尔纳莱莱斯","tr":"Tarnalelesz","ru":"Тарналелес","uk":"Тарналелес","pl":"Tarnalelesz","hi":"टार्नालेलेस्ज़","ar":"تارناليليز"},"wikiDataId":"Q1185533"},{"id":56014,"name":"Tarnaörs","state_id":1040,"state_code":"HE","state_name":"Heves County","country_id":99,"country_code":"HU","country_name":"Hungary","latitude":"47.59499000","longitude":"20.05254000","native":"Tarnaörs","type":"city","level":null,"parent_id":null,"population":1828,"timezone":"Europe/Budapest","translations":{"br":"Tarnaörs","ko":"타르나오르스","pt-BR":"Tarnaörs","pt":"Tarnaörs","nl":"Tarnaörs","hr":"Tarnaörs","fa":"تارناورز","de":"Tarnaörs","es":"Tarnaörs","fr":"Tarnaörs","ja":"タルナオールス","it":"Tarnaörs","zh-CN":"塔尔纳尔斯","tr":"Tarnaörs","ru":"Тарнаорс","uk":"Тарнаерс","pl":"Tarnaörs","hi":"टार्नाओर्स","ar":"تارناورز"},"wikiDataId":"Q1072281"},{"id":56040,"name":"Tiszanána","state_id":1040,"state_code":"HE","state_name":"Heves County","country_id":99,"country_code":"HU","country_name":"Hungary","latitude":"47.56667000","longitude":"20.53333000","native":"Tiszanána","type":"city","level":null,"parent_id":null,"population":2298,"timezone":"Europe/Budapest","translations":{"br":"Tiszanána","ko":"티사나나","pt-BR":"Tiszanána","pt":"Tiszanána","nl":"Tiszanana","hr":"Tiszanána","fa":"تیسزانانا","de":"Tiszanána","es":"Tiszanána","fr":"Tiszanána","ja":"ティザナナ","it":"Tiszanána","zh-CN":"蒂萨纳","tr":"Tiszanána","ru":"Тисанана","uk":"Тісанана","pl":"Tiszanána","hi":"तिस्ज़ानाना","ar":"تيسزانانا"},"wikiDataId":"Q543964"},{"id":56109,"name":"Vámosgyörk","state_id":1040,"state_code":"HE","state_name":"Heves County","country_id":99,"country_code":"HU","country_name":"Hungary","latitude":"47.68429000","longitude":"19.92924000","native":"Vámosgyörk","type":"city","level":null,"parent_id":null,"population":1857,"timezone":"Europe/Budapest","translations":{"br":"Vámosgyörk","ko":"바모스죄르크","pt-BR":"Vámosgyörk","pt":"Vámosgyörk","nl":"Vámosgyörk","hr":"Vámósgyörk","fa":"واموسگیورک","de":"Vámosgyörk","es":"Vámosgyörk","fr":"Vámosgyörk","ja":"ヴァモスギョルク","it":"Vámosgyörk","zh-CN":"瓦莫斯格尔克","tr":"Vámosgyörk","ru":"Вамошдьёрк","uk":"Вамошдьйорк","pl":"Vámosgyörk","hi":"वामोसग्योर्क","ar":"فاموسجيورك"},"wikiDataId":"Q375741"},{"id":56098,"name":"Verpelét","state_id":1040,"state_code":"HE","state_name":"Heves County","country_id":99,"country_code":"HU","country_name":"Hungary","latitude":"47.85000000","longitude":"20.23333000","native":"Verpelét","type":"city","level":null,"parent_id":null,"population":3653,"timezone":"Europe/Budapest","translations":{"br":"Verpelét","ko":"베르펠레","pt-BR":"Verpelét","pt":"Verpelét","nl":"Verpelét","hr":"Verpelét","fa":"ورپله","de":"Verpelét","es":"Verpelét","fr":"Verpelét","ja":"ヴェルペレ","it":"Verpelét","zh-CN":"韦尔佩莱","tr":"Verpelét","ru":"Верпелет","uk":"Верпелет","pl":"Verpelét","hi":"वेरपेलेट","ar":"فيربيليت"},"wikiDataId":"Q1047661"},{"id":56119,"name":"Zagyvaszántó","state_id":1040,"state_code":"HE","state_name":"Heves County","country_id":99,"country_code":"HU","country_name":"Hungary","latitude":"47.77703000","longitude":"19.67092000","native":"Zagyvaszántó","type":"city","level":null,"parent_id":null,"population":1831,"timezone":"Europe/Budapest","translations":{"br":"Zagyvaszántó","ko":"자기바산토","pt-BR":"Zagyvaszántó","pt":"Zagyvaszántó","nl":"Zagyvaszántó","hr":"Zagyvaszántó","fa":"زاگیواسزانتو","de":"Zagyvaszántó","es":"Zagyvaszántó","fr":"Zagyvaszántó","ja":"ザギヴァザント","it":"Zagyvaszántó","zh-CN":"扎吉瓦斯桑托","tr":"Zagyvaszántó","ru":"Задьвасанто","uk":"Заґівасанто","pl":"Zagyvaszántó","hi":"ज़ाग्यवास्ज़ांटो","ar":"زاغيفاسزانتو"},"wikiDataId":"Q1072177"}]