[{"id":55170,"name":"Abaújszántó","state_id":1058,"state_code":"BZ","state_name":"Borsod-Abaúj-Zemplén","country_id":99,"country_code":"HU","country_name":"Hungary","latitude":"48.28333000","longitude":"21.20000000","native":"Abaújszántó","type":"city","level":null,"parent_id":null,"population":2671,"timezone":"Europe/Budapest","translations":{"br":"Abaújszántó","ko":"아바우이산토","pt-BR":"Abaújszántó","pt":"Abaújszántó","nl":"Abaújszántó","hr":"Abaújszántó","fa":"آباویژانتو","de":"Abaújszántó","es":"Abaújszántó","fr":"Abaújszántó","ja":"アバウイザント","it":"Abaújszántó","zh-CN":"阿包伊桑托","tr":"Abaújszántó","ru":"Абауйсанто","uk":"Абауйсанто","pl":"Abaúujszántó","hi":"अबाउज्स्ज़ांटो","ar":"أباوجسانتو"},"wikiDataId":"Q305749"},{"id":55186,"name":"Alsózsolca","state_id":1058,"state_code":"BZ","state_name":"Borsod-Abaúj-Zemplén","country_id":99,"country_code":"HU","country_name":"Hungary","latitude":"48.06982000","longitude":"20.88046000","native":"Alsózsolca","type":"city","level":null,"parent_id":null,"population":5459,"timezone":"Europe/Budapest","translations":{"br":"Alsózsolca","ko":"알소솔차","pt-BR":"Tambémzsolca","pt":"Tambémzsolca","nl":"Alsózsolca","hr":"Alsózsolca","fa":"آلسوزولکا","de":"Alsózsolca","es":"Alsózsolca","fr":"Alsózsolca","ja":"アルソソルカ","it":"Alsózsolca","zh-CN":"阿尔索兹索尔卡","tr":"Alsózsolca","ru":"Alsózsolca","uk":"Альшолца","pl":"Alsózsolca","hi":"अलसोज़ोल्का","ar":"ألسوزولكا"},"wikiDataId":"Q432888"},{"id":55194,"name":"Arló","state_id":1058,"state_code":"BZ","state_name":"Borsod-Abaúj-Zemplén","country_id":99,"country_code":"HU","country_name":"Hungary","latitude":"48.18333000","longitude":"20.26667000","native":"Arló","type":"city","level":null,"parent_id":null,"population":3454,"timezone":"Europe/Budapest","translations":{"br":"Arló","ko":"아를로","pt-BR":"Arló","pt":"Arló","nl":"Arló","hr":"Arló","fa":"آرلو","de":"Arló","es":"Arló","fr":"Arlo","ja":"アルロ","it":"Arló","zh-CN":"阿洛","tr":"Arló","ru":"Арло","uk":"Арло","pl":"Arló","hi":"अर्लो","ar":"أرلو"},"wikiDataId":"Q676021"},{"id":55195,"name":"Arnót","state_id":1058,"state_code":"BZ","state_name":"Borsod-Abaúj-Zemplén","country_id":99,"country_code":"HU","country_name":"Hungary","latitude":"48.13058000","longitude":"20.85832000","native":"Arnót","type":"city","level":null,"parent_id":null,"population":2254,"timezone":"Europe/Budapest","translations":{"br":"Arnót","ko":"아르노트","pt-BR":"Arnót","pt":"Arnót","nl":"Arnót","hr":"Arnót","fa":"آرنوت","de":"Arnót","es":"Arnót","fr":"Arnot","ja":"アルノット","it":"Arnót","zh-CN":"阿诺特","tr":"Arnot","ru":"Арнот","uk":"Арнот","pl":"Arnót","hi":"अर्नोट","ar":"أرنوت"},"wikiDataId":"Q697898"},{"id":55196,"name":"Aszaló","state_id":1058,"state_code":"BZ","state_name":"Borsod-Abaúj-Zemplén","country_id":99,"country_code":"HU","country_name":"Hungary","latitude":"48.21667000","longitude":"20.96667000","native":"Aszaló","type":"city","level":null,"parent_id":null,"population":1834,"timezone":"Europe/Budapest","translations":{"br":"Aszaló","ko":"아살로","pt-BR":"Aszaló","pt":"Aszaló","nl":"Aszaló","hr":"Aszaló","fa":"آسزالو","de":"Aszaló","es":"Aszaló","fr":"Aszaló","ja":"アザロ","it":"Aszaló","zh-CN":"阿萨洛","tr":"Aszaló","ru":"Ассало","uk":"Асало","pl":"Aszaló","hi":"अस्ज़ालो","ar":"أسالو"},"wikiDataId":"Q668362"},{"id":55235,"name":"Bekecs","state_id":1058,"state_code":"BZ","state_name":"Borsod-Abaúj-Zemplén","country_id":99,"country_code":"HU","country_name":"Hungary","latitude":"48.15000000","longitude":"21.18333000","native":"Bekek","type":"city","level":null,"parent_id":null,"population":2149,"timezone":"Europe/Budapest","translations":{"br":"Bekecs","ko":"베케치","pt-BR":"Bekecs","pt":"Bekecs","nl":"Bekecs","hr":"Bekecs","fa":"بکچ","de":"Bekecs","es":"Bekecs","fr":"Bekecs","ja":"ベケチ","it":"Bekecs","zh-CN":"贝克斯","tr":"Bekecs","ru":"Бекекс","uk":"Бекеч","pl":"Bekecs","hi":"बेकेक्स","ar":"بيكيكس"},"wikiDataId":"Q580673"},{"id":55311,"name":"Bőcs","state_id":1058,"state_code":"BZ","state_name":"Borsod-Abaúj-Zemplén","country_id":99,"country_code":"HU","country_name":"Hungary","latitude":"48.05000000","longitude":"20.96667000","native":"Bőcs","type":"city","level":null,"parent_id":null,"population":2569,"timezone":"Europe/Budapest","translations":{"br":"Bőcs","ko":"보츠","pt-BR":"Bőcs","pt":"Bőcs","nl":"Bőcs","hr":"Bőcs","fa":"بوک‌ها","de":"Bőcs","es":"Bőcs","fr":"Bőcs","ja":"ボチ","it":"Bőcs","zh-CN":"博奇","tr":"Bocs","ru":"Бёч","uk":"Бьокш","pl":"Bőcs","hi":"बक्स","ar":"بوكس"},"wikiDataId":"Q223607"},{"id":55252,"name":"Bogács","state_id":1058,"state_code":"BZ","state_name":"Borsod-Abaúj-Zemplén","country_id":99,"country_code":"HU","country_name":"Hungary","latitude":"47.90000000","longitude":"20.53333000","native":"Bogács","type":"city","level":null,"parent_id":null,"population":1909,"timezone":"Europe/Budapest","translations":{"br":"Bogács","ko":"보가치","pt-BR":"Bogács","pt":"Bogács","nl":"Bogács","hr":"Bogács","fa":"بوگاچ","de":"Bogács","es":"Bogács","fr":"Bogács","ja":"ボガーチ","it":"Bogács","zh-CN":"博加奇","tr":"Bogács","ru":"Богач","uk":"Богач","pl":"Bogács","hi":"बोगाक्स","ar":"بوغاكس"},"wikiDataId":"Q579531"},{"id":55254,"name":"Boldva","state_id":1058,"state_code":"BZ","state_name":"Borsod-Abaúj-Zemplén","country_id":99,"country_code":"HU","country_name":"Hungary","latitude":"48.21667000","longitude":"20.80000000","native":"Boldva","type":"city","level":null,"parent_id":null,"population":2407,"timezone":"Europe/Budapest","translations":{"br":"Boldva","ko":"볼드바","pt-BR":"Boldva","pt":"Boldva","nl":"Boldva","hr":"Boldva","fa":"بولدوا","de":"Boldva","es":"Boldva","fr":"Boldva","ja":"ボルドヴァ","it":"Boldva","zh-CN":"博尔德瓦","tr":"Boldva","ru":"Болдва","uk":"Болдва","pl":"Boldva","hi":"बोल्डवा","ar":"بولدفا"},"wikiDataId":"Q833982"},{"id":55258,"name":"Borsodnádasd","state_id":1058,"state_code":"BZ","state_name":"Borsod-Abaúj-Zemplén","country_id":99,"country_code":"HU","country_name":"Hungary","latitude":"48.11667000","longitude":"20.25000000","native":"Borsodnádasd","type":"city","level":null,"parent_id":null,"population":3546,"timezone":"Europe/Budapest","translations":{"br":"Borsodnádasd","ko":"보르소드나다스드","pt-BR":"Borsodnádasd","pt":"Borsodnádasd","nl":"Borsodnádasd","hr":"Borsodnádasd","fa":"بورسودناداسد","de":"Borsodnádasd","es":"Borsodnádasd","fr":"Borsodnádasd","ja":"ボルソドナダスド","it":"Borsodnádasd","zh-CN":"博尔索德纳达斯德","tr":"Borsodnádasd","ru":"Borsodnádasd","uk":"Борсоднадасд","pl":"Borsodnádasd","hi":"बोरसोदनादास्ड","ar":"بورسودناداسد"},"wikiDataId":"Q246691"},{"id":55321,"name":"Cigánd","state_id":1058,"state_code":"BZ","state_name":"Borsod-Abaúj-Zemplén","country_id":99,"country_code":"HU","country_name":"Hungary","latitude":"48.25561000","longitude":"21.89195000","native":"Cigánd","type":"adm2","level":null,"parent_id":null,"population":2780,"timezone":"Europe/Budapest","translations":{"br":"Cigánd","ko":"기간드","pt-BR":"Cigánd","pt":"Cigánd","nl":"Cigánd","hr":"Cigánd","fa":"سیگاند","de":"Cigánd","es":"Cigánd","fr":"Cigand","ja":"チガンド","it":"Cigánd","zh-CN":"西甘德","tr":"Cigánd","ru":"Сиганд","uk":"Циганд","pl":"Cigánd","hi":"सिगैंड","ar":"سيجاند"},"wikiDataId":"Q846652"},{"id":55322,"name":"Cigándi Járás","state_id":1058,"state_code":"BZ","state_name":"Borsod-Abaúj-Zemplén","country_id":99,"country_code":"HU","country_name":"Hungary","latitude":"48.30338000","longitude":"21.87651000","native":"Cigándi Járás","type":"city","level":null,"parent_id":null,"population":null,"timezone":"Europe/Budapest","translations":{"br":"Cigándi Járás","ko":"치간디 하라스","pt-BR":"Cigándi Járás","pt":"Cigándi Járás","nl":"Cigándi Járás","hr":"Cigándi Járás","fa":"سیگاندی یارس","de":"Cigándi Járás","es":"Cigándi Járás","fr":"Cigándi Járás","ja":"チガンディ・ジャラス","it":"Cigándi Járás","zh-CN":"Cigándi Járás","tr":"Cigándi Járás","ru":"Cigándi Járás","uk":"Ціганді Ярас","pl":"Cigándi Járás","hi":"सिगांडी जारस","ar":"سيغاندي جاراس"},"wikiDataId":"Q642533"},{"id":55396,"name":"Edelény","state_id":1058,"state_code":"BZ","state_name":"Borsod-Abaúj-Zemplén","country_id":99,"country_code":"HU","country_name":"Hungary","latitude":"48.30000000","longitude":"20.73333000","native":"Edelény","type":"adm2","level":null,"parent_id":null,"population":9032,"timezone":"Europe/Budapest","translations":{"br":"Edelény","ko":"에델레니","pt-BR":"Edelény","pt":"Edelény","nl":"Edelény","hr":"Edelény","fa":"ادلنی","de":"Edelény","es":"Edelény","fr":"Edelény","ja":"エデレニー","it":"Edelény","zh-CN":"埃德莱尼","tr":"Edelény","ru":"Эделень","uk":"Еделені","pl":"Edelény","hi":"एडेलेनी","ar":"إيديليني"},"wikiDataId":"Q842925"},{"id":55397,"name":"Edelényi Járás","state_id":1058,"state_code":"BZ","state_name":"Borsod-Abaúj-Zemplén","country_id":99,"country_code":"HU","country_name":"Hungary","latitude":"48.40864000","longitude":"20.77506000","native":"Edelényi Járás","type":"adm1","level":null,"parent_id":null,"population":null,"timezone":"Europe/Budapest","translations":{"br":"Edelényi Járás","ko":"에델레니 자라스","pt-BR":"Edelényi Járás","pt":"Edelényi Járás","nl":"Edelényi Járás","hr":"Edelényi Járás","fa":"ادلنی یاراس","de":"Edelényi Járás","es":"Edelényi Járás","fr":"Edelényi Járás","ja":"エデレーニ・ヤラス","it":"Edelényi Járás","zh-CN":"埃德莱尼·哈拉斯","tr":"Edelényi Járás","ru":"Edelényi Járás","uk":"Еделені Яраш","pl":"Edelényi Járás","hi":"एडेलेनी जारस","ar":"إيديليني جاراس"},"wikiDataId":"Q987635"},{"id":55404,"name":"Emőd","state_id":1058,"state_code":"BZ","state_name":"Borsod-Abaúj-Zemplén","country_id":99,"country_code":"HU","country_name":"Hungary","latitude":"47.93333000","longitude":"20.81667000","native":"Emőd","type":"city","level":null,"parent_id":null,"population":4712,"timezone":"Europe/Budapest","translations":{"br":"Emőd","ko":"에뫼드","pt-BR":"Emőd","pt":"Emőd","nl":"Emőd","hr":"Emőd","fa":"امود","de":"Emőd","es":"Emőd","fr":"Emőd","ja":"エモド","it":"Emőd","zh-CN":"埃姆德","tr":"Emőd","ru":"Эмёд","uk":"Емод","pl":"Emőd","hi":"एमोड","ar":"إيموود"},"wikiDataId":"Q854923"},{"id":55405,"name":"Encs","state_id":1058,"state_code":"BZ","state_name":"Borsod-Abaúj-Zemplén","country_id":99,"country_code":"HU","country_name":"Hungary","latitude":"48.33333000","longitude":"21.13333000","native":"Encs","type":"adm2","level":null,"parent_id":null,"population":6032,"timezone":"Europe/Budapest","translations":{"br":"Encs","ko":"엔크스","pt-BR":"Encs","pt":"Encs","nl":"Encs","hr":"Enc-ovi","fa":"انکس","de":"Encs","es":"Encs","fr":"Encs","ja":"エンカス","it":"Encs","zh-CN":"恩克斯","tr":"Encs","ru":"Энкс","uk":"Енциклопедії","pl":"Encs","hi":"एनसीएस","ar":"إنكس"},"wikiDataId":"Q855060"},{"id":55407,"name":"Encsi Járás","state_id":1058,"state_code":"BZ","state_name":"Borsod-Abaúj-Zemplén","country_id":99,"country_code":"HU","country_name":"Hungary","latitude":"48.39948000","longitude":"21.08169000","native":"Encsi Járás","type":"city","level":null,"parent_id":null,"population":null,"timezone":"Europe/Budapest","translations":{"br":"Encsi Jarás","ko":"엔치 하라스","pt-BR":"Encsi Járás","pt":"Encsi Járás","nl":"Encsi Járás","hr":"Járás iz Encsi","fa":"انکسی یاراس","de":"Encsi Járás","es":"Encsi Járás","fr":"Encsi Járás","ja":"エンチ・ジャラス","it":"Encsi Járás","zh-CN":"Encsi Járás","tr":"Encsi Járás","ru":"Энчи Ярас","uk":"Енсі Яраш","pl":"Encsi Járás","hi":"एन्सी जारस","ar":"إنسي جاراس"},"wikiDataId":"Q921237"},{"id":55416,"name":"Farkaslyuk","state_id":1058,"state_code":"BZ","state_name":"Borsod-Abaúj-Zemplén","country_id":99,"country_code":"HU","country_name":"Hungary","latitude":"48.18333000","longitude":"20.31667000","native":"Farkaslyuk","type":"city","level":null,"parent_id":null,"population":1890,"timezone":"Europe/Budapest","translations":{"br":"Farkaslyuk","ko":"파르카슬류크","pt-BR":"Farkaslyuk","pt":"Farkaslyuk","nl":"Farkaslyuk","hr":"Farkasljuk","fa":"فارکاسلیوک","de":"Farkaslyuk","es":"Farkaslyuk","fr":"Farkaslyuk","ja":"ファルカスリュク","it":"Farkaslyuk","zh-CN":"法尔卡斯柳克","tr":"Farkaslyuk","ru":"Фаркаслюк","uk":"Фаркаслюк","pl":"Farkaslyuk","hi":"फ़ार्कासल्युक","ar":"فاركاسليوك"},"wikiDataId":"Q610280"},{"id":55426,"name":"Felsőzsolca","state_id":1058,"state_code":"BZ","state_name":"Borsod-Abaúj-Zemplén","country_id":99,"country_code":"HU","country_name":"Hungary","latitude":"48.10000000","longitude":"20.86667000","native":"Felsőzsolca","type":"city","level":null,"parent_id":null,"population":6375,"timezone":"Europe/Budapest","translations":{"br":"Felsőzsolca","ko":"펠쇠즈솔차","pt-BR":"Felsőzsolca","pt":"Felsőzsolca","nl":"Felsőzsolca","hr":"Felsőzsolca","fa":"فلسوزولکا","de":"Felsőzsolca","es":"Felsőzsolca","fr":"Felsőzsolca","ja":"フェルソソルツァ","it":"Felsőzsolca","zh-CN":"弗尔斯索尔卡","tr":"Felsőzsolca","ru":"Фельшожолца","uk":"Фельшежсольца","pl":"Felsőzsolca","hi":"फेल्सोज़्सोल्का","ar":"فيلسوزسولكا"},"wikiDataId":"Q368429"},{"id":55448,"name":"Gesztely","state_id":1058,"state_code":"BZ","state_name":"Borsod-Abaúj-Zemplén","country_id":99,"country_code":"HU","country_name":"Hungary","latitude":"48.10000000","longitude":"20.96667000","native":"Gesztely","type":"city","level":null,"parent_id":null,"population":2628,"timezone":"Europe/Budapest","translations":{"br":"Gesztely","ko":"게스텔리","pt-BR":"Gestamente","pt":"Gestamente","nl":"Gesztely","hr":"Gesztély","fa":"گشتلی","de":"Gesztely","es":"Gesztely","fr":"Gesztely","ja":"ゲステリー","it":"Gesztely","zh-CN":"格斯特伊","tr":"Gesztely","ru":"Гестели","uk":"Гештелі","pl":"Gesztely","hi":"गेज़्टेली","ar":"جيزتلي"},"wikiDataId":"Q1007962"},{"id":55477,"name":"Gönc","state_id":1058,"state_code":"BZ","state_name":"Borsod-Abaúj-Zemplén","country_id":99,"country_code":"HU","country_name":"Hungary","latitude":"48.46667000","longitude":"21.28333000","native":"Gönc","type":"adm2","level":null,"parent_id":null,"population":2217,"timezone":"Europe/Budapest","translations":{"br":"Gönc","ko":"곤크","pt-BR":"Gonc","pt":"Gonc","nl":"Gönc","hr":"Gönc","fa":"گونچ","de":"Gönc","es":"Gönc","fr":"Gönc","ja":"ゴンツ","it":"Gönc","zh-CN":"贡茨","tr":"Gönc","ru":"Гёнц","uk":"Гьонч","pl":"Gönc","hi":"गोंक","ar":"جونك"},"wikiDataId":"Q842967"},{"id":55478,"name":"Gönci Járás","state_id":1058,"state_code":"BZ","state_name":"Borsod-Abaúj-Zemplén","country_id":99,"country_code":"HU","country_name":"Hungary","latitude":"48.39948000","longitude":"21.28307000","native":"Gönci Járás","type":"city","level":null,"parent_id":null,"population":null,"timezone":"Europe/Budapest","translations":{"br":"Gönci Járás","ko":"곤치 자라스","pt-BR":"Gönci Járás","pt":"Gönci Járás","nl":"Gönci Járás","hr":"Gönci Járás","fa":"گونسی یاراس","de":"Gönci Járás","es":"Gönci Járás","fr":"Gönci Járás","ja":"ゴンチ・ジャラス","it":"Gönci Járás","zh-CN":"贡西·哈拉斯","tr":"Gönci Járás","ru":"Гёнчи Ярас","uk":"Гьончі Яраш","pl":"Gönci Járás","hi":"Gönci Járás","ar":"غونسي جاراس"},"wikiDataId":"Q15037608"},{"id":55494,"name":"Halmaj","state_id":1058,"state_code":"BZ","state_name":"Borsod-Abaúj-Zemplén","country_id":99,"country_code":"HU","country_name":"Hungary","latitude":"48.25000000","longitude":"21.00000000","native":"Halmaj","type":"city","level":null,"parent_id":null,"population":1712,"timezone":"Europe/Budapest","translations":{"br":"Halmaj","ko":"할마즈","pt-BR":"Halmaj","pt":"Halmaj","nl":"Halmaj","hr":"Halmaj","fa":"حلماج","de":"Halmaj","es":"Halmaj","fr":"Halmaj","ja":"ハルマジ","it":"Halmaj","zh-CN":"哈尔马伊","tr":"Halmej","ru":"Халмадж","uk":"Халмай","pl":"Halmaj","hi":"हलमाज","ar":"هلماج"},"wikiDataId":"Q1006959"},{"id":55498,"name":"Harsány","state_id":1058,"state_code":"BZ","state_name":"Borsod-Abaúj-Zemplén","country_id":99,"country_code":"HU","country_name":"Hungary","latitude":"47.96667000","longitude":"20.75000000","native":"Harsány","type":"city","level":null,"parent_id":null,"population":1877,"timezone":"Europe/Budapest","translations":{"br":"Harsány","ko":"하르사니","pt-BR":"Harsány","pt":"Harsány","nl":"Harsány","hr":"Harsány","fa":"هارسانی","de":"Harsány","es":"Harsány","fr":"Harsány","ja":"ハルサニ","it":"Harsány","zh-CN":"哈尔萨尼","tr":"Harsány","ru":"Харшань","uk":"Харшань","pl":"Harsány","hi":"हर्सानी","ar":"هارساني"},"wikiDataId":"Q1006728"},{"id":55503,"name":"Hejőbába","state_id":1058,"state_code":"BZ","state_name":"Borsod-Abaúj-Zemplén","country_id":99,"country_code":"HU","country_name":"Hungary","latitude":"47.90000000","longitude":"20.95000000","native":"Hejőbába","type":"city","level":null,"parent_id":null,"population":1899,"timezone":"Europe/Budapest","translations":{"br":"Hejőbába","ko":"헤조바바","pt-BR":"Hejőbába","pt":"Hejőbába","nl":"Hejőbába","hr":"Hejőbaba","fa":"هجوبابا","de":"Hejőbába","es":"Hejőbába","fr":"Hejőbába","ja":"ヘジョババ","it":"Hejőbába","zh-CN":"赫乔巴巴","tr":"Hejőbába","ru":"Хейджёбаба","uk":"Хейобаба","pl":"Hejőbába","hi":"हेजोबाबा","ar":"هيجوبابا"},"wikiDataId":"Q1006944"},{"id":55508,"name":"Hernádnémeti","state_id":1058,"state_code":"BZ","state_name":"Borsod-Abaúj-Zemplén","country_id":99,"country_code":"HU","country_name":"Hungary","latitude":"48.06667000","longitude":"20.98333000","native":"Hernádnémeti","type":"city","level":null,"parent_id":null,"population":3464,"timezone":"Europe/Budapest","translations":{"br":"Hernádnémeti","ko":"에르나드네메티","pt-BR":"Hernádnémeti","pt":"Hernádnémeti","nl":"Hernádnémeti","hr":"Hernádnemeti","fa":"هرنادنمتی","de":"Hernádnémeti","es":"Hernádnémeti","fr":"Hernádnémeti","ja":"エルナドネメティ","it":"Hernádnémeti","zh-CN":"埃尔纳德内梅蒂","tr":"Hernádnémeti","ru":"Hernádnémeti","uk":"Гернаднеметі","pl":"Hernádnémeti","hi":"हर्नाडनेमेटी","ar":"هيرنادنيميتي"},"wikiDataId":"Q259390"},{"id":55532,"name":"Izsófalva","state_id":1058,"state_code":"BZ","state_name":"Borsod-Abaúj-Zemplén","country_id":99,"country_code":"HU","country_name":"Hungary","latitude":"48.30000000","longitude":"20.66667000","native":"Izsófalva","type":"city","level":null,"parent_id":null,"population":1682,"timezone":"Europe/Budapest","translations":{"br":"Izsófalva","ko":"이즈소팔바","pt-BR":"Izsófalva","pt":"Izsófalva","nl":"Izsófalva","hr":"Izsófalva","fa":"ایزسفالوا","de":"Izsófalva","es":"Izsófalva","fr":"Izsófalva","ja":"イゾファルヴァ","it":"Izsófalva","zh-CN":"伊索法尔瓦","tr":"Izsófalva","ru":"Izsófalva","uk":"Ізшофалва","pl":"Izsófalva","hi":"इज़ोफ़ाल्वा","ar":"إيزوفالفا"},"wikiDataId":"Q124807"},{"id":55540,"name":"Járdánháza","state_id":1058,"state_code":"BZ","state_name":"Borsod-Abaúj-Zemplén","country_id":99,"country_code":"HU","country_name":"Hungary","latitude":"48.15000000","longitude":"20.25000000","native":"Járdánháza","type":"city","level":null,"parent_id":null,"population":1660,"timezone":"Europe/Budapest","translations":{"br":"Járdánháza","ko":"자르단하자","pt-BR":"Járdánháza","pt":"Járdánháza","nl":"Járdánháza","hr":"Járdánháza","fa":"جردانهازا","de":"Járdánháza","es":"Járdánháza","fr":"Járdánháza","ja":"ジャルダニャザ","it":"Járdánháza","zh-CN":"哈尔丹哈扎","tr":"Járdánháza","ru":"Харданхаза","uk":"Ярданхаза","pl":"Járdánháza","hi":"जार्डनहाज़ा","ar":"جاردانهازا"},"wikiDataId":"Q1006968"},{"id":55569,"name":"Karcsa","state_id":1058,"state_code":"BZ","state_name":"Borsod-Abaúj-Zemplén","country_id":99,"country_code":"HU","country_name":"Hungary","latitude":"48.31130000","longitude":"21.80537000","native":"Karcsa","type":"city","level":null,"parent_id":null,"population":1984,"timezone":"Europe/Budapest","translations":{"br":"Karcsa","ko":"카르차","pt-BR":"Karcsa","pt":"Karcsa","nl":"Karcsa","hr":"Karcsa","fa":"کارچسا","de":"Karcsa","es":"Karcsa","fr":"Karcsa","ja":"カルチャ","it":"Karcsa","zh-CN":"卡尔恰","tr":"Karcsa","ru":"Карча","uk":"Карча","pl":"Karcsa","hi":"कार्सा","ar":"كاركسا"},"wikiDataId":"Q1008016"},{"id":55575,"name":"Kazincbarcika","state_id":1058,"state_code":"BZ","state_name":"Borsod-Abaúj-Zemplén","country_id":99,"country_code":"HU","country_name":"Hungary","latitude":"48.25000000","longitude":"20.63333000","native":"Kazincbarcika","type":"adm2","level":null,"parent_id":null,"population":32396,"timezone":"Europe/Budapest","translations":{"br":"Kazincbarcika","ko":"카진크바르치카","pt-BR":"Kazincbarcika","pt":"Kazincbarcika","nl":"Kazincbarcika","hr":"Kazincbarcika","fa":"کازینچبارچیکا","de":"Kazincbarcika","es":"Kazincbarcika","fr":"Kazincbarcika","ja":"カジンツバルチカ","it":"Kazincbarcika","zh-CN":"卡津茨巴尔奇卡","tr":"Kazincbarcika","ru":"Казинцбарцика","uk":"Казінцбарцика","pl":"Kazincbarcika","hi":"काज़िन्कबार्सिका","ar":"كازينسبارسيكا"},"wikiDataId":"Q214942"},{"id":55576,"name":"Kazincbarcikai Járás","state_id":1058,"state_code":"BZ","state_name":"Borsod-Abaúj-Zemplén","country_id":99,"country_code":"HU","country_name":"Hungary","latitude":"48.26371000","longitude":"20.57978000","native":"Kazincbarcikai Járás","type":"city","level":null,"parent_id":null,"population":null,"timezone":"Europe/Budapest","translations":{"br":"Kazincbarcikai Járás","ko":"카진크바르치카이 자라스","pt-BR":"Kazincbarcikai Járás","pt":"Kazincbarcikai Járás","nl":"Kazincbarcikai Járás","hr":"Járás iz Kazincbarcikai","fa":"کازینچبارچیکای یاراس","de":"Kazincbarcikai Járás","es":"Kazincbarcikai Járás","fr":"Kazincbarcikai Járás","ja":"カジンツバルチカイ・ヤラス","it":"Kazincbarcikai Járás","zh-CN":"Kazincbarcikai Járás","tr":"Kazincbarcikai Járás","ru":"Kazincbarcikai Járás","uk":"Казінцбарцікай Яраш","pl":"Kazincbarcikai Járás","hi":"Kazincbarcikai Járás","ar":"Kazincbarcikai Járás"},"wikiDataId":"Q1043071"},{"id":55718,"name":"Mád","state_id":1058,"state_code":"BZ","state_name":"Borsod-Abaúj-Zemplén","country_id":99,"country_code":"HU","country_name":"Hungary","latitude":"48.19442000","longitude":"21.28208000","native":"Mád","type":"city","level":null,"parent_id":null,"population":2589,"timezone":"Europe/Budapest","translations":{"br":"Foll","ko":"미친","pt-BR":"Louco","pt":"Louco","nl":"Boos","hr":"Lud","fa":"ماد","de":"Verrückt","es":"Enojado","fr":"Fou","ja":"狂った","it":"Pazzo","zh-CN":"疯狂的","tr":"Kızgın","ru":"Безумный","uk":"Мад","pl":"Szalony","hi":"पागल","ar":"مجنون"},"wikiDataId":"Q1018357"},{"id":55720,"name":"Mályi","state_id":1058,"state_code":"BZ","state_name":"Borsod-Abaúj-Zemplén","country_id":99,"country_code":"HU","country_name":"Hungary","latitude":"48.01667000","longitude":"20.83333000","native":"Mályi","type":"city","level":null,"parent_id":null,"population":4371,"timezone":"Europe/Budapest","translations":{"br":"Mályi","ko":"말리","pt-BR":"Mályi","pt":"Mályi","nl":"Mályi","hr":"Mályi","fa":"مالی","de":"Mályi","es":"Mályi","fr":"Mályi","ja":"マリ","it":"Mályi","zh-CN":"马利","tr":"Mályi","ru":"Малый","uk":"Малій","pl":"Mályi","hi":"Malyi","ar":"ماليي"},"wikiDataId":"Q250239"},{"id":55686,"name":"Megyaszó","state_id":1058,"state_code":"BZ","state_name":"Borsod-Abaúj-Zemplén","country_id":99,"country_code":"HU","country_name":"Hungary","latitude":"48.18333000","longitude":"21.05000000","native":"Megyaszó","type":"city","level":null,"parent_id":null,"population":2498,"timezone":"Europe/Budapest","translations":{"br":"Megyaszó","ko":"메그야소","pt-BR":"Megyaszó","pt":"Megyaszó","nl":"Megyaszó","hr":"Megyaszó","fa":"مگایاشو","de":"Megyaszó","es":"Megyaszó","fr":"Megyaszó","ja":"メギャソ","it":"Megyaszó","zh-CN":"梅格亚索","tr":"Megyaszó","ru":"Мегьясо","uk":"Медьясо","pl":"Megyaszó","hi":"मेग्यास्ज़ो","ar":"ميجيازو"},"wikiDataId":"Q1018346"},{"id":55689,"name":"Mezőcsát","state_id":1058,"state_code":"BZ","state_name":"Borsod-Abaúj-Zemplén","country_id":99,"country_code":"HU","country_name":"Hungary","latitude":"47.81667000","longitude":"20.91667000","native":"Mezőcsát","type":"adm2","level":null,"parent_id":null,"population":5578,"timezone":"Europe/Budapest","translations":{"br":"Mezőcsát","ko":"메죄츠사트","pt-BR":"Mezőcsát","pt":"Mezőcsát","nl":"Mezőcsát","hr":"Mezőcsát","fa":"مزوچا","de":"Mezőcsát","es":"Mezőcsát","fr":"Mezőcsát","ja":"メゾーチャト","it":"Mezőcsát","zh-CN":"梅泽切萨特","tr":"Mezőcsát","ru":"Мезёчат","uk":"Мезёкшат","pl":"Mezőcsát","hi":"मेज़ोकसैट","ar":"ميزوكسات"},"wikiDataId":"Q304803"},{"id":55690,"name":"Mezőcsáti Járás","state_id":1058,"state_code":"BZ","state_name":"Borsod-Abaúj-Zemplén","country_id":99,"country_code":"HU","country_name":"Hungary","latitude":"47.79841000","longitude":"20.91693000","native":"Mezőcsáti Járás","type":"adm2","level":null,"parent_id":null,"population":null,"timezone":"Europe/Budapest","translations":{"br":"Mezőcsáti Járás","ko":"메죄치아티 자라스","pt-BR":"Mezőcsáti Járás","pt":"Mezőcsáti Járás","nl":"Mezőcsáti Járás","hr":"Mezőcsáti Járás","fa":"مزوچاتی یاراش","de":"Mezőcsáti Járás","es":"Mezőcsáti Járás","fr":"Mezőcsáti Járás","ja":"Mezőcsáti Járás","it":"Mezőcsáti Járás","zh-CN":"Mezőcsáti Járás","tr":"Mezőcsáti Járás","ru":"Mezőcsáti Járás","uk":"Мезьоксаті Яраш","pl":"Mezőcsáti Járás","hi":"Mezőcsáti Járás","ar":"Mezőcsáti Járás"},"wikiDataId":"Q14630100"},{"id":55693,"name":"Mezőkeresztes","state_id":1058,"state_code":"BZ","state_name":"Borsod-Abaúj-Zemplén","country_id":99,"country_code":"HU","country_name":"Hungary","latitude":"47.83333000","longitude":"20.70000000","native":"Mezőkeresztes","type":"city","level":null,"parent_id":null,"population":3459,"timezone":"Europe/Budapest","translations":{"br":"Mezőkeresztes","ko":"메죄케레슈테스","pt-BR":"Mezőkeresztes","pt":"Mezőkeresztes","nl":"Mezőkeresztes","hr":"Mezőkeresztes","fa":"مزوکره‌ها","de":"Mezőkeresztes","es":"Mezőkeresztes","fr":"Mezőkeresztes","ja":"メゾーケレステス","it":"Mezőkeresztes","zh-CN":"梅泽克雷什泰斯","tr":"Mezőkeresztes","ru":"Mezőkeresztes","uk":"Мезьокерештеш","pl":"Mezőkeresztes","hi":"मेज़ोकेरेस्ज़टेस","ar":"ميزوكيريشتس"},"wikiDataId":"Q966970"},{"id":55696,"name":"Mezőkövesd","state_id":1058,"state_code":"BZ","state_name":"Borsod-Abaúj-Zemplén","country_id":99,"country_code":"HU","country_name":"Hungary","latitude":"47.81667000","longitude":"20.58333000","native":"Mezőkövesd","type":"adm2","level":null,"parent_id":null,"population":15413,"timezone":"Europe/Budapest","translations":{"br":"Mezőkövesd","ko":"메조쾨베스드","pt-BR":"Mezőkövesd","pt":"Mezőkövesd","nl":"Mezőkövesd","hr":"Mezőkövesd","fa":"مزوکووسد","de":"Mezőkövesd","es":"Mezőkövesd","fr":"Mezőkövesd","ja":"メゾーケーヴェスド","it":"Mezőkövesd","zh-CN":"梅泽克韦什德","tr":"Mezőkövesd","ru":"Мезёкёвешд","uk":"Мезьокьовешд","pl":"Mezőkövesd","hi":"Mezokovesd","ar":"ميزوكوفيسد"},"wikiDataId":"Q933638"},{"id":55697,"name":"Mezőkövesdi Járás","state_id":1058,"state_code":"BZ","state_name":"Borsod-Abaúj-Zemplén","country_id":99,"country_code":"HU","country_name":"Hungary","latitude":"47.84876000","longitude":"20.63623000","native":"Mezőkövesdi Járás","type":"city","level":null,"parent_id":null,"population":null,"timezone":"Europe/Budapest","translations":{"br":"Mezőkövesdi Járás","ko":"메조코베스디 하라스","pt-BR":"Mezőkövesdi Járás","pt":"Mezőkövesdi Járás","nl":"Mezőkövesdi Járás","hr":"Mezőkövesdi Járás","fa":"مزوکووسدی یارس","de":"Mezőkövesdi Járás","es":"Mezőkövesdi Járás","fr":"Mezőkövesdi Járás","ja":"Mezőkövesdi Járás","it":"Mezőkövesdi Járás","zh-CN":"Mezőkövesdi Járás","tr":"Mezőkövesdi Járás","ru":"Mezőkövesdi Járás","uk":"Мезьокьовешді Яраш","pl":"Mezőkövesdi Járás","hi":"Mezőkövesdi Járás","ar":"Mezőkövesdi Járás"},"wikiDataId":"Q14630116"},{"id":55701,"name":"Mezőzombor","state_id":1058,"state_code":"BZ","state_name":"Borsod-Abaúj-Zemplén","country_id":99,"country_code":"HU","country_name":"Hungary","latitude":"48.15000000","longitude":"21.26667000","native":"Mezőzombor","type":"city","level":null,"parent_id":null,"population":2202,"timezone":"Europe/Budapest","translations":{"br":"Mezőzombor","ko":"메조좀보르","pt-BR":"Mezőzombor","pt":"Mezőzombor","nl":"Mezőzombor","hr":"Mezőzombor","fa":"مزوزومبور","de":"Mezőzombor","es":"Mezőzombor","fr":"Mezőzombor","ja":"メゾゾンボル","it":"Mezőzombor","zh-CN":"梅泽宗博尔","tr":"Mezőzombor","ru":"Мезёзомбор","uk":"Мезьозомбор","pl":"Mezőzombor","hi":"Mezozombor","ar":"ميزوزومبور"},"wikiDataId":"Q1017840"},{"id":55705,"name":"Miskolc","state_id":1058,"state_code":"BZ","state_name":"Borsod-Abaúj-Zemplén","country_id":99,"country_code":"HU","country_name":"Hungary","latitude":"48.10000000","longitude":"20.78333000","native":"Miskolc","type":"adm1","level":null,"parent_id":null,"population":227095,"timezone":"Europe/Budapest","translations":{"br":"Miskolc","ko":"미슈콜츠","pt-BR":"Miskolc","pt":"Miskolc","nl":"Miskolc","hr":"Miškolc","fa":"میشکولتس","de":"Miskolc","es":"Miskolc","fr":"Miskolc","ja":"ミシュコルツ","it":"Miskolc","zh-CN":"米什科尔茨","tr":"Miskolc","ru":"Мишкольц","uk":"Мішкольц","pl":"Miszkolc","hi":"मिस्कोल्क","ar":"ميسكولك"},"wikiDataId":"Q102397"},{"id":55706,"name":"Miskolci Járás","state_id":1058,"state_code":"BZ","state_name":"Borsod-Abaúj-Zemplén","country_id":99,"country_code":"HU","country_name":"Hungary","latitude":"48.08675000","longitude":"20.77353000","native":"Miskolci Járás","type":"city","level":null,"parent_id":null,"population":null,"timezone":"Europe/Budapest","translations":{"br":"Miskolci Járás","ko":"미스콜치 자라스","pt-BR":"Miskolci Járás","pt":"Miskolci Járás","nl":"Miskolci Járás","hr":"Miškolci Járás","fa":"میشکولچی یاراش","de":"Miskolci Járás","es":"Miskolci Járás","fr":"Miskolci Járás","ja":"ミスコルツィ・ヤラス","it":"Miskolci Járás","zh-CN":"米什科尔奇·哈拉斯","tr":"Miskolci Járás","ru":"Мишкольци Ярас","uk":"Мішкольц Яраш","pl":"Miskolci Járás","hi":"मिस्कोल्सी जारस","ar":"Miskolci Járás"},"wikiDataId":"Q14630137"},{"id":55710,"name":"Monok","state_id":1058,"state_code":"BZ","state_name":"Borsod-Abaúj-Zemplén","country_id":99,"country_code":"HU","country_name":"Hungary","latitude":"48.21102000","longitude":"21.15052000","native":"Monok","type":"city","level":null,"parent_id":null,"population":1430,"timezone":"Europe/Budapest","translations":{"br":"Monok","ko":"모녹","pt-BR":"Monok","pt":"Monok","nl":"Monok","hr":"Monok","fa":"مونوک","de":"Monok","es":"Monok","fr":"Monok","ja":"モノク","it":"Monok","zh-CN":"莫诺克","tr":"Monok","ru":"Монок","uk":"Монок","pl":"Monok","hi":"मोनोक","ar":"مونوك"},"wikiDataId":"Q1019082"},{"id":55737,"name":"Múcsony","state_id":1058,"state_code":"BZ","state_name":"Borsod-Abaúj-Zemplén","country_id":99,"country_code":"HU","country_name":"Hungary","latitude":"48.26667000","longitude":"20.68333000","native":"Múcsony","type":"city","level":null,"parent_id":null,"population":3486,"timezone":"Europe/Budapest","translations":{"br":"Múcsony","ko":"맥소니","pt-BR":"Múcsony","pt":"Múcsony","nl":"Múcsony","hr":"Múcsony","fa":"موکسون","de":"Múcsony","es":"Múcsony","fr":"Múcsony","ja":"ムチョニ","it":"Múcsony","zh-CN":"穆乔尼","tr":"Múcsony","ru":"Мучонь","uk":"Мусонь","pl":"Múcsony","hi":"Mucsony","ar":"موكسوني"},"wikiDataId":"Q1089706"},{"id":55769,"name":"Nyékládháza","state_id":1058,"state_code":"BZ","state_name":"Borsod-Abaúj-Zemplén","country_id":99,"country_code":"HU","country_name":"Hungary","latitude":"47.98333000","longitude":"20.83333000","native":"Nyékládháza","type":"city","level":null,"parent_id":null,"population":5009,"timezone":"Europe/Budapest","translations":{"br":"Nyékládháza","ko":"니에클라다자","pt-BR":"Nyékládháza","pt":"Nyékládháza","nl":"Nyékládháza","hr":"Nyékládháza","fa":"نیکولادهازا","de":"Nyékládháza","es":"Nyékládháza","fr":"Nyékládháza","ja":"ニェクラダザ","it":"Nyékládháza","zh-CN":"尼克拉达扎","tr":"Nyékládháza","ru":"Ньекладхаза","uk":"Ньєкладгаза","pl":"Nyékládháza","hi":"न्येक्लाधज़ा","ar":"نييكلادهازا"},"wikiDataId":"Q911567"},{"id":55797,"name":"Olaszliszka","state_id":1058,"state_code":"BZ","state_name":"Borsod-Abaúj-Zemplén","country_id":99,"country_code":"HU","country_name":"Hungary","latitude":"48.25000000","longitude":"21.43333000","native":"Olaszliszka","type":"city","level":null,"parent_id":null,"population":1496,"timezone":"Europe/Budapest","translations":{"br":"Olaszliszka","ko":"올라즐리스카","pt-BR":"Olaszliszka","pt":"Olaszliszka","nl":"Olaszliszka","hr":"Olászliszka","fa":"اولاشلیشکا","de":"Olaszliszka","es":"Olaszliszka","fr":"Olaszliszka","ja":"オラシュリシュカ","it":"Olaszliszka","zh-CN":"奥拉斯利斯卡","tr":"Olaszliszka","ru":"Олашлиска","uk":"Олашлишка","pl":"Olaszliszka","hi":"ओलाज़्लिस्ज़्का","ar":"أولازليسكا"},"wikiDataId":"Q1017864"},{"id":55798,"name":"Onga","state_id":1058,"state_code":"BZ","state_name":"Borsod-Abaúj-Zemplén","country_id":99,"country_code":"HU","country_name":"Hungary","latitude":"48.11667000","longitude":"20.91667000","native":"Mint","type":"city","level":null,"parent_id":null,"population":4689,"timezone":"Europe/Budapest","translations":{"br":"Onga","ko":"온가","pt-BR":"Onga","pt":"Onga","nl":"Onga","hr":"Onga","fa":"اونگا","de":"Onga","es":"Onga","fr":"Onga","ja":"恩賀","it":"Onga","zh-CN":"翁加","tr":"Onga","ru":"Онга","uk":"Онга","pl":"Onga","hi":"ओंगा","ar":"أونجا"},"wikiDataId":"Q1184433"},{"id":56151,"name":"Ónod","state_id":1058,"state_code":"BZ","state_name":"Borsod-Abaúj-Zemplén","country_id":99,"country_code":"HU","country_name":"Hungary","latitude":"48.00000000","longitude":"20.91667000","native":"Theod -tól","type":"city","level":null,"parent_id":null,"population":2222,"timezone":"Europe/Budapest","translations":{"br":"Ónod","ko":"오노드","pt-BR":"Ónod","pt":"Ónod","nl":"Ónod","hr":"Onod","fa":"اونود","de":"Ónod","es":"Ónod","fr":"Ónod","ja":"オノド","it":"Ónod","zh-CN":"奥诺德","tr":"Ónod","ru":"Онод","uk":"Онод","pl":"Ónod","hi":"ओनोद","ar":"أونود"},"wikiDataId":"Q293081"},{"id":56154,"name":"Ózd","state_id":1058,"state_code":"BZ","state_name":"Borsod-Abaúj-Zemplén","country_id":99,"country_code":"HU","country_name":"Hungary","latitude":"48.21667000","longitude":"20.30000000","native":"Ózd","type":"adm2","level":null,"parent_id":null,"population":38476,"timezone":"Europe/Budapest","translations":{"br":"Ózd","ko":"오즈드","pt-BR":"Ózd","pt":"Ózd","nl":"Ózd","hr":"Ózd","fa":"اوزد","de":"Ózd","es":"Ózd","fr":"Ózd","ja":"オズド","it":"Ózd","zh-CN":"奥兹德","tr":"Ozd","ru":"Озд","uk":"Озд","pl":"Ózd","hi":"ओज़्ड","ar":"أوزد"},"wikiDataId":"Q293558"},{"id":56155,"name":"Ózdi Járás","state_id":1058,"state_code":"BZ","state_name":"Borsod-Abaúj-Zemplén","country_id":99,"country_code":"HU","country_name":"Hungary","latitude":"48.18133000","longitude":"20.24874000","native":"Ózdi Járás","type":"city","level":null,"parent_id":null,"population":null,"timezone":"Europe/Budapest","translations":{"br":"Ózdi Járás","ko":"오즈디 하라스","pt-BR":"Ózdi Járás","pt":"Ózdi Járás","nl":"Ózdi Járás","hr":"Ózdi Járás","fa":"ازدی جراس","de":"Ózdi Járás","es":"Ózdi Járás","fr":"Ózdi Járás","ja":"オズディ・ヤラス","it":"Ózdi Járás","zh-CN":"奥兹迪·哈拉斯","tr":"Ózdi Járás","ru":"Озди Ярас","uk":"Озді Яраш","pl":"Ózdi Járás","hi":"ओज़्दी जारस","ar":"Ózdi Járás"},"wikiDataId":"Q265020"},{"id":55832,"name":"Prügy","state_id":1058,"state_code":"BZ","state_name":"Borsod-Abaúj-Zemplén","country_id":99,"country_code":"HU","country_name":"Hungary","latitude":"48.08333000","longitude":"21.25000000","native":"Prüy","type":"city","level":null,"parent_id":null,"population":2384,"timezone":"Europe/Budapest","translations":{"br":"Prügy","ko":"프뤼기","pt-BR":"Prügy","pt":"Prügy","nl":"Prügy","hr":"Prügy","fa":"پروگی","de":"Prügy","es":"Prügy","fr":"Prügy","ja":"プルーギー","it":"Prugy","zh-CN":"普吕吉","tr":"Prügy","ru":"Прюги","uk":"Прюдь","pl":"Prügy","hi":"प्रुगी","ar":"بروجي"},"wikiDataId":"Q368355"},{"id":55837,"name":"Putnok","state_id":1058,"state_code":"BZ","state_name":"Borsod-Abaúj-Zemplén","country_id":99,"country_code":"HU","country_name":"Hungary","latitude":"48.30000000","longitude":"20.43333000","native":"Putnok","type":"adm2","level":null,"parent_id":null,"population":6213,"timezone":"Europe/Budapest","translations":{"br":"Putnok","ko":"푸트녹","pt-BR":"Putnok","pt":"Putnok","nl":"Putnok","hr":"Putnok","fa":"پوتنوک","de":"Putnok","es":"Putnok","fr":"Putnok","ja":"プトノク","it":"Putnok","zh-CN":"普特诺克","tr":"Putnok","ru":"Путнок","uk":"Путнок","pl":"Putnok","hi":"पुटनोक","ar":"بوتنوك"},"wikiDataId":"Q911558"},{"id":55838,"name":"Putnoki Járás","state_id":1058,"state_code":"BZ","state_name":"Borsod-Abaúj-Zemplén","country_id":99,"country_code":"HU","country_name":"Hungary","latitude":"48.33694000","longitude":"20.46384000","native":"Putnoki Járás","type":"city","level":null,"parent_id":null,"population":null,"timezone":"Europe/Budapest","translations":{"br":"Putnoki Járás","ko":"푸트노키 자라스","pt-BR":"Putnoki Járás","pt":"Putnoki Járás","nl":"Putnoki Járás","hr":"Putnoki Járás","fa":"پوتنوکی یاراس","de":"Putnoki Járás","es":"Putnoki Járás","fr":"Putnoki Járás","ja":"プトノキ・ジャラス","it":"Putnoki Járás","zh-CN":"普特诺基·哈拉斯","tr":"Putnoki Járás","ru":"Putnoki Járás","uk":"Путнокі Яраш","pl":"Putnoki Járás","hi":"पुटनोकी जारस","ar":"بوتنوكي جاراس"},"wikiDataId":"Q14371286"},{"id":55864,"name":"Ricse","state_id":1058,"state_code":"BZ","state_name":"Borsod-Abaúj-Zemplén","country_id":99,"country_code":"HU","country_name":"Hungary","latitude":"48.32565000","longitude":"21.97069000","native":"Ricse","type":"city","level":null,"parent_id":null,"population":1604,"timezone":"Europe/Budapest","translations":{"br":"Ricse","ko":"라이스","pt-BR":"Arroz","pt":"Arroz","nl":"Rijst","hr":"Ricse","fa":"ریسه","de":"Reis","es":"Arroz","fr":"Riz","ja":"ライス","it":"Riccio","zh-CN":"赖斯","tr":"Ricse","ru":"Риссе","uk":"Річе","pl":"Risse","hi":"राइसे","ar":"ريس"},"wikiDataId":"Q586702"},{"id":55867,"name":"Rudabánya","state_id":1058,"state_code":"BZ","state_name":"Borsod-Abaúj-Zemplén","country_id":99,"country_code":"HU","country_name":"Hungary","latitude":"48.38333000","longitude":"20.63333000","native":"Rudabánya","type":"city","level":null,"parent_id":null,"population":2941,"timezone":"Europe/Budapest","translations":{"br":"Rudabánya","ko":"루다바냐","pt-BR":"Rudabánya","pt":"Rudabánya","nl":"Rudabánya","hr":"Rudabánya","fa":"رودابانیا","de":"Rudabánya","es":"Rudabánya","fr":"Rudabánya","ja":"ルダバーニャ","it":"Rudabánya","zh-CN":"鲁达巴尼亚","tr":"Rudabánya","ru":"Рудабанья","uk":"Рудабанья","pl":"Rudabánya","hi":"रुदाबन्या","ar":"رودابانيا"},"wikiDataId":"Q1008635"},{"id":55882,"name":"Sajóbábony","state_id":1058,"state_code":"BZ","state_name":"Borsod-Abaúj-Zemplén","country_id":99,"country_code":"HU","country_name":"Hungary","latitude":"48.16667000","longitude":"20.73333000","native":"Sajóbábony","type":"city","level":null,"parent_id":null,"population":2509,"timezone":"Europe/Budapest","translations":{"br":"Sajóbábony","ko":"사호바보니","pt-BR":"Sajóbábony","pt":"Sajóbábony","nl":"Sajóbábony","hr":"Sajóbábony","fa":"ساجوبابونی","de":"Sajóbábony","es":"Sajóbábony","fr":"Sajóbábony","ja":"サヨバボニ","it":"Sajóbábony","zh-CN":"萨霍巴博尼","tr":"Sajóbábony","ru":"Sajóbábony","uk":"Сайобабоні","pl":"Sajóbábony","hi":"Sajobabony","ar":"ساجوبابوني"},"wikiDataId":"Q1008708"},{"id":55883,"name":"Sajókaza","state_id":1058,"state_code":"BZ","state_name":"Borsod-Abaúj-Zemplén","country_id":99,"country_code":"HU","country_name":"Hungary","latitude":"48.28333000","longitude":"20.58333000","native":"Sajókaza","type":"city","level":null,"parent_id":null,"population":2955,"timezone":"Europe/Budapest","translations":{"br":"Sajókaza","ko":"사조카자","pt-BR":"Sajókaza","pt":"Sajókaza","nl":"Sajókaza","hr":"Sajókaza","fa":"سایوکازا","de":"Sajókaza","es":"Sajókaza","fr":"Sajókaza","ja":"サジョカザ","it":"Sajókaza","zh-CN":"萨约卡扎","tr":"Sajókaza","ru":"Шайоказа","uk":"Сайоказа","pl":"Sajókaza","hi":"साजोकाज़ा","ar":"ساجوكازا"},"wikiDataId":"Q1016519"},{"id":55884,"name":"Sajólád","state_id":1058,"state_code":"BZ","state_name":"Borsod-Abaúj-Zemplén","country_id":99,"country_code":"HU","country_name":"Hungary","latitude":"48.05000000","longitude":"20.90000000","native":"Sajólád","type":"city","level":null,"parent_id":null,"population":2850,"timezone":"Europe/Budapest","translations":{"br":"Sajólád","ko":"사졸라드","pt-BR":"Sajólád","pt":"Sajólád","nl":"Sajólád","hr":"Sajólád","fa":"سایولاد","de":"Sajólád","es":"Sajólád","fr":"Sajólád","ja":"サヨラド","it":"Sajólád","zh-CN":"萨约拉德","tr":"Sajólád","ru":"Шайолад","uk":"Сайолад","pl":"Sajólád","hi":"साजोलाद","ar":"ساجولاد"},"wikiDataId":"Q282953"},{"id":55888,"name":"Sajóörös","state_id":1058,"state_code":"BZ","state_name":"Borsod-Abaúj-Zemplén","country_id":99,"country_code":"HU","country_name":"Hungary","latitude":"47.95000000","longitude":"21.03333000","native":"Sajóörös","type":"city","level":null,"parent_id":null,"population":1180,"timezone":"Europe/Budapest","translations":{"br":"Sajóörös","ko":"사조오로스","pt-BR":"Sajóörös","pt":"Sajóörös","nl":"Sajóörös","hr":"Sajóörös","fa":"ساخروش","de":"Sajóörös","es":"Sajóörös","fr":"Sajóörös","ja":"サヨロス","it":"Sajóörös","zh-CN":"萨约罗斯","tr":"Sajóörös","ru":"Sajóörös","uk":"Сайоерош","pl":"Sajóörös","hi":"साजोरोस","ar":"ساجوروس"},"wikiDataId":"Q970031"},{"id":55885,"name":"Sajószentpéter","state_id":1058,"state_code":"BZ","state_name":"Borsod-Abaúj-Zemplén","country_id":99,"country_code":"HU","country_name":"Hungary","latitude":"48.21667000","longitude":"20.71667000","native":"Sajószentpéter","type":"city","level":null,"parent_id":null,"population":11185,"timezone":"Europe/Budapest","translations":{"br":"Sajószentpéter","ko":"사요스젠트페테르","pt-BR":"Sajószentpéter","pt":"Sajószentpéter","nl":"Sajószentpéter","hr":"Sajószentpéter","fa":"سایوسنتپتر","de":"Sajószentpéter","es":"Sajószentpéter","fr":"Sajószentpéter","ja":"サヨセントペーター","it":"Sajószentpéter","zh-CN":"萨约斯圣彼得","tr":"Sajószentpéter","ru":"Шайосентпетер","uk":"Сайосентпетер","pl":"Sajószentpéter","hi":"साजोज़ेंटपेटर","ar":"ساجوسينتبيتر"},"wikiDataId":"Q855086"},{"id":55886,"name":"Sajószöged","state_id":1058,"state_code":"BZ","state_name":"Borsod-Abaúj-Zemplén","country_id":99,"country_code":"HU","country_name":"Hungary","latitude":"47.95000000","longitude":"21.00000000","native":"Sajószöged","type":"city","level":null,"parent_id":null,"population":2349,"timezone":"Europe/Budapest","translations":{"br":"Sajószöged","ko":"사요셰게드","pt-BR":"Sajószöged","pt":"Sajószöged","nl":"Sajószöged","hr":"Sajószöged","fa":"سایوشوگد","de":"Sajószöged","es":"Sajószöged","fr":"Sajószöged","ja":"サヨスゾーゲド","it":"Sajószöged","zh-CN":"萨约斯佐格德","tr":"Sajószöged","ru":"Sajószöged","uk":"Сайоссегед","pl":"Sajószöged","hi":"साजोस्ज़ोगेड","ar":"سايوسزوجيد"},"wikiDataId":"Q263570"},{"id":55887,"name":"Sajóvámos","state_id":1058,"state_code":"BZ","state_name":"Borsod-Abaúj-Zemplén","country_id":99,"country_code":"HU","country_name":"Hungary","latitude":"48.18171000","longitude":"20.83149000","native":"Sajóvámos","type":"city","level":null,"parent_id":null,"population":1996,"timezone":"Europe/Budapest","translations":{"br":"Sajóvámos","ko":"사요바모스","pt-BR":"Sajóvámos","pt":"Sajóvámos","nl":"Sajóvámos","hr":"Sajóvámos","fa":"سایوواموس","de":"Sajóvámos","es":"Sajóvámos","fr":"Sajóvámos","ja":"サヨヴァモス","it":"Sajóvámos","zh-CN":"萨约瓦莫斯","tr":"Sajóvámos","ru":"Шайовамош","uk":"Сайовамос","pl":"Sajóvámos","hi":"साजोवामोस","ar":"ساجوفاموس"},"wikiDataId":"Q689099"},{"id":55979,"name":"Sály","state_id":1058,"state_code":"BZ","state_name":"Borsod-Abaúj-Zemplén","country_id":99,"country_code":"HU","country_name":"Hungary","latitude":"47.95000000","longitude":"20.66667000","native":"Terem","type":"city","level":null,"parent_id":null,"population":2174,"timezone":"Europe/Budapest","translations":{"br":"Sály","ko":"살리","pt-BR":"Sály","pt":"Sály","nl":"Sály","hr":"Sály","fa":"سالی","de":"Sály","es":"Sali","fr":"Sály","ja":"サリー","it":"Sály","zh-CN":"萨利","tr":"Sály","ru":"Сали","uk":"Салі","pl":"Sály","hi":"सैली","ar":"سالي"},"wikiDataId":"Q607253"},{"id":55986,"name":"Sárospatak","state_id":1058,"state_code":"BZ","state_name":"Borsod-Abaúj-Zemplén","country_id":99,"country_code":"HU","country_name":"Hungary","latitude":"48.32450000","longitude":"21.57383000","native":"Sárospatak","type":"adm2","level":null,"parent_id":null,"population":10423,"timezone":"Europe/Budapest","translations":{"br":"Sárospatak","ko":"사로스파타크","pt-BR":"Sárospatak","pt":"Sárospatak","nl":"Sárospatak","hr":"Sárospatak","fa":"ساروسپاتاک","de":"Sárospatak","es":"Sárospatak","fr":"Sárospatak","ja":"サロスパタク","it":"Sárospatak","zh-CN":"沙罗斯保陶克","tr":"Sárospatak","ru":"Шарошпатак","uk":"Шарошпатак","pl":"Sárospatak","hi":"सारोस्पाटक","ar":"ساروسباتاك"},"wikiDataId":"Q668318"},{"id":55987,"name":"Sárospataki Járás","state_id":1058,"state_code":"BZ","state_name":"Borsod-Abaúj-Zemplén","country_id":99,"country_code":"HU","country_name":"Hungary","latitude":"48.29575000","longitude":"21.52716000","native":"Sárospataki Járás","type":"city","level":null,"parent_id":null,"population":null,"timezone":"Europe/Budapest","translations":{"br":"Sárospataki Járás","ko":"사로스파타키 자라스","pt-BR":"Sárospataki Járás","pt":"Sárospataki Járás","nl":"Sárospataki Járás","hr":"Sárospataki Járás","fa":"ساروسپاتاکی یاراس","de":"Sárospataki Járás","es":"Sárospataki Járás","fr":"Sárospataki Járás","ja":"サロスパタキ・ヤラス","it":"Sárospataki Járás","zh-CN":"Sárospataki Járás","tr":"Sárospataki Járás","ru":"Sárospataki Járás","uk":"Шарошпатакі Яраш","pl":"Sárospataki Járás","hi":"Sárospataki Járás","ar":"ساروسباتاكي جاراس"},"wikiDataId":"Q853145"},{"id":55994,"name":"Sátoraljaújhely","state_id":1058,"state_code":"BZ","state_name":"Borsod-Abaúj-Zemplén","country_id":99,"country_code":"HU","country_name":"Hungary","latitude":"48.39492000","longitude":"21.65871000","native":"Sátoraljaújhely","type":"adm2","level":null,"parent_id":null,"population":18052,"timezone":"Europe/Budapest","translations":{"br":"Sátoraljaújhely","ko":"사토랄자우헤이","pt-BR":"Sátoraljaújhely","pt":"Sátoraljaújhely","nl":"Sátoraljaújhely","hr":"Sátoraljaújhely","fa":"ساتورالجایوجهی","de":"Sátoraljaújhely","es":"Sátoraljaújhely","fr":"Sátoraljaújhely","ja":"サトラルヤウイヘイ","it":"Sátoraljaújhely","zh-CN":"沙托拉尔尧乌伊海伊","tr":"Sátoraljaújhely","ru":"Sátoraljaújhely","uk":"Шаторальяуйхей","pl":"Sátoraljaújhely","hi":"satoraljaujhely","ar":"ساتورالجاوجيلي"},"wikiDataId":"Q116417"},{"id":55995,"name":"Sátoraljaújhelyi Járás","state_id":1058,"state_code":"BZ","state_name":"Borsod-Abaúj-Zemplén","country_id":99,"country_code":"HU","country_name":"Hungary","latitude":"48.45898000","longitude":"21.54394000","native":"Sátoraljaújhelyi Járás","type":"city","level":null,"parent_id":null,"population":null,"timezone":"Europe/Budapest","translations":{"br":"Sátoraljaújhelyi Járás","ko":"사토랄자우지헬리 자라스","pt-BR":"Sátoraljaújhelyi Járás","pt":"Sátoraljaújhelyi Járás","nl":"Sátoraljaújhelyi Járás","hr":"Sátoraljaújhelyi Járás","fa":"ساتورالجایوجهلی یاراس","de":"Sátoraljaújhelyi Járás","es":"Sátoraljaújhelyi Járás","fr":"Sátoraljaújhelyi Járás","ja":"Sátoraljaújhelyi Járás","it":"Sátoraljaújhelyi Járás","zh-CN":"Sátoraljaújhelyi Járás","tr":"Sátoraljaújhelyi Járás","ru":"Sátoraljaújhelyi Járás","uk":"Шаторальяуйхейі Яраш","pl":"Sátoraljaújhelyi Járás","hi":"Sátoraljaújhelyi Járás","ar":"Sátoraljaújhelyi Járás"},"wikiDataId":"Q630821"},{"id":55933,"name":"Szendrő","state_id":1058,"state_code":"BZ","state_name":"Borsod-Abaúj-Zemplén","country_id":99,"country_code":"HU","country_name":"Hungary","latitude":"48.40000000","longitude":"20.73333000","native":"Szendrő","type":"city","level":null,"parent_id":null,"population":3921,"timezone":"Europe/Budapest","translations":{"br":"Szendrő","ko":"센드로","pt-BR":"Szendrő","pt":"Szendrő","nl":"Szendrő","hr":"Szendrő","fa":"شندرو","de":"Szendrő","es":"Szendrő","fr":"Szendrő","ja":"センドレー","it":"Szendrő","zh-CN":"森德罗","tr":"Szendrő","ru":"Сендрё","uk":"Сендро","pl":"Szendrő","hi":"Szendro","ar":"سزندرو"},"wikiDataId":"Q590583"},{"id":55941,"name":"Szentistván","state_id":1058,"state_code":"BZ","state_name":"Borsod-Abaúj-Zemplén","country_id":99,"country_code":"HU","country_name":"Hungary","latitude":"47.76667000","longitude":"20.66667000","native":"Szentistván","type":"city","level":null,"parent_id":null,"population":2355,"timezone":"Europe/Budapest","translations":{"br":"Szentistván","ko":"센티스반","pt-BR":"Szentistván","pt":"Szentistván","nl":"Szentistván","hr":"Szentistván","fa":"سنتیستوان","de":"Szentistván","es":"Szentistván","fr":"Szentistván","ja":"センティシュトヴァン","it":"Szentistván","zh-CN":"圣蒂斯特万","tr":"Szentistván","ru":"Сентиштван","uk":"Сентішван","pl":"Szentistván","hi":"स्ज़ेंटिस्टवान","ar":"سانتيستفان"},"wikiDataId":"Q248474"},{"id":55948,"name":"Szerencs","state_id":1058,"state_code":"BZ","state_name":"Borsod-Abaúj-Zemplén","country_id":99,"country_code":"HU","country_name":"Hungary","latitude":"48.15993000","longitude":"21.20970000","native":"Szerencs","type":"adm2","level":null,"parent_id":null,"population":8300,"timezone":"Europe/Budapest","translations":{"br":"Szerencs","ko":"세렌치","pt-BR":"Szerencs","pt":"Szerencs","nl":"Szerencs","hr":"Szerencs","fa":"سرنکس","de":"Szerencs","es":"Szerencs","fr":"Szerencs","ja":"シェレンツ","it":"Szerencs","zh-CN":"塞伦奇","tr":"Szerencs","ru":"Серенч","uk":"Серенч","pl":"Szerencs","hi":"ज़ेरेन्क्स","ar":"سيرينكس"},"wikiDataId":"Q854996"},{"id":55949,"name":"Szerencsi Járás","state_id":1058,"state_code":"BZ","state_name":"Borsod-Abaúj-Zemplén","country_id":99,"country_code":"HU","country_name":"Hungary","latitude":"48.14929000","longitude":"21.16865000","native":"Szerencsi Járás","type":"city","level":null,"parent_id":null,"population":null,"timezone":"Europe/Budapest","translations":{"br":"Szerencsi Járás","ko":"세렌치 하라스","pt-BR":"Szerencsi Járás","pt":"Szerencsi Járás","nl":"Szerencsi Járás","hr":"Szerencsij Járás","fa":"سرنچسی یاراس","de":"Szerencsi Járás","es":"Szerencsi Járás","fr":"Szerencsi Járás","ja":"Szerencsi Járás","it":"Szerencsi Járás","zh-CN":"塞伦奇·哈拉斯","tr":"Szerencsi Járás","ru":"Серенчи Ярас","uk":"Серенчі Яраш","pl":"Szerencsi Járás","hi":"Szerencsi Járás","ar":"Szerencsi Járás"},"wikiDataId":"Q633324"},{"id":55958,"name":"Szikszó","state_id":1058,"state_code":"BZ","state_name":"Borsod-Abaúj-Zemplén","country_id":99,"country_code":"HU","country_name":"Hungary","latitude":"48.20000000","longitude":"20.93333000","native":"Szikszó","type":"adm2","level":null,"parent_id":null,"population":5415,"timezone":"Europe/Budapest","translations":{"br":"Szikszó","ko":"시크소","pt-BR":"Szikszó","pt":"Szikszó","nl":"Szikszó","hr":"Szikszó","fa":"سیکسو","de":"Szikszó","es":"Szikszó","fr":"Szikszó","ja":"シクソ","it":"Szikszó","zh-CN":"西克佐","tr":"Szikszó","ru":"Сикшо","uk":"Сіксо","pl":"Szikszó","hi":"स्ज़िक्सज़ो","ar":"سيكسزو"},"wikiDataId":"Q854913"},{"id":55959,"name":"Szikszói Járás","state_id":1058,"state_code":"BZ","state_name":"Borsod-Abaúj-Zemplén","country_id":99,"country_code":"HU","country_name":"Hungary","latitude":"48.30032000","longitude":"20.95507000","native":"Szikszói Járás","type":"city","level":null,"parent_id":null,"population":null,"timezone":"Europe/Budapest","translations":{"br":"Szikszói Járás","ko":"시크소이 하라스","pt-BR":"Szikszói Járás","pt":"Szikszói Járás","nl":"Szikszói Járás","hr":"Járás Szikszói","fa":"شیکسوی یاراش","de":"Szikszói Járás","es":"Szikszói Járás","fr":"Szikszói Járás","ja":"シクソイ・ヤラス","it":"Szikszói Járás","zh-CN":"Szikszói Járás","tr":"Szikszói Járás","ru":"Szikszói Járás","uk":"Сіксой Яраш","pl":"Szikszói Járás","hi":"Szikszói Járás","ar":"Szikszói Járás"},"wikiDataId":"Q854336"},{"id":55961,"name":"Szirmabesenyő","state_id":1058,"state_code":"BZ","state_name":"Borsod-Abaúj-Zemplén","country_id":99,"country_code":"HU","country_name":"Hungary","latitude":"48.15000000","longitude":"20.80000000","native":"Szirmabesenyő","type":"city","level":null,"parent_id":null,"population":4331,"timezone":"Europe/Budapest","translations":{"br":"Szirmabesenyő","ko":"시르마베세뇨","pt-BR":"Szirmabesenyő","pt":"Szirmabesenyő","nl":"Szirmabesenyő","hr":"Szirmabesenyő","fa":"سیرمابسنیو","de":"Szirmabesenyő","es":"Szirmabesenyő","fr":"Szirmabesenyő","ja":"Szirmabesenyő","it":"Szirmabesenyő","zh-CN":"西尔马贝塞尼奥","tr":"Szirmabesenyő","ru":"Szirmabesenyő","uk":"Сзірмабесеньйо","pl":"Szirmabesenyő","hi":"स्ज़िर्माबेसेन्यő","ar":"Szirmabesenyő"},"wikiDataId":"Q248566"},{"id":56005,"name":"Taktaharkány","state_id":1058,"state_code":"BZ","state_name":"Borsod-Abaúj-Zemplén","country_id":99,"country_code":"HU","country_name":"Hungary","latitude":"48.08333000","longitude":"21.13333000","native":"Taktaharkány","type":"city","level":null,"parent_id":null,"population":3447,"timezone":"Europe/Budapest","translations":{"br":"Taktaharkány","ko":"타크타하르카니","pt-BR":"Taktaharkány","pt":"Taktaharkány","nl":"Taktaharkány","hr":"Taktaharkány","fa":"تاکتاهارکانی","de":"Taktaharkány","es":"Taktaharkány","fr":"Taktaharkány","ja":"タクタハルカニ","it":"Taktaharkany","zh-CN":"塔克塔哈尔卡尼","tr":"Taktaharkány","ru":"Тактахаркань","uk":"Тактахаркань","pl":"Taktaharkány","hi":"तक्ताहारकनी","ar":"تاكتاهاركاني"},"wikiDataId":"Q1089620"},{"id":56006,"name":"Taktaszada","state_id":1058,"state_code":"BZ","state_name":"Borsod-Abaúj-Zemplén","country_id":99,"country_code":"HU","country_name":"Hungary","latitude":"48.11667000","longitude":"21.18333000","native":"Tapintat","type":"city","level":null,"parent_id":null,"population":1739,"timezone":"Europe/Budapest","translations":{"br":"Taktaszada","ko":"탁타자다","pt-BR":"Taktaszada","pt":"Taktaszada","nl":"Taktaszada","hr":"Taktaszada","fa":"تکتازاده","de":"Taktaszada","es":"Taktaszada","fr":"Taktaszada","ja":"タクタザダ","it":"Taktaszada","zh-CN":"塔克塔萨达","tr":"Taktaszada","ru":"Такташзада","uk":"Тактасзада","pl":"Taktaszada","hi":"तक्तासज़ादा","ar":"تاكتاسزادا"},"wikiDataId":"Q123719"},{"id":56062,"name":"Tállya","state_id":1058,"state_code":"BZ","state_name":"Borsod-Abaúj-Zemplén","country_id":99,"country_code":"HU","country_name":"Hungary","latitude":"48.23333000","longitude":"21.23333000","native":"Tállya","type":"city","level":null,"parent_id":null,"population":2169,"timezone":"Europe/Budapest","translations":{"br":"Tállya","ko":"탈리아","pt-BR":"Tállya","pt":"Tállya","nl":"Tállya","hr":"Tálya","fa":"تالیا","de":"Tállya","es":"Tállya","fr":"Tállya","ja":"タリア","it":"Tállya","zh-CN":"塔利亚","tr":"Tállya","ru":"Талья","uk":"Талля","pl":"Tállya","hi":"तल्या","ar":"تاليا"},"wikiDataId":"Q304304"},{"id":56012,"name":"Tarcal","state_id":1058,"state_code":"BZ","state_name":"Borsod-Abaúj-Zemplén","country_id":99,"country_code":"HU","country_name":"Hungary","latitude":"48.13333000","longitude":"21.35000000","native":"Tarkális","type":"city","level":null,"parent_id":null,"population":3283,"timezone":"Europe/Budapest","translations":{"br":"Tarkal","ko":"타르칼","pt-BR":"Tarcal","pt":"Tarcal","nl":"Tarcal","hr":"Tarcal","fa":"تارکال","de":"Tarcal","es":"Tarcal","fr":"Tarcal","ja":"タルカル","it":"Tarcal","zh-CN":"塔尔卡尔","tr":"Tarkal","ru":"Таркал","uk":"Таркал","pl":"Tarcal","hi":"टार्कल","ar":"تاركال"},"wikiDataId":"Q923050"},{"id":56033,"name":"Tiszakarád","state_id":1058,"state_code":"BZ","state_name":"Borsod-Abaúj-Zemplén","country_id":99,"country_code":"HU","country_name":"Hungary","latitude":"48.20000000","longitude":"21.71667000","native":"Tiszakarád","type":"city","level":null,"parent_id":null,"population":2128,"timezone":"Europe/Budapest","translations":{"br":"Tiszakarád","ko":"티사카라드","pt-BR":"Tiszakarád","pt":"Tiszakarád","nl":"Tiszakarád","hr":"Tiszakarád","fa":"تیساکاراد","de":"Tiszakarád","es":"Tiszakarád","fr":"Tiszakarád","ja":"ティザカラド","it":"Tiszakarád","zh-CN":"蒂萨卡拉德","tr":"Tiszakarád","ru":"Тисакарад","uk":"Тісакарад","pl":"Tiszakarád","hi":"तिस्ज़ाकाराद","ar":"تيسزاكاراد"},"wikiDataId":"Q572103"},{"id":56034,"name":"Tiszakeszi","state_id":1058,"state_code":"BZ","state_name":"Borsod-Abaúj-Zemplén","country_id":99,"country_code":"HU","country_name":"Hungary","latitude":"47.78333000","longitude":"21.00000000","native":"Tiszakeszi","type":"city","level":null,"parent_id":null,"population":2433,"timezone":"Europe/Budapest","translations":{"br":"Tiszakeszi","ko":"티자케시","pt-BR":"Tiszakeszi","pt":"Tiszakeszi","nl":"Tiszakeszi","hr":"Tiszákeszi","fa":"تیسزاکزی","de":"Tiszakeszi","es":"Tiszakeszi","fr":"Tiszakeszi","ja":"ティザケシ","it":"Tiszakeszi","zh-CN":"蒂萨凯西","tr":"Tiszakeszi","ru":"Тисакеси","uk":"Тісакесі","pl":"Tiszakeszi","hi":"तिस्ज़ाकेज़ी","ar":"تيسزاكيززي"},"wikiDataId":"Q368964"},{"id":56038,"name":"Tiszalúc","state_id":1058,"state_code":"BZ","state_name":"Borsod-Abaúj-Zemplén","country_id":99,"country_code":"HU","country_name":"Hungary","latitude":"48.03774000","longitude":"21.07261000","native":"Tiszalúc","type":"city","level":null,"parent_id":null,"population":4676,"timezone":"Europe/Budapest","translations":{"br":"Tiszalúc","ko":"티살루크","pt-BR":"Tiszalúc","pt":"Tiszalúc","nl":"Tiszalúc","hr":"Tiszalúc","fa":"تیسالوک","de":"Tiszalúc","es":"Tiszalúc","fr":"Tiszalúc","ja":"ティサルク","it":"Tiszalúc","zh-CN":"蒂萨卢茨","tr":"Tiszalúc","ru":"Тисалюк","uk":"Тісалук","pl":"Tiszalúc","hi":"तिस्ज़ालुक","ar":"تيسالوك"},"wikiDataId":"Q239610"},{"id":56048,"name":"Tiszaújváros","state_id":1058,"state_code":"BZ","state_name":"Borsod-Abaúj-Zemplén","country_id":99,"country_code":"HU","country_name":"Hungary","latitude":"47.93333000","longitude":"21.08333000","native":"Tiszaújváros","type":"adm2","level":null,"parent_id":null,"population":14060,"timezone":"Europe/Budapest","translations":{"br":"Tiszaújváros","ko":"티사우이바로스","pt-BR":"Tiszaújváros","pt":"Tiszaújváros","nl":"Tiszaújváros","hr":"Tiszaújváros","fa":"تیساوایواروس","de":"Tiszaújváros","es":"Tiszaújváros","fr":"Tiszaújváros","ja":"ティサウーイヴァーロシュ","it":"Tiszaújváros","zh-CN":"蒂萨新城","tr":"Tiszaújváros","ru":"Тисауйварош","uk":"Тісауйварош","pl":"Tiszaújváros","hi":"तिस्ज़ाउज्वारोस","ar":"تيسزاوجفاروس"},"wikiDataId":"Q375097"},{"id":56049,"name":"Tiszaújvárosi Járás","state_id":1058,"state_code":"BZ","state_name":"Borsod-Abaúj-Zemplén","country_id":99,"country_code":"HU","country_name":"Hungary","latitude":"47.92656000","longitude":"20.99321000","native":"Tiszaújvárosi Járás","type":"city","level":null,"parent_id":null,"population":null,"timezone":"Europe/Budapest","translations":{"br":"Tiszaújvárosi Járás","ko":"티사우이바로시 자라스","pt-BR":"Tiszaújvárosi Járás","pt":"Tiszaújvárosi Járás","nl":"Tiszaújvárosi Járás","hr":"Járás u Tiszaújvárosi","fa":"تیساویواروسی یاراس","de":"Tiszaújvárosi Járás","es":"Tiszaújvárosi Járás","fr":"Tiszaújvárosi Járás","ja":"Tiszaújvárosi Járás","it":"Tiszaújvárosi Járás","zh-CN":"Tiszaújvárosi Járás","tr":"Tiszaújvárosi Járás","ru":"Tiszaújvárosi Járás","uk":"Тісауйварош Яраш","pl":"Tiszaújvárosi Járás","hi":"Tiszaújvárosi Járás","ar":"Tiszaújvárosi Járás"},"wikiDataId":"Q853879"},{"id":56050,"name":"Tokaj","state_id":1058,"state_code":"BZ","state_name":"Borsod-Abaúj-Zemplén","country_id":99,"country_code":"HU","country_name":"Hungary","latitude":"48.11667000","longitude":"21.41667000","native":"Tokaj","type":"adm2","level":null,"parent_id":null,"population":3649,"timezone":"Europe/Budapest","translations":{"br":"Tokaj","ko":"토카이","pt-BR":"Tokaj","pt":"Tokaj","nl":"Tokaj","hr":"Tokaj","fa":"توکای","de":"Tokaj","es":"Tokaj","fr":"Tokaj","ja":"トカイ","it":"Tokaj","zh-CN":"托卡伊","tr":"Tokaj","ru":"Токай","uk":"Токай","pl":"Tokaj","hi":"टोकाज","ar":"توكاج"},"wikiDataId":"Q582209"},{"id":56051,"name":"Tokaji Járás","state_id":1058,"state_code":"BZ","state_name":"Borsod-Abaúj-Zemplén","country_id":99,"country_code":"HU","country_name":"Hungary","latitude":"48.14014000","longitude":"21.37002000","native":"Tokaji Járás","type":"city","level":null,"parent_id":null,"population":null,"timezone":"Europe/Budapest","translations":{"br":"Tokaji Járás","ko":"토카이 자라스","pt-BR":"Tokaji Járás","pt":"Tokaji Járás","nl":"Tokaji Járás","hr":"Tokajski Járás","fa":"توکاجی جاراس","de":"Tokaji Járás","es":"Tokaji Járás","fr":"Tokaji Járás","ja":"トカイ・ジャラス","it":"Tokaji Járás","zh-CN":"托卡伊·哈拉斯","tr":"Tokaji Járás","ru":"Токай Ярас","uk":"Токай Яраш","pl":"Tokaji Járás","hi":"टोकाजी जरास","ar":"توكاجي جاراس"},"wikiDataId":"Q547193"},{"id":56052,"name":"Tolcsva","state_id":1058,"state_code":"BZ","state_name":"Borsod-Abaúj-Zemplén","country_id":99,"country_code":"HU","country_name":"Hungary","latitude":"48.28333000","longitude":"21.45000000","native":"Tolcsva","type":"city","level":null,"parent_id":null,"population":1860,"timezone":"Europe/Budapest","translations":{"br":"Tolcsva","ko":"톨츠바","pt-BR":"Tolcsva","pt":"Tolcsva","nl":"Tolcsva","hr":"Tolcsvá","fa":"تولکسوا","de":"Tolcsva","es":"Tolcsva","fr":"Tolcsva","ja":"トルツヴァ","it":"Tolcsva","zh-CN":"托尔奇瓦","tr":"Tolcsva","ru":"Толчсва","uk":"Толчва","pl":"Tolcsva","hi":"टोल्स्वा","ar":"تولكسفا"},"wikiDataId":"Q1008032"}]