{"id":67767,"name":"Gudja","state_id":106,"state_code":"16","state_name":"Għasri","country_id":135,"country_code":"MT","country_name":"Malta","latitude":"35.84917000","longitude":"14.50306000","native":"Gudja","type":"adm1","level":null,"parent_id":null,"population":2997,"timezone":"Europe/Malta","translations":{"ar":"جودجا","br":"Gudja","de":"Gudja","es":"Gudja","fa":"گودجا","fr":"Gudja","hi":"गुड्जा","hr":"Gudža","it":"Gudja","ja":"グジャ","ko":"구자","nl":"Gudja","pl":"Gudja","pt":"Gudja","pt-BR":"Gudja","ru":"Гуджа","tr":"Gudja","uk":"Гуджа","zh-CN":"古贾"},"wikiDataId":"Q1018153"}