{"id":67759,"name":"Balzan","state_id":108,"state_code":"02","state_name":"Balzan","country_id":135,"country_code":"MT","country_name":"Malta","latitude":"35.90028000","longitude":"14.45500000","native":"Balzan","type":"adm1","level":null,"parent_id":null,"population":3958,"timezone":"Europe/Malta","translations":{"ar":"بلزان","br":"Balzan","de":"Balzan","es":"Balzan","fa":"بالزان","fr":"Balzan","hi":"बाल्ज़न","hr":"Balzan","it":"Balzan","ja":"バルザン","ko":"발잔","nl":"Balzan","pl":"Balzan","pt":"Balzã","pt-BR":"Balzã","ru":"Бальзан","tr":"Balzan","uk":"Бальзан","zh-CN":"巴尔赞"},"wikiDataId":"Q789794"}