[{"id":57066,"name":"An Cabhán","state_id":1086,"state_code":"U","state_name":"Ulster","country_id":105,"country_code":"IE","country_name":"Ireland","latitude":"53.91667000","longitude":"-7.25000000","native":"Cavan","type":"city","level":null,"parent_id":null,"population":null,"timezone":"Europe/Dublin","translations":{"br":"Ur c'haban","ko":"안 카반","pt-BR":"Um Cabhán","pt":"Um Cabhán","nl":"An Cabhán","hr":"An Cabhán","fa":"یک کابهان","de":"An Cabhán","es":"Un Cabhán","fr":"Un Cabhán","ja":"アン・カバン","it":"An Cabhán","zh-CN":"安卡班","tr":"An Cabhán","ru":"Ан Кабхан","uk":"Ан Кабхан","pl":"An Cabhán","hi":"एन कैभान","ar":"أن كابهان"},"wikiDataId":"Q187402"},{"id":57088,"name":"Bailieborough","state_id":1086,"state_code":"U","state_name":"Ulster","country_id":105,"country_code":"IE","country_name":"Ireland","latitude":"53.91667000","longitude":"-6.96667000","native":"Bailieborough","type":"city","level":null,"parent_id":null,"population":2683,"timezone":"Europe/Dublin","translations":{"br":"Bailieborough","ko":"베일리버러","pt-BR":"Bailieborough","pt":"Bailieborough","nl":"Bailieborough","hr":"Bailieborough","fa":"بیلیبورو","de":"Bailieborough","es":"Bailieborough","fr":"Bailieborough","ja":"ベイリーボロー","it":"Bailieborough","zh-CN":"贝利伯勒","tr":"Bailieborough","ru":"Бейлиборо","uk":"Бейліборо","pl":"Bailieborough","hi":"बेलीबोरो","ar":"بيليبورو"},"wikiDataId":"Q803843"},{"id":57102,"name":"Ballybofey","state_id":1086,"state_code":"U","state_name":"Ulster","country_id":105,"country_code":"IE","country_name":"Ireland","latitude":"54.80000000","longitude":"-7.78333000","native":"Ballybofey","type":"city","level":null,"parent_id":null,"population":5406,"timezone":"Europe/Dublin","translations":{"br":"Ballybofey","ko":"밸리보페이","pt-BR":"Ballybofey","pt":"Ballybofey","nl":"Ballybofey","hr":"Ballybofey","fa":"بالیبوفی","de":"Ballybofey","es":"Ballybofey","fr":"Ballybofey","ja":"バリーボフィー","it":"Ballybofey","zh-CN":"巴利博菲","tr":"Ballybofey","ru":"Баллибофи","uk":"Баллібофі","pl":"Ballybofey","hi":"बैलीबोफ़े","ar":"باليبوفي"},"wikiDataId":"Q805401"},{"id":57104,"name":"Ballyconnell","state_id":1086,"state_code":"U","state_name":"Ulster","country_id":105,"country_code":"IE","country_name":"Ireland","latitude":"54.11667000","longitude":"-7.58333000","native":"Ballyconnell","type":"city","level":null,"parent_id":null,"population":1105,"timezone":"Europe/Dublin","translations":{"br":"Ballyconnell","ko":"밸리코넬","pt-BR":"Ballyconnell","pt":"Ballyconnell","nl":"Ballyconnell","hr":"Ballyconnell","fa":"بالیکانل","de":"Ballyconnell","es":"Ballyconnell","fr":"Ballyconnell","ja":"バリーコネル","it":"Ballyconnell","zh-CN":"巴利康奈尔","tr":"Ballyconnell","ru":"Балликоннелл","uk":"Балліконнелл","pl":"Ballyconnell","hi":"बैलीकोनेल","ar":"باليكونيل"},"wikiDataId":"Q252031"},{"id":57108,"name":"Ballyjamesduff","state_id":1086,"state_code":"U","state_name":"Ulster","country_id":105,"country_code":"IE","country_name":"Ireland","latitude":"53.86528000","longitude":"-7.20278000","native":"Ballyjamesduff","type":"city","level":null,"parent_id":null,"population":2661,"timezone":"Europe/Dublin","translations":{"br":"Ballyjamesduff","ko":"밸리제임스더프","pt-BR":"Ballyjamesduff","pt":"Ballyjamesduff","nl":"Ballyjamesduff","hr":"Ballyjamesduff","fa":"بالی جیمزداف","de":"Ballyjamesduff","es":"Ballyjamesduff","fr":"Ballyjamesduff","ja":"バリージェームズダフ","it":"Ballyjamesduff","zh-CN":"巴利詹姆斯达夫","tr":"Ballyjamesduff","ru":"Баллиджеймсдафф","uk":"Балліджеймсдафф","pl":"Ballyjamesduff","hi":"बैलीजेम्सडफ","ar":"بالي جيمسدوف"},"wikiDataId":"Q252038"},{"id":57114,"name":"Ballyshannon","state_id":1086,"state_code":"U","state_name":"Ulster","country_id":105,"country_code":"IE","country_name":"Ireland","latitude":"54.50000000","longitude":"-8.18333000","native":"Ballyshannon","type":"city","level":null,"parent_id":null,"population":2246,"timezone":"Europe/Dublin","translations":{"br":"Ballyshannon","ko":"밸리섀넌","pt-BR":"Ballyshannon","pt":"Ballyshannon","nl":"Ballyshannon","hr":"Ballyshannon","fa":"بالیشانون","de":"Ballyshannon","es":"Ballyshannon","fr":"Ballyshannon","ja":"バリーシャノン","it":"Ballyshannon","zh-CN":"巴利香农","tr":"Ballyshannon","ru":"Баллишаннон","uk":"Баллішаннон","pl":"Ballyshannon","hi":"बैलीशैनन","ar":"باليشانون"},"wikiDataId":"Q805462"},{"id":57124,"name":"Belturbet","state_id":1086,"state_code":"U","state_name":"Ulster","country_id":105,"country_code":"IE","country_name":"Ireland","latitude":"54.10000000","longitude":"-7.45000000","native":"Belturet","type":"city","level":null,"parent_id":null,"population":1395,"timezone":"Europe/Dublin","translations":{"br":"Belturbet","ko":"벨투르베트","pt-BR":"Belturbet","pt":"Belturbet","nl":"Belturbet","hr":"Belturbet","fa":"بلتوربت","de":"Belturbet","es":"Belturbet","fr":"Belturbet","ja":"ベルターベット","it":"Belturbet","zh-CN":"贝尔特伯特","tr":"Belturbet","ru":"Белтурбет","uk":"Белтурбет","pl":"Belturbet","hi":"बेल्टुरबेट","ar":"بلتوربيت"},"wikiDataId":"Q252020"},{"id":57135,"name":"Buncrana","state_id":1086,"state_code":"U","state_name":"Ulster","country_id":105,"country_code":"IE","country_name":"Ireland","latitude":"55.13333000","longitude":"-7.45000000","native":"Buncrana","type":"city","level":null,"parent_id":null,"population":6785,"timezone":"Europe/Dublin","translations":{"br":"Buncrana","ko":"번크라나","pt-BR":"Buncrana","pt":"Buncrana","nl":"Buncrana","hr":"Buncrana","fa":"بونکرانا","de":"Buncrana","es":"Buncrana","fr":"Buncrana","ja":"バンクラナ","it":"Buncrana","zh-CN":"班克拉纳","tr":"Buncrana","ru":"Банкрана","uk":"Банкрана","pl":"Buncrana","hi":"बनक्राना","ar":"بونكرانا"},"wikiDataId":"Q751475"},{"id":57136,"name":"Bundoran","state_id":1086,"state_code":"U","state_name":"Ulster","country_id":105,"country_code":"IE","country_name":"Ireland","latitude":"54.47782000","longitude":"-8.28094000","native":"Bundoran","type":"city","level":null,"parent_id":null,"population":1963,"timezone":"Europe/Dublin","translations":{"br":"Bundoran","ko":"분도란","pt-BR":"Bundoran","pt":"Bundoran","nl":"Bundoran","hr":"Bundoran","fa":"بوندوران","de":"Bundoran","es":"Bundoran","fr":"Bundoran","ja":"バンドラン","it":"Bundoran","zh-CN":"班多兰","tr":"Bundoran","ru":"Бандоран","uk":"Бандоран","pl":"Bundoran","hi":"बुंदोरान","ar":"بوندوران"},"wikiDataId":"Q1009405"},{"id":57145,"name":"Carndonagh","state_id":1086,"state_code":"U","state_name":"Ulster","country_id":105,"country_code":"IE","country_name":"Ireland","latitude":"55.25000000","longitude":"-7.26667000","native":"Carndonagh","type":"city","level":null,"parent_id":null,"population":2471,"timezone":"Europe/Dublin","translations":{"br":"Carndonagh","ko":"카른도나흐","pt-BR":"Carndonagh","pt":"Carndonagh","nl":"Carndonagh","hr":"Carndonagh","fa":"کاردوناگ","de":"Carndonagh","es":"Carndonagh","fr":"Carndonagh","ja":"カーンドナ","it":"Carndonagh","zh-CN":"卡恩多纳","tr":"Carndonagh","ru":"Карндонаг","uk":"Карндона","pl":"Carndonagh","hi":"कार्नडोनाघ","ar":"كارندونا"},"wikiDataId":"Q1043934"},{"id":57149,"name":"Carrickmacross","state_id":1086,"state_code":"U","state_name":"Ulster","country_id":105,"country_code":"IE","country_name":"Ireland","latitude":"53.97278000","longitude":"-6.71889000","native":"Carrickmacross","type":"city","level":null,"parent_id":null,"population":5032,"timezone":"Europe/Dublin","translations":{"br":"Carrickmacross","ko":"캐릭마크로스","pt-BR":"Carrickmacross","pt":"Carrickmacross","nl":"Carrickmacross","hr":"Carrickmacross","fa":"کریک مکراس","de":"Carrickmacross","es":"Carrickmacross","fr":"Carrickmacross","ja":"キャリックマクロス","it":"Carrickmacross","zh-CN":"卡里克马克罗斯","tr":"Carrickmacross","ru":"Каррикмакросс","uk":"Каррікмакросс","pl":"Carrickmacross","hi":"कैरिकमैक्रॉस","ar":"كاريكماكروس"},"wikiDataId":"Q1002776"},{"id":57155,"name":"Castleblayney","state_id":1086,"state_code":"U","state_name":"Ulster","country_id":105,"country_code":"IE","country_name":"Ireland","latitude":"54.11667000","longitude":"-6.73333000","native":"Castleblayney","type":"city","level":null,"parent_id":null,"population":3607,"timezone":"Europe/Dublin","translations":{"br":"CastleBlayney","ko":"캐슬블레이니","pt-BR":"Castleblayney","pt":"Castleblayney","nl":"Castleblayney","hr":"Castleblayney","fa":"کسل‌بلینی","de":"Castleblayney","es":"Castleblayney","fr":"Castleblayney","ja":"キャッスルブレイニー","it":"Castleblayney","zh-CN":"卡斯尔布莱尼","tr":"Castleblayney","ru":"Каслблейни","uk":"Каслблейні","pl":"Castleblayney","hi":"कैसलब्लेनी","ar":"كاسلبلايني"},"wikiDataId":"Q2528834"},{"id":57166,"name":"Cavan","state_id":1086,"state_code":"U","state_name":"Ulster","country_id":105,"country_code":"IE","country_name":"Ireland","latitude":"53.99083000","longitude":"-7.36056000","native":"Cavan","type":"adm2","level":null,"parent_id":null,"population":6388,"timezone":"Europe/Dublin","translations":{"br":"Cavan","ko":"캐번","pt-BR":"Cavan","pt":"Cavan","nl":"Cavan","hr":"Cavan","fa":"کاوان","de":"Cavan","es":"Cavan","fr":"Cavan","ja":"キャバン","it":"Cavan","zh-CN":"卡文","tr":"Cavan","ru":"Каван","uk":"Каван","pl":"Cavan","hi":"कैवन","ar":"كافان"},"wikiDataId":"Q215361"},{"id":57182,"name":"Clones","state_id":1086,"state_code":"U","state_name":"Ulster","country_id":105,"country_code":"IE","country_name":"Ireland","latitude":"54.18333000","longitude":"-7.23333000","native":"Clones","type":"city","level":null,"parent_id":null,"population":1885,"timezone":"Europe/Dublin","translations":{"br":"Klonoù","ko":"클론","pt-BR":"Clones","pt":"Clones","nl":"Klonen","hr":"Klonovi","fa":"کلون‌ها","de":"Klone","es":"Clones","fr":"Clones","ja":"クローン","it":"Cloni","zh-CN":"克隆","tr":"Klonlar","ru":"Клоны","uk":"Клони","pl":"Klony","hi":"क्लोन","ar":"استنساخ"},"wikiDataId":"Q1102275"},{"id":57189,"name":"Convoy","state_id":1086,"state_code":"U","state_name":"Ulster","country_id":105,"country_code":"IE","country_name":"Ireland","latitude":"54.86083000","longitude":"-7.66556000","native":"Convoy","type":"city","level":null,"parent_id":null,"population":1526,"timezone":"Europe/Dublin","translations":{"br":"Konvoi","ko":"호송","pt-BR":"Comboio","pt":"Comboio","nl":"Konvooi","hr":"Konvoj","fa":"کاروان","de":"Konvoi","es":"Convoy","fr":"Convoi","ja":"コンボイ","it":"Convoglio","zh-CN":"护航","tr":"Konvoy","ru":"Конвой","uk":"Конвой","pl":"Konwój","hi":"काफिले","ar":"قافلة"},"wikiDataId":"Q2436580"},{"id":57191,"name":"Cootehill","state_id":1086,"state_code":"U","state_name":"Ulster","country_id":105,"country_code":"IE","country_name":"Ireland","latitude":"54.07250000","longitude":"-7.08194000","native":"Cootehill","type":"city","level":null,"parent_id":null,"population":1892,"timezone":"Europe/Dublin","translations":{"br":"Cootehill","ko":"쿠테힐","pt-BR":"Cootehill","pt":"Cootehill","nl":"Cootehill","hr":"Cootehill","fa":"کوت‌هیل","de":"Cootehill","es":"Cootehill","fr":"Cootehill","ja":"クートヒル","it":"Cootehill","zh-CN":"库特希尔","tr":"Cootehill","ru":"Кутхилл","uk":"Кутхілл","pl":"Cootehill","hi":"कूटेहिल","ar":"كوتيهيل"},"wikiDataId":"Q2114237"},{"id":57196,"name":"County Donegal","state_id":1086,"state_code":"U","state_name":"Ulster","country_id":105,"country_code":"IE","country_name":"Ireland","latitude":"54.91667000","longitude":"-8.00000000","native":"County Donegal","type":"city","level":null,"parent_id":null,"population":159192,"timezone":"Europe/Dublin","translations":{"br":"Kontelezh Donegal","ko":"도네갈 카운티","pt-BR":"Condado de Donegal","pt":"Condado de Donegal","nl":"Graafschap Donegal","hr":"Okrug Donegal","fa":"شهرستان دانگال","de":"Grafschaft Donegal","es":"Condado de Donegal","fr":"Comté de Donegal","ja":"ドニゴール州","it":"Contea di Donegal","zh-CN":"多尼戈尔郡","tr":"Donegal Kontluğu","ru":"Графство Донегол","uk":"Графство Донегол","pl":"Hrabstwo Donegal","hi":"काउंटी डोनेगल","ar":"مقاطعة دونيجال"},"wikiDataId":"Q179424"},{"id":57199,"name":"County Monaghan","state_id":1086,"state_code":"U","state_name":"Ulster","country_id":105,"country_code":"IE","country_name":"Ireland","latitude":"54.25000000","longitude":"-7.00000000","native":"County Monaghan","type":"city","level":null,"parent_id":null,"population":60483,"timezone":"Europe/Dublin","translations":{"br":"Kontelezh Monaghan","ko":"모나한 카운티","pt-BR":"Condado de Monaghan","pt":"Condado de Monaghan","nl":"Graafschap Monaghan","hr":"Okrug Monaghan","fa":"شهرستان موناهان","de":"Grafschaft Monaghan","es":"Condado de Monaghan","fr":"Comté de Monaghan","ja":"モナハン州","it":"Contea di Monaghan","zh-CN":"莫纳亨郡","tr":"Monaghan İlçesi","ru":"Графство Монаган","uk":"Округ Монаган","pl":"Hrabstwo Monaghan","hi":"काउंटी मोनाघन","ar":"مقاطعة موناجان"},"wikiDataId":"Q184760"},{"id":57211,"name":"Derrybeg","state_id":1086,"state_code":"U","state_name":"Ulster","country_id":105,"country_code":"IE","country_name":"Ireland","latitude":"55.08333000","longitude":"-8.28944000","native":"Derrybeg","type":"city","level":null,"parent_id":null,"population":1553,"timezone":"Europe/Dublin","translations":{"br":"Derrybeg","ko":"데리베그","pt-BR":"Derrybeg","pt":"Derrybeg","nl":"Derrybeg","hr":"Derrybeg","fa":"دریبگ","de":"Derrybeg","es":"Derrybeg","fr":"Derrybeg","ja":"デリーベグ","it":"Derrybeg","zh-CN":"德里贝格","tr":"Derrybeg","ru":"Деррибег","uk":"Деррібег","pl":"Derrybeg","hi":"डेरीबेग","ar":"ديربيج"},"wikiDataId":"Q682928"},{"id":57216,"name":"Donegal","state_id":1086,"state_code":"U","state_name":"Ulster","country_id":105,"country_code":"IE","country_name":"Ireland","latitude":"54.65378000","longitude":"-8.11134000","native":"Donegal","type":"city","level":null,"parent_id":null,"population":2618,"timezone":"Europe/Dublin","translations":{"br":"Donegal","ko":"도네갈","pt-BR":"Donegal","pt":"Donegal","nl":"Donegal","hr":"Donegal","fa":"دانگال","de":"Donegal","es":"Donegal","fr":"Donegal","ja":"ドニゴール","it":"Donegal","zh-CN":"多尼戈尔","tr":"Donegal","ru":"Донегол","uk":"Донегол","pl":"Donegal","hi":"डोनेगल","ar":"دونيجال"},"wikiDataId":"Q855330"},{"id":57230,"name":"Dungloe","state_id":1086,"state_code":"U","state_name":"Ulster","country_id":105,"country_code":"IE","country_name":"Ireland","latitude":"54.95111000","longitude":"-8.35917000","native":"Dungloe","type":"city","level":null,"parent_id":null,"population":1164,"timezone":"Europe/Dublin","translations":{"br":"Dungloe","ko":"던글로","pt-BR":"Dungloe","pt":"Dungloe","nl":"Dungloe","hr":"Dungloe","fa":"دانگلو","de":"Dungloe","es":"Dungloe","fr":"Dungloe","ja":"ダングルー","it":"Dungloe","zh-CN":"邓格洛","tr":"Dungloe","ru":"Данглоу","uk":"Данглоу","pl":"Dungloe","hi":"Dungloe","ar":"دونجلو"},"wikiDataId":"Q1265808"},{"id":57232,"name":"Dunlewy","state_id":1086,"state_code":"U","state_name":"Ulster","country_id":105,"country_code":"IE","country_name":"Ireland","latitude":"55.01667000","longitude":"-8.10000000","native":"Dunlewy","type":"city","level":null,"parent_id":null,"population":3400,"timezone":"Europe/Dublin","translations":{"br":"Dunlewy","ko":"던루이","pt-BR":"Dunlewy","pt":"Dunlewy","nl":"Dunlewy","hr":"Dunlewy","fa":"دانلوی","de":"Dunlewy","es":"Dunlewy","fr":"Dunlewy","ja":"ダンレウィ","it":"Dunlewy","zh-CN":"邓利维","tr":"Dunlewy","ru":"Данлеви","uk":"Данлеві","pl":"Dunlewy","hi":"डनलेवी","ar":"دونلوي"},"wikiDataId":"Q1265808"},{"id":57264,"name":"Gweedore","state_id":1086,"state_code":"U","state_name":"Ulster","country_id":105,"country_code":"IE","country_name":"Ireland","latitude":"55.05028000","longitude":"-8.23194000","native":"Gweedore","type":"city","level":null,"parent_id":null,"population":4200,"timezone":"Europe/Dublin","translations":{"br":"Gweedore","ko":"귀도어","pt-BR":"Gweedore","pt":"Gweedore","nl":"Gweedore","hr":"Gweedore","fa":"گویدور","de":"Gweedore","es":"Gweedore","fr":"Gweedore","ja":"グウィドー","it":"Gweedore","zh-CN":"格威多尔","tr":"Gweedore","ru":"Гвидор","uk":"Гвідор","pl":"Gweedore","hi":"ग्वेडोर","ar":"جويدور"},"wikiDataId":"Q693164"},{"id":57285,"name":"Killybegs","state_id":1086,"state_code":"U","state_name":"Ulster","country_id":105,"country_code":"IE","country_name":"Ireland","latitude":"54.63333000","longitude":"-8.45000000","native":"Killybegs","type":"city","level":null,"parent_id":null,"population":1280,"timezone":"Europe/Dublin","translations":{"br":"Killybegs","ko":"킬리벡스","pt-BR":"Killybegs","pt":"Killybegs","nl":"Killybegs","hr":"Killybegs","fa":"کیلی‌بگز","de":"Killybegs","es":"Killybegs","fr":"Killybegs","ja":"キリーベグス","it":"Killybegs","zh-CN":"基利贝格斯","tr":"Killybegs","ru":"Киллибегс","uk":"Кіллібегс","pl":"Killybegs","hi":"किलीबेग्स","ar":"كيليبيغز"},"wikiDataId":"Q1741405"},{"id":57292,"name":"Kingscourt","state_id":1086,"state_code":"U","state_name":"Ulster","country_id":105,"country_code":"IE","country_name":"Ireland","latitude":"53.90806000","longitude":"-6.80556000","native":"Kingscourt","type":"city","level":null,"parent_id":null,"population":2499,"timezone":"Europe/Dublin","translations":{"br":"Kingscourt","ko":"킹스코트","pt-BR":"Kingscourt","pt":"Kingscourt","nl":"Kingscourt","hr":"Kingscourt","fa":"کینگزکورت","de":"Kingscourt","es":"Kingscourt","fr":"Kingscourt","ja":"キングスコート","it":"Corte Reale","zh-CN":"金斯科特","tr":"Kingscourt","ru":"Кингскорт","uk":"Кінгскорт","pl":"Kingscourt","hi":"Kingscourt","ar":"كينغسكورت"},"wikiDataId":"Q2269536"},{"id":57301,"name":"Leifear","state_id":1086,"state_code":"U","state_name":"Ulster","country_id":105,"country_code":"IE","country_name":"Ireland","latitude":"54.83194000","longitude":"-7.48361000","native":"Lifford","type":"adm2","level":null,"parent_id":null,"population":1658,"timezone":"Europe/Dublin","translations":{"br":"Leifear","ko":"레이피어","pt-BR":"Leifear","pt":"Leifear","nl":"Leifear","hr":"Leifear","fa":"لیفیر","de":"Leifear","es":"Leifear","fr":"Leifear","ja":"レイフィア","it":"Leifear","zh-CN":"莱菲尔","tr":"Leifear","ru":"Лейфир","uk":"Лейфер","pl":"Leifear","hi":"लीफ़ियर","ar":"ليفير"},"wikiDataId":"Q844546"},{"id":57303,"name":"Letterkenny","state_id":1086,"state_code":"U","state_name":"Ulster","country_id":105,"country_code":"IE","country_name":"Ireland","latitude":"54.95000000","longitude":"-7.73333000","native":"Letterkenny","type":"city","level":null,"parent_id":null,"population":19274,"timezone":"Europe/Dublin","translations":{"br":"Letterkenny","ko":"레터케니","pt-BR":"Letterkenny","pt":"Letterkenny","nl":"Letterkenny","hr":"Letterkenny","fa":"لترکنی","de":"Letterkenny","es":"Letterkenny","fr":"Letterkenny","ja":"レターケニー","it":"Letterkenny","zh-CN":"莱特肯尼","tr":"Letterkenny","ru":"Леттеркенни","uk":"Леттеркенні","pl":"Letterkenny","hi":"Letterkenny","ar":"ليتركيني"},"wikiDataId":"Q952497"},{"id":57327,"name":"Monaghan","state_id":1086,"state_code":"U","state_name":"Ulster","country_id":105,"country_code":"IE","country_name":"Ireland","latitude":"54.25000000","longitude":"-6.96667000","native":"Monaghan","type":"adm1","level":null,"parent_id":null,"population":7894,"timezone":"Europe/Dublin","translations":{"br":"Monaghan","ko":"모나한","pt-BR":"Monaghan","pt":"Monaghan","nl":"Monaghan","hr":"Monaghan","fa":"موناهان","de":"Monaghan","es":"Monaghan","fr":"Monaghan","ja":"モナハン","it":"Monaghan","zh-CN":"莫纳汉","tr":"Monaghan","ru":"Монаган","uk":"Монаган","pl":"Monaghan","hi":"मोनाघन","ar":"موناجان"},"wikiDataId":"Q373901"},{"id":57336,"name":"Moville","state_id":1086,"state_code":"U","state_name":"Ulster","country_id":105,"country_code":"IE","country_name":"Ireland","latitude":"55.19153000","longitude":"-7.03873000","native":"Moville","type":"city","level":null,"parent_id":null,"population":1481,"timezone":"Europe/Dublin","translations":{"br":"Moville","ko":"모빌","pt-BR":"Moville","pt":"Moville","nl":"Moville","hr":"Moville","fa":"موویل","de":"Moville","es":"Moville","fr":"Moville","ja":"モヴィル","it":"Moville","zh-CN":"莫维尔","tr":"Moville","ru":"Мовилл","uk":"Мовіль","pl":"Moville","hi":"मोविल","ar":"موفيل"},"wikiDataId":"Q915423"},{"id":57339,"name":"Muff","state_id":1086,"state_code":"U","state_name":"Ulster","country_id":105,"country_code":"IE","country_name":"Ireland","latitude":"55.06667000","longitude":"-7.26667000","native":"Muff","type":"city","level":null,"parent_id":null,"population":1226,"timezone":"Europe/Dublin","translations":{"br":"Muff","ko":"받다가 놓치다","pt-BR":"Muff","pt":"Muff","nl":"Mof","hr":"Muf","fa":"ماف","de":"Muff","es":"Manguito","fr":"Manchon","ja":"マフ","it":"Manicotto","zh-CN":"毛筒","tr":"Muff","ru":"Муфта","uk":"Мафф","pl":"Mufka","hi":"चूक","ar":"موف"},"wikiDataId":"Q659902"},{"id":57340,"name":"Mullagh","state_id":1086,"state_code":"U","state_name":"Ulster","country_id":105,"country_code":"IE","country_name":"Ireland","latitude":"53.81306000","longitude":"-6.95139000","native":"Mullagh","type":"city","level":null,"parent_id":null,"population":1137,"timezone":"Europe/Dublin","translations":{"br":"Mullagh","ko":"물라흐","pt-BR":"Mullagh","pt":"Mullagh","nl":"Mullagh","hr":"Mullagh","fa":"مولاغ","de":"Mullagh","es":"Mullagh","fr":"Mullagh","ja":"ムラ","it":"Mullagh","zh-CN":"穆拉","tr":"Mullagh","ru":"Муллах","uk":"Муллаг","pl":"Mullagh","hi":"मुल्लाघ","ar":"مولاغ"},"wikiDataId":"Q401068"},{"id":57350,"name":"Newtown Cunningham","state_id":1086,"state_code":"U","state_name":"Ulster","country_id":105,"country_code":"IE","country_name":"Ireland","latitude":"54.99639000","longitude":"-7.51917000","native":"Newtown Cunningham","type":"city","level":null,"parent_id":null,"population":1067,"timezone":"Europe/Dublin","translations":{"br":"Newtown Cunningham","ko":"뉴타운 커닝햄","pt-BR":"Newtown Cunningham","pt":"Newtown Cunningham","nl":"Newtown Cunningham","hr":"Newtown Cunningham","fa":"نیوتاون کانینگهام","de":"Newtown Cunningham","es":"Newtown Cunningham","fr":"Newtown Cunningham","ja":"ニュータウン・カニンガム","it":"Newtown Cunningham","zh-CN":"纽敦坎宁安","tr":"Newtown Cunningham","ru":"Ньютаун Каннингем","uk":"Ньютаун Каннінгем","pl":"Newtown Cunningham","hi":"न्यूटाउन कनिंघम","ar":"نيوتاون كانينغهام"},"wikiDataId":"Q2566352"},{"id":57369,"name":"Ramelton","state_id":1086,"state_code":"U","state_name":"Ulster","country_id":105,"country_code":"IE","country_name":"Ireland","latitude":"55.03673000","longitude":"-7.64923000","native":"Ramelton","type":"city","level":null,"parent_id":null,"population":1266,"timezone":"Europe/Dublin","translations":{"br":"Ramelton","ko":"라멜튼","pt-BR":"Ramelton","pt":"Ramelton","nl":"Ramelton","hr":"Ramelton","fa":"راملتون","de":"Ramelton","es":"Ramelton","fr":"Ramelton","ja":"ラメルトン","it":"Ramelton","zh-CN":"拉梅尔顿","tr":"Ramelton","ru":"Рамелтон","uk":"Рамелтон","pl":"Ramelton","hi":"रामेल्टन","ar":"راملتون"},"wikiDataId":"Q2078143"},{"id":57370,"name":"Raphoe","state_id":1086,"state_code":"U","state_name":"Ulster","country_id":105,"country_code":"IE","country_name":"Ireland","latitude":"54.87472000","longitude":"-7.59833000","native":"Raphoe","type":"city","level":null,"parent_id":null,"population":1157,"timezone":"Europe/Dublin","translations":{"br":"Raphoe","ko":"라포","pt-BR":"Raphoe","pt":"Raphoe","nl":"Raphoe","hr":"Raphoe","fa":"رافو","de":"Raphoe","es":"Rapho","fr":"Raphoé","ja":"ラフォー","it":"Raphoe","zh-CN":"拉福","tr":"Raphoe","ru":"Рафо","uk":"Рафо","pl":"Raphoe","hi":"राफो","ar":"رافو"},"wikiDataId":"Q1025561"},{"id":57427,"name":"Virginia","state_id":1086,"state_code":"U","state_name":"Ulster","country_id":105,"country_code":"IE","country_name":"Ireland","latitude":"53.83389000","longitude":"-7.07556000","native":"Virginia","type":"city","level":null,"parent_id":null,"population":2648,"timezone":"Europe/Dublin","translations":{"br":"Virginia","ko":"여자 이름","pt-BR":"Virgínia","pt":"Virgínia","nl":"Virginia","hr":"Virginia","fa":"ویرجینیا","de":"Virginia","es":"Virginia","fr":"Virginie","ja":"バージニア州","it":"Virginia","zh-CN":"弗吉尼亚州","tr":"Virginia","ru":"Вирджиния","uk":"Вірджинія","pl":"Wirginia","hi":"वर्जीनिया","ar":"فرجينيا"},"wikiDataId":"Q255427"}]