{"id":38587,"name":"Addis Ababa","state_id":11,"state_code":"AA","state_name":"Addis Ababa","country_id":70,"country_code":"ET","country_name":"Ethiopia","latitude":"9.02497000","longitude":"38.74689000","native":"አዲስ አበባ","type":"capital","level":null,"parent_id":null,"population":3860000,"timezone":"Africa/Addis_Ababa","translations":{"br":"Addis Abeba","ko":"아디스 아바바","pt-BR":"Adis Abeba","pt":"Adis Abeba","nl":"Addis Abeba","hr":"Adis Abeba","fa":"آدیس آبابا","de":"Addis Abeba","es":"Adís Abeba","fr":"Addis-Abeba","ja":"アディスアベバ","it":"Addis Abeba","zh-CN":"亚的斯亚贝巴","tr":"Addis Ababa","ru":"Аддис-Абеба","uk":"Аддис-Абеба","pl":"Addis Abeba","hi":"अदीस अबाबा","ar":"أديس أبابا"},"wikiDataId":"Q3624"}