{"id":67758,"name":"Attard","state_id":110,"state_code":"01","state_name":"Attard","country_id":135,"country_code":"MT","country_name":"Malta","latitude":"35.88972000","longitude":"14.44250000","native":"Attard","type":"adm1","level":null,"parent_id":null,"population":12268,"timezone":"Europe/Malta","translations":{"ar":"أتارد","br":"Attard","de":"Attard","es":"Attard","fa":"آتارد","fr":"Attard","hi":"अटार्ड","hr":"Attard","it":"Attard","ja":"アタード","ko":"아타드","nl":"Attard","pl":"Attard","pt":"Attard","pt-BR":"Attard","ru":"Аттард","tr":"Attard","uk":"Аттард","zh-CN":"阿塔德"},"wikiDataId":"Q44557"}