[{"id":31260,"name":"Ben Mehidi","state_id":1100,"state_code":"36","state_name":"El Tarf","country_id":4,"country_code":"DZ","country_name":"Algeria","latitude":"36.76967000","longitude":"7.90641000","native":"بن مهدي","type":"city","level":null,"parent_id":null,"population":28398,"timezone":"Africa/Algiers","translations":{"br":"Ben Mehidi","ko":"벤 메히디","pt-BR":"Ben Mehidi","pt":"Ben Mehidi","nl":"Ben Mehidi","hr":"Ben Mehidi","fa":"بن مهدی","de":"Ben Mehidi","es":"Ben Mehidi","fr":"Ben Mehidi","ja":"ベン・メヒディ","it":"Ben Mehidi","zh-CN":"本·迈希迪","tr":"Ben Mehidi","ru":"Бен Мехиди","uk":"Бен Мехіді","pl":"Ben Mehidi","hi":"बेन मेहदी","ar":"بن مهدي"},"wikiDataId":"Q253342"},{"id":31270,"name":"Besbes","state_id":1100,"state_code":"36","state_name":"El Tarf","country_id":4,"country_code":"DZ","country_name":"Algeria","latitude":"36.70222000","longitude":"7.84722000","native":"بسبيس","type":"city","level":null,"parent_id":null,"population":66287,"timezone":"Africa/Algiers","translations":{"br":"Besbes","ko":"베스베스","pt-BR":"Besbes","pt":"Besbes","nl":"Besbes","hr":"Besbes","fa":"بسبس","de":"Besbes","es":"Besbes","fr":"Besbes","ja":"ベスベス","it":"Besbes","zh-CN":"贝斯贝斯","tr":"Besbes","ru":"Бесбес","uk":"Бесбес","pl":"Besbes","hi":"बेस्बेस","ar":"بسبيس"},"wikiDataId":"Q1649634"},{"id":31337,"name":"El Kala","state_id":1100,"state_code":"36","state_name":"El Tarf","country_id":4,"country_code":"DZ","country_name":"Algeria","latitude":"36.89556000","longitude":"8.44333000","native":"الكالا","type":"city","level":null,"parent_id":null,"population":35449,"timezone":"Africa/Algiers","translations":{"br":"El Kala","ko":"엘 칼라","pt-BR":"El Kala","pt":"El Kala","nl":"El Kala","hr":"El Kala","fa":"ال کالا","de":"El Kala","es":"El Kala","fr":"El Kala","ja":"エル・カラ","it":"El Kala","zh-CN":"埃尔卡拉","tr":"El Kala","ru":"Эль Кала","uk":"Ель-Кала","pl":"El Kala","hi":"एल काला","ar":"الكالا"},"wikiDataId":"Q3050005"},{"id":31342,"name":"El Tarf","state_id":1100,"state_code":"36","state_name":"El Tarf","country_id":4,"country_code":"DZ","country_name":"Algeria","latitude":"36.76720000","longitude":"8.31377000","native":"الطارف","type":"adm1","level":null,"parent_id":null,"population":13346,"timezone":"Africa/Algiers","translations":{"br":"El Tarf","ko":"엘 타르프","pt-BR":"El Tarf","pt":"El Tarf","nl":"El Tarf","hr":"El Tarf","fa":"ال طرف","de":"El Tarf","es":"El Tarf","fr":"Le Tarf","ja":"エル・タルフ","it":"El Tarf","zh-CN":"埃尔塔夫","tr":"El Tarf","ru":"Эль Тарф","uk":"Ель-Тарф","pl":"El Tarf","hi":"एल तरफ़","ar":"الطارف"},"wikiDataId":"Q770653"}]