{"id":31359,"name":"Jijel","state_id":1113,"state_code":"18","state_name":"Jijel","country_id":4,"country_code":"DZ","country_name":"Algeria","latitude":"36.82055000","longitude":"5.76671000","native":"جيجل","type":"adm1","level":null,"parent_id":null,"population":131513,"timezone":"Africa/Algiers","translations":{"br":"Jijel","ko":"지젤","pt-BR":"Jijel","pt":"Jijel","nl":"Jijel","hr":"Džidžel","fa":"جیجل","de":"Jijel","es":"Jijel","fr":"Jijel","ja":"ジジェル","it":"Jijel","zh-CN":"吉杰勒","tr":"Jijel","ru":"Джиджель","uk":"Джиджель","pl":"Dżidżil","hi":"जिजेल","ar":"جيجل"},"wikiDataId":"Q402726"}