[{"id":31275,"name":"Biskra","state_id":1114,"state_code":"07","state_name":"Biskra","country_id":4,"country_code":"DZ","country_name":"Algeria","latitude":"34.85038000","longitude":"5.72805000","native":"بسكرة","type":"adm1","level":null,"parent_id":null,"population":204661,"timezone":"Africa/Algiers","translations":{"br":"Biskra","ko":"비스크라","pt-BR":"Biskra","pt":"Biskra","nl":"Biskra","hr":"Biskra","fa":"بیسکرا","de":"Biskra","es":"Biskra","fr":"Biskra","ja":"ビスクラ","it":"Biskra","zh-CN":"比斯克拉","tr":"Biskra","ru":"Бискра","uk":"Біскра","pl":"Biskra","hi":"बिस्क्रा","ar":"بسكرة"},"wikiDataId":"Q312759"},{"id":31405,"name":"Oumache","state_id":1114,"state_code":"07","state_name":"Biskra","country_id":4,"country_code":"DZ","country_name":"Algeria","latitude":"34.69292000","longitude":"5.68092000","native":"أوماتشي","type":"city","level":null,"parent_id":null,"population":10424,"timezone":"Africa/Algiers","translations":{"br":"Oumache","ko":"우마체","pt-BR":"Oumache","pt":"Oumache","nl":"Oumache","hr":"Oumache","fa":"اوماچه","de":"Oumache","es":"Oumache","fr":"Oumache","ja":"ウマッシュ","it":"Ahimè","zh-CN":"乌马什","tr":"Umacı","ru":"Умаш","uk":"Умаче","pl":"Oumache","hi":"ओउमाचे","ar":"أوماتشي"},"wikiDataId":"Q3358295"},{"id":31427,"name":"Sidi Khaled","state_id":1114,"state_code":"07","state_name":"Biskra","country_id":4,"country_code":"DZ","country_name":"Algeria","latitude":"34.38700000","longitude":"4.98785000","native":"سيدي خالد","type":"city","level":null,"parent_id":null,"population":38987,"timezone":"Africa/Algiers","translations":{"br":"Sidi Khaled","ko":"시디 칼레드","pt-BR":"Sidi Khaled","pt":"Sidi Khaled","nl":"Sidi Khaled","hr":"Sidi Khaled","fa":"سیدی خالد","de":"Sidi Khaled","es":"Sidi Khaled","fr":"Sidi Khaled","ja":"シディ・ハレド","it":"Sidi Khaled","zh-CN":"西迪·哈立德","tr":"Sidi Halid","ru":"Сиди Халед","uk":"Сіді Халед","pl":"Sidi Khaled","hi":"सिदी खालिद","ar":"سيدي خالد"},"wikiDataId":"Q2215511"},{"id":31430,"name":"Sidi Okba","state_id":1114,"state_code":"07","state_name":"Biskra","country_id":4,"country_code":"DZ","country_name":"Algeria","latitude":"34.74512000","longitude":"5.89833000","native":"سيدي عقبة","type":"city","level":null,"parent_id":null,"population":29499,"timezone":"Africa/Algiers","translations":{"br":"Sidi Okba","ko":"시디 오크바","pt-BR":"Sidi Okba","pt":"Sidi Okba","nl":"Sidi Okba","hr":"Sidi Okba","fa":"سیدی اوکبا","de":"Sidi Okba","es":"Sidi Okba","fr":"Sidi Okba","ja":"シディ・オクバ","it":"Sidi Okba","zh-CN":"西迪·奥克巴","tr":"Sidi Okba","ru":"Сиди Окба","uk":"Сіді Окба","pl":"Sidi Okba","hi":"सिदी ओकबा","ar":"سيدي عقبة"},"wikiDataId":"Q2215485"},{"id":31461,"name":"Tolga","state_id":1114,"state_code":"07","state_name":"Biskra","country_id":4,"country_code":"DZ","country_name":"Algeria","latitude":"34.72224000","longitude":"5.37845000","native":"تولغا","type":"city","level":null,"parent_id":null,"population":50575,"timezone":"Africa/Algiers","translations":{"br":"Tolga","ko":"톨가","pt-BR":"Tolga","pt":"Tolga","nl":"Tolga","hr":"Tolga","fa":"تولگا","de":"Tolga","es":"Tolga","fr":"Tolga","ja":"トルガ","it":"Tolga","zh-CN":"托尔加","tr":"Tolga","ru":"Толга","uk":"Толга","pl":"Tolga","hi":"तोल्गा","ar":"تولغا"},"wikiDataId":"Q2280394"},{"id":31466,"name":"Zeribet el Oued","state_id":1114,"state_code":"07","state_name":"Biskra","country_id":4,"country_code":"DZ","country_name":"Algeria","latitude":"34.68284000","longitude":"6.51109000","native":"زريبة الواد","type":"city","level":null,"parent_id":null,"population":23187,"timezone":"Africa/Algiers","translations":{"br":"Zeribet el Oued","ko":"제리벳 엘 우에드","pt-BR":"Zeribet el Oued","pt":"Zeribet el Oued","nl":"Zeribet el Oued","hr":"Zeribet el Oued","fa":"زریبت الواد","de":"Zeribet el Oued","es":"Zeribet el Oued","fr":"Zéribet el Oued","ja":"ゼリベット・エル・ウエド","it":"Zeribet el Oued","zh-CN":"泽里贝特·埃尔·乌德","tr":"Zeribet el Oued","ru":"Зерибет-эль-Уэд","uk":"Зерібет-ель-Уед","pl":"Zeribet el Oued","hi":"ज़ेरिबेट एल औएड","ar":"زريبة الواد"},"wikiDataId":"Q3575264"}]