[{"id":31227,"name":"Adrar","state_id":1118,"state_code":"01","state_name":"Adrar","country_id":4,"country_code":"DZ","country_name":"Algeria","latitude":"27.87429000","longitude":"-0.29388000","native":"أدرار","type":"adm1","level":null,"parent_id":null,"population":68276,"timezone":"Africa/Algiers","translations":{"br":"Adrar","ko":"아드라르","pt-BR":"Adrar","pt":"Adrar","nl":"Adrar","hr":"Adrar","fa":"آدار","de":"Adrar","es":"Adrar","fr":"Adrar","ja":"アドラル","it":"Adrar","zh-CN":"阿德拉尔","tr":"Adrar","ru":"Адрар","uk":"Адрар","pl":"Adrar","hi":"अदरार","ar":"أدرار"},"wikiDataId":"Q251181"},{"id":31234,"name":"Aoulef","state_id":1118,"state_code":"01","state_name":"Adrar","country_id":4,"country_code":"DZ","country_name":"Algeria","latitude":"26.96667000","longitude":"1.08333000","native":"أولف","type":"city","level":null,"parent_id":null,"population":21723,"timezone":"Africa/Algiers","translations":{"br":"Aoulef","ko":"아울레프","pt-BR":"Aoulef","pt":"Aoulef","nl":"Aoulef","hr":"Aoulef","fa":"آولف","de":"Aoulef","es":"Aoulef","fr":"Aoulef","ja":"アウレフ","it":"Aoulef","zh-CN":"奥莱夫","tr":"Aoulef","ru":"Аулеф","uk":"Аулеф","pl":"Aoulef","hi":"औलेफ़","ar":"أولف"},"wikiDataId":"Q602548"},{"id":31406,"name":"Reggane","state_id":1118,"state_code":"01","state_name":"Adrar","country_id":4,"country_code":"DZ","country_name":"Algeria","latitude":"26.71576000","longitude":"0.17140000","native":"رقان","type":"city","level":null,"parent_id":null,"population":32974,"timezone":"Africa/Algiers","translations":{"br":"Reggane","ko":"레간","pt-BR":"Reggane","pt":"Reggane","nl":"Reggane","hr":"Reggane","fa":"رگگان","de":"Reggane","es":"Reggane","fr":"Reggane","ja":"レガーネ","it":"Reggane","zh-CN":"雷甘","tr":"Reggane","ru":"Регган","uk":"Реґґан","pl":"Reggane","hi":"रेग्ने","ar":"رقان"},"wikiDataId":"Q582905"},{"id":31450,"name":"Timimoun","state_id":1118,"state_code":"01","state_name":"Adrar","country_id":4,"country_code":"DZ","country_name":"Algeria","latitude":"29.26388000","longitude":"0.23098000","native":"تيميمون","type":"adm1","level":null,"parent_id":null,"population":33060,"timezone":"Africa/Algiers","translations":{"br":"Timimoun","ko":"티미문","pt-BR":"Timimoun","pt":"Timimoun","nl":"Timimoun","hr":"Timimoun","fa":"تیمیمون","de":"Timimoun","es":"Timimoun","fr":"Timimoun","ja":"ティミムン","it":"Timimoun","zh-CN":"蒂米蒙","tr":"Timimoun","ru":"Тимимун","uk":"Тімімун","pl":"Timimun","hi":"तिमिमुं","ar":"تيميمون"},"wikiDataId":"Q1021173"}]