[{"id":31282,"name":"Bou Hanifia el Hamamat","state_id":1124,"state_code":"29","state_name":"Mascara","country_id":4,"country_code":"DZ","country_name":"Algeria","latitude":"35.31473000","longitude":"-0.05037000","native":"بو حنيفة الحمامات","type":"city","level":null,"parent_id":null,"population":27576,"timezone":"Africa/Algiers","translations":{"br":"Bou Hanifia el Hamamat","ko":"부 하니피아 엘 하마마트","pt-BR":"Bou Hanifia el Hamamat","pt":"Bou Hanifia el Hamamat","nl":"Bou Hanifia el Hamamat","hr":"Bou Hanifia el Hamamat","fa":"بوحنیفیه حمامات","de":"Bou Hanifia el Hamamat","es":"Bou Hanifia el Hamamat","fr":"Bou Hanifia el Hamamat","ja":"ブー・ハニフィア・エル・ハママット","it":"Bou Hanifia el Hamamat","zh-CN":"布哈尼菲亚·埃尔·哈马马特","tr":"Bou Hanifia el Hamamat","ru":"Бу Ханифия эль Хамамат","uk":"Бу-Ханіфія-ель-Хамамат","pl":"Bou Hanifia el Hamamat","hi":"Bou Hanifia el Hamamat","ar":"بو حنيفة الحمامات"},"wikiDataId":"Q2911890"},{"id":31375,"name":"Mascara","state_id":1124,"state_code":"29","state_name":"Mascara","country_id":4,"country_code":"DZ","country_name":"Algeria","latitude":"35.39664000","longitude":"0.14027000","native":"ماسكارا","type":"adm1","level":null,"parent_id":null,"population":108587,"timezone":"Africa/Algiers","translations":{"br":"Maskara","ko":"마스카라","pt-BR":"Rímel","pt":"Rímel","nl":"Mascara","hr":"Maskara","fa":"ریمل","de":"Wimperntusche","es":"Máscara","fr":"Mascara","ja":"マスカラ","it":"Mascara","zh-CN":"睫毛膏","tr":"Maskara","ru":"Тушь для ресниц","uk":"Туш для вій","pl":"Tusz do rzęs","hi":"मस्कारा","ar":"ماسكارا"},"wikiDataId":"Q545707"},{"id":31400,"name":"Oued el Abtal","state_id":1124,"state_code":"29","state_name":"Mascara","country_id":4,"country_code":"DZ","country_name":"Algeria","latitude":"35.45595000","longitude":"0.68778000","native":"وادي الأبطال","type":"city","level":null,"parent_id":null,"population":22819,"timezone":"Africa/Algiers","translations":{"br":"Oued el Abtal","ko":"우에드 엘 압탈","pt-BR":"Oued el Abtal","pt":"Oued el Abtal","nl":"Oued el Abtal","hr":"Oued el Abtal","fa":"عود الابطل","de":"Oued el Abtal","es":"Oued el Abtal","fr":"Oued el Abtal","ja":"ウエド・エル・アブタル","it":"Oued el Abtal","zh-CN":"瓦迪·埃尔·阿布塔尔","tr":"Oued el Abtal","ru":"Уэд-эль-Абталь","uk":"Уед-ель-Абталь","pl":"Stary Abtal","hi":"औएद एल अबताल","ar":"وادي الأبطال"},"wikiDataId":"Q3358012"},{"id":31433,"name":"Sig","state_id":1124,"state_code":"29","state_name":"Mascara","country_id":4,"country_code":"DZ","country_name":"Algeria","latitude":"35.52832000","longitude":"-0.19369000","native":"سيج","type":"city","level":null,"parent_id":null,"population":61373,"timezone":"Africa/Algiers","translations":{"br":"Sig","ko":"시그","pt-BR":"Assinatura","pt":"Assinatura","nl":"Handtekening","hr":"Sig","fa":"سیگ","de":"Sig","es":"Firma","fr":"Signature","ja":"シグ","it":"Sig","zh-CN":"信号","tr":"İmza","ru":"Подпись","uk":"Підпис","pl":"Sygnatura","hi":"सिग","ar":"سيج"},"wikiDataId":"Q2744832"}]