[{"id":31235,"name":"Arbatache","state_id":1125,"state_code":"35","state_name":"Boumerdès","country_id":4,"country_code":"DZ","country_name":"Algeria","latitude":"36.63773000","longitude":"3.37127000","native":"أرباتاشي","type":"city","level":null,"parent_id":null,"population":17481,"timezone":"Africa/Algiers","translations":{"br":"Arbatache","ko":"아르바타체","pt-BR":"Arbatache","pt":"Arbatache","nl":"Arbatache","hr":"Arbatache","fa":"آرباتاچ","de":"Arbatache","es":"Arbatache","fr":"Arbatache","ja":"アルバタッシュ","it":"Arbatache","zh-CN":"阿尔巴塔什","tr":"Arbatache","ru":"Арбатахе","uk":"Арбаташ","pl":"Arbatache","hi":"अर्बाटाचे","ar":"أرباتاشي"},"wikiDataId":"Q23824843"},{"id":31261,"name":"Beni Amrane","state_id":1125,"state_code":"35","state_name":"Boumerdès","country_id":4,"country_code":"DZ","country_name":"Algeria","latitude":"36.66774000","longitude":"3.59115000","native":"بني عمران","type":"city","level":null,"parent_id":null,"population":18414,"timezone":"Africa/Algiers","translations":{"br":"Beni Amrane","ko":"베니 암란","pt-BR":"Beni Amrane","pt":"Beni Amrane","nl":"Beni Amrane","hr":"Beni Amrane","fa":"بنی عمران","de":"Beni Amrane","es":"Beni Amrane","fr":"Béni Amrane","ja":"ベニ・アムラン","it":"Beni Amrane","zh-CN":"贝尼·阿姆拉内","tr":"Beni Amrane","ru":"Бени Амране","uk":"Бені Амране","pl":"Beni Amrane","hi":"बेनी अमराने","ar":"بني عمران"},"wikiDataId":"Q2223571"},{"id":31286,"name":"Boudouaou","state_id":1125,"state_code":"35","state_name":"Boumerdès","country_id":4,"country_code":"DZ","country_name":"Algeria","latitude":"36.72735000","longitude":"3.40995000","native":"بودواو","type":"city","level":null,"parent_id":null,"population":56398,"timezone":"Africa/Algiers","translations":{"br":"Boudouaou","ko":"부두아우","pt-BR":"Boudouaou","pt":"Boudouaou","nl":"Boudouaou","hr":"Budouaou","fa":"بودوآئو","de":"Boudouaou","es":"Boudouaou","fr":"Boudouaou","ja":"ブドゥアウ","it":"Boudouaou","zh-CN":"布杜瓦乌","tr":"Boudouaou","ru":"Будуау","uk":"Будуау","pl":"Boudouaou","hi":"बौडौआउ","ar":"بودواو"},"wikiDataId":"Q311984"},{"id":31294,"name":"Boumerdas","state_id":1125,"state_code":"35","state_name":"Boumerdès","country_id":4,"country_code":"DZ","country_name":"Algeria","latitude":"36.76639000","longitude":"3.47717000","native":"بومرداس","type":"adm1","level":null,"parent_id":null,"population":28996,"timezone":"Africa/Algiers","translations":{"br":"Boumerdas","ko":"부메르다스","pt-BR":"Boumerdas","pt":"Boumerdas","nl":"Boumerdas","hr":"Boumerdas","fa":"بومرداس","de":"Boumerdas","es":"Boumerdas","fr":"Boumerdas","ja":"ブーメルダス","it":"Boumerdas","zh-CN":"布默达斯","tr":"Boumerdas","ru":"Бумерды","uk":"Бумердас","pl":"Boumerdas","hi":"बौमेर्देस","ar":"بومرداس"},"wikiDataId":"Q770518"},{"id":31299,"name":"Chabet el Ameur","state_id":1125,"state_code":"35","state_name":"Boumerdès","country_id":4,"country_code":"DZ","country_name":"Algeria","latitude":"36.63709000","longitude":"3.69474000","native":"شابيت العامور","type":"city","level":null,"parent_id":null,"population":19522,"timezone":"Africa/Algiers","translations":{"br":"Chabet an Ameur","ko":"샤베트 엘 아므르","pt-BR":"Chabet el Ameur","pt":"Chabet el Ameur","nl":"Chabet el Ameur","hr":"Chabet el Ameur","fa":"چابت العمور","de":"Chabet el Ameur","es":"Chabet el Ameur","fr":"Chabet el Ameur","ja":"シャベット・エル・アムール","it":"Chabet el Ameur","zh-CN":"卡贝特埃尔阿穆尔","tr":"Chabet el Ameur","ru":"Chabet el Ameur","uk":"Чабет-ель-Амер","pl":"Chabet el Ameur","hi":"चाबेट एल अमूर","ar":"شابيت العامور"},"wikiDataId":"Q37926868"},{"id":31314,"name":"Dellys","state_id":1125,"state_code":"35","state_name":"Boumerdès","country_id":4,"country_code":"DZ","country_name":"Algeria","latitude":"36.91716000","longitude":"3.91311000","native":"ديليس","type":"city","level":null,"parent_id":null,"population":32954,"timezone":"Africa/Algiers","translations":{"br":"Dellys","ko":"델리스","pt-BR":"Dellys","pt":"Dellys","nl":"Dellys","hr":"Dellys","fa":"دلیس","de":"Dellys","es":"Dellys","fr":"Dellys","ja":"デリーズ","it":"Dellys","zh-CN":"德利斯","tr":"Dellys","ru":"Деллис","uk":"Делліс","pl":"Dellys","hi":"डेलिस","ar":"ديليس"},"wikiDataId":"Q3021755"},{"id":31362,"name":"Khemis el Khechna","state_id":1125,"state_code":"35","state_name":"Boumerdès","country_id":4,"country_code":"DZ","country_name":"Algeria","latitude":"36.64997000","longitude":"3.33080000","native":"خميس الخشنة","type":"city","level":null,"parent_id":null,"population":46965,"timezone":"Africa/Algiers","translations":{"br":"Khemis el Khechna","ko":"케미스 엘 케크나","pt-BR":"Khemis el Khechna","pt":"Khemis el Khechna","nl":"Khemis el Khechna","hr":"Khemis el Khechna","fa":"خمیس ​​الخچنا","de":"Khemis el Khechna","es":"Khemis el Khechna","fr":"Khémis el Khechna","ja":"ケミス・エル・ケクナ","it":"Khemis el Khechna","zh-CN":"赫米斯·埃尔·赫奇纳","tr":"Khemis el Khechna","ru":"Хемис эль Хечна","uk":"Хеміс-ель-Хечна","pl":"Khemis el Khechna","hi":"खेमिस एल खेचना","ar":"خميس الخشنة"},"wikiDataId":"Q3142813"},{"id":31372,"name":"Makouda","state_id":1125,"state_code":"35","state_name":"Boumerdès","country_id":4,"country_code":"DZ","country_name":"Algeria","latitude":"36.78567000","longitude":"4.06273000","native":"ماكودا","type":"city","level":null,"parent_id":null,"population":34515,"timezone":"Africa/Algiers","translations":{"br":"Makouda","ko":"마쿠다","pt-BR":"Makouda","pt":"Makouda","nl":"Makouda","hr":"Makouda","fa":"ماکودا","de":"Makouda","es":"Makouda","fr":"Makouda","ja":"マコウダ","it":"Makouda","zh-CN":"马库达","tr":"Makouda","ru":"Макуда","uk":"Макуда","pl":"Makouda","hi":"मकौदा","ar":"ماكودا"},"wikiDataId":"Q3280947"},{"id":31393,"name":"Naciria","state_id":1125,"state_code":"35","state_name":"Boumerdès","country_id":4,"country_code":"DZ","country_name":"Algeria","latitude":"36.74625000","longitude":"3.83163000","native":"الناصرية","type":"city","level":null,"parent_id":null,"population":15387,"timezone":"Africa/Algiers","translations":{"br":"Naciria","ko":"나시리아","pt-BR":"Naciria","pt":"Naciria","nl":"Naciria","hr":"Naciria","fa":"ناسیریا","de":"Naciria","es":"Naciria","fr":"Naciria","ja":"ナシリア","it":"Naciria","zh-CN":"纳西里亚","tr":"Naciria","ru":"Насирия","uk":"Насірія","pl":"Naciria","hi":"नासिरिया","ar":"الناصرية"},"wikiDataId":"Q6957278"},{"id":31403,"name":"Ouled Moussa","state_id":1125,"state_code":"35","state_name":"Boumerdès","country_id":4,"country_code":"DZ","country_name":"Algeria","latitude":"36.68394000","longitude":"3.36661000","native":"أولاد موسى","type":"city","level":null,"parent_id":null,"population":45770,"timezone":"Africa/Algiers","translations":{"br":"Ouled Moussa","ko":"울레드 무사","pt-BR":"Ouled Moussa","pt":"Ouled Moussa","nl":"Ouled Moussa","hr":"Ouled Moussa","fa":"اولد موسی","de":"Ouled Moussa","es":"Ouled Moussa","fr":"Ouled Moussa","ja":"ウレド・ムサ","it":"Ouled Moussa","zh-CN":"奥莱德·穆萨","tr":"Ouled Moussa","ru":"Улед Мусса","uk":"Улед Муса","pl":"Ouled Moussa","hi":"औलेद मूसा","ar":"أولاد موسى"},"wikiDataId":"Q3055250"},{"id":31407,"name":"Reghaïa","state_id":1125,"state_code":"35","state_name":"Boumerdès","country_id":4,"country_code":"DZ","country_name":"Algeria","latitude":"36.73587000","longitude":"3.34018000","native":"رغاية","type":"city","level":null,"parent_id":null,"population":54962,"timezone":"Africa/Algiers","translations":{"br":"Reghaïa","ko":"레가이아","pt-BR":"Reghaïa","pt":"Reghaïa","nl":"Reghaïa","hr":"Reghaïa","fa":"رِغایا","de":"Reghaïa","es":"Reghaïa","fr":"Réghaïa","ja":"レガイア","it":"Reghaïa","zh-CN":"雷加亚","tr":"Reghaïa","ru":"Регаиа","uk":"Регая","pl":"Reghaïa","hi":"रेगहाया","ar":"رغاية"},"wikiDataId":"Q1649935"},{"id":31441,"name":"Tadmaït","state_id":1125,"state_code":"35","state_name":"Boumerdès","country_id":4,"country_code":"DZ","country_name":"Algeria","latitude":"36.74413000","longitude":"3.90045000","native":"تادميت","type":"city","level":null,"parent_id":null,"population":22838,"timezone":"Africa/Algiers","translations":{"br":"Tadmaït","ko":"타드마이트","pt-BR":"Tadmaït","pt":"Tadmaït","nl":"Tadmaït","hr":"Tadmaït","fa":"تادمایت","de":"Tadmaït","es":"Tadmait","fr":"Tadmaït","ja":"タドマイト","it":"Tadmaït","zh-CN":"塔德迈特","tr":"Tadmaït","ru":"Тадмаит","uk":"Тадмайт","pl":"Tadmaït","hi":"तदमायत","ar":"تادميت"},"wikiDataId":"Q3513734"},{"id":31447,"name":"Thenia","state_id":1125,"state_code":"35","state_name":"Boumerdès","country_id":4,"country_code":"DZ","country_name":"Algeria","latitude":"36.72544000","longitude":"3.55665000","native":"ثينيا","type":"city","level":null,"parent_id":null,"population":16180,"timezone":"Africa/Algiers","translations":{"br":"Thenia","ko":"테니아","pt-BR":"Tênia","pt":"Tênia","nl":"Thenia","hr":"Tenija","fa":"تنیا","de":"Thenia","es":"Thenia","fr":"Thénia","ja":"テニア","it":"Thenia","zh-CN":"忒尼亚","tr":"Tenia","ru":"Тения","uk":"Тенія","pl":"Thenia","hi":"थेनिया","ar":"ثينيا"},"wikiDataId":"Q2225013"},{"id":31456,"name":"Tizi Gheniff","state_id":1125,"state_code":"35","state_name":"Boumerdès","country_id":4,"country_code":"DZ","country_name":"Algeria","latitude":"36.58839000","longitude":"3.77445000","native":"تيزي غنيف","type":"city","level":null,"parent_id":null,"population":27974,"timezone":"Africa/Algiers","translations":{"br":"Tizi Gheniff","ko":"티지 게니프","pt-BR":"Tizi Gheniff","pt":"Tizi Gheniff","nl":"Tizi Gheniff","hr":"Tizi Gheniff","fa":"تیزی غنیف","de":"Tizi Gheniff","es":"Tizi Gheniff","fr":"Tizi Gheniff","ja":"ティジ・ゲニフ","it":"Tizi Gheniff","zh-CN":"蒂兹·格尼夫","tr":"Tizi Gheniff","ru":"Тизи Генифф","uk":"Тізі Геніфф","pl":"Tizi Gheniff","hi":"टिज़ी गेनिफ़","ar":"تيزي غنيف"},"wikiDataId":"Q3529984"}]