[{"id":31473,"name":"’Aïn Merane","state_id":1130,"state_code":"48","state_name":"Relizane","country_id":4,"country_code":"DZ","country_name":"Algeria","latitude":"36.16277000","longitude":"0.97037000","native":"عين مران","type":"city","level":null,"parent_id":null,"population":34413,"timezone":"Africa/Algiers","translations":{"br":"’Aïn Merane","ko":"'아인 메란","pt-BR":"'Aïn Merane","pt":"'Aïn Merane","nl":"’Aïn Merane","hr":"Ain Merane","fa":"عین میران","de":"’Aïn Merane","es":"'Aïn Merane","fr":"’Aïn Merane","ja":"アイン・メラネ","it":"'Aïn Merane","zh-CN":"艾因梅拉内","tr":"’Aïn Merane","ru":"’Айн Меране","uk":"Айн-Меране","pl":"’Aïn Merane","hi":"’ऐन मेरेन","ar":"عين مران"},"wikiDataId":"Q2876264"},{"id":31232,"name":"Ammi Moussa","state_id":1130,"state_code":"48","state_name":"Relizane","country_id":4,"country_code":"DZ","country_name":"Algeria","latitude":"35.86781000","longitude":"1.11143000","native":"عمي موسى","type":"city","level":null,"parent_id":null,"population":27530,"timezone":"Africa/Algiers","translations":{"br":"Ammi Moussa","ko":"암미 무사","pt-BR":"Ammi Moussa","pt":"Ammi Moussa","nl":"Ammi Moussa","hr":"Ammi Moussa","fa":"امی موسی","de":"Ammi Moussa","es":"Ammi Moussa","fr":"Ammi Moussa","ja":"アミ・ムサ","it":"Ammi Moussa","zh-CN":"阿米·穆萨","tr":"Ammi Musa","ru":"Амми Мусса","uk":"Аммі Мусса","pl":"Ammi Moussa","hi":"अम्मी मूसा","ar":"عمي موسى"},"wikiDataId":"Q4747238"},{"id":31319,"name":"Djidiouia","state_id":1130,"state_code":"48","state_name":"Relizane","country_id":4,"country_code":"DZ","country_name":"Algeria","latitude":"35.92989000","longitude":"0.82871000","native":"الجديوية","type":"city","level":null,"parent_id":null,"population":31996,"timezone":"Africa/Algiers","translations":{"br":"Djidiouia","ko":"지디오이아","pt-BR":"Djidiouia","pt":"Djidiouia","nl":"Djidiouia","hr":"Džidiouia","fa":"جیدیویا","de":"Djidiouia","es":"Djidiouia","fr":"Djidiouia","ja":"ジディウイア","it":"Djidiouia","zh-CN":"吉迪维亚","tr":"Cididuya","ru":"Джидиуйя","uk":"Джідіуя","pl":"Djidiouia","hi":"जिदिउइया","ar":"الجديوية"},"wikiDataId":"Q3032949"},{"id":31376,"name":"Mazouna","state_id":1130,"state_code":"48","state_name":"Relizane","country_id":4,"country_code":"DZ","country_name":"Algeria","latitude":"36.12232000","longitude":"0.89865000","native":"مازونة","type":"city","level":null,"parent_id":null,"population":22366,"timezone":"Africa/Algiers","translations":{"br":"Mazouna","ko":"마주나","pt-BR":"Mazouna","pt":"Mazouna","nl":"Mazouna","hr":"Mazouna","fa":"مزونا","de":"Mazouna","es":"Mazouna","fr":"Mazouna","ja":"マズーナ","it":"Mazouna","zh-CN":"马祖纳","tr":"Mazouna","ru":"Мазуна","uk":"Мазуна","pl":"Mazouna","hi":"मज़ौना","ar":"مازونة"},"wikiDataId":"Q978267"},{"id":31398,"name":"Oued Rhiou","state_id":1130,"state_code":"48","state_name":"Relizane","country_id":4,"country_code":"DZ","country_name":"Algeria","latitude":"35.96124000","longitude":"0.91896000","native":"وادي رحيو","type":"city","level":null,"parent_id":null,"population":55430,"timezone":"Africa/Algiers","translations":{"br":"Oued Rhiou","ko":"우에드 리오우","pt-BR":"Oued Rhiou","pt":"Oued Rhiou","nl":"Oued Rhiou","hr":"Oued Rhiou","fa":"اود ریو","de":"Oued Rhiou","es":"Oued Rhiou","fr":"Oued Rhiou","ja":"ウエド・リオウ","it":"Oued Rhiou","zh-CN":"瓦迪·里乌","tr":"Oued Rhiou","ru":"Уэд Риу","uk":"Уед Ріу","pl":"Oued Rhiou","hi":"ओएड रिउ","ar":"وادي رحيو"},"wikiDataId":"Q1571443"},{"id":31409,"name":"Relizane","state_id":1130,"state_code":"48","state_name":"Relizane","country_id":4,"country_code":"DZ","country_name":"Algeria","latitude":"35.73734000","longitude":"0.55599000","native":"غليزان","type":"adm1","level":null,"parent_id":null,"population":130094,"timezone":"Africa/Algiers","translations":{"br":"Relizane","ko":"렐리잔","pt-BR":"Relizane","pt":"Relizane","nl":"Relizane","hr":"Relizane","fa":"رلیزان","de":"Relizane","es":"Relizane","fr":"Relizane","ja":"レリザン","it":"Relizane","zh-CN":"雷利赞","tr":"Relizane","ru":"Релизан","uk":"Релізан","pl":"Relizane","hi":"रेलिज़ेन","ar":"غليزان"},"wikiDataId":"Q402738"},{"id":31435,"name":"Smala","state_id":1130,"state_code":"48","state_name":"Relizane","country_id":4,"country_code":"DZ","country_name":"Algeria","latitude":"35.71652000","longitude":"0.75437000","native":"سمالا","type":"city","level":null,"parent_id":null,"population":4000,"timezone":"Africa/Algiers","translations":{"br":"Smala","ko":"스말라","pt-BR":"Smala","pt":"Smala","nl":"Smala","hr":"Smala","fa":"اسمالا","de":"Smala","es":"Smala","fr":"Smala","ja":"スマラ","it":"Piccola","zh-CN":"斯马拉","tr":"Smala","ru":"Смала","uk":"Смала","pl":"Smala","hi":"स्माला","ar":"سمالا"},"wikiDataId":"Q2292517"},{"id":31464,"name":"Zemoura","state_id":1130,"state_code":"48","state_name":"Relizane","country_id":4,"country_code":"DZ","country_name":"Algeria","latitude":"35.72251000","longitude":"0.75509000","native":"زمورة","type":"city","level":null,"parent_id":null,"population":21770,"timezone":"Africa/Algiers","translations":{"br":"Zemoura","ko":"제모우라","pt-BR":"Zemoura","pt":"Zemoura","nl":"Zemoura","hr":"Zemoura","fa":"زمورا","de":"Zemoura","es":"Zemoura","fr":"Zemoura","ja":"ゼモウラ","it":"Zemoura","zh-CN":"泽穆拉","tr":"Zemoura","ru":"Земура","uk":"Земура","pl":"Zemoura","hi":"ज़ेमौरा","ar":"زمورة"},"wikiDataId":"Q3324824"}]