[{"id":31302,"name":"Chelghoum el Aïd","state_id":1132,"state_code":"43","state_name":"Mila","country_id":4,"country_code":"DZ","country_name":"Algeria","latitude":"36.16286000","longitude":"6.16651000","native":"شلغوم العيد","type":"city","level":null,"parent_id":null,"population":54495,"timezone":"Africa/Algiers","translations":{"br":"Chelghom el Aid","ko":"첼훔 엘 에이드","pt-BR":"Chelghoum el Aïd","pt":"Chelghoum el Aïd","nl":"Chelghoum el Aïd","hr":"Chelghoum el Aïd","fa":"چلغوم العید","de":"Chelghoum el Aïd","es":"Chelghoum el Aïd","fr":"Chelghoum el Aïd","ja":"チェルグーム・エル・アイド","it":"Chelghoum el Aïd","zh-CN":"切尔古姆·埃尔·艾德","tr":"Chelghoum el Aïd","ru":"Челгум-эль-Аид","uk":"Челгум-ель-Аїд","pl":"Chelghoum el Aïd","hi":"चेल्घौम एल आइद","ar":"شلغوم العيد"},"wikiDataId":"Q23818040"},{"id":31387,"name":"Mila","state_id":1132,"state_code":"43","state_name":"Mila","country_id":4,"country_code":"DZ","country_name":"Algeria","latitude":"36.45028000","longitude":"6.26444000","native":"ميلا","type":"adm1","level":null,"parent_id":null,"population":63251,"timezone":"Africa/Algiers","translations":{"br":"Mila","ko":"밀라","pt-BR":"Mila","pt":"Mila","nl":"Mila","hr":"Mila","fa":"میلا","de":"Mila","es":"Mila","fr":"Mila","ja":"ミラ","it":"Mila","zh-CN":"米拉","tr":"Mila","ru":"Мила","uk":"Міла","pl":"Mila","hi":"मिला","ar":"ميلا"},"wikiDataId":"Q335676"},{"id":31412,"name":"Rouached","state_id":1132,"state_code":"43","state_name":"Mila","country_id":4,"country_code":"DZ","country_name":"Algeria","latitude":"36.45774000","longitude":"6.04267000","native":"روتشد","type":"city","level":null,"parent_id":null,"population":40263,"timezone":"Africa/Algiers","translations":{"br":"Rouached","ko":"루아흐드","pt-BR":"Rouached","pt":"Rouached","nl":"Rouached","hr":"Rouached","fa":"روآچد","de":"Gerötet","es":"Rouached","fr":"Rouaché","ja":"ルーシュド","it":"Arruffato","zh-CN":"弄皱了","tr":"Rouached","ru":"Руашед","uk":"Рушований","pl":"Rouached","hi":"रूआचेड","ar":"روتشد"},"wikiDataId":"Q23791421"},{"id":31429,"name":"Sidi Mérouane","state_id":1132,"state_code":"43","state_name":"Mila","country_id":4,"country_code":"DZ","country_name":"Algeria","latitude":"36.52056000","longitude":"6.26111000","native":"سيدي مروان","type":"city","level":null,"parent_id":null,"population":25129,"timezone":"Africa/Algiers","translations":{"br":"Sidi Mérouane","ko":"시디 메루안","pt-BR":"Sidi Mérouane","pt":"Sidi Mérouane","nl":"Sidi Mérouane","hr":"Sidi Mérouane","fa":"سیدی مروان","de":"Sidi Mérouane","es":"Sidi Mérouane","fr":"Sidi Mérouane","ja":"シディ・メルアン","it":"Sidi Mérouane","zh-CN":"西迪·梅鲁万","tr":"Sidi Mérouane","ru":"Сиди Меруан","uk":"Сіді-Меруан","pl":"Sidi Mérouane","hi":"सिदी मेरौने","ar":"سيدي مروان"},"wikiDataId":"Q2215533"},{"id":31446,"name":"Telerghma","state_id":1132,"state_code":"43","state_name":"Mila","country_id":4,"country_code":"DZ","country_name":"Algeria","latitude":"36.11653000","longitude":"6.35434000","native":"التليرغما","type":"city","level":null,"parent_id":null,"population":26248,"timezone":"Africa/Algiers","translations":{"br":"Telerghma","ko":"텔러그마","pt-BR":"Telerghma","pt":"Telerghma","nl":"Telerghma","hr":"Telergija","fa":"تلرغم","de":"Telerghma","es":"Telerghma","fr":"Télérghma","ja":"テレルグマ","it":"Telerghma","zh-CN":"泰莱尔格马","tr":"Telerghma","ru":"Телергма","uk":"Телергма","pl":"Telerghma","hi":"टेलरघ्मा","ar":"التليرغما"},"wikiDataId":"Q3517295"}]