[{"id":31468,"name":"‘Aïn el Hadjel","state_id":1134,"state_code":"28","state_name":"M'Sila","country_id":4,"country_code":"DZ","country_name":"Algeria","latitude":"35.67003000","longitude":"3.88153000","native":"عين الحجل","type":"city","level":null,"parent_id":null,"population":28728,"timezone":"Africa/Algiers","translations":{"br":"‘Aïn el Hadjel","ko":"‘아인 엘 하젤","pt-BR":"‘Aïn el Hadjel","pt":"‘Aïn el Hadjel","nl":"‘Aïn el Hadjel","hr":"Ain el Hadjel","fa":"عین الحجل","de":"‘Aïn el Hadjel","es":"‘Aïn el Hadjel","fr":"‘Aïn el Hadjel","ja":"アイン・エル・ハッジェル","it":"‘Aïn el Hadjel","zh-CN":"艾因哈杰尔","tr":"‘Aïn el Hadjel","ru":"‘Айн эль Хаджель","uk":"Айн-ель-Хаджель","pl":"‘Aïn el Hadjel","hi":"‘ऐन एल हडजेल","ar":"عين الحجل"},"wikiDataId":"Q1649776"},{"id":31477,"name":"’Aïn el Melh","state_id":1134,"state_code":"28","state_name":"M'Sila","country_id":4,"country_code":"DZ","country_name":"Algeria","latitude":"34.84146000","longitude":"4.16383000","native":"عين الملح","type":"city","level":null,"parent_id":null,"population":32880,"timezone":"Africa/Algiers","translations":{"br":"’Aïn el Melh","ko":"아인 엘 멜흐","pt-BR":"'Aïn el Melh","pt":"'Aïn el Melh","nl":"’Aïn el Melh","hr":"Ain el Melh","fa":"عین الملح","de":"’Aïn el Melh","es":"'Aïn el Melh","fr":"’Aïn el Melh","ja":"アイン・エル・メル","it":"'Aïn el Melh","zh-CN":"艾因梅尔赫","tr":"’Aïn el Melh","ru":"’Айн эль Мельх","uk":"Айн-ель-Мелх","pl":"’Aïn el Melh","hi":"’ऐन एल मेल्ह","ar":"عين الملح"},"wikiDataId":"Q599887"},{"id":31391,"name":"M’Sila","state_id":1134,"state_code":"28","state_name":"M'Sila","country_id":4,"country_code":"DZ","country_name":"Algeria","latitude":"35.70583000","longitude":"4.54194000","native":"مسيلة","type":"adm1","level":null,"parent_id":null,"population":null,"timezone":"Africa/Algiers","translations":{"br":"M’Sila","ko":"음실라","pt-BR":"M'Sila","pt":"M'Sila","nl":"M'Sila","hr":"M'Sila","fa":"مسیلا","de":"M'Sila","es":"M'Sila","fr":"M'Sila","ja":"ムシラ","it":"M'Sila","zh-CN":"姆西拉","tr":"M'Sila","ru":"М'Сила","uk":"М'Сіла","pl":"M’Sila","hi":"एम’सिला","ar":"مسيلة"},"wikiDataId":"Q402825"},{"id":31426,"name":"Sidi Aïssa","state_id":1134,"state_code":"28","state_name":"M'Sila","country_id":4,"country_code":"DZ","country_name":"Algeria","latitude":"35.88548000","longitude":"3.77236000","native":"سيدي عيسى","type":"city","level":null,"parent_id":null,"population":66856,"timezone":"Africa/Algiers","translations":{"br":"Sidi Aïssa","ko":"시디 아이사","pt-BR":"Sidi Aissa","pt":"Sidi Aissa","nl":"Sidi Aïssa","hr":"Sidi Aïssa","fa":"سیدی آیسا","de":"Sidi Aïssa","es":"Sidi Aissa","fr":"Sidi Aïssa","ja":"シディ・アイサ","it":"Sidi Aissa","zh-CN":"西迪·艾萨","tr":"Sidi Aïssa","ru":"Сиди Аисса","uk":"Сіді-Айса","pl":"Sidi Aïssa","hi":"सिदी आइसा","ar":"سيدي عيسى"},"wikiDataId":"Q2214999"}]