[{"id":31356,"name":"I-n-Salah","state_id":1135,"state_code":"11","state_name":"Tamanghasset","country_id":4,"country_code":"DZ","country_name":"Algeria","latitude":"27.19351000","longitude":"2.46069000","native":"إن صلاح","type":"city","level":null,"parent_id":null,"population":null,"timezone":"Africa/Algiers","translations":{"br":"Me-n-Salah","ko":"인살라","pt-BR":"Em Salah","pt":"Em Salah","nl":"I-n-Salah","hr":"In-n-Salah","fa":"صلاح","de":"I-n-Salah","es":"En Salah","fr":"I-n-Salah","ja":"イラン・サラー","it":"I-n-Salah","zh-CN":"因萨拉赫","tr":"İ-n-Salah","ru":"Ин-Салах","uk":"Ін-н-Салах","pl":"I-n-Salah","hi":"इन-एन-सलाह","ar":"إن صلاح"},"wikiDataId":"Q32061388"},{"id":31443,"name":"Tamanrasset","state_id":1135,"state_code":"11","state_name":"Tamanghasset","country_id":4,"country_code":"DZ","country_name":"Algeria","latitude":"22.78500000","longitude":"5.52278000","native":"تمنراست","type":"adm1","level":null,"parent_id":null,"population":92635,"timezone":"Africa/Algiers","translations":{"br":"Tamanrasset","ko":"타만라셋","pt-BR":"Tamanrasset","pt":"Tamanrasset","nl":"Tamanrasset","hr":"Tamanrasset","fa":"تامانراست","de":"Tamanrasset","es":"Tamanrasset","fr":"Tamanrasset","ja":"タマンラセット","it":"Tamanrasset","zh-CN":"塔曼拉塞特","tr":"Tamanrasset","ru":"Таманрассет","uk":"Таманрассет","pl":"Tamanrasset","hi":"तमनरास्सेट","ar":"تمنراست"},"wikiDataId":"Q205792"}]