[{"id":31228,"name":"Aflou","state_id":1138,"state_code":"03","state_name":"Laghouat","country_id":4,"country_code":"DZ","country_name":"Algeria","latitude":"34.11279000","longitude":"2.10228000","native":"أفلو","type":"city","level":null,"parent_id":null,"population":93585,"timezone":"Africa/Algiers","translations":{"br":"Aflou","ko":"아플로우","pt-BR":"Aflou","pt":"Aflou","nl":"Aflou","hr":"Aflou","fa":"افلو","de":"Aflou","es":"Aflou","fr":"Aflou","ja":"アフロー","it":"Aflou","zh-CN":"阿夫卢","tr":"Aflou","ru":"Афлу","uk":"Афлу","pl":"Aflou","hi":"अफ्लू","ar":"أفلو"},"wikiDataId":"Q500560"},{"id":31367,"name":"Laghouat","state_id":1138,"state_code":"03","state_name":"Laghouat","country_id":4,"country_code":"DZ","country_name":"Algeria","latitude":"33.80000000","longitude":"2.86514000","native":"الأغواط","type":"adm1","level":null,"parent_id":null,"population":134372,"timezone":"Africa/Algiers","translations":{"br":"Laghouat","ko":"라구아트","pt-BR":"Laghouat","pt":"Laghouat","nl":"Laghouat","hr":"Laghouat","fa":"الغواط","de":"Laghouat","es":"Laguna","fr":"Laghouat","ja":"ラグワット","it":"Laghouat","zh-CN":"拉格瓦特","tr":"Laghouat","ru":"Лагуат","uk":"Лагуат","pl":"Laghouat","hi":"लाघौत","ar":"الأغواط"},"wikiDataId":"Q402733"}]