[{"id":67804,"name":"San Pawl il-Baħar","state_id":116,"state_code":"52","state_name":"Sannat","country_id":135,"country_code":"MT","country_name":"Malta","latitude":"35.95064000","longitude":"14.41561000","native":"San Pawl il-Baħar","type":"adm1","level":null,"parent_id":null,"population":32042,"timezone":"Europe/Malta","translations":{"ar":"سان باول إيل باهار","br":"San Pawl il-Baħar","de":"San Pawl il-Baħar","es":"San Pawl il-Bahar","fa":"سن پاول ایل-باگار","fr":"San Pawl il-Baħar","hi":"सैन पावल इल-बहार","hr":"San Pawl il-Baħar","it":"San Pawl il-Baħar","ja":"サン・パウル・イル・バハル","ko":"산 폴 일 바하르","nl":"San Pawl il-Baħar","pl":"San Pawl il-Baħar","pt":"San Pawl il-Baħar","pt-BR":"San Pawl il-Baħar","ru":"Сан Пауль иль-Бахар","tr":"San Pawl il-Baħar","uk":"Сан-Павл-іль-Бахар","zh-CN":"圣保尔·伊尔·巴哈尔"},"wikiDataId":"Q537308"},{"id":67806,"name":"Sannat","state_id":116,"state_code":"52","state_name":"Sannat","country_id":135,"country_code":"MT","country_name":"Malta","latitude":"36.02444000","longitude":"14.24278000","native":"Sannat","type":"adm1","level":null,"parent_id":null,"population":1681,"timezone":"Europe/Malta","translations":{"ar":"سانات","br":"Sannat","de":"Sannat","es":"Sannat","fa":"سنات","fr":"Sannat","hi":"सन्नत","hr":"Sannat","it":"Sannat","ja":"サナット","ko":"사나트","nl":"Sannat","pl":"Sannat","pt":"Sannat","pt-BR":"Sannat","ru":"Саннат","tr":"Sannat","uk":"Саннат","zh-CN":"萨纳特"},"wikiDataId":"Q602037"}]