[{"id":31944,"name":"Agaete","state_id":1185,"state_code":"GC","state_name":"Las Palmas","country_id":207,"country_code":"ES","country_name":"Spain","latitude":"28.10023000","longitude":"-15.69998000","native":"Agaete","type":"adm3","level":null,"parent_id":null,"population":5670,"timezone":"Atlantic/Canary","translations":{"br":"Agaete","ko":"아가에테","pt-BR":"Agaete","pt":"Agaete","nl":"Agaete","hr":"Agaete","fa":"آگاته","de":"Agaete","es":"Agaete","fr":"Agaete","ja":"アガエテ","it":"Agaete","zh-CN":"阿加埃特","tr":"Agaet","ru":"Агаэте","uk":"Агаете","pl":"Agaete","hi":"अगाते","ar":"أجايتي"},"wikiDataId":"Q24013887"},{"id":31973,"name":"Agüimes","state_id":1185,"state_code":"GC","state_name":"Las Palmas","country_id":207,"country_code":"ES","country_name":"Spain","latitude":"27.90539000","longitude":"-15.44609000","native":"Agüimes","type":"adm3","level":null,"parent_id":null,"population":33179,"timezone":"Atlantic/Canary","translations":{"br":"Agüimes","ko":"아귀메스","pt-BR":"Agüimes","pt":"Agüimes","nl":"Agüimes","hr":"Agüimes","fa":"آگیمس","de":"Agüimes","es":"Agüimes","fr":"Agüimes","ja":"アグイメス","it":"Agüimes","zh-CN":"阿古伊梅斯","tr":"Agüimes","ru":"Агуимес","uk":"Агуімес","pl":"Agüimes","hi":"अगुइमेस","ar":"أغويميس"},"wikiDataId":"Q399683"},{"id":32393,"name":"Antigua","state_id":1185,"state_code":"GC","state_name":"Las Palmas","country_id":207,"country_code":"ES","country_name":"Spain","latitude":"28.42307000","longitude":"-14.01379000","native":"Antigua","type":"adm3","level":null,"parent_id":null,"population":13832,"timezone":"Atlantic/Canary","translations":{"br":"Antigua","ko":"앤티가","pt-BR":"Antígua","pt":"Antígua","nl":"Antigua","hr":"Antigva","fa":"آنتیگوا","de":"Antigua","es":"Antigua","fr":"Antigua","ja":"アンティグア","it":"Antigua","zh-CN":"安提瓜","tr":"Antigua","ru":"Антигуа","uk":"Антигуа","pl":"Antigua","hi":"एंटीगुआ","ar":"أنتيغوا"},"wikiDataId":"Q575670"},{"id":32504,"name":"Arrecife","state_id":1185,"state_code":"GC","state_name":"Las Palmas","country_id":207,"country_code":"ES","country_name":"Spain","latitude":"28.96302000","longitude":"-13.54769000","native":"Arrecife","type":"adm3","level":null,"parent_id":null,"population":68169,"timezone":"Atlantic/Canary","translations":{"br":"Arrecife","ko":"아레시페","pt-BR":"Arrecife","pt":"Arrecife","nl":"Arrecife","hr":"Arrecife","fa":"آرسیفه","de":"Arrecife","es":"Arrecife","fr":"Arrecife","ja":"アレシフェ","it":"Arrecife","zh-CN":"阿雷西费","tr":"Arrecife","ru":"Арресифе","uk":"Арресіфе","pl":"Arrecife","hi":"अर्रेसीफे","ar":"أريثيفي"},"wikiDataId":"Q384380"},{"id":32523,"name":"Artenara","state_id":1185,"state_code":"GC","state_name":"Las Palmas","country_id":207,"country_code":"ES","country_name":"Spain","latitude":"28.02055000","longitude":"-15.64693000","native":"Artenara","type":"adm3","level":null,"parent_id":null,"population":1565,"timezone":"Atlantic/Canary","translations":{"br":"Artenara","ko":"아르테나라","pt-BR":"Artenara","pt":"Artenara","nl":"Artenara","hr":"Artenara","fa":"آرتنارا","de":"Artenara","es":"Artenara","fr":"Artenara","ja":"アルテナラ","it":"Artenara","zh-CN":"阿特纳拉","tr":"Artenara","ru":"Артенара","uk":"Артенара","pl":"Artenara","hi":"आर्टेनारा","ar":"أرتينارا"},"wikiDataId":"Q12383329"},{"id":32528,"name":"Arucas","state_id":1185,"state_code":"GC","state_name":"Las Palmas","country_id":207,"country_code":"ES","country_name":"Spain","latitude":"28.11983000","longitude":"-15.52325000","native":"Arucas","type":"adm3","level":null,"parent_id":null,"population":38936,"timezone":"Atlantic/Canary","translations":{"br":"Arucas","ko":"아루카스","pt-BR":"Arucas","pt":"Arucas","nl":"Arucas","hr":"Aruke","fa":"آروکاس","de":"Arucas","es":"Arucas","fr":"Arucas","ja":"アルカス","it":"Arucas","zh-CN":"阿鲁卡斯","tr":"Arucas","ru":"Арукас","uk":"Арукас","pl":"Arucas","hi":"अरुकास","ar":"أروكاس"},"wikiDataId":"Q715970"},{"id":153196,"name":"Betancuria","state_id":1185,"state_code":"GC","state_name":"Las Palmas","country_id":207,"country_code":"ES","country_name":"Spain","latitude":"28.42487610","longitude":"-14.05730490","native":"Betancuria","type":"city","level":null,"parent_id":null,"population":812,"timezone":"Atlantic/Canary","translations":{"br":"Betancuria","ko":"베탄쿠리아","pt-BR":"Betancuria","pt":"Betancuria","nl":"Betancuria","hr":"Betancuria","fa":"بتانکوریا","de":"Betancuria","es":"Betancuria","fr":"Bétancurie","ja":"ベタンクリア","it":"Betancuria","zh-CN":"贝坦库里亚","tr":"Betancuria","ru":"Бетанкурия","uk":"Бетанкурія","pl":"Betancuria","hi":"बेतांकुरिया","ar":"بيتانكوريا"},"wikiDataId":"Q830969"},{"id":33328,"name":"Carrizal","state_id":1185,"state_code":"GC","state_name":"Las Palmas","country_id":207,"country_code":"ES","country_name":"Spain","latitude":"27.91161000","longitude":"-15.40558000","native":"Carrizal","type":"city","level":null,"parent_id":null,"population":22000,"timezone":"Atlantic/Canary","translations":{"br":"Carrizal","ko":"캐리잘","pt-BR":"Carrizal","pt":"Carrizal","nl":"Carrizal","hr":"Carrizal","fa":"کاریزال","de":"Carrizal","es":"Carrizal","fr":"Carrizal","ja":"カリサル","it":"Carrizal","zh-CN":"卡里萨尔","tr":"Carrizal","ru":"Каррисаль","uk":"Каррізал","pl":"Carrizal","hi":"कैरिज़ल","ar":"كاريزال"},"wikiDataId":"Q1644871"},{"id":33802,"name":"Corralejo","state_id":1185,"state_code":"GC","state_name":"Las Palmas","country_id":207,"country_code":"ES","country_name":"Spain","latitude":"28.73079000","longitude":"-13.86749000","native":"Corralejo","type":"city","level":null,"parent_id":null,"population":13618,"timezone":"Atlantic/Canary","translations":{"br":"Corralejo","ko":"코랄레호","pt-BR":"Corralejo","pt":"Corralejo","nl":"Corralejo","hr":"Corralejo","fa":"کورالخو","de":"Corralejo","es":"Corralejo","fr":"Corralejo","ja":"コラレホ","it":"Corralejo","zh-CN":"科拉莱霍","tr":"Corralejo","ru":"Корралехо","uk":"Корралехо","pl":"Corralejo","hi":"कोरालेजो","ar":"كوراليجو"},"wikiDataId":"Q187978"},{"id":33818,"name":"Costa Calma","state_id":1185,"state_code":"GC","state_name":"Las Palmas","country_id":207,"country_code":"ES","country_name":"Spain","latitude":"28.16155000","longitude":"-14.22691000","native":"Costa Calm","type":"city","level":null,"parent_id":null,"population":5670,"timezone":"Atlantic/Canary","translations":{"br":"Costa Calma","ko":"코스타 칼마","pt-BR":"Costa Calma","pt":"Costa Calma","nl":"Costa Calma","hr":"Costa Calma","fa":"کوستا کالما","de":"Costa Calma","es":"Costa Calma","fr":"Costa Calma","ja":"コスタ・カルマ","it":"Costa Calma","zh-CN":"科斯塔卡尔马","tr":"Costa Calma","ru":"Коста Кальма","uk":"Коста-Кальма","pl":"Costa Calma","hi":"कोस्टा कैल्मा","ar":"كوستا كالما"},"wikiDataId":"Q1136332"},{"id":33819,"name":"Costa Teguise","state_id":1185,"state_code":"GC","state_name":"Las Palmas","country_id":207,"country_code":"ES","country_name":"Spain","latitude":"28.99838000","longitude":"-13.49911000","native":"Costa Teguise","type":"city","level":null,"parent_id":null,"population":7629,"timezone":"Atlantic/Canary","translations":{"br":"Costa Teguise","ko":"코스타 테기세","pt-BR":"Costa Teguise","pt":"Costa Teguise","nl":"Costa Teguise","hr":"Costa Teguise","fa":"کوستا تگایز","de":"Costa Teguise","es":"Costa Teguise","fr":"Costa Teguise","ja":"コスタ・テギセ","it":"Costa Teguise","zh-CN":"科斯塔特吉塞","tr":"Costa Teguise","ru":"Коста Тегисе","uk":"Коста-Тегісе","pl":"Costa Teguise","hi":"कोस्टा टेगुइज़","ar":"كوستا تيجيس"},"wikiDataId":"Q991489"},{"id":33839,"name":"Cruce de Arinaga","state_id":1185,"state_code":"GC","state_name":"Las Palmas","country_id":207,"country_code":"ES","country_name":"Spain","latitude":"27.87656000","longitude":"-15.42798000","native":"Cruce de Arinaga","type":"locality","level":null,"parent_id":null,"population":2700,"timezone":"Atlantic/Canary","translations":{"br":"Kroaz Arinaga","ko":"크루세 데 아리나가","pt-BR":"Cruce de Arinaga","pt":"Cruce de Arinaga","nl":"Kruis van Arinaga","hr":"Križ Arinaga","fa":"کروسه د آریناگا","de":"Cruce de Arinaga","es":"Cruce de Arinaga","fr":"Croix d'Arinaga","ja":"クルセ・デ・アリナガ","it":"Cruce de Arinaga","zh-CN":"阿里纳加十字勋章","tr":"Cruce de Arinaga","ru":"Cruce de Arinaga","uk":"Крусе-де-Арінага","pl":"Krzyż Arinaga","hi":"क्रूस डी अरीनागा","ar":"كروس دي أريناجا"},"wikiDataId":"Q5792267"},{"id":33994,"name":"El Cotillo","state_id":1185,"state_code":"GC","state_name":"Las Palmas","country_id":207,"country_code":"ES","country_name":"Spain","latitude":"28.68264000","longitude":"-14.00637000","native":"El Cotillo","type":"city","level":null,"parent_id":null,"population":1269,"timezone":"Atlantic/Canary","translations":{"br":"El Cotillo","ko":"엘 코티요","pt-BR":"O Cotillo","pt":"O Cotillo","nl":"El Cotillo","hr":"El Cotillo","fa":"ال کوتیلو","de":"El Cotillo","es":"El Cotillo","fr":"Le Cotillo","ja":"エル・コティージョ","it":"El Cotillo","zh-CN":"埃尔科蒂略","tr":"El Cotillo","ru":"Эль Котильо","uk":"Ель-Котільйо","pl":"El Cotillo","hi":"एल कोटिल्लो","ar":"إل كوتيلو"},"wikiDataId":"Q1324017"},{"id":34004,"name":"El Paso","state_id":1185,"state_code":"GC","state_name":"Las Palmas","country_id":207,"country_code":"ES","country_name":"Spain","latitude":"28.65007000","longitude":"-17.88274000","native":"El Paso","type":"city","level":null,"parent_id":null,"population":8156,"timezone":"Atlantic/Canary","translations":{"br":"El Paso","ko":"엘파소","pt-BR":"El Paso","pt":"El Paso","nl":"El Paso","hr":"El Paso","fa":"ال پاسو","de":"El Paso","es":"El Paso","fr":"El Paso","ja":"エルパソ","it":"El Paso","zh-CN":"埃尔帕索","tr":"El Paso","ru":"Эль-Пасо","uk":"Ель-Пасо","pl":"El Paso","hi":"एल पासो","ar":"إل باسو"},"wikiDataId":"Q434123"},{"id":34190,"name":"Firgas","state_id":1185,"state_code":"GC","state_name":"Las Palmas","country_id":207,"country_code":"ES","country_name":"Spain","latitude":"28.10711000","longitude":"-15.56299000","native":"Firme","type":"adm3","level":null,"parent_id":null,"population":7688,"timezone":"Atlantic/Canary","translations":{"br":"Firgaz","ko":"피르가스","pt-BR":"Firgas","pt":"Firgas","nl":"Firgas","hr":"Firgas","fa":"فیرگاس","de":"Firgas","es":"Firgas","fr":"Firgas","ja":"フィルガス","it":"Firgas","zh-CN":"菲尔加斯","tr":"Firgas","ru":"Фиргас","uk":"Фіргас","pl":"Firgas","hi":"फ़िरगास","ar":"فيرغاس"},"wikiDataId":"Q1646107"},{"id":34559,"name":"Gáldar","state_id":1185,"state_code":"GC","state_name":"Las Palmas","country_id":207,"country_code":"ES","country_name":"Spain","latitude":"28.14701000","longitude":"-15.65020000","native":"Gáldar","type":"adm3","level":null,"parent_id":null,"population":24811,"timezone":"Atlantic/Canary","translations":{"br":"Gáldar","ko":"갈라르","pt-BR":"Gáldar","pt":"Gáldar","nl":"Gáldar","hr":"Gáldar","fa":"گالدار","de":"Gáldar","es":"Gáldar","fr":"Gáldar","ja":"ガルダル","it":"Gáldar","zh-CN":"加尔达尔","tr":"Gáldar","ru":"Гальдар","uk":"Гальдар","pl":"Gáldar","hi":"Galdar","ar":"غالدار"},"wikiDataId":"Q23986000"},{"id":34541,"name":"Guia","state_id":1185,"state_code":"GC","state_name":"Las Palmas","country_id":207,"country_code":"ES","country_name":"Spain","latitude":"28.13974000","longitude":"-15.63294000","native":"Guía","type":"city","level":null,"parent_id":null,"population":14031,"timezone":"Atlantic/Canary","translations":{"br":"Guia","ko":"기아","pt-BR":"Guia","pt":"Guia","nl":"Gids","hr":"Gvaja","fa":"گویا","de":"Guia","es":"Guía","fr":"Guide","ja":"ギア","it":"Guida","zh-CN":"吉亚","tr":"Kılavuz","ru":"Гия","uk":"Гія","pl":"Przewodnik","hi":"गुइया","ar":"دليل"},"wikiDataId":"Q62128920"},{"id":34573,"name":"Haría","state_id":1185,"state_code":"GC","state_name":"Las Palmas","country_id":207,"country_code":"ES","country_name":"Spain","latitude":"29.14553000","longitude":"-13.49986000","native":"Haría","type":"adm3","level":null,"parent_id":null,"population":5567,"timezone":"Atlantic/Canary","translations":{"br":"Haría","ko":"하리아","pt-BR":"Haría","pt":"Haría","nl":"Haría","hr":"Haría","fa":"هریا","de":"Haría","es":"Haría","fr":"Haría","ja":"ハリア","it":"Haría","zh-CN":"哈里亚","tr":"Haria","ru":"Ария","uk":"Харія","pl":"Haría","hi":"हारिया","ar":"هاريا"},"wikiDataId":"Q1643548"},{"id":34754,"name":"Ingenio","state_id":1185,"state_code":"GC","state_name":"Las Palmas","country_id":207,"country_code":"ES","country_name":"Spain","latitude":"27.91855000","longitude":"-15.43433000","native":"Ingenio","type":"adm3","level":null,"parent_id":null,"population":32747,"timezone":"Atlantic/Canary","translations":{"br":"Ingenio","ko":"인제니오","pt-BR":"Engenho","pt":"Engenho","nl":"Ingenio","hr":"Ingenio","fa":"اینجنیو","de":"Ingenio","es":"Ingenio","fr":"Ingénieur","ja":"インジェニオ","it":"Ingenio","zh-CN":"因杰尼奥","tr":"Ingenio","ru":"Инженио","uk":"Інгеніо","pl":"Ingenio","hi":"इंजेनियो","ar":"إنجينيو"},"wikiDataId":"Q23984826"},{"id":153199,"name":"La Aldea de San Nicolás","state_id":1185,"state_code":"GC","state_name":"Las Palmas","country_id":207,"country_code":"ES","country_name":"Spain","latitude":"27.98222180","longitude":"-15.77937410","native":"La Aldea de San Nicolás","type":"city","level":null,"parent_id":null,"population":7449,"timezone":"Atlantic/Canary","translations":{"br":"La Aldea de San Nicolás","ko":"알데아 데 산 니콜라스 라","pt-BR":"La Aldeia de San Nicolás","pt":"La Aldeia de San Nicolás","nl":"La Aldea de San Nicolás","hr":"La Aldea de San Nicolás","fa":"آلدیا د سن نیکولاس لا","de":"La Aldea de San Nicolás","es":"La Aldea de San Nicolás","fr":"La Aldea de San Nicolás","ja":"アルデア・デ・サン・ニコラス・ラ","it":"La Aldea de San Nicolás","zh-CN":"圣尼古拉斯拉村","tr":"La Aldea de San Nicolás","ru":"La Aldea de San Nicolás","uk":"Альдеа-де-Сан-Ніколас-Ла","pl":"La Aldea de San Nicolás","hi":"La Aldea de San Nicolás","ar":"La Aldea de San Nicolás"},"wikiDataId":"Q120172081"},{"id":34880,"name":"La Guancha","state_id":1185,"state_code":"GC","state_name":"Las Palmas","country_id":207,"country_code":"ES","country_name":"Spain","latitude":"28.37320000","longitude":"-16.65158000","native":"La guancha","type":"adm3","level":null,"parent_id":null,"population":5593,"timezone":"Atlantic/Canary","translations":{"br":"La Guancha","ko":"라 관차","pt-BR":"La Guancha","pt":"La Guancha","nl":"La Guancha","hr":"La Guancha","fa":"لا گوانچا","de":"La Guancha","es":"La Guancha","fr":"La Guancha","ja":"ラ・グアンチャ","it":"La Guancia","zh-CN":"拉关查","tr":"La Guança","ru":"Ла Гуанча","uk":"Ла Гуанча","pl":"La Guancha","hi":"ला गुआंचा","ar":"لا جوانشا"},"wikiDataId":"Q1228808"},{"id":34887,"name":"La Laguna","state_id":1185,"state_code":"GC","state_name":"Las Palmas","country_id":207,"country_code":"ES","country_name":"Spain","latitude":"28.48530000","longitude":"-16.32014000","native":"La Laguna","type":"city","level":null,"parent_id":null,"population":150661,"timezone":"Atlantic/Canary","translations":{"br":"La Laguna","ko":"라 라구나","pt-BR":"A Lagoa","pt":"A Lagoa","nl":"La Laguna","hr":"Laguna","fa":"لا لاگونا","de":"La Laguna","es":"La Laguna","fr":"La Laguna","ja":"ラ・ラグーナ","it":"La Laguna","zh-CN":"拉拉古纳","tr":"Laguna","ru":"Ла Лагуна","uk":"Ла-Лагуна","pl":"La Laguna","hi":"ला लगुना","ar":"لا لاجونا"},"wikiDataId":"Q16628307"},{"id":34894,"name":"La Matanza de Acentejo","state_id":1185,"state_code":"GC","state_name":"Las Palmas","country_id":207,"country_code":"ES","country_name":"Spain","latitude":"28.45242000","longitude":"-16.44720000","native":"La Matanza de Acentejo","type":"adm3","level":null,"parent_id":null,"population":9160,"timezone":"Atlantic/Canary","translations":{"br":"La Matanza de Acentejo","ko":"라 마탄자 데 아센테호","pt-BR":"La Matanza de Acentejo","pt":"La Matanza de Acentejo","nl":"La Matanza de Acentejo","hr":"La Matanza de Acentejo","fa":"لا ماتانزا د آسنتخو","de":"La Matanza de Acentejo","es":"La Matanza de Acentejo","fr":"La Matanza de Acentejo","ja":"ラ・マタンサ・デ・アセンテージョ","it":"La Matanza de Acentejo","zh-CN":"拉马坦萨德阿森特霍","tr":"Acentejo'nun Matanza'sı","ru":"La Matanza de Acentejo","uk":"Ла-Матанса-де-Асентехо","pl":"La Matanza de Acentejo","hi":"ला मटांज़ा डे एसेंतेजो","ar":"لا ماتانزا دي أسينتيخو"},"wikiDataId":"Q13148"},{"id":153197,"name":"La Oliva","state_id":1185,"state_code":"GC","state_name":"Las Palmas","country_id":207,"country_code":"ES","country_name":"Spain","latitude":"28.61007670","longitude":"-13.92672520","native":"La Oliva","type":"city","level":null,"parent_id":null,"population":29693,"timezone":"Atlantic/Canary","translations":{"br":"La Oliva","ko":"올리바 라","pt-BR":"La Oliva","pt":"La Oliva","nl":"La Oliva","hr":"La Oliva","fa":"اولیوا لا","de":"La Oliva","es":"La Oliva","fr":"La Oliva","ja":"オリヴァ・ラ","it":"La Oliva","zh-CN":"奥利瓦·拉","tr":"La Zeytin","ru":"Олива Ла","uk":"Оліва Ла","pl":"La Oliwia","hi":"ओलिवा ला","ar":"أوليفا لا"},"wikiDataId":"Q120171119"},{"id":34897,"name":"La Oliva","state_id":1185,"state_code":"GC","state_name":"Las Palmas","country_id":207,"country_code":"ES","country_name":"Spain","latitude":"28.61052000","longitude":"-13.92912000","native":"La Oliva","type":"city","level":null,"parent_id":null,"population":29693,"timezone":"Atlantic/Canary","translations":{"br":"La Oliva","ko":"라 올리바","pt-BR":"La Oliva","pt":"La Oliva","nl":"De Oliva","hr":"Oliva","fa":"لا اولیوا","de":"La Oliva","es":"La Oliva","fr":"La Oliva","ja":"ラ・オリバ","it":"L'Oliva","zh-CN":"拉奥利瓦","tr":"Zeytin","ru":"Ла Олива","uk":"Ла Оліва","pl":"La Oliva","hi":"ला ओलिवा","ar":"لا أوليفا"},"wikiDataId":"Q594892"},{"id":34898,"name":"La Orotava","state_id":1185,"state_code":"GC","state_name":"Las Palmas","country_id":207,"country_code":"ES","country_name":"Spain","latitude":"28.39076000","longitude":"-16.52309000","native":"La Orotava","type":"city","level":null,"parent_id":null,"population":42585,"timezone":"Atlantic/Canary","translations":{"br":"La Orotava","ko":"라 오로타바","pt-BR":"La Orotava","pt":"La Orotava","nl":"La Orotava","hr":"La Orotava","fa":"لا اوروتاوا","de":"La Orotava","es":"La Orotava","fr":"La Orotava","ja":"ラ・オロタバ","it":"La Orotava","zh-CN":"拉奥罗塔瓦","tr":"La Orotava","ru":"Ла-Оротава","uk":"Ла-Оротава","pl":"La Orotava","hi":"ला ओरोटवा","ar":"لا أوروتافا"},"wikiDataId":"Q920391"},{"id":34934,"name":"La Victoria de Acentejo","state_id":1185,"state_code":"GC","state_name":"Las Palmas","country_id":207,"country_code":"ES","country_name":"Spain","latitude":"28.43231000","longitude":"-16.46232000","native":"La Victoria de Acentejo","type":"city","level":null,"parent_id":null,"population":9313,"timezone":"Atlantic/Canary","translations":{"br":"La Victoria de Acentejo","ko":"라 빅토리아 데 아센테호","pt-BR":"A Vitória do Acentejo","pt":"A Vitória do Acentejo","nl":"La Victoria de Acentejo","hr":"Victoria de Acentejo","fa":"لا ویکتوریا د آسنتخو","de":"La Victoria de Acentejo","es":"La Victoria de Acentejo","fr":"La Victoria de Acentejo","ja":"ラ・ビクトリア・デ・アセンテージョ","it":"La Victoria de Acentejo","zh-CN":"拉维多利亚·德·阿森特霍","tr":"Acentejo Victoria'sı","ru":"Ла Виктория де Асентехо","uk":"Вікторія-де-Асентехо","pl":"La Victoria de Acentejo","hi":"ला विक्टोरिया डे एसेंटेजो","ar":"لا فيكتوريا دي أسينتيخو"},"wikiDataId":"Q985601"},{"id":34988,"name":"Las Palmas de Gran Canaria","state_id":1185,"state_code":"GC","state_name":"Las Palmas","country_id":207,"country_code":"ES","country_name":"Spain","latitude":"28.09973000","longitude":"-15.41343000","native":"Las Palmas de Gran Canaria","type":"adm1","level":null,"parent_id":null,"population":380436,"timezone":"Atlantic/Canary","translations":{"br":"Las Palmas de Gran Canaria","ko":"라스 팔마스 데 그란 카나리아","pt-BR":"Las Palmas de Gran Canaria","pt":"Las Palmas de Gran Canaria","nl":"Las Palmas de Gran Canaria","hr":"Las Palmas de Gran Canaria","fa":"لاس پالماس د گران کاناریا","de":"Las Palmas de Gran Canaria","es":"Las Palmas de Gran Canaria","fr":"Las Palmas de Gran Canaria","ja":"ラスパルマス・デ・グランカナリア","it":"Las Palmas de Gran Canaria","zh-CN":"大加那利岛拉斯帕尔马斯","tr":"Las Palmas de Gran Canaria","ru":"Лас-Пальмас-де-Гран-Канария","uk":"Лас-Пальмас-де-Гран-Канарія","pl":"Las Palmas de Gran Canaria","hi":"लास पाल्मास डी ग्रैन कैनरिया","ar":"لاس بالماس دي جران كناريا"},"wikiDataId":"Q23984578"},{"id":153198,"name":"Las Palmas de Gran Canaria","state_id":1185,"state_code":"GC","state_name":"Las Palmas","country_id":207,"country_code":"ES","country_name":"Spain","latitude":"28.12354590","longitude":"-15.43625740","native":"Las Palmas de Gran Canaria","type":"adm1","level":null,"parent_id":null,"population":380436,"timezone":"Atlantic/Canary","translations":{"br":"Las Palmas de Gran Canaria","ko":"팔마스 데 그란 카나리아 라스","pt-BR":"Las Palmas de Gran Canaria","pt":"Las Palmas de Gran Canaria","nl":"Las Palmas de Gran Canaria","hr":"Las Palmas de Gran Canaria","fa":"پالماس د گران کاناریا لاس","de":"Las Palmas de Gran Canaria","es":"Las Palmas de Gran Canaria","fr":"Las Palmas de Gran Canaria","ja":"パルマス・デ・グラン・カナリア・ラス","it":"Las Palmas de Gran Canaria","zh-CN":"大加那利岛帕尔马斯","tr":"Gran Canaria Las Palmas","ru":"Пальмас-де-Гран-Канария-Лас","uk":"Пальмас-де-Гран-Канарія Лас","pl":"Las Palmas de Gran Canaria","hi":"Las Palmas de Gran Canaria","ar":"بالماس دي جران كناريا لاس"},"wikiDataId":"Q11974"},{"id":34990,"name":"Las Rosas","state_id":1185,"state_code":"GC","state_name":"Las Palmas","country_id":207,"country_code":"ES","country_name":"Spain","latitude":"28.01539000","longitude":"-16.65373000","native":"Las Rosas","type":"section","level":null,"parent_id":null,"population":2000,"timezone":"Atlantic/Canary","translations":{"br":"Las Rosas","ko":"라스 로사스","pt-BR":"As Rosas","pt":"As Rosas","nl":"Las Rosas","hr":"Las Rosas","fa":"لاس روساس","de":"Las Rosas","es":"Las Rosas","fr":"Las Rosas","ja":"ラス・ロサス","it":"Las Rosas","zh-CN":"拉斯罗萨斯","tr":"Las Rosas","ru":"Лас Росас","uk":"Лас-Росас","pl":"Las Rosas","hi":"लास रोसास","ar":"لاس روزاس"},"wikiDataId":"Q24011519"},{"id":35105,"name":"Lomo de Arico","state_id":1185,"state_code":"GC","state_name":"Las Palmas","country_id":207,"country_code":"ES","country_name":"Spain","latitude":"28.16667000","longitude":"-16.48333000","native":"Lomo de Arico","type":"city","level":null,"parent_id":null,"population":7189,"timezone":"Atlantic/Canary","translations":{"br":"Lomo de Arico","ko":"로모 데 아리코","pt-BR":"Lomo de Arico","pt":"Lomo de Arico","nl":"Lomo de Arico","hr":"Lomo de Arico","fa":"لومو د آریکو","de":"Lomo de Arico","es":"Lomo de Arico","fr":"Lomo de Arico","ja":"ロモ・デ・アリコ","it":"Lomo de Arico","zh-CN":"阿里科","tr":"Lomo de Arico","ru":"Ломо де Арико","uk":"Ломо де Аріко","pl":"Lomo de Arico","hi":"लोमो डी एरिको","ar":"لومو دي أريكو"},"wikiDataId":"Q657738"},{"id":35122,"name":"Los Gigantes","state_id":1185,"state_code":"GC","state_name":"Las Palmas","country_id":207,"country_code":"ES","country_name":"Spain","latitude":"28.24361000","longitude":"-16.84153000","native":"Los Gigantes","type":"city","level":null,"parent_id":null,"population":2721,"timezone":"Atlantic/Canary","translations":{"br":"Los Gigantes","ko":"로스 히간테스","pt-BR":"Os Gigantes","pt":"Os Gigantes","nl":"De Giganten","hr":"Los Gigantes","fa":"لوس گیگانتس","de":"Los Gigantes","es":"Los Gigantes","fr":"Les Géants","ja":"ロス・ヒガンテス","it":"Los Gigantes","zh-CN":"洛斯巨人","tr":"Los Gigantes","ru":"Лос-Гигантес","uk":"Лос-Гігантес","pl":"Los Gigantes","hi":"लॉस गिगांटेस","ar":"لوس جيغانتس"},"wikiDataId":"Q1489481"},{"id":35124,"name":"Los Llanos de Aridane","state_id":1185,"state_code":"GC","state_name":"Las Palmas","country_id":207,"country_code":"ES","country_name":"Spain","latitude":"28.65851000","longitude":"-17.91821000","native":"Los Llanos de Aridane","type":"city","level":null,"parent_id":null,"population":20283,"timezone":"Atlantic/Canary","translations":{"br":"Los Llanos de Aridane","ko":"로스 야노스 데 아리단","pt-BR":"Los Llanos de Aridane","pt":"Los Llanos de Aridane","nl":"Los Llanos de Aridane","hr":"Los Llanos de Aridane","fa":"لوس یانوس د آریدان","de":"Los Llanos de Aridane","es":"Los Llanos de Aridane","fr":"Les Llanos de Aridane","ja":"ロス・リャノス・デ・アリダネ","it":"Los Llanos de Aridane","zh-CN":"阿里达内平原","tr":"Aridane Llanos'u","ru":"Лос-Льянос-де-Аридане","uk":"Лос-Льянос-де-Арідане","pl":"Los Llanos de Aridane","hi":"लॉस लानोस डी एरिडेन","ar":"لوس يانوس دي أريداني"},"wikiDataId":"Q366948"},{"id":35132,"name":"Los Realejos","state_id":1185,"state_code":"GC","state_name":"Las Palmas","country_id":207,"country_code":"ES","country_name":"Spain","latitude":"28.38487000","longitude":"-16.58275000","native":"Los Realejos","type":"adm3","level":null,"parent_id":null,"population":37522,"timezone":"Atlantic/Canary","translations":{"br":"Los Realejos","ko":"로스 레알레호스","pt-BR":"Los Realejos","pt":"Los Realejos","nl":"De Realejos","hr":"Los Realejos","fa":"رئالی‌ها","de":"Los Realejos","es":"Los Realejos","fr":"Les Realejos","ja":"ロス・レアレホス","it":"Los Realejos","zh-CN":"洛斯雷亚莱霍斯","tr":"Los Realejos","ru":"Лос-Реалехос","uk":"Лос-Реалхос","pl":"Los Realejos","hi":"लॉस रियलेजोस","ar":"لوس رياليخوس"},"wikiDataId":"Q953876"},{"id":35135,"name":"Los Silos","state_id":1185,"state_code":"GC","state_name":"Las Palmas","country_id":207,"country_code":"ES","country_name":"Spain","latitude":"28.36610000","longitude":"-16.81552000","native":"Ir a los silos","type":"city","level":null,"parent_id":null,"population":4705,"timezone":"Atlantic/Canary","translations":{"br":"Los Silos","ko":"로스 실로스","pt-BR":"Os Silos","pt":"Os Silos","nl":"De Silos","hr":"Los Silos","fa":"لوس سیلوس","de":"Los Silos","es":"Los Silos","fr":"Les Silos","ja":"ロス・シロス","it":"Los Silos","zh-CN":"洛斯西洛斯","tr":"Los Silos","ru":"Лос-Силос","uk":"Лос-Сілос","pl":"Silosy","hi":"लॉस सिलोस","ar":"لوس سيلوس"},"wikiDataId":"Q682964"},{"id":35702,"name":"Mácher","state_id":1185,"state_code":"GC","state_name":"Las Palmas","country_id":207,"country_code":"ES","country_name":"Spain","latitude":"28.94840000","longitude":"-13.69117000","native":"Máchar","type":"city","level":null,"parent_id":null,"population":1253,"timezone":"Atlantic/Canary","translations":{"br":"Mácher","ko":"마허","pt-BR":"Mácher","pt":"Mácher","nl":"Macher","hr":"Mácher","fa":"ماخر","de":"Mácher","es":"Macher","fr":"Macher","ja":"マチャー","it":"Mácher","zh-CN":"马赫尔","tr":"Makine","ru":"Мачер","uk":"Махер","pl":"Mácher","hi":"Macher","ar":"ماشر"},"wikiDataId":"Q6949526"},{"id":35324,"name":"Maspalomas","state_id":1185,"state_code":"GC","state_name":"Las Palmas","country_id":207,"country_code":"ES","country_name":"Spain","latitude":"27.76056000","longitude":"-15.58602000","native":"Maspalomas","type":"city","level":null,"parent_id":null,"population":36065,"timezone":"Atlantic/Canary","translations":{"br":"Maspalomoù","ko":"마스팔로마스","pt-BR":"Maspalomas","pt":"Maspalomas","nl":"Maspalomas","hr":"Maspalomas","fa":"ماسپالوماس","de":"Maspalomas","es":"Maspalomas","fr":"Maspalomas","ja":"マスパロマス","it":"Maspalomas","zh-CN":"马斯帕洛马斯","tr":"Maspalomas","ru":"Маспаломас","uk":"Маспаломас","pl":"Maspalomas","hi":"मासपालोमास","ar":"ماسبالوماس"},"wikiDataId":"Q580743"},{"id":35357,"name":"Mazo","state_id":1185,"state_code":"GC","state_name":"Las Palmas","country_id":207,"country_code":"ES","country_name":"Spain","latitude":"28.60906000","longitude":"-17.77801000","native":"Pequeño","type":"city","level":null,"parent_id":null,"population":4805,"timezone":"Atlantic/Canary","translations":{"br":"Mazo","ko":"마조","pt-BR":"Mazo","pt":"Mazo","nl":"Mazo","hr":"Mazo","fa":"مازو","de":"Mazo","es":"Mazo","fr":"Mazo","ja":"マゾ","it":"Mazo","zh-CN":"马佐","tr":"Mazo","ru":"Мазо","uk":"Мазо","pl":"Mazo","hi":"माज़ो","ar":"مازو"},"wikiDataId":"Q23984118"},{"id":35469,"name":"Mogán","state_id":1185,"state_code":"GC","state_name":"Las Palmas","country_id":207,"country_code":"ES","country_name":"Spain","latitude":"27.88385000","longitude":"-15.72538000","native":"Mogán","type":"adm3","level":null,"parent_id":null,"population":21175,"timezone":"Atlantic/Canary","translations":{"br":"Mogán","ko":"모간","pt-BR":"Mogán","pt":"Mogán","nl":"Mogán","hr":"Mogán","fa":"موگان","de":"Mogán","es":"Mogán","fr":"Mogán","ja":"モガン","it":"Mogán","zh-CN":"莫甘","tr":"Mogán","ru":"Моган","uk":"Моган","pl":"Mogán","hi":"मोगन","ar":"موغان"},"wikiDataId":"Q785888"},{"id":35647,"name":"Moya","state_id":1185,"state_code":"GC","state_name":"Las Palmas","country_id":207,"country_code":"ES","country_name":"Spain","latitude":"28.11106000","longitude":"-15.58285000","native":"Moya","type":"adm3","level":null,"parent_id":null,"population":7987,"timezone":"Atlantic/Canary","translations":{"br":"Moya","ko":"모야","pt-BR":"Moya","pt":"Moya","nl":"Moya","hr":"Moja","fa":"مویا","de":"Moya","es":"Moya","fr":"Moya","ja":"モヤ","it":"Moya","zh-CN":"莫亚","tr":"Moya","ru":"Моя","uk":"Мойя","pl":"Moya","hi":"मोया","ar":"مويا"},"wikiDataId":"Q23983299"},{"id":35794,"name":"Nazaret","state_id":1185,"state_code":"GC","state_name":"Las Palmas","country_id":207,"country_code":"ES","country_name":"Spain","latitude":"29.03818000","longitude":"-13.56386000","native":"Nazaret","type":"city","level":null,"parent_id":null,"population":10000,"timezone":"Atlantic/Canary","translations":{"br":"Nazared","ko":"나자렛","pt-BR":"Nazaré","pt":"Nazaré","nl":"Nazareth","hr":"Nazaret","fa":"ناصره","de":"Nazaret","es":"Nazaret","fr":"Nazareth","ja":"ナザレト","it":"Nazaret","zh-CN":"拿撒勒","tr":"Nazaret","ru":"Назарет","uk":"Назарет","pl":"Nazaret","hi":"नाज़रेत","ar":"الناصرة"},"wikiDataId":"Q1488169"},{"id":36480,"name":"Pájara","state_id":1185,"state_code":"GC","state_name":"Las Palmas","country_id":207,"country_code":"ES","country_name":"Spain","latitude":"28.35039000","longitude":"-14.10760000","native":"Pájara","type":"adm3","level":null,"parent_id":null,"population":21614,"timezone":"Atlantic/Canary","translations":{"br":"Pájara","ko":"파하라","pt-BR":"Pájara","pt":"Pájara","nl":"Pájara","hr":"Pájara","fa":"پاجارا","de":"Pájara","es":"Pájara","fr":"Pájara","ja":"パハラ","it":"Pájara","zh-CN":"帕哈拉","tr":"Pájara","ru":"Пахара","uk":"Пахара","pl":"Pájara","hi":"Pajara","ar":"باجارا"},"wikiDataId":"Q661198"},{"id":36239,"name":"Playa Blanca","state_id":1185,"state_code":"GC","state_name":"Las Palmas","country_id":207,"country_code":"ES","country_name":"Spain","latitude":"28.86426000","longitude":"-13.82814000","native":"Playa Blanca","type":"city","level":null,"parent_id":null,"population":10000,"timezone":"Atlantic/Canary","translations":{"br":"Playa Blanca","ko":"플라야 블랑카","pt-BR":"Praia Branca","pt":"Praia Branca","nl":"Playa Blanca","hr":"Playa Blanca","fa":"پلایا بلانکا","de":"Playa Blanca","es":"Playa Blanca","fr":"Playa Blanca","ja":"プラヤブランカ","it":"Playa Blanca","zh-CN":"普拉亚布兰卡","tr":"Playa Blanca","ru":"Плайя Бланка","uk":"Плайя-Бланка","pl":"Plaża Biała","hi":"प्लाया ब्लैंका","ar":"بلايا بلانكا"},"wikiDataId":"Q2000517"},{"id":36240,"name":"Playa de las Américas","state_id":1185,"state_code":"GC","state_name":"Las Palmas","country_id":207,"country_code":"ES","country_name":"Spain","latitude":"28.06403000","longitude":"-16.73012000","native":"Playa de las Américas","type":"city","level":null,"parent_id":null,"population":3000,"timezone":"Atlantic/Canary","translations":{"br":"Playa de las Americas","ko":"플라야 데 라스 아메리카스","pt-BR":"Playa de las Américas","pt":"Playa de las Américas","nl":"Playa de las Americas","hr":"Playa de las Américas","fa":"پلایا د لاس آمریکاس","de":"Playa de las Américas","es":"Playa de las Américas","fr":"Plage de las Américas","ja":"プラヤ・デ・ラス・アメリカス","it":"Playa de las Américas","zh-CN":"美洲海滩","tr":"Playa de las Américas","ru":"Плайя-де-лас-Америкас","uk":"Плайя-де-лас-Амерікас","pl":"Plaża Américas","hi":"प्लाया डे लास अमेरिकास","ar":"بلايا دي لاس أميريكاس"},"wikiDataId":"Q267946"},{"id":36241,"name":"Playa del Ingles","state_id":1185,"state_code":"GC","state_name":"Las Palmas","country_id":207,"country_code":"ES","country_name":"Spain","latitude":"27.75670000","longitude":"-15.57870000","native":"Playa del Ingles","type":"city","level":null,"parent_id":null,"population":17158,"timezone":"Atlantic/Canary","translations":{"br":"Playa del Ingles","ko":"플라야 델 잉글레스","pt-BR":"Playa del Inglés","pt":"Playa del Inglés","nl":"Playa del Inglés","hr":"Playa del Inglés","fa":"پلایا دل اینگلز","de":"Playa del Inglés","es":"Playa del Inglés","fr":"Playa del Inglés","ja":"プラヤ・デル・イングレス","it":"Playa del Ingles","zh-CN":"普拉亚德尔英格尔斯","tr":"Playa del Ingles","ru":"Плайя-дель-Инглес","uk":"Плайя-дель-Інглес","pl":"Playa del Ingles","hi":"प्लाया डेल इंग्लेस","ar":"بلايا ديل إنجليس"},"wikiDataId":"Q1929363"},{"id":36376,"name":"Provincia de Las Palmas","state_id":1185,"state_code":"GC","state_name":"Las Palmas","country_id":207,"country_code":"ES","country_name":"Spain","latitude":"28.42039000","longitude":"-14.01306000","native":"Provincia de Las Palmas","type":"city","level":null,"parent_id":null,"population":null,"timezone":"Atlantic/Canary","translations":{"br":"Provincia de Las Palmas","ko":"라스 팔마스","pt-BR":"Província de Las Palmas","pt":"Província de Las Palmas","nl":"Provincie Las Palmas","hr":"Provincija Las Palmas","fa":"استان لاس پالماس","de":"Provincia de Las Palmas","es":"Provincia de Las Palmas","fr":"Province de Las Palmas","ja":"ラスパルマス","it":"Provincia di Las Palmas","zh-CN":"拉斯帕尔马斯省","tr":"Las Palmas İli","ru":"Провинция Лас-Пальмас","uk":"Провінція Лас-Пальмас","pl":"Prowincja Las Palmas","hi":"लास पाल्मास प्रांत","ar":"مقاطعة لاس بالماس"},"wikiDataId":"Q95080"},{"id":36386,"name":"Provincia de Santa Cruz de Tenerife","state_id":1185,"state_code":"GC","state_name":"Las Palmas","country_id":207,"country_code":"ES","country_name":"Spain","latitude":"28.16667000","longitude":"-17.33333000","native":"Provincia de Santa Cruz de Tenerife","type":"city","level":null,"parent_id":null,"population":1074409,"timezone":"Atlantic/Canary","translations":{"br":"Proviñs Santa Cruz de Tenerife","ko":"프로빈시아 데 산타 크루즈 데 테네리페","pt-BR":"Província de Santa Cruz de Tenerife","pt":"Província de Santa Cruz de Tenerife","nl":"Provincia de Santa Cruz de Tenerife","hr":"Provincia de Santa Cruz de Tenerife","fa":"استان سانتا کروز د تنریف","de":"Provinz Santa Cruz de Teneriffa","es":"Provincia de Santa Cruz de Tenerife","fr":"Province de Santa Cruz de Ténérife","ja":"サンタクルス・デ・テネリフェ","it":"Provincia di Santa Cruz di Tenerife","zh-CN":"圣克鲁斯-德特内里费省","tr":"Tenerife Santa Cruz Eyaleti","ru":"Провинция Санта-Крус-де-Тенерифе","uk":"Провінція Санта-Крус-де-Тенеріфе","pl":"Prowincja Santa Cruz na Teneryfie","hi":"प्रोविंसिया डे सांता क्रूज़ डे टेनेरिफ़","ar":"مقاطعة سانتا كروز دي تينيريفي"},"wikiDataId":"Q99976"},{"id":36455,"name":"Puerto del Carmen","state_id":1185,"state_code":"GC","state_name":"Las Palmas","country_id":207,"country_code":"ES","country_name":"Spain","latitude":"28.92313000","longitude":"-13.66579000","native":"Puerto del Carmen","type":"city","level":null,"parent_id":null,"population":30000,"timezone":"Atlantic/Canary","translations":{"br":"Puerto del Carmen","ko":"푸에르토 델 카르멘","pt-BR":"Porto do Carmen","pt":"Porto do Carmen","nl":"Puerto del Carmen","hr":"Puerto del Carmen","fa":"پورتو دل کارمن","de":"Puerto del Carmen","es":"Puerto del Carmen","fr":"Puerto del Carmen","ja":"プエルト・デル・カルメン","it":"Porto del Carmen","zh-CN":"卡门港","tr":"Puerto del Carmen","ru":"Пуэрто-дель-Кармен","uk":"Пуерто-дель-Кармен","pl":"Puerto del Carmen","hi":"प्यूर्टो डेल कारमेन","ar":"بويرتو ديل كارمن"},"wikiDataId":"Q1928400"},{"id":36456,"name":"Puerto del Rosario","state_id":1185,"state_code":"GC","state_name":"Las Palmas","country_id":207,"country_code":"ES","country_name":"Spain","latitude":"28.50038000","longitude":"-13.86272000","native":"Puerto del Rosario","type":"adm3","level":null,"parent_id":null,"population":35667,"timezone":"Atlantic/Canary","translations":{"br":"Puerto del Rosario","ko":"푸에르토 델 로사리오","pt-BR":"Porto do Rosário","pt":"Porto do Rosário","nl":"Haven van Rosario","hr":"Puerto del Rosario","fa":"پورتو دل روساریو","de":"Puerto del Rosario","es":"Puerto del Rosario","fr":"Puerto del Rosario","ja":"プエルト・デル・ロサリオ","it":"Porto del Rosario","zh-CN":"罗萨里奥港","tr":"Puerto del Rosario","ru":"Пуэрто-дель-Росарио","uk":"Пуерто-дель-Росаріо","pl":"Port Rosario","hi":"प्यूर्टो डेल रोसारियो","ar":"بويرتو ديل روساريو"},"wikiDataId":"Q540185"},{"id":36448,"name":"Puerto Rico","state_id":1185,"state_code":"GC","state_name":"Las Palmas","country_id":207,"country_code":"ES","country_name":"Spain","latitude":"27.78943000","longitude":"-15.71045000","native":"Puerto Rico","type":"city","level":null,"parent_id":null,"population":11000,"timezone":"Atlantic/Canary","translations":{"br":"Puerto Rico","ko":"푸에르토리코","pt-BR":"Porto Rico","pt":"Porto Rico","nl":"Puerto Rico","hr":"Portoriko","fa":"پورتوریکو","de":"Puerto Rico","es":"Puerto Rico","fr":"Porto Rico","ja":"プエルトリコ","it":"Porto Rico","zh-CN":"波多黎各","tr":"Porto Riko","ru":"Пуэрто-Рико","uk":"Пуерто-Рико","pl":"Portoryko","hi":"प्यूर्टो रिको","ar":"بورتوريكو"},"wikiDataId":"Q2117512"},{"id":36471,"name":"Punta de Mujeres","state_id":1185,"state_code":"GC","state_name":"Las Palmas","country_id":207,"country_code":"ES","country_name":"Spain","latitude":"29.14660000","longitude":"-13.44761000","native":"Punta de Mujeres","type":"city","level":null,"parent_id":null,"population":1107,"timezone":"Atlantic/Canary","translations":{"br":"Punta de Mujeres","ko":"푼타 데 무헤레스","pt-BR":"Punta de Mujeres","pt":"Punta de Mujeres","nl":"Punta de Mujeres","hr":"Punta de Mujeres","fa":"پونتا د موخرس","de":"Punta de Mujeres","es":"Punta de Mujeres","fr":"Punta de Mujeres","ja":"プンタ・デ・ムヘーレス","it":"Punta de Mujeres","zh-CN":"女人角","tr":"Kadınlar Punta'sı","ru":"Пунта-де-Мухерес","uk":"Пунта-де-Мухерес","pl":"Punta de Mujeres","hi":"पुंटा डे मुजेरेस","ar":"بونتا دي موخيريس"},"wikiDataId":"Q2118556"},{"id":36553,"name":"Realejo Alto","state_id":1185,"state_code":"GC","state_name":"Las Palmas","country_id":207,"country_code":"ES","country_name":"Spain","latitude":"28.37645000","longitude":"-16.58575000","native":"Realejo Alto","type":"city","level":null,"parent_id":null,"population":35963,"timezone":"Atlantic/Canary","translations":{"br":"Realejo Alto","ko":"레알레호 알토","pt-BR":"Realejo Alto","pt":"Realejo Alto","nl":"Realejo Alto","hr":"Realejo Alto","fa":"رئالخو آلتو","de":"Realejo Alto","es":"Realejo Alto","fr":"Realejo Alto","ja":"レアレホ・アルト","it":"Realejo Alto","zh-CN":"雷亚莱霍·奥托","tr":"Realejo Alto","ru":"Реалехо Альто","uk":"Реалехо Альто","pl":"Realejo Alto","hi":"रियलजो ऑल्टो","ar":"رياليخو ألتو"},"wikiDataId":"Q23983386"},{"id":36806,"name":"San Bartolomé","state_id":1185,"state_code":"GC","state_name":"Las Palmas","country_id":207,"country_code":"ES","country_name":"Spain","latitude":"29.00093000","longitude":"-13.61300000","native":"San Bartolomé","type":"adm3","level":null,"parent_id":null,"population":19443,"timezone":"Atlantic/Canary","translations":{"br":"San Bartolomé","ko":"산 바르톨로메","pt-BR":"São Bartolomé","pt":"São Bartolomé","nl":"San Bartolomé","hr":"San Bartolomé","fa":"سن بارتولومه","de":"San Bartolomé","es":"San Bartolomé","fr":"San Bartolomé","ja":"サン・バルトロメ","it":"San Bartolomé","zh-CN":"圣巴托洛梅","tr":"San Bartolomé","ru":"Сан-Бартоломе","uk":"Сан-Бартоломе","pl":"San Bartolomé","hi":"सैन बार्टोलोमे","ar":"سان بارتولومي"},"wikiDataId":"Q1636238"},{"id":36809,"name":"San Bartolomé de Tirajana","state_id":1185,"state_code":"GC","state_name":"Las Palmas","country_id":207,"country_code":"ES","country_name":"Spain","latitude":"27.92481000","longitude":"-15.57329000","native":"San Bartolomé de Tirajana","type":"city","level":null,"parent_id":null,"population":54116,"timezone":"Atlantic/Canary","translations":{"br":"San Bartolomé de Tirajana","ko":"산 바르톨로메 데 티라하나","pt-BR":"São Bartolomé de Tirajana","pt":"São Bartolomé de Tirajana","nl":"San Bartolomé de Tirajana","hr":"San Bartolomé de Tirajana","fa":"سن بارتولومه د تیراخانا","de":"San Bartolomé de Tirajana","es":"San Bartolomé de Tirajana","fr":"San Bartolomé de Tirajana","ja":"サン・バルトロメ・デ・ティラハナ","it":"San Bartolomé de Tirajana","zh-CN":"蒂拉哈纳的圣巴托洛梅","tr":"San Bartolomé de Tirajana","ru":"Сан-Бартоломе-де-Тирахана","uk":"Сан-Бартоломе-де-Тірахана","pl":"San Bartolomé de Tirajana","hi":"सैन बार्टोलोमे डे तिराजाना","ar":"سان بارتولومي دي تيراجانا"},"wikiDataId":"Q693258"},{"id":36895,"name":"San Nicolás","state_id":1185,"state_code":"GC","state_name":"Las Palmas","country_id":207,"country_code":"ES","country_name":"Spain","latitude":"27.98910000","longitude":"-15.78126000","native":"San Nicolás","type":"city","level":null,"parent_id":null,"population":7950,"timezone":"Atlantic/Canary","translations":{"br":"San Nicolas","ko":"산 니콜라스","pt-BR":"São Nicolau","pt":"São Nicolau","nl":"San Nicolás","hr":"San Nicolás","fa":"سن نیکولاس","de":"San Nicolás","es":"San Nicolás","fr":"Saint-Nicolas","ja":"サンニコラス","it":"San Nicola","zh-CN":"圣尼古拉斯","tr":"San Nicolas","ru":"Сан-Николас","uk":"Сан-Ніколас","pl":"Święty Mikołaj","hi":"सैन निकोलस","ar":"سان نيكولاس"},"wikiDataId":"Q1905345"},{"id":37007,"name":"Santa Brígida","state_id":1185,"state_code":"GC","state_name":"Las Palmas","country_id":207,"country_code":"ES","country_name":"Spain","latitude":"28.03197000","longitude":"-15.50425000","native":"Santa Brígida","type":"adm3","level":null,"parent_id":null,"population":18551,"timezone":"Atlantic/Canary","translations":{"br":"Santa Brigida","ko":"산타 브리히다","pt-BR":"Santa Brígida","pt":"Santa Brígida","nl":"Santa Brígida","hr":"Santa Brigida","fa":"سانتا بریگیدا","de":"Santa Brígida","es":"Santa Brígida","fr":"Santa Brígida","ja":"サンタ・ブリヒダ","it":"Santa Brigida","zh-CN":"圣布里吉达","tr":"Santa Brigida","ru":"Санта-Брихида","uk":"Санта-Брихіда","pl":"Święta Brygida","hi":"सांता ब्रिगिडा","ar":"سانتا بريجيدا"},"wikiDataId":"Q1630172"},{"id":37062,"name":"Santa Lucía","state_id":1185,"state_code":"GC","state_name":"Las Palmas","country_id":207,"country_code":"ES","country_name":"Spain","latitude":"27.91174000","longitude":"-15.54071000","native":"Santa Lucía","type":"city","level":null,"parent_id":null,"population":71863,"timezone":"Atlantic/Canary","translations":{"br":"Santa Lucía","ko":"산타 루시아","pt-BR":"Santa Lúcia","pt":"Santa Lúcia","nl":"Santa Lucia","hr":"Santa Lucía","fa":"سانتا لوسیا","de":"Santa Lucía","es":"Santa Lucía","fr":"Sainte-Lucie","ja":"サンタ・ルシア","it":"Santa Lucia","zh-CN":"圣卢西亚","tr":"Santa Lucia","ru":"Санта-Люсия","uk":"Санта-Лусія","pl":"Święta Lucía","hi":"सांता लूसिया","ar":"سانتا لوسيا"},"wikiDataId":"Q738674"},{"id":153200,"name":"Santa Lucía de Tirajana","state_id":1185,"state_code":"GC","state_name":"Las Palmas","country_id":207,"country_code":"ES","country_name":"Spain","latitude":"27.91006630","longitude":"-15.54021120","native":"Santa Lucía de Tirajana","type":"city","level":null,"parent_id":null,"population":77098,"timezone":"Atlantic/Canary","translations":{"br":"Santa Lucía de Tirajana","ko":"산타 루시아 데 티라하나","pt-BR":"Santa Lucía de Tirajana","pt":"Santa Lucía de Tirajana","nl":"Santa Lucia de Tirajana","hr":"Santa Lucía de Tirajana","fa":"سانتا لوسیا د تیراجانا","de":"Santa Lucía de Tirajana","es":"Santa Lucía de Tirajana","fr":"Santa Lucía de Tirajana","ja":"サンタ・ルシア・デ・ティラハナ","it":"Santa Lucia de Tirajana","zh-CN":"圣卢西亚·德蒂拉哈纳","tr":"Santa Lucía de Tirajana","ru":"Санта-Люсия-де-Тирахана","uk":"Санта-Люсія-де-Тірахана","pl":"Santa Lucía de Tirajana","hi":"सांता लूसिया डे तिराजाना","ar":"سانتا لوسيا دي تيراجانا"},"wikiDataId":"Q738674"},{"id":153201,"name":"Santa María de Guía de Gran Canaria","state_id":1185,"state_code":"GC","state_name":"Las Palmas","country_id":207,"country_code":"ES","country_name":"Spain","latitude":"28.10744940","longitude":"-15.60606610","native":"Santa María de Guía de Gran Canaria","type":"adm3","level":null,"parent_id":null,"population":14135,"timezone":"Atlantic/Canary","translations":{"br":"Santa María de Guía de Gran Canaria","ko":"산타 마리아 데 기아 데 그란 카나리아","pt-BR":"Santa Maria de Guia de Gran Canaria","pt":"Santa Maria de Guia de Gran Canaria","nl":"Santa María de Guía de Gran Canaria","hr":"Santa María de Guía de Gran Canaria","fa":"سانتا ماریا د گویا د گرن کاناریا","de":"Santa María de Guía auf Gran Canaria","es":"Santa María de Guía de Gran Canaria","fr":"Santa María de Guía de Gran Canaria","ja":"サンタ・マリア・デ・ギア・デ・グラン・カナリア島","it":"Santa María de Guía de Gran Canaria","zh-CN":"大加那利岛圣玛丽亚德吉亚","tr":"Santa María de Guía de Gran Canaria","ru":"Санта-Мария-де-Гия-де-Гран-Канария","uk":"Санта-Марія-де-Гія-де-Гран-Канарія","pl":"Santa María de Guía de Gran Canaria","hi":"सांता मारिया डे गुआ डे ग्रैन कैनरिया","ar":"سانتا ماريا دي جويا دي جران كناريا"},"wikiDataId":"Q986359"},{"id":37180,"name":"Sauzal","state_id":1185,"state_code":"GC","state_name":"Las Palmas","country_id":207,"country_code":"ES","country_name":"Spain","latitude":"28.46667000","longitude":"-16.41667000","native":"Sauzal","type":"city","level":null,"parent_id":null,"population":8172,"timezone":"Atlantic/Canary","translations":{"br":"Sauzal","ko":"사우잘","pt-BR":"Sauzal","pt":"Sauzal","nl":"Sauzal","hr":"Sauzal","fa":"سوزال","de":"Sauzal","es":"Sauzal","fr":"Sauzal","ja":"サウザル","it":"Sauzal","zh-CN":"索萨尔","tr":"Sauzal","ru":"Саузал","uk":"Саузал","pl":"Sauzal","hi":"सौज़ल","ar":"سوزال"},"wikiDataId":"Q782910"},{"id":37368,"name":"Tanque","state_id":1185,"state_code":"GC","state_name":"Las Palmas","country_id":207,"country_code":"ES","country_name":"Spain","latitude":"28.36667000","longitude":"-16.83333000","native":"Tanque","type":"city","level":null,"parent_id":null,"population":3068,"timezone":"Atlantic/Canary","translations":{"br":"Tanque","ko":"탱크","pt-BR":"Tanque","pt":"Tanque","nl":"Tank","hr":"Tanque","fa":"تانکه","de":"Tanque","es":"Tanque","fr":"Réservoir","ja":"タンケ","it":"Serbatoio","zh-CN":"坦克","tr":"Tank","ru":"Танк","uk":"Танке","pl":"Tanque","hi":"टैंक","ar":"تانكي"},"wikiDataId":"Q23979490"},{"id":37392,"name":"Teguise","state_id":1185,"state_code":"GC","state_name":"Las Palmas","country_id":207,"country_code":"ES","country_name":"Spain","latitude":"29.06049000","longitude":"-13.56397000","native":"Teguise","type":"adm3","level":null,"parent_id":null,"population":23848,"timezone":"Atlantic/Canary","translations":{"br":"Teguise","ko":"테기세","pt-BR":"Teguise","pt":"Teguise","nl":"Teguise","hr":"Teguise","fa":"تگایز","de":"Teguise","es":"Teguise","fr":"Teguise","ja":"テギセ","it":"Teguise","zh-CN":"特吉塞","tr":"Teguise","ru":"Тегисе","uk":"Тегісе","pl":"Teguise","hi":"टेगुइज़","ar":"تيجويس"},"wikiDataId":"Q4397801"},{"id":37397,"name":"Tejeda","state_id":1185,"state_code":"GC","state_name":"Las Palmas","country_id":207,"country_code":"ES","country_name":"Spain","latitude":"27.99508000","longitude":"-15.61543000","native":"Tejeda","type":"city","level":null,"parent_id":null,"population":2338,"timezone":"Atlantic/Canary","translations":{"br":"Tejeda","ko":"테헤다","pt-BR":"Tejeda","pt":"Tejeda","nl":"Tejeda","hr":"Tejeda","fa":"تجدا","de":"Tejeda","es":"Tejeda","fr":"Tejeda","ja":"テヘダ","it":"Tejeda","zh-CN":"特赫达","tr":"Tejeda","ru":"Техеда","uk":"Техеда","pl":"Tejeda","hi":"तेजेदा","ar":"تيخيدا"},"wikiDataId":"Q986361"},{"id":37400,"name":"Telde","state_id":1185,"state_code":"GC","state_name":"Las Palmas","country_id":207,"country_code":"ES","country_name":"Spain","latitude":"27.99243000","longitude":"-15.41915000","native":"Contado","type":"adm3","level":null,"parent_id":null,"population":102867,"timezone":"Atlantic/Canary","translations":{"br":"Telde","ko":"텔데","pt-BR":"Telde","pt":"Telde","nl":"Telde","hr":"Telde","fa":"تلده","de":"Telde","es":"Telde","fr":"Telde","ja":"テルデ","it":"Telde","zh-CN":"特尔德","tr":"Telde","ru":"Тельде","uk":"Тельде","pl":"Telde","hi":"टेल्डे","ar":"تيلدي"},"wikiDataId":"Q24013877"},{"id":37405,"name":"Teror","state_id":1185,"state_code":"GC","state_name":"Las Palmas","country_id":207,"country_code":"ES","country_name":"Spain","latitude":"28.06062000","longitude":"-15.54909000","native":"Terror","type":"adm3","level":null,"parent_id":null,"population":12878,"timezone":"Atlantic/Canary","translations":{"br":"Spont","ko":"테로르","pt-BR":"Terror","pt":"Terror","nl":"Teror","hr":"Teror","fa":"ترور","de":"Teror","es":"Teror","fr":"Terreur","ja":"テロル","it":"Terrore","zh-CN":"恐怖分子","tr":"Terör","ru":"Терор","uk":"Терор","pl":"Terror","hi":"टेरोर","ar":"رعب"},"wikiDataId":"Q430147"},{"id":37666,"name":"Tías","state_id":1185,"state_code":"GC","state_name":"Las Palmas","country_id":207,"country_code":"ES","country_name":"Spain","latitude":"28.96108000","longitude":"-13.64502000","native":"Tías","type":"adm3","level":null,"parent_id":null,"population":19849,"timezone":"Atlantic/Canary","translations":{"br":"Tías","ko":"티아스","pt-BR":"Tías","pt":"Tías","nl":"Tías","hr":"Tías","fa":"تیاس","de":"Tías","es":"Tías","fr":"Tías","ja":"ティアス","it":"Zia","zh-CN":"蒂亚斯","tr":"Tías","ru":"Тиас","uk":"Тіас","pl":"Tías","hi":"Tias","ar":"تياس"},"wikiDataId":"Q2046900"},{"id":37427,"name":"Tinajo","state_id":1185,"state_code":"GC","state_name":"Las Palmas","country_id":207,"country_code":"ES","country_name":"Spain","latitude":"29.06326000","longitude":"-13.67647000","native":"Tina","type":"adm3","level":null,"parent_id":null,"population":5228,"timezone":"Atlantic/Canary","translations":{"br":"Tinajo","ko":"티나조","pt-BR":"Tinajo","pt":"Tinajo","nl":"Tinajo","hr":"Tinajo","fa":"تیناجو","de":"Tinajo","es":"Tinajo","fr":"Tinajo","ja":"ティナホ","it":"Tinajo","zh-CN":"蒂纳霍","tr":"Tinajo","ru":"Тинахо","uk":"Тінахо","pl":"Tinajo","hi":"टीनाजो","ar":"تيناجو"},"wikiDataId":"Q24011484"},{"id":37652,"name":"Tuineje","state_id":1185,"state_code":"GC","state_name":"Las Palmas","country_id":207,"country_code":"ES","country_name":"Spain","latitude":"28.32372000","longitude":"-14.04722000","native":"Jardines","type":"adm3","level":null,"parent_id":null,"population":16454,"timezone":"Atlantic/Canary","translations":{"br":"Tuineje","ko":"투이네제","pt-BR":"Tuineje","pt":"Tuineje","nl":"Tuineje","hr":"Tuineje","fa":"تویینجه","de":"Tuineje","es":"Tuineje","fr":"Tuineje","ja":"トゥイネジェ","it":"Tuineje","zh-CN":"图伊内耶","tr":"Tuineje","ru":"Туйнедже","uk":"Туїнеже","pl":"Tuineje","hi":"तुइनेजे","ar":"توينيي"},"wikiDataId":"Q1646935"},{"id":37850,"name":"Vallehermosa","state_id":1185,"state_code":"GC","state_name":"Las Palmas","country_id":207,"country_code":"ES","country_name":"Spain","latitude":"28.17944000","longitude":"-17.26664000","native":"Vallehermosa","type":"city","level":null,"parent_id":null,"population":2829,"timezone":"Atlantic/Canary","translations":{"br":"Vallehermosa","ko":"발레에르모사","pt-BR":"Vallehermosa","pt":"Vallehermosa","nl":"Vallehermosa","hr":"Vallehermosa","fa":"والهرموزا","de":"Vallehermosa","es":"Vallehermosa","fr":"Vallehermosa","ja":"ヴァレエルモサ","it":"Vallehermosa","zh-CN":"巴列埃尔莫萨","tr":"Vallehermosa","ru":"Вальеэрмоса","uk":"Вальєермоса","pl":"Vallehermosa","hi":"वैलेहर्मोसा","ar":"فاليهيرموسا"},"wikiDataId":"Q635308"},{"id":37857,"name":"Valleseco","state_id":1185,"state_code":"GC","state_name":"Las Palmas","country_id":207,"country_code":"ES","country_name":"Spain","latitude":"28.04330000","longitude":"-15.57623000","native":"Valleseco","type":"adm3","level":null,"parent_id":null,"population":3741,"timezone":"Atlantic/Canary","translations":{"br":"Valleseco","ko":"발레세코","pt-BR":"Valleseco","pt":"Valleseco","nl":"Valleseco","hr":"Valleseco","fa":"والسکو","de":"Valleseco","es":"Valleseco","fr":"Valleseco","ja":"ヴァレセコ","it":"Valleseco","zh-CN":"瓦列塞科","tr":"Valleseco","ru":"Вальесеко","uk":"Вальєсеко","pl":"Valleseco","hi":"वैलेसेको","ar":"فاليسيكو"},"wikiDataId":"Q1766957"},{"id":37875,"name":"Valsequillo de Gran Canaria","state_id":1185,"state_code":"GC","state_name":"Las Palmas","country_id":207,"country_code":"ES","country_name":"Spain","latitude":"27.98562000","longitude":"-15.49725000","native":"Valsequillo de Gran Canaria","type":"adm3","level":null,"parent_id":null,"population":9768,"timezone":"Atlantic/Canary","translations":{"br":"Valsequillo de Gran Canaria","ko":"발세키요 데 그란 카나리아","pt-BR":"Valsequillo de Gran Canaria","pt":"Valsequillo de Gran Canaria","nl":"Valsequillo de Gran Canaria","hr":"Valsequillo de Gran Canaria","fa":"والسکیلو د گران کاناریا","de":"Valsequillo de Gran Canaria","es":"Valsequillo de Gran Canaria","fr":"Valsequillo de Gran Canaria","ja":"バルセキージョ・デ・グラン・カナリア","it":"Valsequillo de Gran Canaria","zh-CN":"大加那利岛的瓦尔塞基略","tr":"Gran Canaria Valsequillo","ru":"Вальсекильо-де-Гран-Канария","uk":"Вальсекільйо-де-Гран-Канарія","pl":"Valsequillo de Gran Canaria","hi":"वाल्सेक्विलो डी ग्रैन कैनरिया","ar":"فالسيكويو دي جران كناريا"},"wikiDataId":"Q914195"},{"id":37900,"name":"Vecindario","state_id":1185,"state_code":"GC","state_name":"Las Palmas","country_id":207,"country_code":"ES","country_name":"Spain","latitude":"27.84636000","longitude":"-15.44455000","native":"Vecindario","type":"city","level":null,"parent_id":null,"population":14910,"timezone":"Atlantic/Canary","translations":{"br":"Vecindario","ko":"베신다리오","pt-BR":"Vecindario","pt":"Vecindario","nl":"Vecindario","hr":"Vecindario","fa":"وکینداریو","de":"Vecindario","es":"Vecindario","fr":"Voisin","ja":"ベシンダリオ","it":"Vecindario","zh-CN":"维辛达里奥","tr":"Vecindario","ru":"Весиндарио","uk":"Весіндаріо","pl":"Vecindario","hi":"वेसिंडारियो","ar":"فيسينداريو"},"wikiDataId":"Q9092770"},{"id":37907,"name":"Vega de San Mateo","state_id":1185,"state_code":"GC","state_name":"Las Palmas","country_id":207,"country_code":"ES","country_name":"Spain","latitude":"28.00892000","longitude":"-15.53330000","native":"Vega de San Mateo","type":"adm3","level":null,"parent_id":null,"population":7856,"timezone":"Atlantic/Canary","translations":{"br":"Vega de San Mateo","ko":"베가 데 산 마테오","pt-BR":"Vega de San Mateo","pt":"Vega de San Mateo","nl":"Vega de San Mateo","hr":"Vega de San Mateo","fa":"وگا د سن ماتئو","de":"Vega de San Mateo","es":"Vega de San Mateo","fr":"Vega de San Mateo","ja":"ベガ・デ・サン・マテオ","it":"Vega de San Mateo","zh-CN":"维加·德·圣马特奥","tr":"Vega de San Mateo","ru":"Вега-де-Сан-Матео","uk":"Вега-де-Сан-Матео","pl":"Vega de San Mateo","hi":"वेगा डे सैन मेटो","ar":"فيغا دي سان ماتيو"},"wikiDataId":"Q1929334"},{"id":38425,"name":"Yaiza","state_id":1185,"state_code":"GC","state_name":"Las Palmas","country_id":207,"country_code":"ES","country_name":"Spain","latitude":"28.95678000","longitude":"-13.76535000","native":"Yaiza","type":"adm3","level":null,"parent_id":null,"population":16289,"timezone":"Atlantic/Canary","translations":{"br":"Yaiza","ko":"야이자","pt-BR":"Yaiza","pt":"Yaiza","nl":"Yaiza","hr":"Yaiza","fa":"یایزا","de":"Yaiza","es":"Yaiza","fr":"Yaiza","ja":"ヤイザ","it":"Yaiza","zh-CN":"亚伊萨","tr":"Yaiza","ru":"Яйса","uk":"Яйза","pl":"Yaiza","hi":"याइज़ा","ar":"يايزا"},"wikiDataId":"Q23986918"}]