[{"id":151321,"name":"Abaltzisketa","state_id":1191,"state_code":"SS","state_name":"Gipuzkoa","country_id":207,"country_code":"ES","country_name":"Spain","latitude":"43.04844360","longitude":"-2.10544830","native":"Abaltzisketza","type":"adm3","level":null,"parent_id":null,"population":0,"timezone":"Europe/Madrid","translations":{"br":"Abaltzisketa","ko":"아발치스케타","pt-BR":"Abaltzisketa","pt":"Abaltzisketa","nl":"Abaltzisketa","hr":"Abaltzisketa","fa":"آبالتزیسکتا","de":"Abaltzisketa","es":"Abaltzisketa","fr":"Abaltzisketa","ja":"アバルツィスケタ","it":"Abaltzisketa","zh-CN":"阿巴尔齐斯基塔","tr":"Abaltzisketa","ru":"Абальтзискета","uk":"Абальціскета","pl":"Abaltzisketa","hi":"अबाल्ट्ज़िस्केटा","ar":"أبالتزيسكيتا"},"wikiDataId":"Q1598962"},{"id":31942,"name":"Aduna","state_id":1191,"state_code":"SS","state_name":"Gipuzkoa","country_id":207,"country_code":"ES","country_name":"Spain","latitude":"43.20375000","longitude":"-2.05033000","native":"allá","type":"adm3","level":null,"parent_id":null,"population":0,"timezone":"Europe/Madrid","translations":{"br":"Aduna","ko":"아두나","pt-BR":"Aduna","pt":"Aduna","nl":"Aduna","hr":"Aduna","fa":"آدونا","de":"Aduna","es":"Aduna","fr":"Aduna","ja":"アドゥナ","it":"Aduna","zh-CN":"阿杜纳","tr":"Aduna","ru":"Адуна","uk":"Адуна","pl":"Aduna","hi":"अदुना","ar":"أدونا"},"wikiDataId":"Q576753"},{"id":31978,"name":"Aia","state_id":1191,"state_code":"SS","state_name":"Gipuzkoa","country_id":207,"country_code":"ES","country_name":"Spain","latitude":"43.23721000","longitude":"-2.14833000","native":"AIA","type":"adm3","level":null,"parent_id":null,"population":0,"timezone":"Europe/Madrid","translations":{"br":"Aia","ko":"아이아","pt-BR":"Aia","pt":"Aia","nl":"Aia","hr":"Aia","fa":"آیا","de":"Aia","es":"Aia","fr":"Aïa","ja":"アイア","it":"Aia","zh-CN":"艾雅","tr":"Aia","ru":"Айя","uk":"Айя","pl":"Aia","hi":"आइआ","ar":"أيا"},"wikiDataId":"Q1631163"},{"id":31984,"name":"Aizarnazabal","state_id":1191,"state_code":"SS","state_name":"Gipuzkoa","country_id":207,"country_code":"ES","country_name":"Spain","latitude":"43.25591000","longitude":"-2.23607000","native":"Aizarnazabal","type":"adm3","level":null,"parent_id":null,"population":602,"timezone":"Europe/Madrid","translations":{"br":"Aizarnazabal","ko":"아이자르나자발","pt-BR":"Aizarnazabal","pt":"Aizarnazabal","nl":"Aizarnazabal","hr":"Aizarnazabal","fa":"آیزارنازبال","de":"Aizarnazabal","es":"Aizarnazábal","fr":"Aizarnazabal","ja":"アイザルナザバル","it":"Aizarnazabal","zh-CN":"艾扎纳扎巴尔","tr":"Aizarnazabal","ru":"Айсарнасабаль","uk":"Айзарназабал","pl":"Aizarnazabal","hi":"ऐज़रनाज़ाबल","ar":"أيزارنازابال"},"wikiDataId":"Q1646588"},{"id":32046,"name":"Albiztur","state_id":1191,"state_code":"SS","state_name":"Gipuzkoa","country_id":207,"country_code":"ES","country_name":"Spain","latitude":"43.12933000","longitude":"-2.13649000","native":"Albiztur","type":"adm3","level":null,"parent_id":null,"population":324,"timezone":"Europe/Madrid","translations":{"br":"Albiztur","ko":"알비즈투르","pt-BR":"Albiztur","pt":"Albiztur","nl":"Albiztur","hr":"Albiztür","fa":"آلبیزتور","de":"Albiztur","es":"Albiztur","fr":"Albiztur","ja":"アルビズトゥール","it":"Albiztur","zh-CN":"阿尔比兹图尔","tr":"Albiztur","ru":"Альбизтур","uk":"Альбізтур","pl":"Albiztur","hi":"अल्बिज़टूर","ar":"ألبزتور"},"wikiDataId":"Q1639421"},{"id":151322,"name":"Alegia","state_id":1191,"state_code":"SS","state_name":"Gipuzkoa","country_id":207,"country_code":"ES","country_name":"Spain","latitude":"43.10219050","longitude":"-2.10084860","native":"Fábula","type":"adm3","level":null,"parent_id":null,"population":184,"timezone":"Europe/Madrid","translations":{"br":"Alegia","ko":"알레지아","pt-BR":"Alégia","pt":"Alégia","nl":"Alegia","hr":"Alegia","fa":"آلگیا","de":"Alegia","es":"Alegia","fr":"Alegia","ja":"アレギア","it":"Alegia","zh-CN":"阿莱吉亚","tr":"Alegia","ru":"Алегия","uk":"Алегія","pl":"Alegia","hi":"एलेगिया","ar":"أليجيا"},"wikiDataId":"Q1639961"},{"id":32253,"name":"Alkiza","state_id":1191,"state_code":"SS","state_name":"Gipuzkoa","country_id":207,"country_code":"ES","country_name":"Spain","latitude":"43.17263000","longitude":"-2.10923000","native":"Alkiza","type":"adm3","level":null,"parent_id":null,"population":0,"timezone":"Europe/Madrid","translations":{"br":"Alkiza","ko":"알키자","pt-BR":"Alkiza","pt":"Alkiza","nl":"Alkiza","hr":"Alkiza","fa":"آلکیزا","de":"Alkiza","es":"Alquiza","fr":"Alkiza","ja":"アルキザ","it":"Alkiza","zh-CN":"阿尔基扎","tr":"Alkiza","ru":"Алкиза","uk":"Алкіза","pl":"Alkiza","hi":"अल्किज़ा","ar":"ألكيزا"},"wikiDataId":"Q650223"},{"id":151346,"name":"Altzaga","state_id":1191,"state_code":"SS","state_name":"Gipuzkoa","country_id":207,"country_code":"ES","country_name":"Spain","latitude":"43.06451690","longitude":"-2.15454030","native":"Tienda de comestibles","type":"adm3","level":null,"parent_id":null,"population":0,"timezone":"Europe/Madrid","translations":{"br":"Altzaga","ko":"알차가","pt-BR":"Altzaga","pt":"Altzaga","nl":"Altzaga","hr":"Altzaga","fa":"آلتزاگا","de":"Altzaga","es":"Altzaga","fr":"Altzaga","ja":"アルツァガ","it":"Altzaga","zh-CN":"阿尔扎加","tr":"Altzaga","ru":"Альцага","uk":"Альтзага","pl":"Altzaga","hi":"अल्त्ज़ागा","ar":"ألتزاجا"},"wikiDataId":"Q1639435"},{"id":151323,"name":"Altzo","state_id":1191,"state_code":"SS","state_name":"Gipuzkoa","country_id":207,"country_code":"ES","country_name":"Spain","latitude":"43.09948430","longitude":"-2.08306790","native":"Regazo","type":"adm3","level":null,"parent_id":null,"population":445,"timezone":"Europe/Madrid","translations":{"br":"Altzo","ko":"알초","pt-BR":"Altzo","pt":"Altzo","nl":"Altzo","hr":"Altz","fa":"آلتزو","de":"Altzo","es":"Altzo","fr":"Altzo","ja":"アルツォ","it":"Altzo","zh-CN":"阿尔佐","tr":"Altzo","ru":"Альцо","uk":"Альтцо","pl":"Altzo","hi":"अल्त्ज़ो","ar":"ألتزو"},"wikiDataId":"Q1639371"},{"id":32354,"name":"Amezketa","state_id":1191,"state_code":"SS","state_name":"Gipuzkoa","country_id":207,"country_code":"ES","country_name":"Spain","latitude":"43.04813000","longitude":"-2.08541000","native":"Ame","type":"adm3","level":null,"parent_id":null,"population":0,"timezone":"Europe/Madrid","translations":{"br":"Amezketa","ko":"아메즈케타","pt-BR":"Amezketa","pt":"Amezketa","nl":"Amezketa","hr":"Amezketa","fa":"آمزکتا","de":"Amezketa","es":"Amezketa","fr":"Amezketa","ja":"アメズケタ","it":"Amezketa","zh-CN":"阿梅兹克塔","tr":"Amezketa","ru":"Амезкета","uk":"Амезкета","pl":"Amezketa","hi":"अमेजकेटा","ar":"أميزكيتا"},"wikiDataId":"Q942106"},{"id":32372,"name":"Andoain","state_id":1191,"state_code":"SS","state_name":"Gipuzkoa","country_id":207,"country_code":"ES","country_name":"Spain","latitude":"43.21658000","longitude":"-2.02530000","native":"Andoain","type":"adm3","level":null,"parent_id":null,"population":14563,"timezone":"Europe/Madrid","translations":{"br":"Andoain","ko":"안도아인","pt-BR":"Andoain","pt":"Andoain","nl":"Andoain","hr":"Andoain","fa":"آندواین","de":"Andoain","es":"Andoain","fr":"Andoain","ja":"アンドアイン","it":"Andoain","zh-CN":"安多安","tr":"Andoain","ru":"Андоайн","uk":"Андоайн","pl":"Andoain","hi":"अंडोआइन","ar":"أندواين"},"wikiDataId":"Q1598976"},{"id":32386,"name":"Anoeta","state_id":1191,"state_code":"SS","state_name":"Gipuzkoa","country_id":207,"country_code":"ES","country_name":"Spain","latitude":"43.16241000","longitude":"-2.07107000","native":"Anoeta","type":"adm3","level":null,"parent_id":null,"population":0,"timezone":"Europe/Madrid","translations":{"br":"Anoeta","ko":"아노에타","pt-BR":"Anoeta","pt":"Anoeta","nl":"Anoeta","hr":"Anoeta","fa":"آنوئتا","de":"Anoeta","es":"Anoeta","fr":"Anoeta","ja":"アノエタ","it":"Anoeta","zh-CN":"阿诺埃塔","tr":"Anoeta","ru":"Аноэта","uk":"Аноета","pl":"Anoeta","hi":"एनोएटा","ar":"أنويتا"},"wikiDataId":"Q1640537"},{"id":32396,"name":"Antzuola","state_id":1191,"state_code":"SS","state_name":"Gipuzkoa","country_id":207,"country_code":"ES","country_name":"Spain","latitude":"43.09725000","longitude":"-2.37998000","native":"Antigüedad","type":"adm3","level":null,"parent_id":null,"population":0,"timezone":"Europe/Madrid","translations":{"br":"Antzuola","ko":"안추올라","pt-BR":"Antzuola","pt":"Antzuola","nl":"Antzuola","hr":"Antzuola","fa":"آنتزولا","de":"Antzuola","es":"Antzuola","fr":"Antzuola","ja":"アンツオラ","it":"Antzuola","zh-CN":"安佐拉","tr":"Antzuola","ru":"Анцуола","uk":"Анцуола","pl":"Antzuola","hi":"एंटज़ुओला","ar":"أنتزولا"},"wikiDataId":"Q1625886"},{"id":32404,"name":"Arama","state_id":1191,"state_code":"SS","state_name":"Gipuzkoa","country_id":207,"country_code":"ES","country_name":"Spain","latitude":"43.06335000","longitude":"-2.16540000","native":"Llamar","type":"adm3","level":null,"parent_id":null,"population":161,"timezone":"Europe/Madrid","translations":{"br":"Arama","ko":"아라마","pt-BR":"Arama","pt":"Arama","nl":"Arama","hr":"Arama","fa":"آراما","de":"Arama","es":"Arama","fr":"Arama","ja":"アラマ","it":"Arama","zh-CN":"荒原","tr":"Arama","ru":"Арама","uk":"Арама","pl":"Arama","hi":"आराम","ar":"أراما"},"wikiDataId":"Q1625902"},{"id":32458,"name":"Aretxabaleta","state_id":1191,"state_code":"SS","state_name":"Gipuzkoa","country_id":207,"country_code":"ES","country_name":"Spain","latitude":"43.03414000","longitude":"-2.50456000","native":"Aretxabaleta","type":"adm3","level":null,"parent_id":null,"population":7194,"timezone":"Europe/Madrid","translations":{"br":"Aretxabaleta","ko":"아레트사발레타","pt-BR":"Aretxabaleta","pt":"Aretxabaleta","nl":"Aretxabaleta","hr":"Aretxabaleta","fa":"آرتخابالتا","de":"Aretxabaleta","es":"Aretxabaleta","fr":"Aretxabaleta","ja":"アレチャバレタ","it":"Aretxabaleta","zh-CN":"阿雷查巴莱塔","tr":"Aretxabaleta","ru":"Аретксабалета","uk":"Аречабалета","pl":"Aretxabaleta","hi":"अरेट्क्साबालेटा","ar":"أريتشاباليتا"},"wikiDataId":"Q1645791"},{"id":151338,"name":"Arrasate/Mondragón","state_id":1191,"state_code":"SS","state_name":"Gipuzkoa","country_id":207,"country_code":"ES","country_name":"Spain","latitude":"43.06488650","longitude":"-2.49020810","native":"Mondragón / Mondragón","type":"city","level":null,"parent_id":null,"population":22123,"timezone":"Europe/Madrid","translations":{"br":"Arrasate/Mondragón","ko":"아라사테/몬드라곤","pt-BR":"Arrasate/Mondragón","pt":"Arrasate/Mondragón","nl":"Arrasate/Mondragón","hr":"Arrasate/Mondragón","fa":"آراساته/موندراگون","de":"Arrasate/Mondragón","es":"Arrasate/Mondragón","fr":"Arrasate/Mondragón","ja":"アラサーテ/モンドラゴン","it":"Arrasate/Mondragón","zh-CN":"阿拉萨特/蒙德拉贡","tr":"Arrasate/Mondragón","ru":"Аррасате/Мондрагон","uk":"Аррасате/Мондрагон","pl":"Arrasate/Mondragón","hi":"अरासाते/मोंड्रागोन","ar":"أراساتي/موندراغون"},"wikiDataId":"Q491922"},{"id":32538,"name":"Asteasu","state_id":1191,"state_code":"SS","state_name":"Gipuzkoa","country_id":207,"country_code":"ES","country_name":"Spain","latitude":"43.19436000","longitude":"-2.09818000","native":"Acero","type":"adm3","level":null,"parent_id":null,"population":1575,"timezone":"Europe/Madrid","translations":{"br":"Asteasu","ko":"아스테아수","pt-BR":"Asteasu","pt":"Asteasu","nl":"Asteasu","hr":"Asteasu","fa":"آستئاسو","de":"Asteasu","es":"Asteasu","fr":"Asteasu","ja":"アステアス","it":"Asteasu","zh-CN":"阿斯特亚苏","tr":"Asteasu","ru":"Астеасу","uk":"Астеасу","pl":"Asteasu","hi":"अस्तेआसु","ar":"أستياسو"},"wikiDataId":"Q1619436"},{"id":32539,"name":"Astigarraga","state_id":1191,"state_code":"SS","state_name":"Gipuzkoa","country_id":207,"country_code":"ES","country_name":"Spain","latitude":"43.28174000","longitude":"-1.94634000","native":"Astigarraga","type":"adm3","level":null,"parent_id":null,"population":4254,"timezone":"Europe/Madrid","translations":{"br":"Astigarraga","ko":"아스티가라가","pt-BR":"Astigarraga","pt":"Astigarraga","nl":"Astigarraga","hr":"Astigarraga","fa":"آستیگاراگا","de":"Astigarraga","es":"Astigarraga","fr":"Astigarraga","ja":"アスティガラガ","it":"Astigarraga","zh-CN":"阿斯蒂加拉加","tr":"Astigarraga","ru":"Астигаррага","uk":"Астігаррага","pl":"Astigarraga","hi":"अस्तिगरागा","ar":"أستيجاراجا"},"wikiDataId":"Q1639355"},{"id":32552,"name":"Ataun","state_id":1191,"state_code":"SS","state_name":"Gipuzkoa","country_id":207,"country_code":"ES","country_name":"Spain","latitude":"43.00612000","longitude":"-2.17663000","native":"PT","type":"adm3","level":null,"parent_id":null,"population":1717,"timezone":"Europe/Madrid","translations":{"br":"Ataun","ko":"아타운","pt-BR":"Ataun","pt":"Ataun","nl":"Ataun","hr":"Ataun","fa":"آتاون","de":"Ataun","es":"Ataún","fr":"Ataun","ja":"アタウン","it":"Ataun","zh-CN":"阿陶恩","tr":"Ataun","ru":"Атаун","uk":"Атаун","pl":"Ataun","hi":"आटौन","ar":"أتون"},"wikiDataId":"Q1619442"},{"id":32582,"name":"Azkoitia","state_id":1191,"state_code":"SS","state_name":"Gipuzkoa","country_id":207,"country_code":"ES","country_name":"Spain","latitude":"43.17744000","longitude":"-2.31129000","native":"Azkoitia","type":"adm3","level":null,"parent_id":null,"population":11697,"timezone":"Europe/Madrid","translations":{"br":"Azkoitia","ko":"아즈코이티아","pt-BR":"Azkoitia","pt":"Azkoitia","nl":"Azkoitia","hr":"Azkoitia","fa":"آزکویتیا","de":"Azkoitia","es":"Azkoitia","fr":"Azkoitia","ja":"アスコイティア","it":"Azkoitia","zh-CN":"阿兹科伊蒂亚","tr":"Azkoitia","ru":"Аскойтия","uk":"Азкойтія","pl":"Azkoitia","hi":"आज़कोइटिया","ar":"أزكويتيا"},"wikiDataId":"Q1991028"},{"id":32587,"name":"Azpeitia","state_id":1191,"state_code":"SS","state_name":"Gipuzkoa","country_id":207,"country_code":"ES","country_name":"Spain","latitude":"43.18246000","longitude":"-2.26693000","native":"Azpeitia","type":"adm3","level":null,"parent_id":null,"population":15208,"timezone":"Europe/Madrid","translations":{"br":"Azpeitia","ko":"아즈페이티아","pt-BR":"Azpeitia","pt":"Azpeitia","nl":"Azpeitia","hr":"Azpeitia","fa":"آزپیتیا","de":"Azpeitia","es":"Azpeitia","fr":"Azpeitia","ja":"アズペイティア","it":"Azpeitia","zh-CN":"阿斯佩蒂亚","tr":"Azpeitia","ru":"Аспейтиа","uk":"Аспейтія","pl":"Azpeitia","hi":"अज़पेतिया","ar":"أزبيتيا"},"wikiDataId":"Q180611"},{"id":32623,"name":"Baliarrain","state_id":1191,"state_code":"SS","state_name":"Gipuzkoa","country_id":207,"country_code":"ES","country_name":"Spain","latitude":"43.06928000","longitude":"-2.12781000","native":"Baliarra","type":"adm3","level":null,"parent_id":null,"population":104,"timezone":"Europe/Madrid","translations":{"br":"Baliarrain","ko":"발리아라인","pt-BR":"Baliarrain","pt":"Baliarrain","nl":"Baliarrain","hr":"Baliarrain","fa":"بالیارین","de":"Baliarrain","es":"Baliarrain","fr":"Baliarrain","ja":"バリアライン","it":"Baliarrain","zh-CN":"巴利亚雷恩","tr":"Baliarrain","ru":"Балиаррейн","uk":"Баліаррейн","pl":"Baliarrain","hi":"बलियारेन","ar":"بالياران"},"wikiDataId":"Q385872"},{"id":32720,"name":"Beasain","state_id":1191,"state_code":"SS","state_name":"Gipuzkoa","country_id":207,"country_code":"ES","country_name":"Spain","latitude":"43.05017000","longitude":"-2.20087000","native":"Besaína","type":"adm3","level":null,"parent_id":null,"population":13961,"timezone":"Europe/Madrid","translations":{"br":"Beasain","ko":"베사인","pt-BR":"Beasain","pt":"Beasain","nl":"Beasain","hr":"Beasain","fa":"بیسین","de":"Beasain","es":"Beasain","fr":"Beasain","ja":"ベアサイン","it":"Beasain","zh-CN":"贝萨因","tr":"Beasain","ru":"Беасайн","uk":"Беасайн","pl":"Beasain","hi":"बीसैन","ar":"بيساين"},"wikiDataId":"Q847130"},{"id":32733,"name":"Beizama","state_id":1191,"state_code":"SS","state_name":"Gipuzkoa","country_id":207,"country_code":"ES","country_name":"Spain","latitude":"43.13385000","longitude":"-2.20001000","native":"Cabo","type":"adm3","level":null,"parent_id":null,"population":165,"timezone":"Europe/Madrid","translations":{"br":"Beizama","ko":"베이자마","pt-BR":"Beizama","pt":"Beizama","nl":"Beizama","hr":"Beizama","fa":"بیزاما","de":"Beizama","es":"Beizama","fr":"Beizama","ja":"ベイザマ","it":"Beizama","zh-CN":"贝座间","tr":"Beizama","ru":"Бейзама","uk":"Бейзама","pl":"Beizama","hi":"बेइज़ामा","ar":"بيزاما"},"wikiDataId":"Q1625906"},{"id":151324,"name":"Belauntza","state_id":1191,"state_code":"SS","state_name":"Gipuzkoa","country_id":207,"country_code":"ES","country_name":"Spain","latitude":"43.13577090","longitude":"-2.05304060","native":"Alegría","type":"adm3","level":null,"parent_id":null,"population":0,"timezone":"Europe/Madrid","translations":{"br":"Belauntza","ko":"벨라운차","pt-BR":"Belauntza","pt":"Belauntza","nl":"Belauntza","hr":"Belauntza","fa":"بلونتزا","de":"Belauntza","es":"Belauntza","fr":"Belauntza","ja":"ベラウンツァ","it":"Belauntza","zh-CN":"贝朗扎","tr":"Belauntza","ru":"Белаунтза","uk":"Белаунца","pl":"Belauntza","hi":"बेलौन्ट्ज़ा","ar":"بيلونتزا"},"wikiDataId":"Q1639379"},{"id":151325,"name":"Berastegi","state_id":1191,"state_code":"SS","state_name":"Gipuzkoa","country_id":207,"country_code":"ES","country_name":"Spain","latitude":"43.12498890","longitude":"-1.97714340","native":"Berastegi","type":"adm3","level":null,"parent_id":null,"population":1111,"timezone":"Europe/Madrid","translations":{"br":"Berastegi","ko":"베라스테기","pt-BR":"Berastegi","pt":"Berastegi","nl":"Berastegi","hr":"Berastegi","fa":"براستگی","de":"Berastegi","es":"Berastegi","fr":"Berastegi","ja":"ベラステギ","it":"Berastegi","zh-CN":"贝拉斯特吉","tr":"Berastegi","ru":"Берастеги","uk":"Берастег","pl":"Berastegi","hi":"बेरास्टेगि","ar":"بيراستيجي"},"wikiDataId":"Q1639406"},{"id":32847,"name":"Bergara","state_id":1191,"state_code":"SS","state_name":"Gipuzkoa","country_id":207,"country_code":"ES","country_name":"Spain","latitude":"43.11510000","longitude":"-2.41750000","native":"Bergara","type":"city","level":null,"parent_id":null,"population":14471,"timezone":"Europe/Madrid","translations":{"br":"Bergara","ko":"베르가라","pt-BR":"Bergara","pt":"Bergara","nl":"Bergara","hr":"Bergara","fa":"برگارا","de":"Bergara","es":"Bergara","fr":"Bergara","ja":"ベルガラ","it":"Bergara","zh-CN":"贝尔加拉","tr":"Bergara","ru":"Бергара","uk":"Бергара","pl":"Bergara","hi":"बेरगारा","ar":"بيرجارا"},"wikiDataId":"Q1382252"},{"id":32867,"name":"Berrobi","state_id":1191,"state_code":"SS","state_name":"Gipuzkoa","country_id":207,"country_code":"ES","country_name":"Spain","latitude":"43.14518000","longitude":"-2.02623000","native":"Quince","type":"adm3","level":null,"parent_id":null,"population":553,"timezone":"Europe/Madrid","translations":{"br":"Berrobi","ko":"베로비","pt-BR":"Berrobi","pt":"Berrobi","nl":"Berrobi","hr":"Berrobi","fa":"بروبی","de":"Berrobi","es":"Berrobi","fr":"Berrobi","ja":"ベロビ","it":"Berrobi","zh-CN":"贝罗比","tr":"Berrobi","ru":"Берроби","uk":"Берробі","pl":"Berrobi","hi":"बेरोबी","ar":"بيروبي"},"wikiDataId":"Q1625846"},{"id":151326,"name":"Bidegoian","state_id":1191,"state_code":"SS","state_name":"Gipuzkoa","country_id":207,"country_code":"ES","country_name":"Spain","latitude":"43.13925150","longitude":"-2.16037350","native":"Bidegoiano","type":"adm3","level":null,"parent_id":null,"population":null,"timezone":"Europe/Madrid","translations":{"br":"Bidegoian","ko":"비데고이안","pt-BR":"Bidegoiano","pt":"Bidegoiano","nl":"Bidegoian","hr":"Bidegoian","fa":"بیدگویان","de":"Bidegoian","es":"Bidegoiano","fr":"Bidegoian","ja":"ビデゴイアン","it":"Bidegoiano","zh-CN":"比德戈安","tr":"Bidegoian","ru":"Бидегойский","uk":"Бідегоян","pl":"bidegojski","hi":"बिडेगोइयन","ar":"بيديغويان"},"wikiDataId":"Q670498"},{"id":33917,"name":"Deba","state_id":1191,"state_code":"SS","state_name":"Gipuzkoa","country_id":207,"country_code":"ES","country_name":"Spain","latitude":"43.29571000","longitude":"-2.35213000","native":"Deba","type":"adm3","level":null,"parent_id":null,"population":5399,"timezone":"Europe/Madrid","translations":{"br":"Deba","ko":"데바","pt-BR":"Deba","pt":"Deba","nl":"Deba","hr":"Deba","fa":"دبا","de":"Deba","es":"Deba","fr":"Deba","ja":"デバ","it":"Deba","zh-CN":"德巴","tr":"Deba","ru":"Деба","uk":"Деба","pl":"Deba","hi":"डेबा","ar":"ديبا"},"wikiDataId":"Q1768811"},{"id":151342,"name":"Donostia-San Sebastián","state_id":1191,"state_code":"SS","state_name":"Gipuzkoa","country_id":207,"country_code":"ES","country_name":"Spain","latitude":"43.31823700","longitude":"-1.98170510","native":"Donostia-San Sebastián","type":"adm2","level":null,"parent_id":null,"population":185357,"timezone":"Europe/Madrid","translations":{"br":"Donostia-San Sebastián","ko":"도노스티아-산 세바스티안","pt-BR":"Donostia-San Sebastián","pt":"Donostia-San Sebastián","nl":"Donostia-San Sebastián","hr":"Donostia-San Sebastián","fa":"دونوستیا-سن سباستین","de":"Donostia-San Sebastián","es":"Donostia-San Sebastián","fr":"Donostia-Saint-Sébastien","ja":"ドノスティア・サン・セバスティアン","it":"Donostia-San Sebastián","zh-CN":"圣塞瓦斯蒂安","tr":"Donostia-San Sebastián","ru":"Доностия-Сан-Себастьян","uk":"Доностія-Сан-Себастьян","pl":"Donostia-San Sebastián","hi":"डोनोस्टिया-सैन सेबेस्टियन","ar":"دونوستيا-سان سيباستيان"},"wikiDataId":"Q10313"},{"id":33972,"name":"Eibar","state_id":1191,"state_code":"SS","state_name":"Gipuzkoa","country_id":207,"country_code":"ES","country_name":"Spain","latitude":"43.18493000","longitude":"-2.47158000","native":"Eibar","type":"adm3","level":null,"parent_id":null,"population":27362,"timezone":"Europe/Madrid","translations":{"br":"Eibar","ko":"에이바르","pt-BR":"Eibar","pt":"Eibar","nl":"Eibar","hr":"Eibar","fa":"ایبار","de":"Eibar","es":"Éibar","fr":"Eibar","ja":"エイバル","it":"Eibar","zh-CN":"埃瓦尔","tr":"Eibar","ru":"Эйбар","uk":"Ейбар","pl":"Eibar","hi":"एइबार","ar":"إيبار"},"wikiDataId":"Q33244378"},{"id":151328,"name":"Elduain","state_id":1191,"state_code":"SS","state_name":"Gipuzkoa","country_id":207,"country_code":"ES","country_name":"Spain","latitude":"43.13971810","longitude":"-2.00100040","native":"Elduain","type":"adm3","level":null,"parent_id":null,"population":0,"timezone":"Europe/Madrid","translations":{"br":"Elduain","ko":"엘두아인","pt-BR":"Elduain","pt":"Elduain","nl":"Elduain","hr":"Elduain","fa":"الدوین","de":"Elduain","es":"Elduain","fr":"Elduain","ja":"エルドゥアン","it":"Elduain","zh-CN":"艾尔杜安","tr":"Elduain","ru":"Элдуайн","uk":"Елдуаїн","pl":"Elduain","hi":"इलडुऐन","ar":"إلدواين"},"wikiDataId":"Q767250"},{"id":151329,"name":"Elgeta","state_id":1191,"state_code":"SS","state_name":"Gipuzkoa","country_id":207,"country_code":"ES","country_name":"Spain","latitude":"43.13621810","longitude":"-2.48947580","native":"Segación","type":"adm3","level":null,"parent_id":null,"population":0,"timezone":"Europe/Madrid","translations":{"br":"Elgeta","ko":"엘게타","pt-BR":"Elgeta","pt":"Elgeta","nl":"Elgeta","hr":"Elgeta","fa":"الگتا","de":"Elgeta","es":"Elgeta","fr":"Elgeta","ja":"エルゲタ","it":"Elgeta","zh-CN":"埃尔盖塔","tr":"Elgeta","ru":"Элгета","uk":"Елгета","pl":"Elgeta","hi":"एल्गेटा","ar":"إلجيتا"},"wikiDataId":"Q1639427"},{"id":34035,"name":"Elgoibar","state_id":1191,"state_code":"SS","state_name":"Gipuzkoa","country_id":207,"country_code":"ES","country_name":"Spain","latitude":"43.21601000","longitude":"-2.41334000","native":"Elgoibar","type":"adm3","level":null,"parent_id":null,"population":11585,"timezone":"Europe/Madrid","translations":{"br":"Elgoibar","ko":"엘고이바르","pt-BR":"Elgoibar","pt":"Elgoibar","nl":"Elgoibar","hr":"Elgoibar","fa":"الگوبار","de":"Elgoibar","es":"Elgóibar","fr":"Elgoibar","ja":"エルゴイバル","it":"Elgoibar","zh-CN":"埃尔戈伊巴尔","tr":"Elgoibar","ru":"Эльгойбар","uk":"Ельгойбар","pl":"Elgoibar","hi":"एल्गोइबार","ar":"إلغويبار"},"wikiDataId":"Q971263"},{"id":34070,"name":"Errenteria","state_id":1191,"state_code":"SS","state_name":"Gipuzkoa","country_id":207,"country_code":"ES","country_name":"Spain","latitude":"43.31195000","longitude":"-1.90234000","native":"Errenteria","type":"adm3","level":null,"parent_id":null,"population":39352,"timezone":"Europe/Madrid","translations":{"br":"Errenteria","ko":"에렌테리아","pt-BR":"Errenteria","pt":"Errenteria","nl":"Errenteria","hr":"Errenterija","fa":"ارنتریا","de":"Errenteria","es":"Rentería","fr":"Errenteria","ja":"エレンテリア","it":"Errenteria","zh-CN":"埃伦特里亚","tr":"Errenteria","ru":"Эррентерия","uk":"Еррентерія","pl":"Errenteria","hi":"इरेन्टेरिया","ar":"إرينتيريا"},"wikiDataId":"Q1242400"},{"id":151341,"name":"Errezil","state_id":1191,"state_code":"SS","state_name":"Gipuzkoa","country_id":207,"country_code":"ES","country_name":"Spain","latitude":"43.16531460","longitude":"-2.17480640","native":"Retrasar","type":"adm3","level":null,"parent_id":null,"population":0,"timezone":"Europe/Madrid","translations":{"br":"Errezil","ko":"에레질","pt-BR":"Errezil","pt":"Errezil","nl":"Errezil","hr":"Errezil","fa":"ارزیل","de":"Errezil","es":"Errezil","fr":"Errezil","ja":"エレジル","it":"Errezil","zh-CN":"埃雷齐尔","tr":"Errezil","ru":"Эррезиль","uk":"Еррезіл","pl":"Errezil","hi":"एरेज़िल","ar":"إيريزيل"},"wikiDataId":"Q964114"},{"id":34097,"name":"Eskoriatza","state_id":1191,"state_code":"SS","state_name":"Gipuzkoa","country_id":207,"country_code":"ES","country_name":"Spain","latitude":"43.01829000","longitude":"-2.52598000","native":"Eskoriatza","type":"adm3","level":null,"parent_id":null,"population":4241,"timezone":"Europe/Madrid","translations":{"br":"Eskoriatza","ko":"에스코리아차","pt-BR":"Eskoriatza","pt":"Eskoriatza","nl":"Eskoriatza","hr":"Eskoriatza","fa":"اسکوریاتزا","de":"Eskoriatza","es":"Escoriatza","fr":"Eskoriatza","ja":"エスコリアツァ","it":"Eskoriatza","zh-CN":"埃斯科里亚扎","tr":"Eskoriatza","ru":"Эскориаца","uk":"Ескоріаца","pl":"Eskoriatza","hi":"एस्कोरिआट्ज़ा","ar":"إسكورياتزا"},"wikiDataId":"Q1633894"},{"id":151330,"name":"Ezkio-Itsaso","state_id":1191,"state_code":"SS","state_name":"Gipuzkoa","country_id":207,"country_code":"ES","country_name":"Spain","latitude":"43.08193220","longitude":"-2.27418310","native":"Ezkio-Sea","type":"city","level":null,"parent_id":null,"population":588,"timezone":"Europe/Madrid","translations":{"br":"Ezkio-Itsaso","ko":"에즈키오-이차소","pt-BR":"Ezkio-Itsaso","pt":"Ezkio-Itsaso","nl":"Ezkio-Itsaso","hr":"Ezkio-Itsaso","fa":"ازکیو-ایتساسو","de":"Ezkio-Itsaso","es":"Ezkio-Itsaso","fr":"Ezkio-Itsaso","ja":"エスキオ・イツァソ","it":"Ezkio-Itsaso","zh-CN":"埃兹基奥-伊萨索","tr":"Ezkio-Itsaso","ru":"Эцкио-Ицасо","uk":"Езкіо-Іцасо","pl":"Ezkio-Itsaso","hi":"Ezkio-इट्सासो","ar":"إيزكيو-إتساسو"},"wikiDataId":"Q1110918"},{"id":151332,"name":"Gabiria","state_id":1191,"state_code":"SS","state_name":"Gipuzkoa","country_id":207,"country_code":"ES","country_name":"Spain","latitude":"43.05058230","longitude":"-2.27935200","native":"Gabiria","type":"adm3","level":null,"parent_id":null,"population":0,"timezone":"Europe/Madrid","translations":{"br":"Gabiria","ko":"가비리아","pt-BR":"Gabíria","pt":"Gabíria","nl":"Gabiria","hr":"Gabiria","fa":"گابیریا","de":"Gabiria","es":"Gabiria","fr":"Gabiria","ja":"ガビリア","it":"Gabiria","zh-CN":"加比里亚","tr":"Gabiria","ru":"Габирия","uk":"Габірія","pl":"Gabiria","hi":"गैबिरिया","ar":"غابيريا"},"wikiDataId":"Q1639399"},{"id":151331,"name":"Gaintza","state_id":1191,"state_code":"SS","state_name":"Gipuzkoa","country_id":207,"country_code":"ES","country_name":"Spain","latitude":"43.05278720","longitude":"-2.13305590","native":"Uva","type":"adm3","level":null,"parent_id":null,"population":0,"timezone":"Europe/Madrid","translations":{"br":"Gaintza","ko":"가인차","pt-BR":"Gaintza","pt":"Gaintza","nl":"Gaintza","hr":"Gaintza","fa":"گینتزا","de":"Gaintza","es":"Gaintza","fr":"Gaintza","ja":"ガインツァ","it":"Gaintza","zh-CN":"盖恩扎","tr":"Gaintza","ru":"Гайнца","uk":"Гайнца","pl":"Gaintza","hi":"गैंट्ज़ा","ar":"غاينتزا"},"wikiDataId":"Q1633877"},{"id":34442,"name":"Gaztelu","state_id":1191,"state_code":"SS","state_name":"Gipuzkoa","country_id":207,"country_code":"ES","country_name":"Spain","latitude":"43.11622000","longitude":"-2.02439000","native":"Castillo","type":"adm3","level":null,"parent_id":null,"population":169,"timezone":"Europe/Madrid","translations":{"br":"Gaztelu","ko":"가즈텔루","pt-BR":"Gaztelu","pt":"Gaztelu","nl":"Gaztelu","hr":"Gaztelu","fa":"گازتلو","de":"Gaztelu","es":"Gaztelu","fr":"Gaztelu","ja":"ガステル","it":"Gaztelu","zh-CN":"加兹特卢","tr":"Gaztelu","ru":"Гастелу","uk":"Газтелу","pl":"Gaztelu","hi":"गाज़टेलु","ar":"غازتيلو"},"wikiDataId":"Q1641862"},{"id":34460,"name":"Getaria","state_id":1191,"state_code":"SS","state_name":"Gipuzkoa","country_id":207,"country_code":"ES","country_name":"Spain","latitude":"43.30326000","longitude":"-2.20444000","native":"Getaria","type":"adm3","level":null,"parent_id":null,"population":2906,"timezone":"Europe/Madrid","translations":{"br":"Getaria","ko":"게타리아","pt-BR":"Getaria","pt":"Getaria","nl":"Getaria","hr":"Getaria","fa":"گتاریا","de":"Getaria","es":"Getaria","fr":"Getaria","ja":"ゲタリア","it":"Getaria","zh-CN":"格塔里亚","tr":"Getaria","ru":"Гетария","uk":"Гетарія","pl":"Getaria","hi":"गेटारिया","ar":"جيتاريا"},"wikiDataId":"Q849330"},{"id":34588,"name":"Hernani","state_id":1191,"state_code":"SS","state_name":"Gipuzkoa","country_id":207,"country_code":"ES","country_name":"Spain","latitude":"43.26615000","longitude":"-1.97615000","native":"Hernani","type":"city","level":null,"parent_id":null,"population":20355,"timezone":"Europe/Madrid","translations":{"br":"Hernani","ko":"에르나니","pt-BR":"Hernani","pt":"Hernani","nl":"Hernani","hr":"Hernani","fa":"هرنانی","de":"Hernani","es":"Hernani","fr":"Hernani","ja":"ヘルナニ","it":"Hernani","zh-CN":"埃尔纳尼","tr":"Hernani","ru":"Эрнани","uk":"Ернані","pl":"Hernani","hi":"हर्नानी","ar":"هرناني"},"wikiDataId":"Q1646367"},{"id":34590,"name":"Hernialde","state_id":1191,"state_code":"SS","state_name":"Gipuzkoa","country_id":207,"country_code":"ES","country_name":"Spain","latitude":"43.15446000","longitude":"-2.08521000","native":"Herniade","type":"adm3","level":null,"parent_id":null,"population":318,"timezone":"Europe/Madrid","translations":{"br":"Hernialde","ko":"헤르니알데","pt-BR":"Hernialde","pt":"Hernialde","nl":"Hernialde","hr":"Hernialde","fa":"هرنیالده","de":"Hernialde","es":"Hernialde","fr":"Hernialde","ja":"ヘルニアルデ","it":"Ernialde","zh-CN":"赫尼亚尔德","tr":"Fıtık","ru":"Херниальде","uk":"Герніальде","pl":"Hernialde","hi":"हर्नियाल्डे","ar":"هيرنالد"},"wikiDataId":"Q1639392"},{"id":34633,"name":"Hondarribia","state_id":1191,"state_code":"SS","state_name":"Gipuzkoa","country_id":207,"country_code":"ES","country_name":"Spain","latitude":"43.36859000","longitude":"-1.79622000","native":"Hondarribia","type":"adm3","level":null,"parent_id":null,"population":16929,"timezone":"Europe/Madrid","translations":{"br":"Hondarribia","ko":"혼다리비아","pt-BR":"Hondarribia","pt":"Hondarribia","nl":"Hondarribia","hr":"Hondarribia","fa":"هندریبیا","de":"Hondarribia","es":"Hondarribia","fr":"Fontarrabie","ja":"オンダリビア","it":"Hondarribia","zh-CN":"宏达瑞比亚","tr":"Hondarribia","ru":"Хондаррибия","uk":"Ондаррібія","pl":"Hondarribia","hi":"होन्डारिबिया","ar":"هونداريبيا"},"wikiDataId":"Q534562"},{"id":151333,"name":"Ibarra","state_id":1191,"state_code":"SS","state_name":"Gipuzkoa","country_id":207,"country_code":"ES","country_name":"Spain","latitude":"43.14924640","longitude":"-2.04446510","native":"Ibarra","type":"adm3","level":null,"parent_id":null,"population":4112,"timezone":"Europe/Madrid","translations":{"br":"Ibarra","ko":"이바라","pt-BR":"Ibarra","pt":"Ibarra","nl":"Ibarra","hr":"Ibarra","fa":"ایبارا","de":"Ibarra","es":"Ibarra","fr":"Ibarra","ja":"イバラ","it":"Ibarra","zh-CN":"伊瓦拉","tr":"Ibarra","ru":"Ибарра","uk":"Ібарра","pl":"Ibarra","hi":"इबारा","ar":"إيبارا"},"wikiDataId":"Q295092"},{"id":34733,"name":"Idiazabal","state_id":1191,"state_code":"SS","state_name":"Gipuzkoa","country_id":207,"country_code":"ES","country_name":"Spain","latitude":"43.01189000","longitude":"-2.23356000","native":"Idiazabal","type":"adm3","level":null,"parent_id":null,"population":2268,"timezone":"Europe/Madrid","translations":{"br":"Idiazabal","ko":"이디아자발","pt-BR":"Idiazabal","pt":"Idiazabal","nl":"Idiazabal","hr":"Idiazabal","fa":"ایدیازبال","de":"Idiazabal","es":"Idiazábal","fr":"Idiazabal","ja":"イディアサバル","it":"Idiazabal","zh-CN":"伊迪亚萨巴尔","tr":"İdiazabal","ru":"Идиасабаль","uk":"Ідіасабал","pl":"Idiazabal","hi":"इडियाज़ाबल","ar":"إيديازابال"},"wikiDataId":"Q1619118"},{"id":151334,"name":"Ikaztegieta","state_id":1191,"state_code":"SS","state_name":"Gipuzkoa","country_id":207,"country_code":"ES","country_name":"Spain","latitude":"43.09389380","longitude":"-2.12354470","native":"Ikaztegieta","type":"adm3","level":null,"parent_id":null,"population":0,"timezone":"Europe/Madrid","translations":{"br":"Ikaztegieta","ko":"이카즈테기에타","pt-BR":"Ikaztegieta","pt":"Ikaztegieta","nl":"Ikaztegieta","hr":"Ikaztegieta","fa":"ایکازتگیتا","de":"Ikaztegieta","es":"Ikaztegieta","fr":"Ikaztegieta","ja":"イカステギエタ","it":"Ikaztegieta","zh-CN":"伊卡兹特吉塔","tr":"Ikaztegieta","ru":"Иказтегиета","uk":"Іказтегіета","pl":"Ikaztegieta","hi":"इकाज़्टेगीटा","ar":"إيكازتيجيتا"},"wikiDataId":"Q616464"},{"id":34762,"name":"Irun","state_id":1191,"state_code":"SS","state_name":"Gipuzkoa","country_id":207,"country_code":"ES","country_name":"Spain","latitude":"43.33904000","longitude":"-1.78938000","native":"Cabello","type":"adm3","level":null,"parent_id":null,"population":63656,"timezone":"Europe/Madrid","translations":{"br":"Irun","ko":"이룬","pt-BR":"Irún","pt":"Irún","nl":"Irun","hr":"Irún","fa":"ایرون","de":"Irún","es":"Irún","fr":"Irun","ja":"イルン","it":"Irun","zh-CN":"伊伦","tr":"Irun","ru":"Ирун","uk":"Ірун","pl":"Irun","hi":"मैं दौड़ता हूँ","ar":"إيرون"},"wikiDataId":"Q1653829"},{"id":34763,"name":"Irura","state_id":1191,"state_code":"SS","state_name":"Gipuzkoa","country_id":207,"country_code":"ES","country_name":"Spain","latitude":"43.16651000","longitude":"-2.06746000","native":"Irura","type":"adm3","level":null,"parent_id":null,"population":1125,"timezone":"Europe/Madrid","translations":{"br":"Irura","ko":"이루라","pt-BR":"Irura","pt":"Irura","nl":"Irura","hr":"Irura","fa":"ایرورا","de":"Irura","es":"Irura","fr":"Irura","ja":"イルラ","it":"Irura","zh-CN":"伊鲁拉","tr":"Irura","ru":"Ирура","uk":"Ірура","pl":"Irura","hi":"इरुरा","ar":"إيرورا"},"wikiDataId":"Q537215"},{"id":151335,"name":"Itsasondo","state_id":1191,"state_code":"SS","state_name":"Gipuzkoa","country_id":207,"country_code":"ES","country_name":"Spain","latitude":"43.06765020","longitude":"-2.16528630","native":"Mar marina","type":"adm3","level":null,"parent_id":null,"population":0,"timezone":"Europe/Madrid","translations":{"br":"Itsasondo","ko":"이차손도","pt-BR":"Itsasondo","pt":"Itsasondo","nl":"Itsasondo","hr":"Itsasondo","fa":"ایتساسوندو","de":"Itsasondo","es":"Itsasondo","fr":"Itsasondo","ja":"イツァソンド","it":"Itsasondo","zh-CN":"伊萨松多","tr":"Itsasondo","ru":"Итсасондо","uk":"Іцасондо","pl":"Itsasondo","hi":"इत्सासोंडो","ar":"إتساسوندو"},"wikiDataId":"Q1639397"},{"id":34980,"name":"Larraul","state_id":1191,"state_code":"SS","state_name":"Gipuzkoa","country_id":207,"country_code":"ES","country_name":"Spain","latitude":"43.18773000","longitude":"-2.10202000","native":"Larraul","type":"adm3","level":null,"parent_id":null,"population":184,"timezone":"Europe/Madrid","translations":{"br":"Larraul","ko":"라라울","pt-BR":"Larraul","pt":"Larraul","nl":"Larraul","hr":"Larraul","fa":"لارائول","de":"Larraul","es":"Larraul","fr":"Larraul","ja":"ラロール","it":"Larraul","zh-CN":"拉劳尔","tr":"Larraul","ru":"Ларраул","uk":"Ларраул","pl":"Larraul","hi":"लारौल","ar":"لاراول"},"wikiDataId":"Q1639443"},{"id":151345,"name":"Lasarte-Oria","state_id":1191,"state_code":"SS","state_name":"Gipuzkoa","country_id":207,"country_code":"ES","country_name":"Spain","latitude":"43.26843770","longitude":"-2.01781490","native":"Laste-Oria","type":"city","level":null,"parent_id":null,"population":19312,"timezone":"Europe/Madrid","translations":{"br":"Lasarte-Oria","ko":"라사르테-오리아","pt-BR":"Lasarte-Oria","pt":"Lasarte-Oria","nl":"Lasarte-Oria","hr":"Lasarte-Oria","fa":"لاسارته-اوریا","de":"Lasarte-Oria","es":"Lasarte-Oria","fr":"Lasarte-Oria","ja":"ラサルテ・オリア","it":"Lasarte-Oria","zh-CN":"拉萨特-奥里亚","tr":"Lasarte-Oria","ru":"Ласарте-Ория","uk":"Ласарте-Орія","pl":"Lasarte-Oria","hi":"लासर्ट-ओरिया","ar":"لاسارتي-أوريا"},"wikiDataId":"Q932766"},{"id":151336,"name":"Lazkao","state_id":1191,"state_code":"SS","state_name":"Gipuzkoa","country_id":207,"country_code":"ES","country_name":"Spain","latitude":"43.04351600","longitude":"-2.19047280","native":"Lazkao","type":"adm3","level":null,"parent_id":null,"population":6055,"timezone":"Europe/Madrid","translations":{"br":"Lazkao","ko":"라즈카오","pt-BR":"Lazkao","pt":"Lazkao","nl":"Lazkao","hr":"Lazkao","fa":"لازکاو","de":"Lazkao","es":"Lazkao","fr":"Lazkao","ja":"ラズカオ","it":"Lazkao","zh-CN":"拉兹考","tr":"Lazkao","ru":"Ласкао","uk":"Ласкао","pl":"Lazkao","hi":"लाज़्काओ","ar":"لازكاو"},"wikiDataId":"Q932872"},{"id":35009,"name":"Leaburu","state_id":1191,"state_code":"SS","state_name":"Gipuzkoa","country_id":207,"country_code":"ES","country_name":"Spain","latitude":"43.12188000","longitude":"-2.05430000","native":"Leatear","type":"adm3","level":null,"parent_id":null,"population":389,"timezone":"Europe/Madrid","translations":{"br":"Leaburu","ko":"레아부루","pt-BR":"Leaburu","pt":"Leaburu","nl":"Leaburu","hr":"Leaburu","fa":"لیبورو","de":"Leaburu","es":"Leaburu","fr":"Léaburu","ja":"レアブル","it":"Leaburu","zh-CN":"莱阿布鲁","tr":"Leaburu","ru":"Леабуру","uk":"Лібуру","pl":"Leaburu","hi":"लेबुरू","ar":"ليبورو"},"wikiDataId":"Q1639387"},{"id":151337,"name":"Legazpi","state_id":1191,"state_code":"SS","state_name":"Gipuzkoa","country_id":207,"country_code":"ES","country_name":"Spain","latitude":"43.05235710","longitude":"-2.33151430","native":"Legazpi","type":"adm3","level":null,"parent_id":null,"population":8390,"timezone":"Europe/Madrid","translations":{"br":"Legazpi","ko":"레가스피","pt-BR":"Legazpi","pt":"Legazpi","nl":"Legazpi","hr":"Legazpi","fa":"لگازپی","de":"Legazpi","es":"Legazpi","fr":"Legazpi","ja":"レガスピ","it":"Legazpi","zh-CN":"黎牙实比","tr":"Legazpi","ru":"Легаспи","uk":"Легаспі","pl":"Legazpi","hi":"लेगाज़्पी","ar":"ليجازبي"},"wikiDataId":"Q292156"},{"id":35024,"name":"Legorreta","state_id":1191,"state_code":"SS","state_name":"Gipuzkoa","country_id":207,"country_code":"ES","country_name":"Spain","latitude":"43.08464000","longitude":"-2.15017000","native":"Legorreta","type":"adm3","level":null,"parent_id":null,"population":1449,"timezone":"Europe/Madrid","translations":{"br":"Legorreta","ko":"레고레타","pt-BR":"Legorreta","pt":"Legorreta","nl":"Legorreta","hr":"Legorreta","fa":"لگورتا","de":"Legorreta","es":"Legorreta","fr":"Legorreta","ja":"レゴレッタ","it":"Legorreta","zh-CN":"莱戈雷塔","tr":"Legorreta","ru":"Легоррета","uk":"Легоррета","pl":"Legorreta","hi":"लेगोरेटा","ar":"ليغوريتا"},"wikiDataId":"Q1639412"},{"id":35025,"name":"Leintz-Gatzaga","state_id":1191,"state_code":"SS","state_name":"Gipuzkoa","country_id":207,"country_code":"ES","country_name":"Spain","latitude":"42.98684000","longitude":"-2.56851000","native":"Leintz-Gatzaga","type":"adm3","level":null,"parent_id":null,"population":0,"timezone":"Europe/Madrid","translations":{"br":"Leintz-Gatzaga","ko":"라인츠-가차가","pt-BR":"Leintz-Gatzaga","pt":"Leintz-Gatzaga","nl":"Leintz-Gatzaga","hr":"Leintz-Gatzaga","fa":"لینتز-گاتزاگا","de":"Leintz-Gatzaga","es":"Leintz-Gatzaga","fr":"Leintz-Gatzaga","ja":"ラインツ・ガツァガ","it":"Leintz-Gatzaga","zh-CN":"莱因茨-加扎加","tr":"Leintz-Gatzaga","ru":"Лейнц-Гатзага","uk":"Лейнц-Гатзага","pl":"Leintz-Gatzaga","hi":"लीन्ट्ज-गाट्ज़ागा","ar":"لينتز-غاتزاجا"},"wikiDataId":"Q1649621"},{"id":35042,"name":"Lezo","state_id":1191,"state_code":"SS","state_name":"Gipuzkoa","country_id":207,"country_code":"ES","country_name":"Spain","latitude":"43.32142000","longitude":"-1.89739000","native":"Aquellos","type":"adm3","level":null,"parent_id":null,"population":6012,"timezone":"Europe/Madrid","translations":{"br":"Lezo","ko":"레조","pt-BR":"Lezo","pt":"Lezo","nl":"Lezo","hr":"Lezo","fa":"لزو","de":"Lezo","es":"Lezo","fr":"Lezo","ja":"レゾ","it":"Lezo","zh-CN":"莱佐","tr":"Lezo","ru":"Лезо","uk":"Лезо","pl":"Lezo","hi":"लेज़ो","ar":"ليزو"},"wikiDataId":"Q1636954"},{"id":35059,"name":"Lizartza","state_id":1191,"state_code":"SS","state_name":"Gipuzkoa","country_id":207,"country_code":"ES","country_name":"Spain","latitude":"43.10236000","longitude":"-2.03489000","native":"Drenar","type":"adm3","level":null,"parent_id":null,"population":0,"timezone":"Europe/Madrid","translations":{"br":"Lizartza","ko":"리자르차","pt-BR":"Lizartza","pt":"Lizartza","nl":"Lizartza","hr":"Lizartza","fa":"لیزارتزا","de":"Lizartza","es":"Lizartza","fr":"Lizartza","ja":"リザルツァ","it":"Lizartza","zh-CN":"利萨尔察","tr":"Lizartza","ru":"Лизарца","uk":"Лізарца","pl":"Lizartza","hi":"लिज़ार्ट्ज़ा","ar":"ليزارتزا"},"wikiDataId":"Q1633857"},{"id":35398,"name":"Mendaro","state_id":1191,"state_code":"SS","state_name":"Gipuzkoa","country_id":207,"country_code":"ES","country_name":"Spain","latitude":"43.25326000","longitude":"-2.38568000","native":"Vende","type":"adm3","level":null,"parent_id":null,"population":2004,"timezone":"Europe/Madrid","translations":{"br":"Mendaro","ko":"멘다로","pt-BR":"Mendaro","pt":"Mendaro","nl":"Mendaro","hr":"Mendaro","fa":"مندارو","de":"Mendaro","es":"Mendaro","fr":"Mendaro","ja":"メンダロ","it":"Mendaro","zh-CN":"门达罗","tr":"Mendaro","ru":"Мендаро","uk":"Мендаро","pl":"Mendaro","hi":"मेंडारो","ar":"مندارو"},"wikiDataId":"Q629193"},{"id":35689,"name":"Mutiloa","state_id":1191,"state_code":"SS","state_name":"Gipuzkoa","country_id":207,"country_code":"ES","country_name":"Spain","latitude":"43.02288000","longitude":"-2.27257000","native":"El chico","type":"adm3","level":null,"parent_id":null,"population":154,"timezone":"Europe/Madrid","translations":{"br":"Mutiloa","ko":"무틸로아","pt-BR":"Mutiloa","pt":"Mutiloa","nl":"Mutiloa","hr":"Mutiloa","fa":"موتیلوا","de":"Mutiloa","es":"Mutiloa","fr":"Mutiloa","ja":"ムティロア","it":"Mutiloa","zh-CN":"穆蒂洛亚","tr":"Mutiloa","ru":"Мутилуа","uk":"Мутілоа","pl":"Mutiloa","hi":"मुटिलोआ","ar":"موتيلوا"},"wikiDataId":"Q1618352"},{"id":35690,"name":"Mutriku","state_id":1191,"state_code":"SS","state_name":"Gipuzkoa","country_id":207,"country_code":"ES","country_name":"Spain","latitude":"43.30643000","longitude":"-2.38517000","native":"Mutriku","type":"adm3","level":null,"parent_id":null,"population":5281,"timezone":"Europe/Madrid","translations":{"br":"Mutriku","ko":"무트리쿠","pt-BR":"Mutriku","pt":"Mutriku","nl":"Mutriku","hr":"Mutriku","fa":"موتریکو","de":"Mutriku","es":"Mutriku","fr":"Mutriku","ja":"ムトリク","it":"Mutriku","zh-CN":"穆特里库","tr":"Mutriku","ru":"Мутрику","uk":"Мутріку","pl":"Mutriku","hi":"मुट्रिकु","ar":"موتريكو"},"wikiDataId":"Q1618352"},{"id":151339,"name":"Oiartzun","state_id":1191,"state_code":"SS","state_name":"Gipuzkoa","country_id":207,"country_code":"ES","country_name":"Spain","latitude":"43.29883800","longitude":"-1.86241560","native":"Oiartzun","type":"adm3","level":null,"parent_id":null,"population":10378,"timezone":"Europe/Madrid","translations":{"br":"Oiartzun","ko":"오이아르추안","pt-BR":"Oiartzun","pt":"Oiartzun","nl":"Oiartzun","hr":"Oiartzún","fa":"اویارتزون","de":"Oiartzun","es":"Oiartzun","fr":"Oiartzun","ja":"オイアルツン","it":"Oiartzun","zh-CN":"奥尔特宗","tr":"Oiartzun","ru":"Ойярсун","uk":"Оярцун","pl":"Oiartzun","hi":"ओइआर्टज़ुन","ar":"أويارتزون"},"wikiDataId":"Q911092"},{"id":35872,"name":"Olaberria","state_id":1191,"state_code":"SS","state_name":"Gipuzkoa","country_id":207,"country_code":"ES","country_name":"Spain","latitude":"43.02726000","longitude":"-2.20349000","native":"Olaberria","type":"adm3","level":null,"parent_id":null,"population":934,"timezone":"Europe/Madrid","translations":{"br":"Olaberria","ko":"올라베리아","pt-BR":"Olaberria","pt":"Olaberria","nl":"Olaberria","hr":"Olaberria","fa":"اولابریا","de":"Olaberria","es":"Olaberría","fr":"Olaberria","ja":"オラベリア","it":"Olaberria","zh-CN":"奥拉贝里亚","tr":"Olaberria","ru":"Олаберрия","uk":"Олаберрія","pl":"Olaberria","hi":"ऑलाबेरिया","ar":"أولابيريا"},"wikiDataId":"Q1618340"},{"id":35989,"name":"Oñati","state_id":1191,"state_code":"SS","state_name":"Gipuzkoa","country_id":207,"country_code":"ES","country_name":"Spain","latitude":"43.03262000","longitude":"-2.40997000","native":"Oñati","type":"adm3","level":null,"parent_id":null,"population":11537,"timezone":"Europe/Madrid","translations":{"br":"Oñati","ko":"오냐티","pt-BR":"Oñati","pt":"Oñati","nl":"Oñati","hr":"Oñati","fa":"اوناتي","de":"Oñati","es":"Oñati","fr":"Oñati","ja":"オニャティ","it":"Oñati","zh-CN":"奥尼亚蒂","tr":"Oñati","ru":"Оньяти","uk":"Оньяті","pl":"Oñati","hi":"ओनाटी","ar":"أوناتي"},"wikiDataId":"Q1609760"},{"id":35941,"name":"Ordizia","state_id":1191,"state_code":"SS","state_name":"Gipuzkoa","country_id":207,"country_code":"ES","country_name":"Spain","latitude":"43.05410000","longitude":"-2.17632000","native":"Orden","type":"adm3","level":null,"parent_id":null,"population":0,"timezone":"Europe/Madrid","translations":{"br":"Ordizia","ko":"오르디지아","pt-BR":"Ordizia","pt":"Ordizia","nl":"Ordizia","hr":"Ordizia","fa":"اوردیزیا","de":"Ordizia","es":"Ordizia","fr":"Ordizia","ja":"オルディジア","it":"Ordizia","zh-CN":"奥尔迪齐亚","tr":"Ordizia","ru":"Ордиция","uk":"Ордізія","pl":"Ordizia","hi":"ऑर्डिज़िया","ar":"أورديزيا"},"wikiDataId":"Q672483"},{"id":35944,"name":"Orendain","state_id":1191,"state_code":"SS","state_name":"Gipuzkoa","country_id":207,"country_code":"ES","country_name":"Spain","latitude":"43.07896000","longitude":"-2.11201000","native":"Cerentrería","type":"adm3","level":null,"parent_id":null,"population":164,"timezone":"Europe/Madrid","translations":{"br":"Orendain","ko":"오렌다인","pt-BR":"Orendain","pt":"Orendain","nl":"Orendain","hr":"Orendain","fa":"اورنداین","de":"Orendain","es":"Orendain","fr":"Orendain","ja":"オレンダイン","it":"Orendain","zh-CN":"奥伦丹","tr":"Orendain","ru":"Орендайн","uk":"Орендайн","pl":"Orendain","hi":"ओरेन्डेन","ar":"أورينداين"},"wikiDataId":"Q1633885"},{"id":35946,"name":"Orexa","state_id":1191,"state_code":"SS","state_name":"Gipuzkoa","country_id":207,"country_code":"ES","country_name":"Spain","latitude":"43.09382000","longitude":"-2.01119000","native":"Minerales","type":"adm3","level":null,"parent_id":null,"population":0,"timezone":"Europe/Madrid","translations":{"br":"Orexa","ko":"오렉사","pt-BR":"Orexa","pt":"Orexa","nl":"Orexa","hr":"Oreksa","fa":"اورکس","de":"Orexa","es":"Orexa","fr":"Orexa","ja":"オレキサ","it":"Orexa","zh-CN":"奥雷克萨","tr":"Orexa","ru":"Орекса","uk":"Орекса","pl":"Orexa","hi":"ओरेक्सा","ar":"أوريكسا"},"wikiDataId":"Q598020"},{"id":35952,"name":"Orio","state_id":1191,"state_code":"SS","state_name":"Gipuzkoa","country_id":207,"country_code":"ES","country_name":"Spain","latitude":"43.27870000","longitude":"-2.12537000","native":"Brota","type":"adm3","level":null,"parent_id":null,"population":4586,"timezone":"Europe/Madrid","translations":{"br":"Orio","ko":"오리오","pt-BR":"Orio","pt":"Orio","nl":"Orio","hr":"Orio","fa":"اوریو","de":"Orio","es":"Orio","fr":"Orio","ja":"オリオ","it":"Orio","zh-CN":"奥里奥","tr":"Orio","ru":"Орио","uk":"Оріо","pl":"Orio","hi":"ओरियो","ar":"أوريو"},"wikiDataId":"Q1649616"},{"id":35955,"name":"Ormaiztegi","state_id":1191,"state_code":"SS","state_name":"Gipuzkoa","country_id":207,"country_code":"ES","country_name":"Spain","latitude":"43.04339000","longitude":"-2.25673000","native":"Ormaiztegi","type":"adm3","level":null,"parent_id":null,"population":0,"timezone":"Europe/Madrid","translations":{"br":"Ormaiztegi","ko":"오르마이스테기","pt-BR":"Ormaiztegi","pt":"Ormaiztegi","nl":"Ormaiztegi","hr":"Ormaiztegi","fa":"اورمایزتگی","de":"Ormaiztegi","es":"Ormaiztegi","fr":"Ormaiztegi","ja":"オルマイステギ","it":"Ormaiztegi","zh-CN":"奥尔迈兹泰吉","tr":"Ormaiztegi","ru":"Ормаизтеги","uk":"Ормайзтегі","pl":"Ormaiztegi","hi":"ओर्मैज़्टेगि","ar":"أورمايزتيجي"},"wikiDataId":"Q932808"},{"id":36073,"name":"Pasaia","state_id":1191,"state_code":"SS","state_name":"Gipuzkoa","country_id":207,"country_code":"ES","country_name":"Spain","latitude":"43.32530000","longitude":"-1.92707000","native":"Pasión","type":"adm3","level":null,"parent_id":null,"population":16009,"timezone":"Europe/Madrid","translations":{"br":"Pasaia","ko":"파사이아","pt-BR":"Pasaia","pt":"Pasaia","nl":"Pasaia","hr":"Pasaia","fa":"پاسایا","de":"Pasaia","es":"Pasaia","fr":"Pasaia","ja":"パサイア","it":"Pasaia","zh-CN":"帕萨亚","tr":"Pasaia","ru":"Пасайя","uk":"Пасая","pl":"Pasaia","hi":"पासाइया","ar":"باسايا"},"wikiDataId":"Q847127"},{"id":37194,"name":"Segura","state_id":1191,"state_code":"SS","state_name":"Gipuzkoa","country_id":207,"country_code":"ES","country_name":"Spain","latitude":"43.00753000","longitude":"-2.25400000","native":"Segura","type":"adm3","level":null,"parent_id":null,"population":1465,"timezone":"Europe/Madrid","translations":{"br":"Segura","ko":"세구라","pt-BR":"Segura","pt":"Segura","nl":"Zekerheid","hr":"Segura","fa":"سگورا","de":"Segura","es":"Segura","fr":"Sûr","ja":"セグラ","it":"Segura","zh-CN":"塞古拉","tr":"Güvenli","ru":"Сегура","uk":"Сегура","pl":"Segura","hi":"सेगुरा","ar":"سيجورا"},"wikiDataId":"Q23992605"},{"id":151340,"name":"Soraluze/Placencia de las Armas","state_id":1191,"state_code":"SS","state_name":"Gipuzkoa","country_id":207,"country_code":"ES","country_name":"Spain","latitude":"43.17400070","longitude":"-2.41266390","native":"Soraluze/Placencia de las Armas","type":"city","level":null,"parent_id":null,"population":null,"timezone":"Europe/Madrid","translations":{"br":"Soraluze/Placencia de las Armas","ko":"소랄루제/플라센시아 데 라스 아르마스","pt-BR":"Soraluze/Placencia de las Armas","pt":"Soraluze/Placencia de las Armas","nl":"Soraluze/Placencia de las Armas","hr":"Soraluze/Placencia de las Armas","fa":"Soraluze/Placencia de las Armas","de":"Soraluze/Placencia de las Armas","es":"Soraluze/Placencia de las Armas","fr":"Soraluze/Placencia de las Armas","ja":"ソラルゼ/プラセンシア デ ラス アルマス","it":"Soraluze/Placencia de las Armas","zh-CN":"索拉鲁兹/普拉圣西亚德拉斯阿马斯","tr":"Soraluze/Placencia de las Armas","ru":"Соралузе/Пласенсия-де-лас-Армас","uk":"Soraluze/Placencia de las Armas","pl":"Soraluze/Placencia de las Armas","hi":"सोरालुज़े/प्लेसेनिया डे लास अरमास","ar":"سورالوز / بلاسينسيا دي لاس أرماس"},"wikiDataId":"Q1633869"},{"id":37447,"name":"Tolosa","state_id":1191,"state_code":"SS","state_name":"Gipuzkoa","country_id":207,"country_code":"ES","country_name":"Spain","latitude":"43.13484000","longitude":"-2.07801000","native":"Toulouse","type":"adm3","level":null,"parent_id":null,"population":20109,"timezone":"Europe/Madrid","translations":{"br":"Tolosa","ko":"톨로사","pt-BR":"Tolosa","pt":"Tolosa","nl":"Tolosa","hr":"Tolosa","fa":"تولوسا","de":"Tolosa","es":"Tolosa","fr":"Toulouse","ja":"トロサ","it":"Tolosa","zh-CN":"托洛萨","tr":"Tolosa","ru":"Толоса","uk":"Толоса","pl":"Tolosa","hi":"टोलोसा","ar":"تولوسا"},"wikiDataId":"Q4892347"},{"id":37693,"name":"Urnieta","state_id":1191,"state_code":"SS","state_name":"Gipuzkoa","country_id":207,"country_code":"ES","country_name":"Spain","latitude":"43.24727000","longitude":"-1.99084000","native":"Urnieta","type":"adm3","level":null,"parent_id":null,"population":6250,"timezone":"Europe/Madrid","translations":{"br":"Urnieta","ko":"우르니에타","pt-BR":"Urnieta","pt":"Urnieta","nl":"Urnieta","hr":"Urnieta","fa":"اورنیتا","de":"Urnieta","es":"Urnieta","fr":"Urnieta","ja":"ウルニエタ","it":"Urnieta","zh-CN":"乌尔涅塔","tr":"Urnieta","ru":"Урниета","uk":"Урнієта","pl":"Urnieta","hi":"उर्निएटा","ar":"أورنييتا"},"wikiDataId":"Q1633844"},{"id":151343,"name":"Urretxu","state_id":1191,"state_code":"SS","state_name":"Gipuzkoa","country_id":207,"country_code":"ES","country_name":"Spain","latitude":"43.09053340","longitude":"-2.31728900","native":"Urretxu","type":"adm3","level":null,"parent_id":null,"population":0,"timezone":"Europe/Madrid","translations":{"br":"Urretxu","ko":"우레추","pt-BR":"Urretxu","pt":"Urretxu","nl":"Urretxu","hr":"Urretxu","fa":"اورِتکس","de":"Urretxu","es":"Urretxu","fr":"Urretxu","ja":"ウレチュ","it":"Urretxu","zh-CN":"乌雷特克苏","tr":"Urretxu","ru":"Урретксу","uk":"Урретксу","pl":"Urretxu","hi":"उरेत्क्सु","ar":"أوريتسو"},"wikiDataId":"Q904269"},{"id":37706,"name":"Usurbil","state_id":1191,"state_code":"SS","state_name":"Gipuzkoa","country_id":207,"country_code":"ES","country_name":"Spain","latitude":"43.27164000","longitude":"-2.04912000","native":"Usurbil","type":"adm3","level":null,"parent_id":null,"population":6438,"timezone":"Europe/Madrid","translations":{"br":"Usurbil","ko":"우수르빌","pt-BR":"Usurbil","pt":"Usurbil","nl":"Usurbil","hr":"Usurbil","fa":"اوسوربیل","de":"Usurbil","es":"Usurbil","fr":"Usurbil","ja":"ウスルビル","it":"Usurbil","zh-CN":"乌苏比尔","tr":"Gasp","ru":"Усурбиль","uk":"Усурбіл","pl":"Usurbil","hi":"उसुरबिल","ar":"أوسوربيل"},"wikiDataId":"Q953368"},{"id":38018,"name":"Villabona","state_id":1191,"state_code":"SS","state_name":"Gipuzkoa","country_id":207,"country_code":"ES","country_name":"Spain","latitude":"43.18540000","longitude":"-2.05304000","native":"Villabona","type":"adm3","level":null,"parent_id":null,"population":5859,"timezone":"Europe/Madrid","translations":{"br":"Villabona","ko":"빌라보나","pt-BR":"Villabona","pt":"Villabona","nl":"Villabona","hr":"Villabona","fa":"ویلابونا","de":"Villabona","es":"Villabona","fr":"Villabona","ja":"ヴィラボーナ","it":"Villabona","zh-CN":"维拉博纳","tr":"Villabona","ru":"Вильябона","uk":"Віллабона","pl":"Villabona","hi":"विलाबोना","ar":"فيلابونا"},"wikiDataId":"Q1605938"},{"id":151344,"name":"Zaldibia","state_id":1191,"state_code":"SS","state_name":"Gipuzkoa","country_id":207,"country_code":"ES","country_name":"Spain","latitude":"43.03881010","longitude":"-2.15054960","native":"Caballero","type":"adm3","level":null,"parent_id":null,"population":0,"timezone":"Europe/Madrid","translations":{"br":"Zaldibia","ko":"잘디비아","pt-BR":"Zaldibia","pt":"Zaldibia","nl":"Zaldibia","hr":"Zaldibija","fa":"زلدیبیا","de":"Zaldibia","es":"Zaldibia","fr":"Zaldibia","ja":"ザルディビア","it":"Zaldibia","zh-CN":"扎尔迪比亚","tr":"Zaldibya","ru":"Залдибия","uk":"Залдібія","pl":"Zaldibia","hi":"ज़ाल्डिबिया","ar":"زالديبيا"},"wikiDataId":"Q1618289"},{"id":38474,"name":"Zarautz","state_id":1191,"state_code":"SS","state_name":"Gipuzkoa","country_id":207,"country_code":"ES","country_name":"Spain","latitude":"43.28444000","longitude":"-2.16992000","native":"Zarautz","type":"adm3","level":null,"parent_id":null,"population":23370,"timezone":"Europe/Madrid","translations":{"br":"Zarautz","ko":"사라우츠","pt-BR":"Zarautz","pt":"Zarautz","nl":"Zarautz","hr":"Zarautz","fa":"زاراوتس","de":"Zarautz","es":"Zarautz","fr":"Zarautz","ja":"ザラウツ","it":"Zarautz","zh-CN":"扎鲁茨","tr":"Zarautz","ru":"Сараутц","uk":"Сараутц","pl":"Zarautz","hi":"ज़ारौट्ज़","ar":"زاراوتز"},"wikiDataId":"Q927038"},{"id":38491,"name":"Zegama","state_id":1191,"state_code":"SS","state_name":"Gipuzkoa","country_id":207,"country_code":"ES","country_name":"Spain","latitude":"42.97556000","longitude":"-2.29091000","native":"Zegama","type":"adm3","level":null,"parent_id":null,"population":0,"timezone":"Europe/Madrid","translations":{"br":"Zegama","ko":"제가마","pt-BR":"Zegama","pt":"Zegama","nl":"Zegama","hr":"Zegama","fa":"زگاما","de":"Zegama","es":"Zegama","fr":"Zegama","ja":"ゼガマ","it":"Zegama","zh-CN":"泽加玛","tr":"Zegama","ru":"Зегама","uk":"Зегама","pl":"Zegama","hi":"ज़ेगामा","ar":"زيغاما"},"wikiDataId":"Q1442954"},{"id":151327,"name":"Zerain","state_id":1191,"state_code":"SS","state_name":"Gipuzkoa","country_id":207,"country_code":"ES","country_name":"Spain","latitude":"43.01127170","longitude":"-2.27257990","native":"Zeraín","type":"adm3","level":null,"parent_id":null,"population":0,"timezone":"Europe/Madrid","translations":{"br":"Zerain","ko":"제라인","pt-BR":"Zerain","pt":"Zerain","nl":"Zerain","hr":"Zerain","fa":"زراین","de":"Zerain","es":"Zerain","fr":"Zerain","ja":"ゼレイン","it":"Zerain","zh-CN":"玉米蛋白","tr":"Zerain","ru":"Зерайн","uk":"Зерайн","pl":"Zerain","hi":"ज़ेराइन","ar":"زرين"},"wikiDataId":"Q974930"},{"id":38492,"name":"Zestoa","state_id":1191,"state_code":"SS","state_name":"Gipuzkoa","country_id":207,"country_code":"ES","country_name":"Spain","latitude":"43.23973000","longitude":"-2.25790000","native":"Ánimo","type":"adm3","level":null,"parent_id":null,"population":0,"timezone":"Europe/Madrid","translations":{"br":"Zestoa","ko":"제스토아","pt-BR":"Zestoa","pt":"Zestoa","nl":"Zestoa","hr":"Zestoa","fa":"زستوا","de":"Zestoa","es":"Zestoa","fr":"Zestoa","ja":"ゼストア","it":"Zestoa","zh-CN":"泽斯托亚","tr":"Zestoa","ru":"Зестоа","uk":"Зестоа","pl":"Zestoa","hi":"ज़ेस्टाओ","ar":"زيستوا"},"wikiDataId":"Q1618393"},{"id":38494,"name":"Zizurkil","state_id":1191,"state_code":"SS","state_name":"Gipuzkoa","country_id":207,"country_code":"ES","country_name":"Spain","latitude":"43.19917000","longitude":"-2.07420000","native":"Zizurkil","type":"adm3","level":null,"parent_id":null,"population":2970,"timezone":"Europe/Madrid","translations":{"br":"Zizurkil","ko":"지주르킬","pt-BR":"Zizurkil","pt":"Zizurkil","nl":"Zizurkil","hr":"Zizurkil","fa":"زیزورکیل","de":"Zizurkil","es":"Zizurkil","fr":"Zizurkil","ja":"ジズルキル","it":"Zizurkil","zh-CN":"齐祖尔基尔","tr":"Zizurkil","ru":"Зизуркил","uk":"Зізуркіл","pl":"Zizurkil","hi":"ज़िज़ुर्किल","ar":"زيزوركيل"},"wikiDataId":"Q1618316"},{"id":38508,"name":"Zumaia","state_id":1191,"state_code":"SS","state_name":"Gipuzkoa","country_id":207,"country_code":"ES","country_name":"Spain","latitude":"43.29469000","longitude":"-2.25341000","native":"Zumaia","type":"adm3","level":null,"parent_id":null,"population":10251,"timezone":"Europe/Madrid","translations":{"br":"Zumaia","ko":"주마이아","pt-BR":"Zumaia","pt":"Zumaia","nl":"Zumaia","hr":"Zumaia","fa":"زومایا","de":"Zumaia","es":"Zumaia","fr":"Zumaia","ja":"ズマイア","it":"Zumaia","zh-CN":"祖马亚","tr":"Zumaia","ru":"Сумайя","uk":"Сумая","pl":"Zumaia","hi":"ज़माइया","ar":"زومايا"},"wikiDataId":"Q229659"},{"id":38509,"name":"Zumarraga","state_id":1191,"state_code":"SS","state_name":"Gipuzkoa","country_id":207,"country_code":"ES","country_name":"Spain","latitude":"43.08858000","longitude":"-2.31408000","native":"Zumraga","type":"adm3","level":null,"parent_id":null,"population":9687,"timezone":"Europe/Madrid","translations":{"br":"Zumarraga","ko":"주마라가","pt-BR":"Zumárraga","pt":"Zumárraga","nl":"Zumarraga","hr":"Zumarraga","fa":"زوماراگا","de":"Zumarraga","es":"Zumárraga","fr":"Zumarraga","ja":"ズマラガ","it":"Zumárraga","zh-CN":"苏马拉加","tr":"Zumarraga","ru":"Зумаррага","uk":"Зумаррага","pl":"Zumarraga","hi":"Zumárraga","ar":"زوماراجا"},"wikiDataId":"Q24013526"}]