[{"id":31951,"name":"Aguadulce","state_id":1193,"state_code":"SE","state_name":"Sevilla","country_id":207,"country_code":"ES","country_name":"Spain","latitude":"37.25273000","longitude":"-4.99269000","native":"Aguadulce","type":"adm3","level":null,"parent_id":null,"population":2042,"timezone":"Europe/Madrid","translations":{"br":"Aguadulce","ko":"아과둘세","pt-BR":"Aguadulce","pt":"Aguadulce","nl":"Aguadulce","hr":"Aguadulce","fa":"آگوادولس","de":"Aguadulce","es":"Aguadulce","fr":"Aguadulce","ja":"アグアドゥルセ","it":"Aguadulce","zh-CN":"阿瓜杜尔塞","tr":"Aguadulce","ru":"Агуадульсе","uk":"Агуадульсе","pl":"Aguadulce","hi":"अगुआडुल्से","ar":"أجوادولسي"},"wikiDataId":"Q5660281"},{"id":32000,"name":"Alanís","state_id":1193,"state_code":"SE","state_name":"Sevilla","country_id":207,"country_code":"ES","country_name":"Spain","latitude":"38.03333000","longitude":"-5.71667000","native":"Alanís","type":"adm3","level":null,"parent_id":null,"population":0,"timezone":"Europe/Madrid","translations":{"br":"Alanis","ko":"알라니스","pt-BR":"Alanís","pt":"Alanís","nl":"Alanis","hr":"Alanís","fa":"آلانیس","de":"Alanís","es":"Alanís","fr":"Alanis","ja":"アラニス","it":"Alanís","zh-CN":"阿拉尼斯","tr":"Alanís","ru":"Аланис","uk":"Аланіс","pl":"Alanís","hi":"एलानिस","ar":"ألانيس"},"wikiDataId":"Q254699"},{"id":32015,"name":"Albaida del Aljarafe","state_id":1193,"state_code":"SE","state_name":"Sevilla","country_id":207,"country_code":"ES","country_name":"Spain","latitude":"37.42354000","longitude":"-6.16675000","native":"Albaida del Aljarafe","type":"adm3","level":null,"parent_id":null,"population":2268,"timezone":"Europe/Madrid","translations":{"br":"Albaida del Aljarafe","ko":"알바이다 델 알하라페","pt-BR":"Albaida del Aljarafe","pt":"Albaida del Aljarafe","nl":"Albaida del Aljarafe","hr":"Albaida del Aljarafe","fa":"البیدا دل الجارافه","de":"Albaida del Aljarafe","es":"Albaida del Aljarafe","fr":"Albaida del Aljarafe","ja":"アルバイダ・デル・アルハラフェ","it":"Albaida del Aljarafe","zh-CN":"阿尔拜达德尔阿尔哈拉费","tr":"Albaida del Aljarafe","ru":"Альбайда-дель-Альхарафе","uk":"Альбайда-дель-Альхарафе","pl":"Albaida del Aljarafe","hi":"अल्बाइदा डेल अल्जाराफे","ar":"Albaida del Aljarafe"},"wikiDataId":"Q1465129"},{"id":32070,"name":"Alcalá de Guadaira","state_id":1193,"state_code":"SE","state_name":"Sevilla","country_id":207,"country_code":"ES","country_name":"Spain","latitude":"37.33791000","longitude":"-5.83951000","native":"Alcalá de Guadaira","type":"city","level":null,"parent_id":null,"population":76922,"timezone":"Europe/Madrid","translations":{"br":"Alcalá de Gwadaira","ko":"알칼라 데 과다이라","pt-BR":"Alcalá de Guadaira","pt":"Alcalá de Guadaira","nl":"Alcalá de Guadaira","hr":"Alcalá de Guadaira","fa":"آلکالا دِ گوادایرا","de":"Alcalá de Guadaira","es":"Alcalá de Guadaira","fr":"Alcalá de Guadaira","ja":"アルカラ・デ・グアダイラ","it":"Alcalá de Guadaira","zh-CN":"瓜代拉堡","tr":"Alcalá de Guadaira","ru":"Алькала-де-Гвадаира","uk":"Алькала-де-Гвадейра","pl":"Alcalá de Guadaira","hi":"अल्काला डे गुआडाइरा","ar":"ألكالا دي غوادايرا"},"wikiDataId":"Q494781"},{"id":32079,"name":"Alcalá del Río","state_id":1193,"state_code":"SE","state_name":"Sevilla","country_id":207,"country_code":"ES","country_name":"Spain","latitude":"37.51780000","longitude":"-5.98185000","native":"Alcalá del Río","type":"adm3","level":null,"parent_id":null,"population":12250,"timezone":"Europe/Madrid","translations":{"br":"Alcalá del Río","ko":"알칼라 델 리오","pt-BR":"Alcalá del Río","pt":"Alcalá del Río","nl":"Alcalá del Río","hr":"Alcalá del Río","fa":"آلکالا دل ریو","de":"Alcalá del Río","es":"Alcalá del Río","fr":"Alcalá del Río","ja":"アルカラ・デル・リオ","it":"Alcalá del Río","zh-CN":"阿尔卡拉德尔里奥","tr":"Alcalá del Río","ru":"Алькала-дель-Рио","uk":"Алькала-дель-Ріо","pl":"Alcalá del Río","hi":"अल्काला डेल रियो","ar":"ألكالا ديل ريو"},"wikiDataId":"Q506844"},{"id":32109,"name":"Alcolea del Río","state_id":1193,"state_code":"SE","state_name":"Sevilla","country_id":207,"country_code":"ES","country_name":"Spain","latitude":"37.61506000","longitude":"-5.66694000","native":"Alcolea del Río","type":"adm3","level":null,"parent_id":null,"population":3279,"timezone":"Europe/Madrid","translations":{"br":"Alcolea del Río","ko":"알콜레아 델 리오","pt-BR":"Alcolea del Río","pt":"Alcolea del Río","nl":"Alcohol van de Rio","hr":"Alcolea del Río","fa":"آلکولئا دل ریو","de":"Alcolea del Río","es":"Alcolea del Río","fr":"Alcolea del Río","ja":"アルコレア・デル・リオ","it":"Alcolea del Río","zh-CN":"阿尔科莱亚德尔里奥","tr":"Rio Alkolü","ru":"Альколеа-дель-Рио","uk":"Альколеа-дель-Ріо","pl":"Alcolea del Río","hi":"अल्कोलिया डेल रियो","ar":"ألكوليا ديل ريو"},"wikiDataId":"Q516549"},{"id":32231,"name":"Algámitas","state_id":1193,"state_code":"SE","state_name":"Sevilla","country_id":207,"country_code":"ES","country_name":"Spain","latitude":"37.01516000","longitude":"-5.14949000","native":"Algámitas","type":"adm3","level":null,"parent_id":null,"population":1241,"timezone":"Europe/Madrid","translations":{"br":"Algámitaoù","ko":"알가미타스","pt-BR":"Algámitas","pt":"Algámitas","nl":"Algámitas","hr":"Algámitas","fa":"آلگامیتاس","de":"Algámitas","es":"Algámitas","fr":"Algamitas","ja":"アルガミタス","it":"Algámitas","zh-CN":"阿尔加米塔斯","tr":"Algámitas","ru":"Альгамитас","uk":"Альгамітас","pl":"Algámitas","hi":"अल्गामिटास","ar":"ألجاميتاس"},"wikiDataId":"Q620867"},{"id":32262,"name":"Almadén de la Plata","state_id":1193,"state_code":"SE","state_name":"Sevilla","country_id":207,"country_code":"ES","country_name":"Spain","latitude":"37.87221000","longitude":"-6.08085000","native":"Almadén de la Plata","type":"adm3","level":null,"parent_id":null,"population":0,"timezone":"Europe/Madrid","translations":{"br":"Almadén de la Plata","ko":"알마덴 데 라 플라타","pt-BR":"Almadén de la Plata","pt":"Almadén de la Plata","nl":"Almadén de la Plata","hr":"Almadén de la Plata","fa":"آلمادن د لا پلاتا","de":"Almadén de la Plata","es":"Almadén de la Plata","fr":"Almadén de la Plata","ja":"アルマデン・デ・ラ・プラタ","it":"Almadén de la Plata","zh-CN":"阿尔马登·德拉普拉塔","tr":"Almadén de la Plata","ru":"Альмаден-де-ла-Плата","uk":"Альмаден-де-ла-Плата","pl":"Almadén de la Plata","hi":"अल्माडेन डे ला प्लाटा","ar":"ألمادن دي لا بلاتا"},"wikiDataId":"Q1605533"},{"id":32289,"name":"Almensilla","state_id":1193,"state_code":"SE","state_name":"Sevilla","country_id":207,"country_code":"ES","country_name":"Spain","latitude":"37.31099000","longitude":"-6.10998000","native":"En Almens","type":"adm3","level":null,"parent_id":null,"population":4883,"timezone":"Europe/Madrid","translations":{"br":"Almensilla","ko":"알멘실라","pt-BR":"Almensilla","pt":"Almensilla","nl":"Almensilla","hr":"Almensilla","fa":"آلمنسیلا","de":"Almensilla","es":"Almensilla","fr":"Almensille","ja":"アルメンシラ","it":"Almensilla","zh-CN":"阿尔门西拉","tr":"Almensilla","ru":"Альменсилья","uk":"Альменсілла","pl":"Almensilla","hi":"अल्मेन्सिला","ar":"ألمينسيلا"},"wikiDataId":"Q1623078"},{"id":151452,"name":"Arahal","state_id":1193,"state_code":"SE","state_name":"Sevilla","country_id":207,"country_code":"ES","country_name":"Spain","latitude":"37.18733690","longitude":"-5.58273340","native":"Arahal","type":"adm3","level":null,"parent_id":null,"population":19417,"timezone":"Europe/Madrid","translations":{"br":"Arahal","ko":"아라할","pt-BR":"Arahal","pt":"Arahal","nl":"Arahal","hr":"Arahal","fa":"آراهال","de":"Arahal","es":"Arahal","fr":"Arahal","ja":"アラハル","it":"Arahal","zh-CN":"阿拉哈尔","tr":"Arahal","ru":"Арахал","uk":"Арахал","pl":"Arahal","hi":"अरहल","ar":"أراحال"},"wikiDataId":"Q62717"},{"id":32584,"name":"Aznalcázar","state_id":1193,"state_code":"SE","state_name":"Sevilla","country_id":207,"country_code":"ES","country_name":"Spain","latitude":"37.30422000","longitude":"-6.24963000","native":"Azalkáza","type":"city","level":null,"parent_id":null,"population":3647,"timezone":"Europe/Madrid","translations":{"br":"Aznalcázar","ko":"아스날카사르","pt-BR":"Aznalcázar","pt":"Aznalcázar","nl":"Aznalcazar","hr":"Aznalcázar","fa":"آزنالکازار","de":"Aznalcázar","es":"Aznalcázar","fr":"Aznalcazar","ja":"アズナルカサル","it":"Aznalcázar","zh-CN":"阿兹纳尔卡萨尔","tr":"Aznalcázar","ru":"Асналькасар","uk":"Асналкасар","pl":"Aznalcázar","hi":"अज़नलकाज़ार","ar":"أزنالكازار"},"wikiDataId":"Q926144"},{"id":32585,"name":"Aznalcóllar","state_id":1193,"state_code":"SE","state_name":"Sevilla","country_id":207,"country_code":"ES","country_name":"Spain","latitude":"37.51914000","longitude":"-6.26988000","native":"Azalkollar","type":"adm3","level":null,"parent_id":null,"population":6079,"timezone":"Europe/Madrid","translations":{"br":"Aznalcóllar","ko":"아스날콜라르","pt-BR":"Aznalcóllar","pt":"Aznalcóllar","nl":"Aznalcóllar","hr":"Aznalcóllar","fa":"آزنالکولار","de":"Aznalcóllar","es":"Aznalcóllar","fr":"Aznalcóllar","ja":"アズナルコラー","it":"Aznalcóllar","zh-CN":"阿兹纳尔科利亚尔","tr":"Aznalcóllar","ru":"Асналькольяр","uk":"Асналкольяр","pl":"Aznalcóllar","hi":"अज़नलकोलर","ar":"أزنالكولار"},"wikiDataId":"Q1601679"},{"id":32604,"name":"Badolatosa","state_id":1193,"state_code":"SE","state_name":"Sevilla","country_id":207,"country_code":"ES","country_name":"Spain","latitude":"37.30785000","longitude":"-4.67296000","native":"Badolatosa","type":"adm3","level":null,"parent_id":null,"population":3078,"timezone":"Europe/Madrid","translations":{"br":"Badolatosa","ko":"바돌라토사","pt-BR":"Badolatosa","pt":"Badolatosa","nl":"Badolatosa","hr":"Badolatosa","fa":"بادولاتوسا","de":"Badolatosa","es":"Badolatosa","fr":"Badolatosa","ja":"バドラトサ","it":"Badolatosa","zh-CN":"巴多拉托萨","tr":"Badolatosa","ru":"Бадолатоса","uk":"Бадолатоза","pl":"Badolatosa","hi":"बडोलाटोसा","ar":"بادولاتوسا"},"wikiDataId":"Q1450719"},{"id":32757,"name":"Benacazón","state_id":1193,"state_code":"SE","state_name":"Sevilla","country_id":207,"country_code":"ES","country_name":"Spain","latitude":"37.35289000","longitude":"-6.19663000","native":"Benacazón","type":"adm3","level":null,"parent_id":null,"population":5698,"timezone":"Europe/Madrid","translations":{"br":"Benacazón","ko":"베나카손","pt-BR":"Benacazón","pt":"Benacazón","nl":"Benacazón","hr":"Benacazón","fa":"بناکازون","de":"Benacazón","es":"Benacazón","fr":"Benacazón","ja":"ベナカソン","it":"Benacazón","zh-CN":"贝纳卡松","tr":"Benacazón","ru":"Бенакасон","uk":"Бенакасон","pl":"Benacazón","hi":"बेनाकाज़ोन","ar":"بيناكازون"},"wikiDataId":"Q1628394"},{"id":32938,"name":"Bollullos de la Mitación","state_id":1193,"state_code":"SE","state_name":"Sevilla","country_id":207,"country_code":"ES","country_name":"Spain","latitude":"37.34014000","longitude":"-6.13719000","native":"Bollullos de la Mitación","type":"historical_capital","level":null,"parent_id":null,"population":6499,"timezone":"Europe/Madrid","translations":{"br":"Bollullos de la Mitación","ko":"볼룰로스 데 라 미타시온","pt-BR":"Bollullos de la Mitación","pt":"Bollullos de la Mitación","nl":"Bollullos de la Mitación","hr":"Bollullos de la Mitación","fa":"بولولوس د لا میتاسیون","de":"Bollullos de la Mitación","es":"Bollullos de la Mitación","fr":"Bollullos de la Mitación","ja":"Bollullos de la Mitación","it":"Bollullos de la Mitación","zh-CN":"博卢洛斯·德拉米塔西翁","tr":"Bollullos de la Mitación","ru":"Bollullos de la Mitación","uk":"Болульйос-де-ла-Мітасьйон","pl":"Bollullos de la Mitación","hi":"Bollullos de la Mitación","ar":"Bollullos de la Mitación"},"wikiDataId":"Q1605640"},{"id":32956,"name":"Bormujos","state_id":1193,"state_code":"SE","state_name":"Sevilla","country_id":207,"country_code":"ES","country_name":"Spain","latitude":"37.37358000","longitude":"-6.07233000","native":"Bormoulas","type":"adm3","level":null,"parent_id":null,"population":22970,"timezone":"Europe/Madrid","translations":{"br":"Bormujos","ko":"보르무호스","pt-BR":"Bormujos","pt":"Bormujos","nl":"Bormujos","hr":"Bormujos","fa":"بورموخوس","de":"Bormujos","es":"Bormujos","fr":"Bormujos","ja":"ボルムホス","it":"Bormujos","zh-CN":"博尔穆霍斯","tr":"Bormujos","ru":"Бормухос","uk":"Бормухос","pl":"Bormujos","hi":"बोरमुजोस","ar":"بورموجوس"},"wikiDataId":"Q1605629"},{"id":32977,"name":"Brenes","state_id":1193,"state_code":"SE","state_name":"Sevilla","country_id":207,"country_code":"ES","country_name":"Spain","latitude":"37.54944000","longitude":"-5.87139000","native":"Brenes","type":"adm3","level":null,"parent_id":null,"population":12883,"timezone":"Europe/Madrid","translations":{"br":"Brenes","ko":"브레네스","pt-BR":"Brenes","pt":"Brenes","nl":"Brenes","hr":"Brenes","fa":"برنز","de":"Brenes","es":"Brenes","fr":"Brenes","ja":"ブレネス","it":"Brenes","zh-CN":"布雷内斯","tr":"Brenes","ru":"Бренес","uk":"Бренес","pl":"Brenes","hi":"ब्रेनेस","ar":"برينيس"},"wikiDataId":"Q579216"},{"id":33027,"name":"Burguillos","state_id":1193,"state_code":"SE","state_name":"Sevilla","country_id":207,"country_code":"ES","country_name":"Spain","latitude":"37.58440000","longitude":"-5.96654000","native":"Burguillos","type":"adm3","level":null,"parent_id":null,"population":4116,"timezone":"Europe/Madrid","translations":{"br":"Burguillos","ko":"부르기요스","pt-BR":"Burguillos","pt":"Burguillos","nl":"Burguillos","hr":"Burguillos","fa":"بورگویلوس","de":"Burguillos","es":"Burguillos","fr":"Burguillos","ja":"ブルギリョス","it":"Burguillos","zh-CN":"布尔吉略斯","tr":"Burguillos","ru":"Бургильос","uk":"Бургільйос","pl":"Burguillos","hi":"बर्गुइलोस","ar":"بورغيلوس"},"wikiDataId":"Q1633443"},{"id":33172,"name":"Camas","state_id":1193,"state_code":"SE","state_name":"Sevilla","country_id":207,"country_code":"ES","country_name":"Spain","latitude":"37.40202000","longitude":"-6.03314000","native":"Camas","type":"adm3","level":null,"parent_id":null,"population":28620,"timezone":"Europe/Madrid","translations":{"br":"Camas","ko":"카마스","pt-BR":"Camas","pt":"Camas","nl":"Camas","hr":"Camas","fa":"کاماس","de":"Camas","es":"Camas","fr":"Lits","ja":"カマス","it":"Camas","zh-CN":"卡马斯","tr":"Camas","ru":"Камас","uk":"Камас","pl":"Camas","hi":"कैमास","ar":"كاماس"},"wikiDataId":"Q752127"},{"id":33526,"name":"Cañada Rosal","state_id":1193,"state_code":"SE","state_name":"Sevilla","country_id":207,"country_code":"ES","country_name":"Spain","latitude":"37.59924000","longitude":"-5.21016000","native":"Cañada Rosal","type":"adm3","level":null,"parent_id":null,"population":3410,"timezone":"Europe/Madrid","translations":{"br":"Cañada Rosal","ko":"캐나다 로살","pt-BR":"Cañada Rosal","pt":"Cañada Rosal","nl":"Canada Rosal","hr":"Cañada Rosal","fa":"کانادا روسال","de":"Cañada Rosal","es":"Cañada Rosal","fr":"Canada Rosal","ja":"カニャダ・ロサル","it":"Cañada Rosal","zh-CN":"加拿大罗萨尔","tr":"Kanada Rosal","ru":"Каньяда Росаль","uk":"Каньяда Росал","pl":"Cañada Rosal","hi":"कनाडा रोसाल","ar":"كندا روزال"},"wikiDataId":"Q62859"},{"id":33257,"name":"Cantillana","state_id":1193,"state_code":"SE","state_name":"Sevilla","country_id":207,"country_code":"ES","country_name":"Spain","latitude":"37.61032000","longitude":"-5.82472000","native":"Cantillana","type":"adm3","level":null,"parent_id":null,"population":10728,"timezone":"Europe/Madrid","translations":{"br":"Kantillana","ko":"칸틸라나","pt-BR":"Cantillana","pt":"Cantillana","nl":"Cantillana","hr":"Cantillana","fa":"کانتیلانا","de":"Cantillana","es":"Cantillana","fr":"Cantillana","ja":"カンティリャーナ","it":"Cantillana","zh-CN":"坎蒂利亚纳","tr":"Cantillana","ru":"Кантильяна","uk":"Кантіллана","pl":"Cantillana","hi":"कैंटिलाना","ar":"كانتيلانا"},"wikiDataId":"Q683023"},{"id":33310,"name":"Carmona","state_id":1193,"state_code":"SE","state_name":"Sevilla","country_id":207,"country_code":"ES","country_name":"Spain","latitude":"37.47125000","longitude":"-5.64608000","native":"Carmona","type":"adm3","level":null,"parent_id":null,"population":29871,"timezone":"Europe/Madrid","translations":{"br":"Carmona","ko":"카르모나","pt-BR":"Carmona","pt":"Carmona","nl":"Karmona","hr":"Carmona","fa":"کارمونا","de":"Carmona","es":"Carmona","fr":"Carmona","ja":"カルモナ","it":"Carmona","zh-CN":"卡莫纳","tr":"Karmona","ru":"Кармона","uk":"Кармона","pl":"Carmona","hi":"कारमोना","ar":"كارمونا"},"wikiDataId":"Q23986680"},{"id":33333,"name":"Carrión de los Céspedes","state_id":1193,"state_code":"SE","state_name":"Sevilla","country_id":207,"country_code":"ES","country_name":"Spain","latitude":"37.37007000","longitude":"-6.32923000","native":"Carrión de los Céspedes","type":"adm3","level":null,"parent_id":null,"population":2617,"timezone":"Europe/Madrid","translations":{"br":"Carrión de los Céspedes","ko":"카리온 데 로스 세스페데스","pt-BR":"Carrión de los Céspedes","pt":"Carrión de los Céspedes","nl":"Carrión de los Céspedes","hr":"Carrión de los Céspedes","fa":"کاریون د لوس سسپدس","de":"Carrión de los Céspedes","es":"Carrión de los Céspedes","fr":"Carrión de los Céspedes","ja":"カリオン・デ・ロス・セスペデス","it":"Carrión de los Céspedes","zh-CN":"卡里翁·德洛斯·塞斯佩德斯","tr":"Carrión de los Céspedes","ru":"Каррион де лос Сеспедес","uk":"Карріон-де-лос-Сеспедес","pl":"Carrión de los Céspedes","hi":"Carrión de los Céspedes","ar":"Carrión de los Céspedes"},"wikiDataId":"Q1447344"},{"id":33352,"name":"Casariche","state_id":1193,"state_code":"SE","state_name":"Sevilla","country_id":207,"country_code":"ES","country_name":"Spain","latitude":"37.29389000","longitude":"-4.75972000","native":"Casas de campo","type":"adm3","level":null,"parent_id":null,"population":5307,"timezone":"Europe/Madrid","translations":{"br":"Casariche","ko":"카사리체","pt-BR":"Casariche","pt":"Casariche","nl":"Casariche","hr":"Casariche","fa":"کاساریکه","de":"Casariche","es":"Casariche","fr":"Casariche","ja":"カサリチェ","it":"Casariche","zh-CN":"卡萨里切","tr":"Casariche","ru":"Касариче","uk":"Касаріче","pl":"Casariche","hi":"कासारीचे","ar":"كاساريش"},"wikiDataId":"Q1445334"},{"id":33447,"name":"Castilblanco de los Arroyos","state_id":1193,"state_code":"SE","state_name":"Sevilla","country_id":207,"country_code":"ES","country_name":"Spain","latitude":"37.67576000","longitude":"-5.98886000","native":"Castilblanco de los Arroyos","type":"adm3","level":null,"parent_id":null,"population":5134,"timezone":"Europe/Madrid","translations":{"br":"Kastilblanko de los Arroyos","ko":"카스티블랑코 데 로스 아로요스","pt-BR":"Castilblanco de los Arroyos","pt":"Castilblanco de los Arroyos","nl":"Castilblanco de los Arroyos","hr":"Castilblanco de los Arroyos","fa":"کاستیل بلانکو د لوس آرویوس","de":"Castilblanco de los Arroyos","es":"Castilblanco de los Arroyos","fr":"Castilblanco de los Arroyos","ja":"カスティールブランコ・デ・ロス・アロヨス","it":"Castilblanco de los Arroyos","zh-CN":"卡斯蒂尔布兰科·德洛斯·阿罗约斯","tr":"Castilblanco de los Arroyos","ru":"Кастильбланко де лос Арройос","uk":"Кастільбланко-де-лос-Арройос","pl":"Castilblanco de los Arroyos","hi":"Castilblanco de los Arroyos","ar":"كاستيل بلانكو دي لوس أرويوس"},"wikiDataId":"Q980056"},{"id":33454,"name":"Castilleja de Guzmán","state_id":1193,"state_code":"SE","state_name":"Sevilla","country_id":207,"country_code":"ES","country_name":"Spain","latitude":"37.40955000","longitude":"-6.05515000","native":"Castilleja de Guzmán","type":"adm3","level":null,"parent_id":null,"population":2863,"timezone":"Europe/Madrid","translations":{"br":"Castilleja de Guzmán","ko":"카스티예하 데 구즈만","pt-BR":"Castilleja de Guzmán","pt":"Castilleja de Guzmán","nl":"Castilleja de Guzmán","hr":"Castilleja de Guzmán","fa":"کاستیخا د گوزمن","de":"Castilleja de Guzmán","es":"Castilleja de Guzmán","fr":"Castilleja de Guzmán","ja":"グスマン城","it":"Castilleja de Guzmán","zh-CN":"古兹曼城堡","tr":"Castilleja de Guzmán","ru":"Кастильеха-де-Гусман","uk":"Кастільєха-де-Гусман","pl":"Castilleja de Guzmán","hi":"कैस्टिलेजा डी गुज़मान","ar":"كاستيليخا دي غوزمان"},"wikiDataId":"Q1628350"},{"id":33455,"name":"Castilleja de la Cuesta","state_id":1193,"state_code":"SE","state_name":"Sevilla","country_id":207,"country_code":"ES","country_name":"Spain","latitude":"37.38594000","longitude":"-6.05258000","native":"Castilleja de la Cuesta","type":"adm3","level":null,"parent_id":null,"population":17153,"timezone":"Europe/Madrid","translations":{"br":"Castilleja de la Cuesta","ko":"카스티예하 데 라 쿠에스타","pt-BR":"Castilleja de la Cuesta","pt":"Castilleja de la Cuesta","nl":"Kasteel van la Cuesta","hr":"Kastilja de la Cuesta","fa":"کاستیخا د لا کوئستا","de":"Castilleja de la Cuesta","es":"Castilleja de la Cuesta","fr":"Castilleja de la Cuesta","ja":"カスティーリャ・デ・ラ・クエスタ","it":"Castilleja de la Cuesta","zh-CN":"卡斯蒂列哈德拉库埃斯塔","tr":"Castilleja de la Cuesta","ru":"Кастильеха-де-ла-Куэста","uk":"Кастільєха-де-ла-Куеста","pl":"Castilleja de la Cuesta","hi":"कैस्टिलेजा डे ला क्यूस्टा","ar":"كاستيليخا دي لا كويستا"},"wikiDataId":"Q841589"},{"id":33456,"name":"Castilleja del Campo","state_id":1193,"state_code":"SE","state_name":"Sevilla","country_id":207,"country_code":"ES","country_name":"Spain","latitude":"37.38627000","longitude":"-6.33443000","native":"Castilleja del Campo","type":"adm3","level":null,"parent_id":null,"population":612,"timezone":"Europe/Madrid","translations":{"br":"Kastilleja del Campo","ko":"카스티예하 델 캄포","pt-BR":"Castilleja del Campo","pt":"Castilleja del Campo","nl":"Kasteel van de Velden","hr":"Kastilja del Campo","fa":"کاستیخا دل کامپو","de":"Castilleja del Campo","es":"Castilleja del Campo","fr":"Castilleja del Campo","ja":"カスティーリャ・デル・カンポ","it":"Castilleja del Campo","zh-CN":"卡斯蒂利亚·德尔·坎波","tr":"Castilleja del Campo","ru":"Кастильеха-дель-Кампо","uk":"Кастільєха-дель-Кампо","pl":"Castilleja del Campo","hi":"कैस्टिलेजा डेल कैम्पो","ar":"كاستيليخا ديل كامبو"},"wikiDataId":"Q1628373"},{"id":33523,"name":"Cazalla de la Sierra","state_id":1193,"state_code":"SE","state_name":"Sevilla","country_id":207,"country_code":"ES","country_name":"Spain","latitude":"37.93333000","longitude":"-5.75000000","native":"Cazalla de la Sierra","type":"adm3","level":null,"parent_id":null,"population":0,"timezone":"Europe/Madrid","translations":{"br":"Cazalla de la Sierra","ko":"카살라 데 라 시에라","pt-BR":"Cazalla de la Sierra","pt":"Cazalla de la Sierra","nl":"Cazalla de la Sierra","hr":"Cazalla de la Sierra","fa":"کازالا د لا سیرا","de":"Cazalla de la Sierra","es":"Cazalla de la Sierra","fr":"Cazalla de la Sierra","ja":"カサジャ・デ・ラ・シエラ","it":"Cazalla de la Sierra","zh-CN":"卡扎利亚·德拉谢拉","tr":"Cazalla de la Sierra","ru":"Касалья де ла Сьерра","uk":"Касалья-де-ла-Сьєрра","pl":"Cazalla de la Sierra","hi":"कैज़ाला डे ला सिएरा","ar":"كازالا دي لا سييرا"},"wikiDataId":"Q1445283"},{"id":33765,"name":"Constantina","state_id":1193,"state_code":"SE","state_name":"Sevilla","country_id":207,"country_code":"ES","country_name":"Spain","latitude":"37.86667000","longitude":"-5.61667000","native":"Constantina","type":"adm3","level":null,"parent_id":null,"population":5742,"timezone":"Europe/Madrid","translations":{"br":"Constantina","ko":"콘스탄티나","pt-BR":"Constantina","pt":"Constantina","nl":"Constantina","hr":"Konstantina","fa":"کنستانتینا","de":"Constantina","es":"Constantina","fr":"Constantine","ja":"コンスタンティナ","it":"Costantina","zh-CN":"康斯坦丁娜","tr":"Constantina","ru":"Константина","uk":"Константина","pl":"Konstantyna","hi":"कॉन्स्टेंटिना","ar":"كونستانتينا"},"wikiDataId":"Q949381"},{"id":33790,"name":"Coria del Río","state_id":1193,"state_code":"SE","state_name":"Sevilla","country_id":207,"country_code":"ES","country_name":"Spain","latitude":"37.28766000","longitude":"-6.05410000","native":"Coria del Río","type":"adm3","level":null,"parent_id":null,"population":31095,"timezone":"Europe/Madrid","translations":{"br":"Coria del Río","ko":"코리아 델 리오","pt-BR":"Coria del Río","pt":"Coria del Río","nl":"Coria del Río","hr":"Coria del Río","fa":"کوریا دل ریو","de":"Coria del Río","es":"Coria del Río","fr":"Coria del Río","ja":"コリア・デル・リオ","it":"Coria del Río","zh-CN":"科里亚·德尔里奥","tr":"Coria del Rio","ru":"Кориа-дель-Рио","uk":"Корія-дель-Ріо","pl":"Coria del Río","hi":"कोरिया डेल रियो","ar":"كوريا ديل ريو"},"wikiDataId":"Q1445412"},{"id":33791,"name":"Coripe","state_id":1193,"state_code":"SE","state_name":"Sevilla","country_id":207,"country_code":"ES","country_name":"Spain","latitude":"36.97335000","longitude":"-5.44022000","native":"Coripado","type":"adm3","level":null,"parent_id":null,"population":1198,"timezone":"Europe/Madrid","translations":{"br":"Coripe","ko":"코리페","pt-BR":"Coripe","pt":"Coripe","nl":"Coripe","hr":"Coripe","fa":"کوریپ","de":"Coripe","es":"Coripe","fr":"Coripe","ja":"コリペ","it":"Coripe","zh-CN":"科里佩","tr":"Coripe","ru":"Корипе","uk":"Коріпе","pl":"Coripe","hi":"कोरिपे","ar":"كوريبي"},"wikiDataId":"Q1605547"},{"id":151457,"name":"Corrales Los","state_id":1193,"state_code":"SE","state_name":"Sevilla","country_id":207,"country_code":"ES","country_name":"Spain","latitude":"37.10033910","longitude":"-4.98574960","native":"Corrales Los","type":"city","level":null,"parent_id":null,"population":3958,"timezone":"Europe/Madrid","translations":{"br":"Corrales Los","ko":"코랄레스 로스","pt-BR":"Corrales Los","pt":"Corrales Los","nl":"Corrales Los","hr":"Corrales Los","fa":"کورالس لوس","de":"Corrales Los","es":"Corrales Los","fr":"Corrales Los","ja":"コラレス・ロス","it":"Corrales Los","zh-CN":"科拉莱斯洛斯","tr":"Corrales Los","ru":"Корралес Лос","uk":"Корралес Лос","pl":"Corrales Los","hi":"कोरालेस लॉस","ar":"كوراليس لوس"},"wikiDataId":"Q1627519"},{"id":33949,"name":"Dos Hermanas","state_id":1193,"state_code":"SE","state_name":"Sevilla","country_id":207,"country_code":"ES","country_name":"Spain","latitude":"37.28287000","longitude":"-5.92088000","native":"Dos Hermanas","type":"adm3","level":null,"parent_id":null,"population":140430,"timezone":"Europe/Madrid","translations":{"br":"Dos Hermanas","ko":"도스 에르마나스","pt-BR":"Dos Hermanas","pt":"Dos Hermanas","nl":"Dos Hermanas","hr":"Dos Hermanas","fa":"دوس هرماناس","de":"Dos Hermanas","es":"Dos Hermanas","fr":"Deux sœurs","ja":"ドス・エルマナス","it":"Due sorelle","zh-CN":"两姐妹","tr":"İki Kız Kardeş","ru":"Дос Херманас","uk":"Дос Ерманас","pl":"Dos Hermanas","hi":"डॉस हरमनास","ar":"الأختان"},"wikiDataId":"Q680697"},{"id":38577,"name":"Écija","state_id":1193,"state_code":"SE","state_name":"Sevilla","country_id":207,"country_code":"ES","country_name":"Spain","latitude":"37.54220000","longitude":"-5.08260000","native":"Écija","type":"adm3","level":null,"parent_id":null,"population":39500,"timezone":"Europe/Madrid","translations":{"br":"Écija","ko":"에치하","pt-BR":"Écija","pt":"Écija","nl":"Écija","hr":"Écija","fa":"اسیا","de":"Écija","es":"Écija","fr":"Écija","ja":"エシハ","it":"Écija","zh-CN":"埃西哈","tr":"Écija","ru":"Эсиха","uk":"Есіха","pl":"Ecija","hi":"एसिजा","ar":"إسيجا"},"wikiDataId":"Q55695431"},{"id":151455,"name":"El Castillo de las Guardas","state_id":1193,"state_code":"SE","state_name":"Sevilla","country_id":207,"country_code":"ES","country_name":"Spain","latitude":"37.69231710","longitude":"-6.31529690","native":"El Castillo de las Guardas","type":"city","level":null,"parent_id":null,"population":1511,"timezone":"Europe/Madrid","translations":{"br":"El Kastillo de las Guardas","ko":"카스티요 데 라스 과르다스 엘","pt-BR":"El Castelo das Guardas","pt":"El Castelo das Guardas","nl":"El Castillo de las Guardas","hr":"El Tvrđava las Guardas","fa":"کاستیلو د لاس گارداس ال","de":"El Castillo de las Guardas","es":"El Castillo de las Guardas","fr":"El Château de las Guardas","ja":"カスティージョ・デ・ラス・グアルダス・エル","it":"El Castillo de las Guardas","zh-CN":"守卫城堡","tr":"El Castillo de las Guardas","ru":"El Castillo de las Guardas","uk":"Замок Лас-Гуардас","pl":"El Castillo de las Guardas","hi":"El Castillo de las Guardas","ar":"El Castillo de las Guardas"},"wikiDataId":"Q120172325"},{"id":151456,"name":"El Coronil","state_id":1193,"state_code":"SE","state_name":"Sevilla","country_id":207,"country_code":"ES","country_name":"Spain","latitude":"37.07936530","longitude":"-5.63379830","native":"El Coronil","type":"city","level":null,"parent_id":null,"population":4697,"timezone":"Europe/Madrid","translations":{"br":"El Coronil","ko":"코로닐 엘","pt-BR":"El Coronil","pt":"El Coronil","nl":"El Coronil","hr":"El Coronil","fa":"کورونیل ال","de":"El Coronil","es":"El Coronil","fr":"El Coronil","ja":"コロニル・エル","it":"El Coronil","zh-CN":"科罗尼尔埃尔","tr":"El Coronil","ru":"Коронил Эль","uk":"Короніл Ел","pl":"El Coronil","hi":"कोरोनिल एल","ar":"كورونيل إل"},"wikiDataId":"Q1447700"},{"id":151478,"name":"El Cuervo de Sevilla","state_id":1193,"state_code":"SE","state_name":"Sevilla","country_id":207,"country_code":"ES","country_name":"Spain","latitude":"36.85279760","longitude":"-6.03852350","native":"El Cuervo de Sevilla","type":"city","level":null,"parent_id":null,"population":8716,"timezone":"Europe/Madrid","translations":{"br":"El Cuervo de Sevilla","ko":"쿠에르보 데 세비야 엘","pt-BR":"El Cuervo de Sevilla","pt":"El Cuervo de Sevilla","nl":"El Cuervo de Sevilla","hr":"El Cuervo de Sevilla","fa":"کوئروو د سویا ال","de":"El Cuervo de Sevilla","es":"El Cuervo de Sevilla","fr":"El Cuervo de Sevilla","ja":"クエルボ・デ・セビリア・エル","it":"El Cuervo de Sevilla","zh-CN":"塞维利亚之鹰","tr":"El Cuervo de Sevilla","ru":"El Cuervo de Sevilla","uk":"Куерво-де-Севілья","pl":"El Cuervo de Sevilla","hi":"El Cuervo de Sevilla","ar":"El Cuervo de Sevilla"},"wikiDataId":"Q120173627"},{"id":151458,"name":"El Garrobo","state_id":1193,"state_code":"SE","state_name":"Sevilla","country_id":207,"country_code":"ES","country_name":"Spain","latitude":"37.62765450","longitude":"-6.17258560","native":"El Garrobo","type":"city","level":null,"parent_id":null,"population":812,"timezone":"Europe/Madrid","translations":{"br":"El Garrobo","ko":"가로보 엘","pt-BR":"El Garrobo","pt":"El Garrobo","nl":"El Garrobo","hr":"El Garrobo","fa":"گاروبو ال","de":"El Garrobo","es":"El Garrobo","fr":"El Garrobo","ja":"ガロボ・エル","it":"El Garrobo","zh-CN":"加罗沃·埃尔","tr":"El Garrobo","ru":"Гарробо Эль","uk":"Гарробо Ель","pl":"El Garrobo","hi":"गैरोबो एल","ar":"غاروبو إل"},"wikiDataId":"Q972275"},{"id":151462,"name":"El Madroño","state_id":1193,"state_code":"SE","state_name":"Sevilla","country_id":207,"country_code":"ES","country_name":"Spain","latitude":"37.65271470","longitude":"-6.47165800","native":"El Madroño","type":"adm3","level":null,"parent_id":null,"population":305,"timezone":"Europe/Madrid","translations":{"br":"El Madroño","ko":"마드로뇨 엘","pt-BR":"El Madroño","pt":"El Madroño","nl":"El Madroño","hr":"El Madroño","fa":"مادرونیو ال","de":"El Madroño","es":"El Madroño","fr":"El Madroño","ja":"マドロニョ・エル","it":"El Madroño","zh-CN":"马德罗尼奥·埃尔","tr":"El Madroño","ru":"Мадроньо Эль","uk":"Мадроньо Ель","pl":"El Madroño","hi":"मद्रोनो एल","ar":"مادرونيو إل"},"wikiDataId":"Q120170959"},{"id":151466,"name":"El Pedroso","state_id":1193,"state_code":"SE","state_name":"Sevilla","country_id":207,"country_code":"ES","country_name":"Spain","latitude":"37.84156670","longitude":"-5.76553430","native":"El Pedroso","type":"adm3","level":null,"parent_id":null,"population":2074,"timezone":"Europe/Madrid","translations":{"br":"El Pedroso","ko":"페드로소 엘","pt-BR":"El Pedroso","pt":"El Pedroso","nl":"El Pedroso","hr":"El Pedroso","fa":"پدروسو ال","de":"El Pedroso","es":"El Pedroso","fr":"El Pedroso","ja":"ペドロソ・エル","it":"El Pedroso","zh-CN":"佩德罗索·埃尔","tr":"El Pedroso","ru":"Педросо Эль","uk":"Педросо Ел","pl":"El Pedroso","hi":"पेड्रोसो एल","ar":"بيدروسو إل"},"wikiDataId":"Q1445311"},{"id":151470,"name":"El Real de la Jara","state_id":1193,"state_code":"SE","state_name":"Sevilla","country_id":207,"country_code":"ES","country_name":"Spain","latitude":"37.94872530","longitude":"-6.15402410","native":"El Real de la Jara","type":"city","level":null,"parent_id":null,"population":1531,"timezone":"Europe/Madrid","translations":{"br":"El Real de la Jara","ko":"레알 데 라 하라 엘","pt-BR":"El Real de la Jara","pt":"El Real de la Jara","nl":"El Real de la Jara","hr":"El Real de la Jara","fa":"رئال د لا خارا ال","de":"El Real de la Jara","es":"El Real de la Jara","fr":"El Real de la Jara","ja":"レアル・デ・ラ・ハラ・エル","it":"El Real de la Jara","zh-CN":"皇家哈拉埃尔","tr":"El Real de la Jara","ru":"El Real de la Jara","uk":"Реаль-де-ла-Хара-Ель","pl":"El Real de la Jara","hi":"El Real de la Jara","ar":"El Real de la Jara"},"wikiDataId":"Q120172181"},{"id":151473,"name":"El Ronquillo","state_id":1193,"state_code":"SE","state_name":"Sevilla","country_id":207,"country_code":"ES","country_name":"Spain","latitude":"37.72611180","longitude":"-6.17722680","native":"El Ronquillo","type":"city","level":null,"parent_id":null,"population":1439,"timezone":"Europe/Madrid","translations":{"br":"El Ronquillo","ko":"론킬로 엘","pt-BR":"El Ronquillo","pt":"El Ronquillo","nl":"El Ronquillo","hr":"El Ronquillo","fa":"رونکوئیلو ال","de":"El Ronquillo","es":"El Ronquillo","fr":"Ronquillo Le","ja":"ロンキージョ・エル","it":"El Ronquillo","zh-CN":"龙基略·埃尔","tr":"El Ronquillo","ru":"Ронкильо Эль","uk":"Ронкільйо Ель","pl":"El Ronquillo","hi":"रोंक्विलो एल","ar":"رونكيلو إل"},"wikiDataId":"Q645364"},{"id":151474,"name":"El Rubio","state_id":1193,"state_code":"SE","state_name":"Sevilla","country_id":207,"country_code":"ES","country_name":"Spain","latitude":"37.35377700","longitude":"-4.99094780","native":"El Rubio","type":"city","level":null,"parent_id":null,"population":3290,"timezone":"Europe/Madrid","translations":{"br":"El Rubio","ko":"루비오 엘","pt-BR":"El Rubio","pt":"El Rubio","nl":"El Rubio","hr":"El Rubio","fa":"روبیو ال","de":"El Rubio","es":"El Rubio","fr":"El Rubio","ja":"ルビオ・エル","it":"El Rubio","zh-CN":"鲁比奥·埃尔","tr":"El Rubio","ru":"Рубио Эль","uk":"Рубіо Ел","pl":"El Rubio","hi":"रुबियो एल","ar":"روبيو إل"},"wikiDataId":"Q1445292"},{"id":151475,"name":"El Saucejo","state_id":1193,"state_code":"SE","state_name":"Sevilla","country_id":207,"country_code":"ES","country_name":"Spain","latitude":"37.07419080","longitude":"-5.09761610","native":"El Saucejo","type":"city","level":null,"parent_id":null,"population":4213,"timezone":"Europe/Madrid","translations":{"br":"El Saucejo","ko":"소스조 엘","pt-BR":"El Saucejo","pt":"El Saucejo","nl":"El Saucejo","hr":"El Saucejo","fa":"سسخو ال","de":"El Saucejo","es":"El Saucejo","fr":"El Saucejo","ja":"ソースホ・エル","it":"El Saucejo","zh-CN":"索塞霍·埃尔","tr":"El Saucejo","ru":"Саусехо Эль","uk":"Саусехо Ель","pl":"El Saucejo","hi":"सॉसेजो एल","ar":"صلصة إل"},"wikiDataId":"Q120172178"},{"id":151476,"name":"El Viso del Alcor","state_id":1193,"state_code":"SE","state_name":"Sevilla","country_id":207,"country_code":"ES","country_name":"Spain","latitude":"37.38868620","longitude":"-5.72178110","native":"El Viso del Alcor","type":"city","level":null,"parent_id":null,"population":19310,"timezone":"Europe/Madrid","translations":{"br":"El Viso del Alcor","ko":"알코르 엘을 바라보다","pt-BR":"El Viso del Alcor","pt":"El Viso del Alcor","nl":"El Viso del Alcor","hr":"El Viso del Alcor","fa":"ویسو دل آلکور ال","de":"El Viso del Alcor","es":"El Viso del Alcor","fr":"El Viso del Alcor","ja":"ヴィソ・デル・アルコール・エル","it":"El Viso del Alcor","zh-CN":"维索德尔阿尔科埃尔","tr":"El Viso del Alcor","ru":"El Viso del Alcor","uk":"Вісо-дель-Алькор-Ель","pl":"El Viso del Alcor","hi":"विसो डेल अलकोर एल","ar":"El Viso del Alcor"},"wikiDataId":"Q120172026"},{"id":34109,"name":"Espartinas","state_id":1193,"state_code":"SE","state_name":"Sevilla","country_id":207,"country_code":"ES","country_name":"Spain","latitude":"37.38154000","longitude":"-6.12578000","native":"Espartinas","type":"adm3","level":null,"parent_id":null,"population":12648,"timezone":"Europe/Madrid","translations":{"br":"Espartinaoù","ko":"에스파르티나스","pt-BR":"Espartinas","pt":"Espartinas","nl":"Espartinas","hr":"Espartine","fa":"اسپارتیناس","de":"Espartinas","es":"Espartinas","fr":"Espartinas","ja":"エスパルティナス","it":"Espartinas","zh-CN":"埃斯帕蒂纳斯","tr":"Espartinalar","ru":"Эспартинас","uk":"Еспартінас","pl":"Espartiny","hi":"एस्पार्टिनास","ar":"إسبارتيناس"},"wikiDataId":"Q1628327"},{"id":34141,"name":"Estepa","state_id":1193,"state_code":"SE","state_name":"Sevilla","country_id":207,"country_code":"ES","country_name":"Spain","latitude":"37.29263000","longitude":"-4.87896000","native":"Estepa","type":"adm3","level":null,"parent_id":null,"population":12394,"timezone":"Europe/Madrid","translations":{"br":"Estepa","ko":"에스테파","pt-BR":"Estepa","pt":"Estepa","nl":"Estepa","hr":"Estepa","fa":"استپا","de":"Estepa","es":"Estepa","fr":"Estepa","ja":"エステパ","it":"Estepa","zh-CN":"埃斯特帕","tr":"Estepa","ru":"Эстепа","uk":"Естепа","pl":"Estepa","hi":"एस्टेपा","ar":"إستيبا"},"wikiDataId":"Q966470"},{"id":34338,"name":"Fuentes de Andalucía","state_id":1193,"state_code":"SE","state_name":"Sevilla","country_id":207,"country_code":"ES","country_name":"Spain","latitude":"37.46409000","longitude":"-5.34615000","native":"Fuentes de Andalucía","type":"adm3","level":null,"parent_id":null,"population":7247,"timezone":"Europe/Madrid","translations":{"br":"Fuentes de Andaloucía","ko":"푸엔테스 데 안달루시아","pt-BR":"Fontes da Andaluzia","pt":"Fontes da Andaluzia","nl":"Bronnen van Andalusië","hr":"Izvori Andaluzije","fa":"فوئنتس د آندلس","de":"Quellen von Andalusien","es":"Fuentes de Andalucía","fr":"Fontaines d'Andalousie","ja":"アンダルシアの泉","it":"Fonti dell'Andalusia","zh-CN":"安达卢西亚的富恩特斯","tr":"Endülüs Kaynakları","ru":"Фуэнтес-де-Андалусия","uk":"Фуентес-де-Андалусія","pl":"Źródła Andaluzji","hi":"फ़ुएंतेस डी अंडालुसिया","ar":"Fuentes de Andalucía"},"wikiDataId":"Q383897"},{"id":34448,"name":"Gelves","state_id":1193,"state_code":"SE","state_name":"Sevilla","country_id":207,"country_code":"ES","country_name":"Spain","latitude":"37.33481000","longitude":"-6.02601000","native":"Gelves","type":"adm3","level":null,"parent_id":null,"population":7897,"timezone":"Europe/Madrid","translations":{"br":"Gelves","ko":"겔베스","pt-BR":"Gelves","pt":"Gelves","nl":"Gels","hr":"Gelves","fa":"ژل‌ها","de":"Gelves","es":"Gelves","fr":"Gelves","ja":"ゲルベス","it":"Gelves","zh-CN":"格尔维斯","tr":"Jelves","ru":"Гельвес","uk":"Гельвес","pl":"Żele","hi":"गेल्वेस","ar":"جيلفز"},"wikiDataId":"Q1628386"},{"id":34454,"name":"Gerena","state_id":1193,"state_code":"SE","state_name":"Sevilla","country_id":207,"country_code":"ES","country_name":"Spain","latitude":"37.52957000","longitude":"-6.15479000","native":"Gerena","type":"adm3","level":null,"parent_id":null,"population":5803,"timezone":"Europe/Madrid","translations":{"br":"Gerena","ko":"게레나","pt-BR":"Gerena","pt":"Gerena","nl":"Gerena","hr":"Gerena","fa":"گرنا","de":"Gerena","es":"Gerena","fr":"Gérena","ja":"ジェレナ","it":"Gerena","zh-CN":"杰雷纳","tr":"Gerena","ru":"Герена","uk":"Герена","pl":"Gerena","hi":"गेरेना","ar":"جيرينا"},"wikiDataId":"Q1601614"},{"id":34463,"name":"Gilena","state_id":1193,"state_code":"SE","state_name":"Sevilla","country_id":207,"country_code":"ES","country_name":"Spain","latitude":"37.25150000","longitude":"-4.91442000","native":"Gilena","type":"adm3","level":null,"parent_id":null,"population":3658,"timezone":"Europe/Madrid","translations":{"br":"Gilena","ko":"길레나","pt-BR":"Gilena","pt":"Gilena","nl":"Gilena","hr":"Gilena","fa":"گیلنا","de":"Gilena","es":"Gilena","fr":"Gilena","ja":"ジレナ","it":"Gilena","zh-CN":"吉列娜","tr":"Gilena","ru":"Гилена","uk":"Гілена","pl":"Gilena","hi":"गिलेना","ar":"جيلينا"},"wikiDataId":"Q1448419"},{"id":34467,"name":"Gines","state_id":1193,"state_code":"SE","state_name":"Sevilla","country_id":207,"country_code":"ES","country_name":"Spain","latitude":"37.38647000","longitude":"-6.07729000","native":"Gines","type":"city","level":null,"parent_id":null,"population":13524,"timezone":"Europe/Madrid","translations":{"br":"Gines","ko":"지네스","pt-BR":"Gines","pt":"Gines","nl":"Gines","hr":"Gines","fa":"جینز","de":"Gines","es":"Gines","fr":"Gines","ja":"ギネス","it":"Gines","zh-CN":"吉内斯","tr":"Cinler","ru":"Хинес","uk":"Джайнс","pl":"Gines","hi":"गाइन्स","ar":"جينيس"},"wikiDataId":"Q1645522"},{"id":34522,"name":"Guadalcanal","state_id":1193,"state_code":"SE","state_name":"Sevilla","country_id":207,"country_code":"ES","country_name":"Spain","latitude":"38.10000000","longitude":"-5.81667000","native":"Guadalcanal","type":"adm3","level":null,"parent_id":null,"population":0,"timezone":"Europe/Madrid","translations":{"br":"Guadalcanal","ko":"과달카날","pt-BR":"Guadalcanal","pt":"Guadalcanal","nl":"Guadalcanal","hr":"Guadalcanal","fa":"گوادالکانال","de":"Guadalcanal","es":"Guadalcanal","fr":"Guadalcanal","ja":"ガダルカナル島","it":"Guadalcanal","zh-CN":"瓜达尔卡纳尔岛","tr":"Guadalcanal","ru":"Гуадалканал","uk":"Гуадалканал","pl":"Guadalcanal","hi":"गुआडलकैनाल","ar":"غوادالكانال"},"wikiDataId":"Q943977"},{"id":34548,"name":"Guillena","state_id":1193,"state_code":"SE","state_name":"Sevilla","country_id":207,"country_code":"ES","country_name":"Spain","latitude":"37.54262000","longitude":"-6.05626000","native":"Guillena","type":"adm3","level":null,"parent_id":null,"population":11109,"timezone":"Europe/Madrid","translations":{"br":"Guillena","ko":"길레나","pt-BR":"Guillena","pt":"Guillena","nl":"Guillena","hr":"Guillena","fa":"گیلنا","de":"Guillena","es":"Guillena","fr":"Guillena","ja":"ギレナ","it":"Guillena","zh-CN":"吉列纳","tr":"Guillena","ru":"Гильена","uk":"Гільєна","pl":"Guillena","hi":"गुइलेना","ar":"جيلينا"},"wikiDataId":"Q1605664"},{"id":34593,"name":"Herrera","state_id":1193,"state_code":"SE","state_name":"Sevilla","country_id":207,"country_code":"ES","country_name":"Spain","latitude":"37.36396000","longitude":"-4.84979000","native":"Herrera","type":"adm3","level":null,"parent_id":null,"population":6566,"timezone":"Europe/Madrid","translations":{"br":"Herrera","ko":"에레라","pt-BR":"Herrera","pt":"Herrera","nl":"Herrera","hr":"Herrera","fa":"هررا","de":"Herrera","es":"Herrera","fr":"Herrera","ja":"ヘレラ","it":"Herrera","zh-CN":"埃雷拉","tr":"Herrera","ru":"Эррера","uk":"Еррера","pl":"Herrera","hi":"हेरेरा","ar":"هيريرا"},"wikiDataId":"Q1640239"},{"id":151459,"name":"Huévar del Aljarafe","state_id":1193,"state_code":"SE","state_name":"Sevilla","country_id":207,"country_code":"ES","country_name":"Spain","latitude":"37.35665510","longitude":"-6.27733950","native":"Huévar del Aljarafe","type":"adm3","level":null,"parent_id":null,"population":3360,"timezone":"Europe/Madrid","translations":{"br":"Huévar del Aljarafe","ko":"우에바르 델 알하라페","pt-BR":"Huévar del Aljarafe","pt":"Huévar del Aljarafe","nl":"Huévar del Aljarafe","hr":"Huévar del Aljarafe","fa":"هووار دل الجارافه","de":"Huévar del Aljarafe","es":"Huévar del Aljarafe","fr":"Huévar del Aljarafe","ja":"ウエバル・デル・アルハラフェ","it":"Huévar del Aljarafe","zh-CN":"韦瓦尔德尔阿尔哈拉费","tr":"Huévar del Aljarafe","ru":"Уэвар дель Альхарафе","uk":"Уевар-дель-Альхарафе","pl":"Huévar del Aljarafe","hi":"हुएवर डेल अल्जाराफे","ar":"Huévar del Aljarafe"},"wikiDataId":"Q1605725"},{"id":151477,"name":"Isla Mayor","state_id":1193,"state_code":"SE","state_name":"Sevilla","country_id":207,"country_code":"ES","country_name":"Spain","latitude":"37.13325080","longitude":"-6.16583510","native":"Isla Mayor","type":"adm3","level":null,"parent_id":null,"population":5781,"timezone":"Europe/Madrid","translations":{"br":"Maer an enezenn","ko":"이슬라 시장","pt-BR":"Ilha Prefeita","pt":"Ilha Prefeita","nl":"Burgemeester van het eiland","hr":"Gradonačelnik Isle","fa":"شهردار ایسلا","de":"Isla Mayor","es":"Isla Mayor","fr":"Île Mayor","ja":"イスラ・マヨール","it":"Sindaco dell'isola","zh-CN":"市长岛","tr":"Isla Belediye Başkanı","ru":"Исла-Майор","uk":"Мер Ісла","pl":"Burmistrz wyspy","hi":"इस्ला मेयर","ar":"عمدة إيسلا"},"wikiDataId":"Q1605575"},{"id":151451,"name":"La Algaba","state_id":1193,"state_code":"SE","state_name":"Sevilla","country_id":207,"country_code":"ES","country_name":"Spain","latitude":"37.45874610","longitude":"-6.01363170","native":"La Algaba","type":"city","level":null,"parent_id":null,"population":16666,"timezone":"Europe/Madrid","translations":{"br":"La Algaba","ko":"알가바 라","pt-BR":"La Algaba","pt":"La Algaba","nl":"La Algaba","hr":"La Algaba","fa":"آلگابا لا","de":"La Algaba","es":"La Algaba","fr":"La Algaba","ja":"アルガバ・ラ","it":"La Algaba","zh-CN":"阿尔加巴拉","tr":"La Algaba","ru":"Алгаба Ла","uk":"Альгаба Ла","pl":"La Algaba","hi":"अल्गाबा ला","ar":"ألجابا لا"},"wikiDataId":"Q24014401"},{"id":151454,"name":"La Campana","state_id":1193,"state_code":"SE","state_name":"Sevilla","country_id":207,"country_code":"ES","country_name":"Spain","latitude":"37.56874130","longitude":"-5.42668520","native":"La Campana","type":"city","level":null,"parent_id":null,"population":5132,"timezone":"Europe/Madrid","translations":{"br":"La Campana","ko":"캄파나 라","pt-BR":"La Campana","pt":"La Campana","nl":"La Campana","hr":"La Campana","fa":"کامپانا لا","de":"La Campana","es":"La Campana","fr":"La Campana","ja":"カンパーナ・ラ","it":"La Campana","zh-CN":"坎帕纳拉","tr":"La Campana","ru":"Кампана Ла","uk":"Кампана Ла","pl":"La Kampana","hi":"कैम्पाना ला","ar":"كامبانا لا"},"wikiDataId":"Q63031"},{"id":151460,"name":"La Lantejuela","state_id":1193,"state_code":"SE","state_name":"Sevilla","country_id":207,"country_code":"ES","country_name":"Spain","latitude":"37.35444580","longitude":"-5.22275260","native":"La Lentaela","type":"city","level":null,"parent_id":null,"population":3812,"timezone":"Europe/Madrid","translations":{"br":"La Lantejuela","ko":"란테후엘라 라","pt-BR":"La Lantejuela","pt":"La Lantejuela","nl":"La Lantejuela","hr":"La Lantejuela","fa":"لانتخوئلا لا","de":"La Lantejuela","es":"La Lantejuela","fr":"La Lantejuela","ja":"ランテフエラ・ラ","it":"La Lantejuela","zh-CN":"兰特胡埃拉","tr":"La Lantejuela","ru":"Лантехуэла Ла","uk":"Лантихуела Ла","pl":"La Lantejuela","hi":"लांतेजुएला ला","ar":"لانتيخويلا لا"},"wikiDataId":"Q1605654"},{"id":151461,"name":"La Luisiana","state_id":1193,"state_code":"SE","state_name":"Sevilla","country_id":207,"country_code":"ES","country_name":"Spain","latitude":"37.52628410","longitude":"-5.24885730","native":"La Luisiana","type":"city","level":null,"parent_id":null,"population":4626,"timezone":"Europe/Madrid","translations":{"br":"La Luisiana","ko":"루이지애나 라","pt-BR":"La Luisiana","pt":"La Luisiana","nl":"La Louisiana","hr":"La Luisiana","fa":"لوئیزیانا لا","de":"La Luisiana","es":"La Luisiana","fr":"La Luisiana","ja":"ルイシアナ・ラ","it":"La Luisiana","zh-CN":"路易斯安娜·拉","tr":"La Luisiana","ru":"Луисиана Ла","uk":"Луїзіана Ла","pl":"La Luizjana","hi":"लुइसियाना ला","ar":"لويزيانا لا"},"wikiDataId":"Q24014357"},{"id":151467,"name":"La Puebla de Cazalla","state_id":1193,"state_code":"SE","state_name":"Sevilla","country_id":207,"country_code":"ES","country_name":"Spain","latitude":"37.22236530","longitude":"-5.31417140","native":"La Puebla de Cazalla","type":"city","level":null,"parent_id":null,"population":10799,"timezone":"Europe/Madrid","translations":{"br":"La Puebla de Cazalla","ko":"푸에블라 데 카사야 라","pt-BR":"La Puebla de Cazalla","pt":"La Puebla de Cazalla","nl":"La Puebla de Cazalla","hr":"La Puebla de Cazalla","fa":"پوئبلا د کازالا لا","de":"La Puebla de Cazalla","es":"La Puebla de Cazalla","fr":"La Puebla de Cazalla","ja":"プエブラ・デ・カサジャ・ラ","it":"La Puebla de Cazalla","zh-CN":"卡扎利亚镇","tr":"La Puebla de Cazalla","ru":"Пуэбла-де-Касалья-Ла","uk":"Пуебла-де-Касалья-Ла","pl":"La Puebla de Cazalla","hi":"La Puebla de Cazalla","ar":"بويبلا دي كازالا لا"},"wikiDataId":"Q120172110"},{"id":151468,"name":"La Puebla de los Infantes","state_id":1193,"state_code":"SE","state_name":"Sevilla","country_id":207,"country_code":"ES","country_name":"Spain","latitude":"37.78039300","longitude":"-5.38957780","native":"La Puebla de los Infantes","type":"city","level":null,"parent_id":null,"population":2927,"timezone":"Europe/Madrid","translations":{"br":"La Puebla de los Infantes","ko":"푸에블라 데 로스 인판테스 라","pt-BR":"La Puebla de los Infantes","pt":"La Puebla de los Infantes","nl":"La Puebla de los Infantes","hr":"La Puebla de los Infantes","fa":"پوئبلا د لوس اینفانتس لا","de":"La Puebla de los Infantes","es":"La Puebla de los Infantes","fr":"La Puebla de los Infantes","ja":"プエブラ・デ・ロス・インファンテス・ラ","it":"La Puebla de los Infantes","zh-CN":"普埃布拉德洛斯因夫特斯拉","tr":"La Puebla de los Infantes","ru":"La Puebla de los Infantes","uk":"Пуебла-де-лос-Інфантес","pl":"La Puebla de los Infantes","hi":"La Puebla de los Infantes","ar":"بويبلا دي لوس إنفانتيس لا"},"wikiDataId":"Q24014339"},{"id":151469,"name":"La Puebla del Río","state_id":1193,"state_code":"SE","state_name":"Sevilla","country_id":207,"country_code":"ES","country_name":"Spain","latitude":"37.26940650","longitude":"-6.06313300","native":"La Puebla del Río","type":"city","level":null,"parent_id":null,"population":11871,"timezone":"Europe/Madrid","translations":{"br":"La Puebla del Río","ko":"푸에블라 델 리오 라","pt-BR":"La Puebla del Río","pt":"La Puebla del Río","nl":"La Puebla del Río","hr":"La Puebla del Río","fa":"پوئبلا دل ریو لا","de":"La Puebla del Río","es":"La Puebla del Río","fr":"La Puebla del Río","ja":"プエブラ・デル・リオ・ラ","it":"La Puebla del Río","zh-CN":"普埃布拉德尔里奥拉","tr":"La Puebla del Rio","ru":"Пуэбла-дель-Рио-Ла","uk":"Пуебла-дель-Ріо-Ла","pl":"La Puebla del Río","hi":"पुएब्ला डेल रियो ला","ar":"بويبلا ديل ريو لا"},"wikiDataId":"Q24014338"},{"id":151471,"name":"La Rinconada","state_id":1193,"state_code":"SE","state_name":"Sevilla","country_id":207,"country_code":"ES","country_name":"Spain","latitude":"37.48726810","longitude":"-5.98164240","native":"La Rinconada","type":"adm3","level":null,"parent_id":null,"population":40529,"timezone":"Europe/Madrid","translations":{"br":"La Rinconada","ko":"린코나다 라","pt-BR":"La Rinconada","pt":"La Rinconada","nl":"La Rinconada","hr":"La Rinconada","fa":"رینکونادا لا","de":"La Rinconada","es":"La Rinconada","fr":"La Rinconada","ja":"リンコナダ・ラ","it":"La Rinconada","zh-CN":"林科纳达拉","tr":"La Rinconada","ru":"Ринконада Ла","uk":"Рінконада Ла","pl":"La Rinconada","hi":"रिनकोनाडा ला","ar":"رينكونادا لا"},"wikiDataId":"Q1146785"},{"id":151472,"name":"La Roda de Andalucía","state_id":1193,"state_code":"SE","state_name":"Sevilla","country_id":207,"country_code":"ES","country_name":"Spain","latitude":"37.20133850","longitude":"-4.77863780","native":"La Roda de Andalucía","type":"city","level":null,"parent_id":null,"population":4180,"timezone":"Europe/Madrid","translations":{"br":"La Roda de Andaloucía","ko":"로다 데 안달루시아 라","pt-BR":"La Roda de Andaluzia","pt":"La Roda de Andaluzia","nl":"La Roda de Andalucía","hr":"La Roda de Andalucía","fa":"رودای آندلس لا","de":"La Roda de Andalucía","es":"La Roda de Andalucía","fr":"La Roda de Andalucía","ja":"ローダ・デ・アンダルシア・ラ","it":"La Roda de Andalucía","zh-CN":"安达卢西亚之路","tr":"La Roda de Andalucía","ru":"La Roda de Andalucía","uk":"Рода де Андалусія Ла","pl":"La Roda de Andalucía","hi":"La Roda de Andalucía","ar":"La Roda de Andalucía"},"wikiDataId":"Q24014335"},{"id":151453,"name":"Las Cabezas de San Juan","state_id":1193,"state_code":"SE","state_name":"Sevilla","country_id":207,"country_code":"ES","country_name":"Spain","latitude":"36.98028730","longitude":"-5.93832910","native":"Las Cabezas de San Juan","type":"city","level":null,"parent_id":null,"population":16410,"timezone":"Europe/Madrid","translations":{"br":"Las Cabezas de San Juan","ko":"카베사스 데 산 후안 라스","pt-BR":"Las Cabeças de San Juan","pt":"Las Cabeças de San Juan","nl":"Las Cabezas de San Juan","hr":"Las Cabezas de San Juan","fa":"کابزاس د سن خوان لاس","de":"Las Cabezas de San Juan","es":"Las Cabezas de San Juan","fr":"Las Cabezas de San Juan","ja":"カベサス・デ・サン・フアン・ラス","it":"Las Cabezas de San Juan","zh-CN":"圣胡安拉斯卡贝萨斯","tr":"Las Cabezas de San Juan","ru":"Кабесас-де-Сан-Хуан-Лас","uk":"Кабесас-де-Сан-Хуан-Лас","pl":"Las Cabezas de San Juan","hi":"Las Cabezas de San Juan","ar":"كابيزاس دي سان خوان لاس"},"wikiDataId":"Q120173630"},{"id":151464,"name":"Las Navas de la Concepción","state_id":1193,"state_code":"SE","state_name":"Sevilla","country_id":207,"country_code":"ES","country_name":"Spain","latitude":"37.93324890","longitude":"-5.46555420","native":"Las Navas de la Concepción","type":"city","level":null,"parent_id":null,"population":1520,"timezone":"Europe/Madrid","translations":{"br":"Las Navas de la Concepción","ko":"나바스 데 라 콘셉시온 라스","pt-BR":"Las Navas de la Concepción","pt":"Las Navas de la Concepción","nl":"Las Navas de la Concepción","hr":"Las Navas de la Concepción","fa":"ناواس د لا کونسپسیون لاس","de":"Las Navas de la Concepción","es":"Las Navas de la Concepción","fr":"Las Navas de la Concepción","ja":"ナバス・デ・ラ・コンセプシオン・ラス","it":"Las Navas de la Concepción","zh-CN":"纳瓦斯·德拉康塞普西翁·拉斯","tr":"Las Navas de la Concepción","ru":"Las Navas de la Concepción","uk":"Навас-де-ла-Консепсьйон-Лас","pl":"Las Navas de la Concepción","hi":"Las Navas de la Concepción","ar":"Las Navas de la Concepción"},"wikiDataId":"Q120171120"},{"id":35011,"name":"Lebrija","state_id":1193,"state_code":"SE","state_name":"Sevilla","country_id":207,"country_code":"ES","country_name":"Spain","latitude":"36.92077000","longitude":"-6.07529000","native":"Lebrija","type":"adm3","level":null,"parent_id":null,"population":27307,"timezone":"Europe/Madrid","translations":{"br":"Lebrija","ko":"레브리하","pt-BR":"Lebrija","pt":"Lebrija","nl":"Lebrija","hr":"Lebrija","fa":"لبریجا","de":"Lebrija","es":"Lebrija","fr":"Lebrija","ja":"レブリハ","it":"Lebrija","zh-CN":"莱夫里哈","tr":"Lebrija","ru":"Лебриха","uk":"Лебрія","pl":"Lebrija","hi":"लेबरिजा","ar":"ليبريا"},"wikiDataId":"Q1647462"},{"id":35110,"name":"Lora de Estepa","state_id":1193,"state_code":"SE","state_name":"Sevilla","country_id":207,"country_code":"ES","country_name":"Spain","latitude":"37.26926000","longitude":"-4.82759000","native":"Lora de Estepa","type":"adm3","level":null,"parent_id":null,"population":888,"timezone":"Europe/Madrid","translations":{"br":"Lora de Estepa","ko":"로라 데 에스테파","pt-BR":"Lora de Estepa","pt":"Lora de Estepa","nl":"Lora de Estepa","hr":"Lora de Estepa","fa":"لورا دِ استپا","de":"Lora de Estepa","es":"Lora de Estepa","fr":"Lora de Estepa","ja":"ローラ・デ・エステパ","it":"Lora de Estepa","zh-CN":"洛拉·德埃斯特帕","tr":"Lora de Estepa","ru":"Лора де Эстепа","uk":"Лора де Естепа","pl":"Lora de Estepa","hi":"लोरा डी एस्टेपा","ar":"لورا دي استيبا"},"wikiDataId":"Q1605597"},{"id":35111,"name":"Lora del Río","state_id":1193,"state_code":"SE","state_name":"Sevilla","country_id":207,"country_code":"ES","country_name":"Spain","latitude":"37.65896000","longitude":"-5.52751000","native":"Lora del Río","type":"adm3","level":null,"parent_id":null,"population":18189,"timezone":"Europe/Madrid","translations":{"br":"Lora del Río","ko":"로라 델 리오","pt-BR":"Lora del Río","pt":"Lora del Río","nl":"Lora del Río","hr":"Lora del Río","fa":"لورا دل ریو","de":"Lora del Río","es":"Lora del Río","fr":"Lora del Río","ja":"ローラ・デル・リオ","it":"Lora del Río","zh-CN":"洛拉·德尔里奥","tr":"Lora del Rio","ru":"Лора дель Рио","uk":"Лора-дель-Ріо","pl":"Lora del Río","hi":"लोरा डेल रियो","ar":"لورا ديل ريو"},"wikiDataId":"Q1161395"},{"id":35212,"name":"Mairena del Alcor","state_id":1193,"state_code":"SE","state_name":"Sevilla","country_id":207,"country_code":"ES","country_name":"Spain","latitude":"37.37301000","longitude":"-5.74951000","native":"Mairena del Alcor","type":"adm3","level":null,"parent_id":null,"population":24238,"timezone":"Europe/Madrid","translations":{"br":"Mairena del Alcor","ko":"마이레나 델 알코르","pt-BR":"Mairena del Alcor","pt":"Mairena del Alcor","nl":"Mairena del Alcor","hr":"Mairena del Alcor","fa":"مایرنا دل آلکور","de":"Mairena del Alcor","es":"Mairena del Alcor","fr":"Mairena del Alcor","ja":"マイレナ・デル・アルコール","it":"Mairena del Alcor","zh-CN":"迈雷纳德尔阿尔科","tr":"Mairena del Alcor","ru":"Майрена дель Алькор","uk":"Майрена-дель-Алькор","pl":"Mairena del Alcor","hi":"मैरेना डेल अल्कोर","ar":"ميرينا ديل ألكور"},"wikiDataId":"Q1628379"},{"id":35213,"name":"Mairena del Aljarafe","state_id":1193,"state_code":"SE","state_name":"Sevilla","country_id":207,"country_code":"ES","country_name":"Spain","latitude":"37.34461000","longitude":"-6.06391000","native":"Mairena del Aljarafe","type":"adm3","level":null,"parent_id":null,"population":47898,"timezone":"Europe/Madrid","translations":{"br":"Mairena del Aljarafe","ko":"마이레나 델 알하라페","pt-BR":"Mairena del Aljarafe","pt":"Mairena del Aljarafe","nl":"Mairena del Aljarafe","hr":"Mairena del Aljarafe","fa":"مایرنا دل الخلافه","de":"Mairena del Aljarafe","es":"Mairena del Aljarafe","fr":"Mairena del Aljarafe","ja":"マイレナ・デル・アルハラフェ","it":"Mairena del Aljarafe","zh-CN":"迈雷纳德尔阿尔哈拉费","tr":"Mairena del Aljarafe","ru":"Майрена дель Альхарафе","uk":"Майрена-дель-Альхарафе","pl":"Mairena del Aljarafe","hi":"मैरेना डेल अल्जाराफे","ar":"Mairena del Aljarafe"},"wikiDataId":"Q1447391"},{"id":35285,"name":"Marchena","state_id":1193,"state_code":"SE","state_name":"Sevilla","country_id":207,"country_code":"ES","country_name":"Spain","latitude":"37.32900000","longitude":"-5.41681000","native":"Marchena","type":"adm3","level":null,"parent_id":null,"population":19382,"timezone":"Europe/Madrid","translations":{"br":"Marchena","ko":"마르체나","pt-BR":"Marchena","pt":"Marchena","nl":"Marchena","hr":"Marchena","fa":"مارچنا","de":"Marchena","es":"Marchena","fr":"Marchena","ja":"マルチェナ","it":"Marchena","zh-CN":"马切纳","tr":"Marchena","ru":"Марчена","uk":"Марчена","pl":"Marchena","hi":"मार्चेना","ar":"مارشينا"},"wikiDataId":"Q1769777"},{"id":35291,"name":"Marinaleda","state_id":1193,"state_code":"SE","state_name":"Sevilla","country_id":207,"country_code":"ES","country_name":"Spain","latitude":"37.37120000","longitude":"-4.95949000","native":"Marinaleda","type":"adm3","level":null,"parent_id":null,"population":2555,"timezone":"Europe/Madrid","translations":{"br":"Marinaleda","ko":"마리날레다","pt-BR":"Marinaleda","pt":"Marinaleda","nl":"Marinaleda","hr":"Marinaleda","fa":"مارینالدا","de":"Marinaleda","es":"Marinaleda","fr":"Marinaleda","ja":"マリナレダ","it":"Marinaleda","zh-CN":"马里纳莱达","tr":"Marinaleda","ru":"Мариналеда","uk":"Мариналеда","pl":"Marinaleda","hi":"मैरिनेल्डा","ar":"ماريناليدا"},"wikiDataId":"Q671610"},{"id":35307,"name":"Martín de la Jara","state_id":1193,"state_code":"SE","state_name":"Sevilla","country_id":207,"country_code":"ES","country_name":"Spain","latitude":"37.10867000","longitude":"-4.96347000","native":"Martín de la Jara","type":"adm3","level":null,"parent_id":null,"population":2643,"timezone":"Europe/Madrid","translations":{"br":"Martín de la Jara","ko":"마틴 데 라 하라","pt-BR":"Martín de la Jara","pt":"Martín de la Jara","nl":"Martín de la Jara","hr":"Martín de la Jara","fa":"مارتین د لا خارا","de":"Martín de la Jara","es":"Martín de la Jara","fr":"Martín de la Jara","ja":"マルティン・デ・ラ・ハラ","it":"Martín de la Jara","zh-CN":"马丁·德拉·哈拉","tr":"Martín de la Jara","ru":"Мартин де ла Хара","uk":"Мартін де ла Хара","pl":"Martín de la Jara","hi":"मार्टिन डे ला जारा","ar":"مارتن دي لا جارا"},"wikiDataId":"Q1605621"},{"id":151463,"name":"Molares Los","state_id":1193,"state_code":"SE","state_name":"Sevilla","country_id":207,"country_code":"ES","country_name":"Spain","latitude":"37.15622950","longitude":"-5.71915640","native":"Molares Los","type":"city","level":null,"parent_id":null,"population":2838,"timezone":"Europe/Madrid","translations":{"br":"Molares Los","ko":"어금니 로스","pt-BR":"Molares Los","pt":"Molares Los","nl":"Molares Los","hr":"Molares Los","fa":"مولارس لوس","de":"Molares Los","es":"Molares Los","fr":"Molaires Los","ja":"モラレス・ロス","it":"Molares Los","zh-CN":"莫拉雷斯·洛斯","tr":"Molares Los","ru":"Моларес Лос","uk":"Моларес Лос","pl":"Molares Los","hi":"मोलारेस लॉस","ar":"مولاريس لوس"},"wikiDataId":"Q120174162"},{"id":35557,"name":"Montellano","state_id":1193,"state_code":"SE","state_name":"Sevilla","country_id":207,"country_code":"ES","country_name":"Spain","latitude":"36.99531000","longitude":"-5.57145000","native":"Montellano","type":"adm3","level":null,"parent_id":null,"population":7031,"timezone":"Europe/Madrid","translations":{"br":"Montellano","ko":"몬테야노","pt-BR":"Montellano","pt":"Montellano","nl":"Montellano","hr":"Montellano","fa":"مونته‌لانو","de":"Montellano","es":"Montellano","fr":"Montellano","ja":"モンテリャーノ","it":"Montellano","zh-CN":"蒙特利亚诺","tr":"Montellano","ru":"Монтеллано","uk":"Монтеллано","pl":"Montellano","hi":"मोंटेलानो","ar":"مونتيلانو"},"wikiDataId":"Q1605609"},{"id":35636,"name":"Morón de la Frontera","state_id":1193,"state_code":"SE","state_name":"Sevilla","country_id":207,"country_code":"ES","country_name":"Spain","latitude":"37.12084000","longitude":"-5.45403000","native":"Morón de la Frontera","type":"adm3","level":null,"parent_id":null,"population":27228,"timezone":"Europe/Madrid","translations":{"br":"Morón de la Frontera","ko":"모론 데 라 프론테라","pt-BR":"Morón de la Frontera","pt":"Morón de la Frontera","nl":"Morón de la Frontera","hr":"Morón de la Frontera","fa":"مورون د لا فرونترا","de":"Morón de la Frontera","es":"Morón de la Frontera","fr":"Morón de la Frontera","ja":"モロン・デ・ラ・フロンテーラ","it":"Morón de la Frontera","zh-CN":"莫龙德拉弗龙特拉","tr":"Morón de la Frontera","ru":"Морон-де-ла-Фронтера","uk":"Морон-де-ла-Фронтера","pl":"Morón de la Frontera","hi":"मोरोन डे ला फ्रोंटेरा","ar":"مورون دي لا فرونتيرا"},"wikiDataId":"Q609094"},{"id":35888,"name":"Olivares","state_id":1193,"state_code":"SE","state_name":"Sevilla","country_id":207,"country_code":"ES","country_name":"Spain","latitude":"37.41802000","longitude":"-6.15603000","native":"Olivares","type":"adm3","level":null,"parent_id":null,"population":9504,"timezone":"Europe/Madrid","translations":{"br":"Olivares","ko":"올리바레스","pt-BR":"Olivares","pt":"Olivares","nl":"Olivares","hr":"Olivares","fa":"اولیوارس","de":"Olivares","es":"Olivares","fr":"Olivares","ja":"オリバレス","it":"Olivares","zh-CN":"奥利瓦雷斯","tr":"Zeytinler","ru":"Оливарес","uk":"Оліварес","pl":"Olivares","hi":"ओलिवारेस","ar":"أوليفاريس"},"wikiDataId":"Q1628400"},{"id":35975,"name":"Osuna","state_id":1193,"state_code":"SE","state_name":"Sevilla","country_id":207,"country_code":"ES","country_name":"Spain","latitude":"37.23760000","longitude":"-5.10311000","native":"Osuna","type":"adm3","level":null,"parent_id":null,"population":17374,"timezone":"Europe/Madrid","translations":{"br":"Osuna","ko":"오수나","pt-BR":"Osuna","pt":"Osuna","nl":"Osuna","hr":"Osuna","fa":"اوسونا","de":"Osuna","es":"Osuna","fr":"Osuna","ja":"オスナ","it":"Osuna","zh-CN":"奥苏纳","tr":"Osuna","ru":"Осуна","uk":"Осуна","pl":"Osuna","hi":"ओसुना","ar":"أوسونا"},"wikiDataId":"Q586018"},{"id":151465,"name":"Palacios y Villafranca Los","state_id":1193,"state_code":"SE","state_name":"Sevilla","country_id":207,"country_code":"ES","country_name":"Spain","latitude":"37.15846360","longitude":"-5.92448080","native":"Palacios y Villafranca Los","type":"adm3","level":null,"parent_id":null,"population":36824,"timezone":"Europe/Madrid","translations":{"br":"Palezioù ha Villafranca Los","ko":"팔라시오스 이 빌라프랑카 로스","pt-BR":"Palácios e Villafranca Los","pt":"Palácios e Villafranca Los","nl":"Palacios y Villafranca Los","hr":"Palače i Villafranca Los","fa":"کاخ‌ها و ویلافرانکا لوس","de":"Palacios y Villafranca Los","es":"Palacios y Villafranca Los","fr":"Palacios et Villafranca Los","ja":"パラシオス・イ・ビジャフランカ・ロス","it":"Palacios y Villafranca Los","zh-CN":"帕拉西奥斯和维拉弗兰卡洛斯","tr":"Palacios y Villafranca Los","ru":"Palacios y Villafranca Los","uk":"Паласіос-і-Вільяфранка-Лос","pl":"Palacios y Villafranca Los","hi":"Palacios y Villafranca Los","ar":"Palacios y Villafranca Los"},"wikiDataId":"Q120170958"},{"id":36037,"name":"Palomares del Río","state_id":1193,"state_code":"SE","state_name":"Sevilla","country_id":207,"country_code":"ES","country_name":"Spain","latitude":"37.32225000","longitude":"-6.05863000","native":"Palomares del Río","type":"adm3","level":null,"parent_id":null,"population":4782,"timezone":"Europe/Madrid","translations":{"br":"Palomares del Río","ko":"팔로마레스 델 리오","pt-BR":"Palomares del Río","pt":"Palomares del Río","nl":"Palomares del Río","hr":"Palomares del Río","fa":"پالومارس دل ریو","de":"Palomares del Río","es":"Palomares del Río","fr":"Palomares del Río","ja":"パロマレス・デル・リオ","it":"Palomares del Río","zh-CN":"帕洛马雷斯德尔里奥","tr":"Palomares del Rio","ru":"Паломарес-дель-Рио","uk":"Паломарес-дель-Ріо","pl":"Palomares del Río","hi":"पालोमेरेस डेल रियो","ar":"بالوماريس ديل ريو"},"wikiDataId":"Q1605692"},{"id":36058,"name":"Paradas","state_id":1193,"state_code":"SE","state_name":"Sevilla","country_id":207,"country_code":"ES","country_name":"Spain","latitude":"37.29047000","longitude":"-5.49703000","native":"Parada","type":"adm3","level":null,"parent_id":null,"population":6779,"timezone":"Europe/Madrid","translations":{"br":"Paradaoù","ko":"파라다스","pt-BR":"Paradas","pt":"Paradas","nl":"Paradas","hr":"Parade","fa":"پاراداس","de":"Paradas","es":"Paradas","fr":"Arrêts","ja":"パラダス","it":"Paradas","zh-CN":"帕拉达斯","tr":"Paradas","ru":"Парадас","uk":"Парадас","pl":"Paradas","hi":"परदास","ar":"باراداس"},"wikiDataId":"Q1146813"},{"id":36096,"name":"Pedrera","state_id":1193,"state_code":"SE","state_name":"Sevilla","country_id":207,"country_code":"ES","country_name":"Spain","latitude":"37.22604000","longitude":"-4.89420000","native":"Cantera","type":"adm3","level":null,"parent_id":null,"population":5085,"timezone":"Europe/Madrid","translations":{"br":"Pedrera","ko":"페드레라","pt-BR":"Pedreira","pt":"Pedreira","nl":"Pedrera","hr":"Pedrera","fa":"پدررا","de":"Pedrera","es":"Pedrera","fr":"Pedrera","ja":"ペドレラ","it":"Pedrera","zh-CN":"佩德雷拉","tr":"Pedrera","ru":"Педрера","uk":"Педрера","pl":"Pedrera","hi":"पेड्रेरा","ar":"بيدريرا"},"wikiDataId":"Q1628338"},{"id":36163,"name":"Peñaflor","state_id":1193,"state_code":"SE","state_name":"Sevilla","country_id":207,"country_code":"ES","country_name":"Spain","latitude":"37.70892000","longitude":"-5.34504000","native":"Peñaflor","type":"adm3","level":null,"parent_id":null,"population":3670,"timezone":"Europe/Madrid","translations":{"br":"Peñaflor","ko":"페냐플로르","pt-BR":"Penaflor","pt":"Penaflor","nl":"Peñaflor","hr":"Peñaflor","fa":"پنافلور","de":"Peñaflor","es":"Peñaflor","fr":"Peñaflor","ja":"ペニャフロール","it":"Peñaflor","zh-CN":"佩尼亚弗洛尔","tr":"Peñaflor","ru":"Пеньяфлор","uk":"Пеньяфлор","pl":"Peñaflor","hi":"पेनाफ्लोर","ar":"بينافلور"},"wikiDataId":"Q1990929"},{"id":36188,"name":"Pilas","state_id":1193,"state_code":"SE","state_name":"Sevilla","country_id":207,"country_code":"ES","country_name":"Spain","latitude":"37.30337000","longitude":"-6.30097000","native":"Pilas","type":"adm3","level":null,"parent_id":null,"population":14105,"timezone":"Europe/Madrid","translations":{"br":"Pilas","ko":"필라스","pt-BR":"Pilas","pt":"Pilas","nl":"Pilas","hr":"Pilas","fa":"پیلاس","de":"Pilas","es":"Pilas","fr":"Pilas","ja":"ピラス","it":"Pilas","zh-CN":"皮拉斯","tr":"Pilas","ru":"Пилас","uk":"Пілас","pl":"Pilas","hi":"पिलास","ar":"بيلاس"},"wikiDataId":"Q956513"},{"id":36401,"name":"Pruna","state_id":1193,"state_code":"SE","state_name":"Sevilla","country_id":207,"country_code":"ES","country_name":"Spain","latitude":"36.97226000","longitude":"-5.22230000","native":"Pruna","type":"adm3","level":null,"parent_id":null,"population":2509,"timezone":"Europe/Madrid","translations":{"br":"Pruna","ko":"프루나","pt-BR":"Pruna","pt":"Pruna","nl":"Pruna","hr":"Pruna","fa":"پرونا","de":"Pruna","es":"Pruna","fr":"Pruna","ja":"プルナ","it":"Prugna","zh-CN":"普鲁纳","tr":"Pruna","ru":"Чернослив","uk":"Пруна","pl":"Pruna","hi":"प्रुना","ar":"برونا"},"wikiDataId":"Q1605586"},{"id":36779,"name":"Salteras","state_id":1193,"state_code":"SE","state_name":"Sevilla","country_id":207,"country_code":"ES","country_name":"Spain","latitude":"37.42060000","longitude":"-6.11049000","native":"Salado","type":"adm3","level":null,"parent_id":null,"population":3814,"timezone":"Europe/Madrid","translations":{"br":"Salteras","ko":"살테라스","pt-BR":"Salteras","pt":"Salteras","nl":"Salteras","hr":"Salteras","fa":"سالتراس","de":"Salteras","es":"Salteras","fr":"Salteras","ja":"サルテラス","it":"Salteras","zh-CN":"萨尔特拉斯","tr":"Salteras","ru":"Сальтерас","uk":"Сальтерас","pl":"Salteras","hi":"साल्टेरस","ar":"سالتيراس"},"wikiDataId":"Q1629807"},{"id":36844,"name":"San Juan de Aznalfarache","state_id":1193,"state_code":"SE","state_name":"Sevilla","country_id":207,"country_code":"ES","country_name":"Spain","latitude":"37.35813000","longitude":"-6.03731000","native":"San Juan de Aznalfarache","type":"adm3","level":null,"parent_id":null,"population":23090,"timezone":"Europe/Madrid","translations":{"br":"San Juan de Aznalfarache","ko":"산 후안 데 아스날파라체","pt-BR":"São João de Aznalfarache","pt":"São João de Aznalfarache","nl":"San Juan de Aznalfarache","hr":"San Juan de Aznalfarache","fa":"سن خوان د آزنالفاراچه","de":"San Juan de Aznalfarache","es":"San Juan de Aznalfarache","fr":"San Juan de Aznalfarache","ja":"サン・ファン・デ・アスナルファラッシュ","it":"San Juan de Aznalfarache","zh-CN":"圣胡安·德阿斯纳尔法拉切","tr":"San Juan de Aznalfarache","ru":"Сан-Хуан-де-Аснальфараче","uk":"Сан-Хуан-де-Аснальфараче","pl":"San Juan de Aznalfarache","hi":"सैन जुआन डे अज़नलफ़राचे","ar":"سان خوان دي أزنالفاراتشي"},"wikiDataId":"Q1611693"},{"id":36896,"name":"San Nicolás del Puerto","state_id":1193,"state_code":"SE","state_name":"Sevilla","country_id":207,"country_code":"ES","country_name":"Spain","latitude":"38.00000000","longitude":"-5.65000000","native":"San Nicolás del Puerto","type":"adm3","level":null,"parent_id":null,"population":0,"timezone":"Europe/Madrid","translations":{"br":"San Nikolaz ar Porzh","ko":"산 니콜라스 델 푸에르토","pt-BR":"San Nicolás del Puerto","pt":"San Nicolás del Puerto","nl":"San Nicolás del Puerto","hr":"San Nicolás del Puerto","fa":"سن نیکولاس دل پورتو","de":"San Nicolás del Puerto","es":"San Nicolás del Puerto","fr":"San Nicolás del Puerto","ja":"サン・ニコラス・デル・プエルト","it":"San Nicolás del Puerto","zh-CN":"圣尼古拉斯德尔普埃尔托","tr":"San Nicolás del Puerto","ru":"Сан-Николас-дель-Пуэрто","uk":"Сан-Ніколас-дель-Пуерто","pl":"San Nicolás del Puerto","hi":"सैन निकोलस डेल पुएर्टो","ar":"سان نيكولاس ديل بويرتو"},"wikiDataId":"Q943968"},{"id":36949,"name":"Sanlúcar la Mayor","state_id":1193,"state_code":"SE","state_name":"Sevilla","country_id":207,"country_code":"ES","country_name":"Spain","latitude":"37.38758000","longitude":"-6.20346000","native":"Sanlúcar la Mayor","type":"adm3","level":null,"parent_id":null,"population":14375,"timezone":"Europe/Madrid","translations":{"br":"Sanlucar la Mayor","ko":"산루카르 라 마요르","pt-BR":"Sanlúcar la Mayor","pt":"Sanlúcar la Mayor","nl":"Sanlúcar la Mayor","hr":"Sanlúcar la Mayor","fa":"سانلوکار لا مایور","de":"Sanlúcar la Mayor","es":"Sanlúcar la Mayor","fr":"Sanlúcar la Mayor","ja":"サンルーカル・ラ・マヨール","it":"Sanlúcar la Mayor","zh-CN":"大桑卢卡尔","tr":"Sanlúcar la Mayor","ru":"Санлукар-ла-Майор","uk":"Санлукар-ла-Майор","pl":"Sanlúcar la Mayor","hi":"Sanlúcar la Mayor","ar":"سانلوكار لا مايور"},"wikiDataId":"Q1446577"},{"id":37131,"name":"Santiponce","state_id":1193,"state_code":"SE","state_name":"Sevilla","country_id":207,"country_code":"ES","country_name":"Spain","latitude":"37.43553000","longitude":"-6.04106000","native":"Santipona","type":"adm3","level":null,"parent_id":null,"population":8625,"timezone":"Europe/Madrid","translations":{"br":"Santiponce","ko":"산티폰세","pt-BR":"Santiponce","pt":"Santiponce","nl":"Santiponce","hr":"Santiponce","fa":"سانتیپونس","de":"Santiponce","es":"Santiponce","fr":"Santiponce","ja":"サンティポンセ","it":"Santiponce","zh-CN":"桑蒂蓬塞","tr":"Santiponce","ru":"Сантипонсе","uk":"Сантіпонсе","pl":"Santiponce","hi":"सैंटिपोंसे","ar":"سانتيبونس"},"wikiDataId":"Q568278"},{"id":37239,"name":"Sevilla","state_id":1193,"state_code":"SE","state_name":"Sevilla","country_id":207,"country_code":"ES","country_name":"Spain","latitude":"37.38283000","longitude":"-5.97317000","native":"Sevilla","type":"adm1","level":null,"parent_id":null,"population":686741,"timezone":"Europe/Madrid","translations":{"br":"Sevilla","ko":"세비야","pt-BR":"Sevilha","pt":"Sevilha","nl":"Sevilla","hr":"Sevilla","fa":"سویا","de":"Sevilla","es":"Sevilla","fr":"Séville","ja":"セビリア","it":"Siviglia","zh-CN":"塞维利亚","tr":"Sevilla","ru":"Севилья","uk":"Севілья","pl":"Sewilla","hi":"सेविला","ar":"إشبيلية"},"wikiDataId":"Q55893348"},{"id":37439,"name":"Tocina","state_id":1193,"state_code":"SE","state_name":"Sevilla","country_id":207,"country_code":"ES","country_name":"Spain","latitude":"37.60904000","longitude":"-5.73403000","native":"Tocina","type":"adm3","level":null,"parent_id":null,"population":9373,"timezone":"Europe/Madrid","translations":{"br":"Tocina","ko":"토시나","pt-BR":"Tocina","pt":"Tocina","nl":"Tocina","hr":"Tocina","fa":"توسینا","de":"Tocina","es":"Tocina","fr":"Tocina","ja":"トシナ","it":"Tocina","zh-CN":"托西娜","tr":"Tocina","ru":"Точина","uk":"Точіна","pl":"Tocina","hi":"टोसिना","ar":"توسينا"},"wikiDataId":"Q63004"},{"id":37449,"name":"Tomares","state_id":1193,"state_code":"SE","state_name":"Sevilla","country_id":207,"country_code":"ES","country_name":"Spain","latitude":"37.37281000","longitude":"-6.04589000","native":"Tomares","type":"adm3","level":null,"parent_id":null,"population":25488,"timezone":"Europe/Madrid","translations":{"br":"Tomares","ko":"토마레스","pt-BR":"Tomares","pt":"Tomares","nl":"Tomares","hr":"Tomares","fa":"تومارس","de":"Tomares","es":"Tomares","fr":"Tomares","ja":"トマレス","it":"Tomares","zh-CN":"托马雷斯","tr":"Domatesler","ru":"Томарес","uk":"Томарес","pl":"Tomares","hi":"तोमारेस","ar":"توماريس"},"wikiDataId":"Q1447544"},{"id":37685,"name":"Umbrete","state_id":1193,"state_code":"SE","state_name":"Sevilla","country_id":207,"country_code":"ES","country_name":"Spain","latitude":"37.36881000","longitude":"-6.15847000","native":"Paraguas","type":"adm3","level":null,"parent_id":null,"population":5527,"timezone":"Europe/Madrid","translations":{"br":"Umbrete","ko":"움브레테","pt-BR":"Guarda-chuva","pt":"Guarda-chuva","nl":"Umbrete","hr":"Umbrete","fa":"اومبرت","de":"Umbrete","es":"Umbrete","fr":"Umbrete","ja":"ウンブレテ","it":"Umbrete","zh-CN":"翁布雷特","tr":"Şemsiye","ru":"Умбрете","uk":"Умбрете","pl":"Umbrete","hi":"अम्ब्रेटे","ar":"أومبريتي"},"wikiDataId":"Q602485"},{"id":37711,"name":"Utrera","state_id":1193,"state_code":"SE","state_name":"Sevilla","country_id":207,"country_code":"ES","country_name":"Spain","latitude":"37.18516000","longitude":"-5.78093000","native":"Utrera","type":"adm3","level":null,"parent_id":null,"population":52173,"timezone":"Europe/Madrid","translations":{"br":"Utrera","ko":"우트레라","pt-BR":"Utrera","pt":"Utrera","nl":"Utrera","hr":"Utrera","fa":"اوتررا","de":"Utrera","es":"Utrera","fr":"Utrera","ja":"ウトレラ","it":"Utrera","zh-CN":"乌特雷拉","tr":"Rahibe","ru":"Утрера","uk":"Утрера","pl":"Utrera","hi":"यूट्रेरा","ar":"أوتريرا"},"wikiDataId":"Q753825"},{"id":37822,"name":"Valencina de la Concepción","state_id":1193,"state_code":"SE","state_name":"Sevilla","country_id":207,"country_code":"ES","country_name":"Spain","latitude":"37.41618000","longitude":"-6.07422000","native":"Valencina de la Concepción","type":"adm3","level":null,"parent_id":null,"population":8080,"timezone":"Europe/Madrid","translations":{"br":"Valencina de la Concepción","ko":"발렌시나 데 라 콘셉시온","pt-BR":"Valencina de la Concepción","pt":"Valencina de la Concepción","nl":"Valencia de la Concepción","hr":"Valentina de la Concepción","fa":"والنسینا د لا کونسپسیون","de":"Valencina de la Concepción","es":"Valencina de la Concepción","fr":"Valencina de la Concepción","ja":"バレンシナ・デ・ラ・コンセプシオン","it":"Valencina de la Concepción","zh-CN":"瓦伦西纳德拉康塞普西翁","tr":"Valencina de la Concepción","ru":"Валенсина де ла Консепсьон","uk":"Валенсіна-де-ла-Консепсьйон","pl":"Valencina de la Concepción","hi":"वैलेंसिना डे ला कॉन्सेप्सिओन","ar":"فالنسينا دي لا كونسيبسيون"},"wikiDataId":"Q1603015"},{"id":38132,"name":"Villamanrique de la Condesa","state_id":1193,"state_code":"SE","state_name":"Sevilla","country_id":207,"country_code":"ES","country_name":"Spain","latitude":"37.24481000","longitude":"-6.30665000","native":"Villamanrique de la Condesa","type":"adm3","level":null,"parent_id":null,"population":4677,"timezone":"Europe/Madrid","translations":{"br":"Villamanrique de la Condesa","ko":"빌라만리케 데 라 콘데사","pt-BR":"Villamanrique de la Condesa","pt":"Villamanrique de la Condesa","nl":"Villamanrique de la Condesa","hr":"Villamanrique de la Condesa","fa":"ویلامانریک د لا کوندسا","de":"Villamanrique de la Condesa","es":"Villamanrique de la Condesa","fr":"Villamanrique de la Condesa","ja":"ビジャマンリケ・デ・ラ・コンデサ","it":"Villamanrique de la Condesa","zh-CN":"维拉曼里克·德拉孔德萨","tr":"Villamanrique de la Condesa","ru":"Вильяманрике-де-ла-Кондеса","uk":"Вільяманріке-де-ла-Кондеса","pl":"Villamanrique de la Condesa","hi":"विलामानरिक डे ला कोंडेसा","ar":"فيلامانريك دي لا كونديسا"},"wikiDataId":"Q1601699"},{"id":38189,"name":"Villanueva de San Juan","state_id":1193,"state_code":"SE","state_name":"Sevilla","country_id":207,"country_code":"ES","country_name":"Spain","latitude":"37.04955000","longitude":"-5.17540000","native":"Villanueva de San Juan","type":"adm3","level":null,"parent_id":null,"population":1450,"timezone":"Europe/Madrid","translations":{"br":"Villanueva de San Juan","ko":"빌라누에바 데 산 후안","pt-BR":"Villanueva de San Juan","pt":"Villanueva de San Juan","nl":"Villanueva de San Juan","hr":"Villanueva de San Juan","fa":"ویلانوئوا د سن خوان","de":"Villanueva de San Juan","es":"Villanueva de San Juan","fr":"Villanueva de San Juan","ja":"ビジャヌエバ・デ・サン・フアン","it":"Villanueva de San Juan","zh-CN":"圣胡安新镇","tr":"Villanueva de San Juan","ru":"Вильянуэва-де-Сан-Хуан","uk":"Вільянуева-де-Сан-Хуан","pl":"Villanueva de San Juan","hi":"विलानुएवा डे सैन जुआन","ar":"فيلانويفا دي سان خوان"},"wikiDataId":"Q1442251"},{"id":38212,"name":"Villanueva del Ariscal","state_id":1193,"state_code":"SE","state_name":"Sevilla","country_id":207,"country_code":"ES","country_name":"Spain","latitude":"37.39623000","longitude":"-6.14077000","native":"Villanueva del Ariscal","type":"adm3","level":null,"parent_id":null,"population":5471,"timezone":"Europe/Madrid","translations":{"br":"Villanueva del Ariscal","ko":"빌라누에바 델 아리스칼","pt-BR":"Villanueva del Ariscal","pt":"Villanueva del Ariscal","nl":"Villanueva del Ariscal","hr":"Villanueva del Ariscal","fa":"ویلانوئوا دل آریسکا","de":"Villanueva del Ariscal","es":"Villanueva del Ariscal","fr":"Villanueva del Ariscal","ja":"ビジャヌエバ・デル・アリスカル","it":"Villanueva del Ariscal","zh-CN":"阿里斯卡尔新镇","tr":"Villanueva del Ariscal","ru":"Вильянуэва-дель-Арискаль","uk":"Вільянуева-дель-Аріскаль","pl":"Villanueva del Ariscal","hi":"विलानुएवा डेल अरिस्कल","ar":"فيلانويفا ديل أريسكال"},"wikiDataId":"Q1146794"},{"id":38223,"name":"Villanueva del Río y Minas","state_id":1193,"state_code":"SE","state_name":"Sevilla","country_id":207,"country_code":"ES","country_name":"Spain","latitude":"37.65502000","longitude":"-5.71369000","native":"Villanueva del Río y Minas","type":"adm3","level":null,"parent_id":null,"population":5033,"timezone":"Europe/Madrid","translations":{"br":"Villanueva del Río y Minas","ko":"빌라누에바 델 리오 이 미나스","pt-BR":"Villanueva del Río y Minas","pt":"Villanueva del Río y Minas","nl":"Villanueva del Río y Minas","hr":"Villanueva del Río y Minas","fa":"ویلانوئوا دل ریو و میناس","de":"Villanueva del Río y Minas","es":"Villanueva del Río y Minas","fr":"Villanueva del Río y Minas","ja":"ビジャヌエバ・デル・リオ・イ・ミナス","it":"Villanueva del Río y Minas","zh-CN":"里奥米纳斯新镇","tr":"Villanueva del Río y Minas","ru":"Вильянуэва-дель-Рио-и-Минас","uk":"Вільянуева-дель-Ріо-і-Мінас","pl":"Villanueva del Río y Minas","hi":"विलानुएवा डेल रियो वाई मिनस","ar":"Villanueva del Río y Minas"},"wikiDataId":"Q63041"},{"id":38350,"name":"Villaverde del Río","state_id":1193,"state_code":"SE","state_name":"Sevilla","country_id":207,"country_code":"ES","country_name":"Spain","latitude":"37.58919000","longitude":"-5.87443000","native":"Villaverde del Río","type":"adm3","level":null,"parent_id":null,"population":7794,"timezone":"Europe/Madrid","translations":{"br":"Villaverde del Río","ko":"빌라베르데 델 리오","pt-BR":"Villaverde del Río","pt":"Villaverde del Río","nl":"Villaverde del Río","hr":"Villaverde del Río","fa":"ویلاورده دل ریو","de":"Villaverde del Río","es":"Villaverde del Río","fr":"Villaverde del Río","ja":"ビジャベルデ・デル・リオ","it":"Villaverde del Río","zh-CN":"比利亚韦德德尔里奥","tr":"Villaverde del Rio","ru":"Вильяверде-дель-Рио","uk":"Вільяверде-дель-Ріо","pl":"Villaverde del Río","hi":"विलावेर्दे डेल रियो","ar":"فيلافيردي ديل ريو"},"wikiDataId":"Q63038"}]