[{"id":21654,"name":"Buenos Aires","state_id":1210,"state_code":"P","state_name":"Puntarenas","country_id":53,"country_code":"CR","country_name":"Costa Rica","latitude":"9.11667000","longitude":"-83.25000000","native":"Buenos Aires","type":"city","level":null,"parent_id":null,"population":22619,"timezone":"America/Costa_Rica","translations":{"br":"Buenos Aires","ko":"부에노스 아이레스","pt-BR":"Buenos Aires","pt":"Buenos Aires","nl":"Buenos Aires","hr":"Buenos Aires","fa":"بوئنوس آیرس","de":"Buenos Aires","es":"Buenos Aires","fr":"Buenos Aires","ja":"ブエノスアイレス","it":"Buenos Aires","zh-CN":"布宜诺斯艾利斯","tr":"Buenos Aires","ru":"Буэнос-Айрес","uk":"Буенос-Айрес","pl":"Buenos Aires","hi":"ब्यूनस आयर्स","ar":"بوينس آيرس"},"wikiDataId":"Q2669006"},{"id":21656,"name":"Canoas","state_id":1210,"state_code":"P","state_name":"Puntarenas","country_id":53,"country_code":"CR","country_name":"Costa Rica","latitude":"8.53305000","longitude":"-82.83844000","native":"Canoas","type":"city","level":null,"parent_id":null,"population":4573,"timezone":"America/Costa_Rica","translations":{"br":"Kanoaz","ko":"카노아스","pt-BR":"Canoas","pt":"Canoas","nl":"Kano's","hr":"Canoas","fa":"کانواس","de":"Canoas","es":"Canoas","fr":"Canoas","ja":"カノア","it":"Canoas","zh-CN":"卡诺阿斯","tr":"Canoas","ru":"Каноа","uk":"Каноас","pl":"Kajaki","hi":"कैनोआस","ar":"كانواس"},"wikiDataId":"Q23745345"},{"id":21661,"name":"Chacarita","state_id":1210,"state_code":"P","state_name":"Puntarenas","country_id":53,"country_code":"CR","country_name":"Costa Rica","latitude":"9.98424000","longitude":"-84.77892000","native":"Chacarita","type":"city","level":null,"parent_id":null,"population":26354,"timezone":"America/Costa_Rica","translations":{"br":"Chacarita","ko":"차카리타","pt-BR":"Chacarita","pt":"Chacarita","nl":"Chacarita","hr":"Čačarita","fa":"چاکاریتا","de":"Chacarita","es":"Chacarita","fr":"Chacarita","ja":"チャカリタ","it":"Chacarita","zh-CN":"查卡里塔","tr":"Çacarita","ru":"Чакарита","uk":"Чакаріта","pl":"Chacarita","hi":"चकारिता","ar":"تشاكاريتا"},"wikiDataId":"Q23745417"},{"id":21662,"name":"Ciudad Cortés","state_id":1210,"state_code":"P","state_name":"Puntarenas","country_id":53,"country_code":"CR","country_name":"Costa Rica","latitude":"8.95988000","longitude":"-83.52381000","native":"Ciudad Cortés","type":"city","level":null,"parent_id":null,"population":3850,"timezone":"America/Costa_Rica","translations":{"br":"Ciudad Cortés","ko":"시우다드 코르테스","pt-BR":"Cidade Cortés","pt":"Cidade Cortés","nl":"Ciudad Cortés","hr":"Ciudad Cortés","fa":"سیوداد کورتس","de":"Ciudad Cortés","es":"Ciudad Cortés","fr":"Ciudad Cortés","ja":"シウダー・コルテス","it":"Ciudad Cortés","zh-CN":"科尔特斯城","tr":"Ciudad Cortés","ru":"Сьюдад-Кортес","uk":"Сьюдад-Кортес","pl":"Ciudad Cortés","hi":"सियुदाद कोर्टेस","ar":"سيوداد كورتيس"},"wikiDataId":"Q23745475"},{"id":21666,"name":"Corredor","state_id":1210,"state_code":"P","state_name":"Puntarenas","country_id":53,"country_code":"CR","country_name":"Costa Rica","latitude":"8.64002000","longitude":"-82.94600000","native":"Corredor","type":"section","level":null,"parent_id":null,"population":7084,"timezone":"America/Costa_Rica","translations":{"br":"Korredor","ko":"코레도르","pt-BR":"Corredor","pt":"Corredor","nl":"Gang","hr":"Koridor","fa":"کریدور","de":"Korridor","es":"Corredor","fr":"Corredor","ja":"コレドール","it":"Corridore","zh-CN":"走廊","tr":"Koridor","ru":"Коридор","uk":"Коредор","pl":"Korytarz","hi":"Corredor","ar":"كوريدور"},"wikiDataId":"Q23743507"},{"id":21667,"name":"Corredores","state_id":1210,"state_code":"P","state_name":"Puntarenas","country_id":53,"country_code":"CR","country_name":"Costa Rica","latitude":"8.58333000","longitude":"-82.91667000","native":"Pasillos","type":"city","level":null,"parent_id":null,"population":null,"timezone":"America/Costa_Rica","translations":{"br":"Kevreerien","ko":"코레도레스","pt-BR":"Corretores","pt":"Corretores","nl":"Corredores","hr":"Corredores","fa":"کوردورس","de":"Korredores","es":"Corredores","fr":"Corredores","ja":"コレドーレス","it":"Corredores","zh-CN":"科雷多雷斯","tr":"Koridorlar","ru":"Корредорес","uk":"Корредорес","pl":"Kordegardy","hi":"कोरेडोरेस","ar":"كوريدوريس"},"wikiDataId":"Q2610166"},{"id":21669,"name":"Coto Brus","state_id":1210,"state_code":"P","state_name":"Puntarenas","country_id":53,"country_code":"CR","country_name":"Costa Rica","latitude":"8.88333000","longitude":"-82.96667000","native":"Coto Brus","type":"city","level":null,"parent_id":null,"population":3981,"timezone":"America/Costa_Rica","translations":{"br":"Coto Brus","ko":"코토 브루스","pt-BR":"Coto Brus","pt":"Coto Brus","nl":"Coto Brus","hr":"Coto Brus","fa":"کوتو بروس","de":"Coto Brus","es":"Coto Brus","fr":"Coto Brus","ja":"コト・ブルス","it":"Coto Brus","zh-CN":"科托布鲁斯","tr":"Coto Brus","ru":"Кото Брус","uk":"Кото Брус","pl":"Coto Brus","hi":"कोटो ब्रुस","ar":"كوتو بروس"},"wikiDataId":"Q2610318"},{"id":21677,"name":"Esparza","state_id":1210,"state_code":"P","state_name":"Puntarenas","country_id":53,"country_code":"CR","country_name":"Costa Rica","latitude":"10.00000000","longitude":"-84.66667000","native":"Esparza","type":"city","level":null,"parent_id":null,"population":15575,"timezone":"America/Costa_Rica","translations":{"br":"Esparza","ko":"에스파르자","pt-BR":"Esparza","pt":"Esparza","nl":"Esparza","hr":"Esparza","fa":"اسپارزا","de":"Esparza","es":"Esparza","fr":"Esparza","ja":"エスパルザ","it":"Esparza","zh-CN":"埃斯帕扎","tr":"Esparza","ru":"Эспарса","uk":"Еспарза","pl":"Esparza","hi":"एस्पर्ज़ा","ar":"إسبارزا"},"wikiDataId":"Q2610122"},{"id":21681,"name":"Garabito","state_id":1210,"state_code":"P","state_name":"Puntarenas","country_id":53,"country_code":"CR","country_name":"Costa Rica","latitude":"9.61903000","longitude":"-84.62013000","native":"Garabito","type":"adm2","level":null,"parent_id":null,"population":null,"timezone":"America/Costa_Rica","translations":{"br":"Garabito","ko":"가라비토","pt-BR":"Garabito","pt":"Garabito","nl":"Garabito","hr":"Garabito","fa":"گارابیتو","de":"Garabito","es":"garabito","fr":"Garabito","ja":"ガラビト","it":"Garabito","zh-CN":"加拉比托","tr":"Garabito","ru":"Гарабито","uk":"Гарабіто","pl":"Garabito","hi":"गैराबिटो","ar":"جارابيتو"},"wikiDataId":"Q970097"},{"id":21683,"name":"Golfito","state_id":1210,"state_code":"P","state_name":"Puntarenas","country_id":53,"country_code":"CR","country_name":"Costa Rica","latitude":"8.60000000","longitude":"-83.12000000","native":"Golfito","type":"adm2","level":null,"parent_id":null,"population":6777,"timezone":"America/Costa_Rica","translations":{"br":"Golfito","ko":"골피토","pt-BR":"Golfito","pt":"Golfito","nl":"Golfito","hr":"Golfito","fa":"گلفیتو","de":"Golfito","es":"Golfito","fr":"Golfito","ja":"ゴルフィト","it":"Golfito","zh-CN":"戈尔菲托","tr":"Golfito","ru":"Гольфито","uk":"Гольфіто","pl":"Golfito","hi":"गोल्फिटो","ar":"جولفيتو"},"wikiDataId":"Q2610281"},{"id":21693,"name":"Jacó","state_id":1210,"state_code":"P","state_name":"Puntarenas","country_id":53,"country_code":"CR","country_name":"Costa Rica","latitude":"9.61497000","longitude":"-84.62975000","native":"Jacob","type":"adm2","level":null,"parent_id":null,"population":4085,"timezone":"America/Costa_Rica","translations":{"br":"Jacó","ko":"자코","pt-BR":"Jacó","pt":"Jacó","nl":"Jacó","hr":"Jacó","fa":"ژاکو","de":"Jacó","es":"Jacó","fr":"Jacó","ja":"ジャコ","it":"Jacó","zh-CN":"雅科","tr":"Jaco","ru":"Хако","uk":"Жако","pl":"Jacó","hi":"जैको","ar":"جاكو"},"wikiDataId":"Q23742002"},{"id":21709,"name":"Miramar","state_id":1210,"state_code":"P","state_name":"Puntarenas","country_id":53,"country_code":"CR","country_name":"Costa Rica","latitude":"10.09250000","longitude":"-84.72978000","native":"Miramar","type":"city","level":null,"parent_id":null,"population":6540,"timezone":"America/Costa_Rica","translations":{"br":"Miramar","ko":"미라마","pt-BR":"Miramar","pt":"Miramar","nl":"Miramar","hr":"Miramar","fa":"میرامار","de":"Miramar","es":"Miramar","fr":"Miramar","ja":"ミラマー","it":"Miramar","zh-CN":"米拉马尔","tr":"Miramar","ru":"Мирамар","uk":"Мірамар","pl":"Miramar","hi":"Miramar","ar":"ميرامار"},"wikiDataId":"Q23740335"},{"id":21711,"name":"Montes de Oro","state_id":1210,"state_code":"P","state_name":"Puntarenas","country_id":53,"country_code":"CR","country_name":"Costa Rica","latitude":"10.10000000","longitude":"-84.75000000","native":"Montes de Oro","type":"city","level":null,"parent_id":null,"population":null,"timezone":"America/Costa_Rica","translations":{"br":"Menezioù Oro","ko":"몬테스 데 오로","pt-BR":"Montes de Oro","pt":"Montes de Oro","nl":"Montes de Oro","hr":"Zlatne planine","fa":"مونتس د اورو","de":"Montes de Oro","es":"Montes de Oro","fr":"Monts d'Or","ja":"モンテス・デ・オロ","it":"Monti d'Oro","zh-CN":"蒙特斯德奥罗","tr":"Montes de Oro","ru":"Монтес-де-Оро","uk":"Монтес-де-Оро","pl":"Złote Góry","hi":"मोंटेस डी ओरो","ar":"جبال الذهب"},"wikiDataId":"Q369259"},{"id":21720,"name":"Osa","state_id":1210,"state_code":"P","state_name":"Puntarenas","country_id":53,"country_code":"CR","country_name":"Costa Rica","latitude":"8.83333000","longitude":"-83.50000000","native":"OSA","type":"city","level":null,"parent_id":null,"population":null,"timezone":"America/Costa_Rica","translations":{"br":"Osa","ko":"오사","pt-BR":"Osa","pt":"Osa","nl":"Osa","hr":"Osa","fa":"اوسا","de":"Osa","es":"Osa","fr":"Osa","ja":"オサ","it":"Osa","zh-CN":"奥萨","tr":"Osa","ru":"Оса","uk":"Оса","pl":"Osa","hi":"ओएसए","ar":"أوسا"},"wikiDataId":"Q2610114"},{"id":21724,"name":"Paquera","state_id":1210,"state_code":"P","state_name":"Puntarenas","country_id":53,"country_code":"CR","country_name":"Costa Rica","latitude":"9.82005000","longitude":"-84.93513000","native":"Voltear","type":"city","level":null,"parent_id":null,"population":1510,"timezone":"America/Costa_Rica","translations":{"br":"Paquera","ko":"파케라","pt-BR":"Paquera","pt":"Paquera","nl":"Paquera","hr":"Paquera","fa":"پاکرا","de":"Paquera","es":"Paquera","fr":"Paquera","ja":"パケラ","it":"Paquera","zh-CN":"帕克拉","tr":"Paquera","ru":"Пакера","uk":"Пакера","pl":"Paquera","hi":"पाक्वेरा","ar":"باكيرا"},"wikiDataId":"Q3894943"},{"id":21726,"name":"Parrita","state_id":1210,"state_code":"P","state_name":"Puntarenas","country_id":53,"country_code":"CR","country_name":"Costa Rica","latitude":"9.55000000","longitude":"-84.33333000","native":"No laboriosamente","type":"city","level":null,"parent_id":null,"population":20068,"timezone":"America/Costa_Rica","translations":{"br":"Parrita","ko":"파리타","pt-BR":"Parrita","pt":"Parrita","nl":"Parrita","hr":"Parrita","fa":"پاریتا","de":"Parrita","es":"Parrita","fr":"Parrita","ja":"パリタ","it":"Parrita","zh-CN":"帕里塔","tr":"Parrita","ru":"Паррита","uk":"Парріта","pl":"Parrita","hi":"पर्रिता","ar":"باريتا"},"wikiDataId":"Q2610144"},{"id":21734,"name":"Puntarenas","state_id":1210,"state_code":"P","state_name":"Puntarenas","country_id":53,"country_code":"CR","country_name":"Costa Rica","latitude":"9.97625000","longitude":"-84.83836000","native":"Puntarenas","type":"adm1","level":null,"parent_id":null,"population":41528,"timezone":"America/Costa_Rica","translations":{"br":"Puntarenas","ko":"푼타레나스","pt-BR":"Puntarenas","pt":"Puntarenas","nl":"Puntarenas","hr":"Puntarenas","fa":"پونتارناس","de":"Puntarenas","es":"Puntarenas","fr":"Puntarenas","ja":"プンタレナス","it":"Puntarenas","zh-CN":"蓬塔雷纳斯","tr":"Puntarenas","ru":"Пунтаренас","uk":"Пунтаренас","pl":"Puntarenas","hi":"पुंटारेनास","ar":"بونتاريناس"},"wikiDataId":"Q30687"},{"id":21738,"name":"Quepos","state_id":1210,"state_code":"P","state_name":"Puntarenas","country_id":53,"country_code":"CR","country_name":"Costa Rica","latitude":"9.43187000","longitude":"-84.16141000","native":"Quepos","type":"adm2","level":null,"parent_id":null,"population":7810,"timezone":"America/Costa_Rica","translations":{"br":"Quepos","ko":"케포스","pt-BR":"Quepos","pt":"Quepos","nl":"Quepos","hr":"Quepos","fa":"کوئپوس","de":"Quepos","es":"Quepos","fr":"Quepos","ja":"ケポス","it":"Quepos","zh-CN":"克波斯","tr":"Quepos","ru":"Кепос","uk":"Кепос","pl":"Quepos","hi":"क्यूपोस","ar":"كيبوس"},"wikiDataId":"Q196254"},{"id":21773,"name":"San Vito","state_id":1210,"state_code":"P","state_name":"Puntarenas","country_id":53,"country_code":"CR","country_name":"Costa Rica","latitude":"8.82079000","longitude":"-82.97092000","native":"San Vito","type":"city","level":null,"parent_id":null,"population":3981,"timezone":"America/Costa_Rica","translations":{"br":"San Vito","ko":"산 비토","pt-BR":"São Vito","pt":"São Vito","nl":"San Vito","hr":"San Vito","fa":"سن ویتو","de":"San Vito","es":"San Vito","fr":"San Vito","ja":"サン・ヴィート","it":"San Vito","zh-CN":"圣维托","tr":"San Vito","ru":"Сан Вито","uk":"Сан-Віто","pl":"Święty Wit","hi":"सैन विटो","ar":"سان فيتو"},"wikiDataId":"Q23734994"}]