[{"id":21645,"name":"Alvarado","state_id":1211,"state_code":"C","state_name":"Cartago","country_id":53,"country_code":"CR","country_name":"Costa Rica","latitude":"9.93333000","longitude":"-83.80000000","native":"Alvarado","type":"city","level":null,"parent_id":null,"population":null,"timezone":"America/Costa_Rica","translations":{"br":"Alvarado","ko":"알바라도","pt-BR":"Alvarado","pt":"Alvarado","nl":"Alvarado","hr":"Alvarado","fa":"آلوارادو","de":"Alvarado","es":"Alvarado","fr":"Alvarado","ja":"アルバラド","it":"Alvarado","zh-CN":"阿尔瓦拉多","tr":"Alvarado","ru":"Альварадо","uk":"Альварадо","pl":"Alvarado","hi":"अल्वराडो","ar":"ألفارادو"},"wikiDataId":"Q2610378"},{"id":21659,"name":"Cartago","state_id":1211,"state_code":"C","state_name":"Cartago","country_id":53,"country_code":"CR","country_name":"Costa Rica","latitude":"9.86444000","longitude":"-83.91944000","native":"Cartago","type":"adm1","level":null,"parent_id":null,"population":22775,"timezone":"America/Costa_Rica","translations":{"br":"Kartago","ko":"카르타고","pt-BR":"Cartago","pt":"Cartago","nl":"Cartago","hr":"Cartago","fa":"کارتاگو","de":"Cartago","es":"Cartago","fr":"Cartago","ja":"カルタゴ","it":"Cartago","zh-CN":"卡塔戈","tr":"Kartaca","ru":"Картаго","uk":"Картаго","pl":"Cartago","hi":"कार्टेगो","ar":"كارتاغو"},"wikiDataId":"Q30617"},{"id":21665,"name":"Concepción","state_id":1211,"state_code":"C","state_name":"Cartago","country_id":53,"country_code":"CR","country_name":"Costa Rica","latitude":"9.93333000","longitude":"-84.00000000","native":"Concepción","type":"city","level":null,"parent_id":null,"population":14000,"timezone":"America/Costa_Rica","translations":{"br":"Konsepsion","ko":"콘셉시온","pt-BR":"Conceição","pt":"Conceição","nl":"Conceptie","hr":"Concepción","fa":"کانسپسیون","de":"Konzeption","es":"Concepción","fr":"Conception","ja":"コンセプシオン","it":"Concezione","zh-CN":"康塞普西翁","tr":"Konsept","ru":"Консепсьон","uk":"Консепсьйон","pl":"Concepción","hi":"कॉन्सेप्शन","ar":"كونسيبسيون"},"wikiDataId":"Q23745508"},{"id":21668,"name":"Cot","state_id":1211,"state_code":"C","state_name":"Cartago","country_id":53,"country_code":"CR","country_name":"Costa Rica","latitude":"9.89449000","longitude":"-83.87302000","native":"Cuna","type":"city","level":null,"parent_id":null,"population":6784,"timezone":"America/Costa_Rica","translations":{"br":"Kot","ko":"간이 침대","pt-BR":"Berço","pt":"Berço","nl":"Kinderbed","hr":"Dječji krevetić","fa":"تخت کودک","de":"Kinderbett","es":"Cuna","fr":"Lit bébé","ja":"ベビーベッド","it":"Culla","zh-CN":"婴儿床","tr":"Beşik","ru":"Детская кроватка","uk":"Дитяче ліжечко","pl":"Łóżko składane","hi":"खाट","ar":"سرير أطفال"},"wikiDataId":"Q23743515"},{"id":21675,"name":"El Guarco","state_id":1211,"state_code":"C","state_name":"Cartago","country_id":53,"country_code":"CR","country_name":"Costa Rica","latitude":"9.75000000","longitude":"-83.91667000","native":"El Guarco","type":"adm1","level":null,"parent_id":null,"population":null,"timezone":"America/Costa_Rica","translations":{"br":"El Guarco","ko":"엘 과르코","pt-BR":"O Guarco","pt":"O Guarco","nl":"De Guarco","hr":"El Guarco","fa":"ال گوارکو","de":"El Guarco","es":"El Guarco","fr":"Le Guarco","ja":"エル・グアルコ","it":"El Guarco","zh-CN":"埃尔瓜尔科","tr":"El Guarco","ru":"Эль Гуарко","uk":"Ель-Гуарко","pl":"El Guarco","hi":"एल ग्वार्को","ar":"إل غواركو"},"wikiDataId":"Q2614085"},{"id":21694,"name":"Jiménez","state_id":1211,"state_code":"C","state_name":"Cartago","country_id":53,"country_code":"CR","country_name":"Costa Rica","latitude":"9.75000000","longitude":"-83.68333000","native":"Jiménez","type":"city","level":null,"parent_id":null,"population":12733,"timezone":"America/Costa_Rica","translations":{"br":"Jiménez","ko":"히메네스","pt-BR":"Jiménez","pt":"Jiménez","nl":"Jiménez","hr":"Jiménez","fa":"خیمنز","de":"Jiménez","es":"Jiménez","fr":"Jiménez","ja":"ヒメネス","it":"Jiménez","zh-CN":"希门尼斯","tr":"Jiménez","ru":"Хименес","uk":"Хіменес","pl":"Jiménez","hi":"Jimenez","ar":"خيمينيز"},"wikiDataId":"Q2610255"},{"id":21699,"name":"La Suiza","state_id":1211,"state_code":"C","state_name":"Cartago","country_id":53,"country_code":"CR","country_name":"Costa Rica","latitude":"9.85065000","longitude":"-83.61690000","native":"La Suiza","type":"city","level":null,"parent_id":null,"population":2434,"timezone":"America/Costa_Rica","translations":{"br":"La Suiza","ko":"라 수이자","pt-BR":"A Suíça","pt":"A Suíça","nl":"De Suiza","hr":"Švicarska","fa":"لا سویزا","de":"La Suiza","es":"La Suiza","fr":"La Suisse","ja":"ラ・スイザ","it":"La Svizzera","zh-CN":"拉瑞士","tr":"La Suiza","ru":"Ла Суиза","uk":"Ла-Суїза","pl":"La Suiza","hi":"ला सुइज़ा","ar":"لا سويزا"},"wikiDataId":"Q23740198"},{"id":21700,"name":"La Unión","state_id":1211,"state_code":"C","state_name":"Cartago","country_id":53,"country_code":"CR","country_name":"Costa Rica","latitude":"9.91667000","longitude":"-83.98333000","native":"La Unión","type":"city","level":null,"parent_id":null,"population":null,"timezone":"America/Costa_Rica","translations":{"br":"Unaniezh","ko":"라 유니온","pt-BR":"A União","pt":"A União","nl":"De Unie","hr":"La Unión","fa":"لا یونیون","de":"La Unión","es":"La Unión","fr":"La Union","ja":"ラ・ウニオン","it":"L'Unione","zh-CN":"联合","tr":"Birlik","ru":"Ла Унион","uk":"Ла Уніон","pl":"Związek","hi":"ला यूनियन","ar":"الاتحاد"},"wikiDataId":"Q2610394"},{"id":21717,"name":"Oreamuno","state_id":1211,"state_code":"C","state_name":"Cartago","country_id":53,"country_code":"CR","country_name":"Costa Rica","latitude":"10.00000000","longitude":"-83.83333000","native":"Oreamuno","type":"city","level":null,"parent_id":null,"population":null,"timezone":"America/Costa_Rica","translations":{"br":"Oreamuno","ko":"오레아무노","pt-BR":"Oreamuno","pt":"Oreamuno","nl":"Oreamuno","hr":"Oreamuno","fa":"اورئمونو","de":"Oreamuno","es":"Oreamuno","fr":"Oreamuno","ja":"オレアムノ","it":"Oreamuno","zh-CN":"奥雷阿穆诺","tr":"Oreamuno","ru":"Ореамуно","uk":"Ореамуно","pl":"Oreamuno","hi":"ओरेमुनो","ar":"أوريمونو"},"wikiDataId":"Q936794"},{"id":21718,"name":"Orosí","state_id":1211,"state_code":"C","state_name":"Cartago","country_id":53,"country_code":"CR","country_name":"Costa Rica","latitude":"9.79617000","longitude":"-83.85383000","native":"Mineral","type":"city","level":null,"parent_id":null,"population":4350,"timezone":"America/Costa_Rica","translations":{"br":"Orosí","ko":"오로시","pt-BR":"Orosí","pt":"Orosí","nl":"Orosí","hr":"Orosí","fa":"اوروسی","de":"Orosi","es":"Orosi","fr":"Orosí","ja":"オロシ","it":"Orosí","zh-CN":"奥罗西","tr":"Orosí","ru":"Ороси","uk":"Оросі","pl":"Orosí","hi":"Orosi","ar":"أوروسي"},"wikiDataId":"Q936794"},{"id":21721,"name":"Pacayas","state_id":1211,"state_code":"C","state_name":"Cartago","country_id":53,"country_code":"CR","country_name":"Costa Rica","latitude":"9.80709000","longitude":"-84.04764000","native":"Pacayas","type":"city","level":null,"parent_id":null,"population":1556,"timezone":"America/Costa_Rica","translations":{"br":"Pacaya","ko":"파카야","pt-BR":"Pacayas","pt":"Pacayas","nl":"Pacayas","hr":"Pacayas","fa":"پاکایاها","de":"Pacayas","es":"Pacayas","fr":"Pacayas","ja":"パカヤ","it":"Pacayas","zh-CN":"帕卡亚斯","tr":"Pacayalar","ru":"Пакайяс","uk":"Пакайя","pl":"Pacaye","hi":"पकायस","ar":"باكايا"},"wikiDataId":"Q23738480"},{"id":21725,"name":"Paraíso","state_id":1211,"state_code":"C","state_name":"Cartago","country_id":53,"country_code":"CR","country_name":"Costa Rica","latitude":"9.75000000","longitude":"-83.80000000","native":"Paraíso","type":"city","level":null,"parent_id":null,"population":25295,"timezone":"America/Costa_Rica","translations":{"br":"Paraíso","ko":"파라이소","pt-BR":"Paraíso","pt":"Paraíso","nl":"Paraíso","hr":"Paraíso","fa":"پارایسو","de":"Paraíso","es":"Paraíso","fr":"Paraíso","ja":"パライソ","it":"Paradiso","zh-CN":"帕拉伊索","tr":"Cennet","ru":"Параисо","uk":"Параїсо","pl":"Paraíso","hi":"पैराइसो","ar":"بارايسو"},"wikiDataId":"Q2618877"},{"id":21728,"name":"Pejibaye","state_id":1211,"state_code":"C","state_name":"Cartago","country_id":53,"country_code":"CR","country_name":"Costa Rica","latitude":"9.81135000","longitude":"-83.70336000","native":"El intestino","type":"city","level":null,"parent_id":null,"population":1630,"timezone":"America/Costa_Rica","translations":{"br":"Pejibaye","ko":"페지바예","pt-BR":"Pejibaye","pt":"Pejibaye","nl":"Pejibaye","hr":"Pejibaye","fa":"پجیبای","de":"Pejibaye","es":"Pejibaye","fr":"Péjibaye","ja":"ペジバイエ","it":"Pejibaye","zh-CN":"佩吉巴耶","tr":"Pejibaye","ru":"Пежибае","uk":"Педжибає","pl":"Pejibaye","hi":"पेजिबाये","ar":"بيجيباي"},"wikiDataId":"Q23738587"},{"id":21748,"name":"San Diego","state_id":1211,"state_code":"C","state_name":"Cartago","country_id":53,"country_code":"CR","country_name":"Costa Rica","latitude":"9.89898000","longitude":"-84.00287000","native":"San Diego","type":"city","level":null,"parent_id":null,"population":16991,"timezone":"America/Costa_Rica","translations":{"br":"San Diego","ko":"샌디에이고","pt-BR":"São Diego","pt":"São Diego","nl":"San Diego","hr":"San Diego","fa":"سن دیگو","de":"San Diego","es":"San Diego","fr":"San Diego","ja":"サンディエゴ","it":"San Diego","zh-CN":"圣地亚哥","tr":"San Diego","ru":"Сан-Диего","uk":"Сан-Дієго","pl":"San Diego","hi":"सैन डिएगो","ar":"سان دييغو"},"wikiDataId":"Q931244"},{"id":21790,"name":"Tobosi","state_id":1211,"state_code":"C","state_name":"Cartago","country_id":53,"country_code":"CR","country_name":"Costa Rica","latitude":"9.83837000","longitude":"-83.98391000","native":"Tobosis","type":"city","level":null,"parent_id":null,"population":4060,"timezone":"America/Costa_Rica","translations":{"br":"Tobosi","ko":"토보시","pt-BR":"Tobosi","pt":"Tobosi","nl":"Tobosi","hr":"Tobosi","fa":"توبوسی","de":"Tobosi","es":"Tobosi","fr":"Tobosi","ja":"トボシ","it":"Tobosi","zh-CN":"托博西","tr":"Tobosi","ru":"Тобоси","uk":"Тобосі","pl":"Tobosi","hi":"टोबोसी","ar":"توبوسي"},"wikiDataId":"Q2517654"},{"id":21791,"name":"Tres Ríos","state_id":1211,"state_code":"C","state_name":"Cartago","country_id":53,"country_code":"CR","country_name":"Costa Rica","latitude":"9.90644000","longitude":"-83.98760000","native":"Tres Ríos","type":"city","level":null,"parent_id":null,"population":10430,"timezone":"America/Costa_Rica","translations":{"br":"Tres Ríos","ko":"트레스 리오스","pt-BR":"Três Rios","pt":"Três Rios","nl":"Drie Rios","hr":"Tres Ríos","fa":"ترس ریوس","de":"Tres Ríos","es":"Tres Ríos","fr":"Tres Ríos","ja":"トレス・リオス","it":"Tres Ríos","zh-CN":"特雷斯里奥斯","tr":"Tres Rios","ru":"Трес Риос","uk":"Трес-Ріос","pl":"Trzy rzeki","hi":"ट्रेस रियोस","ar":"تريس ريوس"},"wikiDataId":"Q23735189"},{"id":21792,"name":"Tucurrique","state_id":1211,"state_code":"C","state_name":"Cartago","country_id":53,"country_code":"CR","country_name":"Costa Rica","latitude":"9.85336000","longitude":"-83.72273000","native":"Tucurrical","type":"city","level":null,"parent_id":null,"population":2697,"timezone":"America/Costa_Rica","translations":{"br":"Tucurrique","ko":"투쿠리크","pt-BR":"Tucurrique","pt":"Tucurrique","nl":"Tucurrique","hr":"Tucurrique","fa":"توکوریک","de":"Tucurrique","es":"Tucurrique","fr":"Tucurrique","ja":"トゥクリケ","it":"Tucurrique","zh-CN":"图库里克","tr":"Tucurrique","ru":"Тукуррике","uk":"Тукурріке","pl":"Tucurrique","hi":"टुकुरिक","ar":"توكوريك"},"wikiDataId":"Q23735189"},{"id":21793,"name":"Turrialba","state_id":1211,"state_code":"C","state_name":"Cartago","country_id":53,"country_code":"CR","country_name":"Costa Rica","latitude":"9.80000000","longitude":"-83.53333000","native":"Turrialba","type":"adm4","level":null,"parent_id":null,"population":29620,"timezone":"America/Costa_Rica","translations":{"br":"Turrialba","ko":"투리알바","pt-BR":"Turrialba","pt":"Turrialba","nl":"Turrialba","hr":"Turrialba","fa":"توریالبا","de":"Turrialba","es":"Turrialba","fr":"Turrialba","ja":"トゥリアルバ","it":"Turrialba","zh-CN":"图里亚尔瓦","tr":"Turrialba","ru":"Турриальба","uk":"Турріальба","pl":"Turrialba","hi":"टुरिआल्बा","ar":"توريالبا"},"wikiDataId":"Q2610150"}]