{"id":67822,"name":"Żabbar","state_id":123,"state_code":"64","state_name":"Żabbar","country_id":135,"country_code":"MT","country_name":"Malta","latitude":"35.87611000","longitude":"14.53500000","native":"Żabbar","type":"adm1","level":null,"parent_id":null,"population":15404,"timezone":"Europe/Malta","translations":{"ar":"زبار","br":"Żabbar","de":"Żabbar","es":"Żabbar","fa":"ژابار","fr":"Żabbar","hi":"ज़ब्बार","hr":"Żabbar","it":"Zabbar","ja":"ジャッバール","ko":"자바르","nl":"Żabbar","pl":"Żabbar","pt":"Żabbar","pt-BR":"Żabbar","ru":"Заббар","tr":"Żabbar","uk":"Жаббар","zh-CN":"扎巴尔"},"wikiDataId":"Q20923006"}