[{"id":130705,"name":"Al Khabt","state_id":1235,"state_code":"MW","state_name":"Al Mahwit","country_id":245,"country_code":"YE","country_name":"Yemen","latitude":"15.48170000","longitude":"43.36770000","native":"الخبط","type":"adm2","level":null,"parent_id":null,"population":64033,"timezone":"Asia/Aden","translations":{"br":"Al Khabt","ko":"알 카브트","pt-BR":"Al Khabt","pt":"Al Khabt","nl":"Al-Khabt","hr":"Al Khabt","fa":"الخبث","de":"Al Khabt","es":"Al Khabt","fr":"Al Khabt","ja":"アル・カブト","it":"Al Khabt","zh-CN":"阿尔哈布特","tr":"El-Habt","ru":"Аль-Хабт","uk":"Аль-Хабт","pl":"Al-Chabt","hi":"अल ख़ाब्त","ar":"الخبط"},"wikiDataId":"Q4117341"},{"id":130715,"name":"Al Mahwait","state_id":1235,"state_code":"MW","state_name":"Al Mahwit","country_id":245,"country_code":"YE","country_name":"Yemen","latitude":"15.41170000","longitude":"43.56630000","native":"المحويت","type":"adm1","level":null,"parent_id":null,"population":0,"timezone":"Asia/Aden","translations":{"br":"Al Mahwait","ko":"알 마흐와이트","pt-BR":"Al Mahwait","pt":"Al Mahwait","nl":"Al Mahwait","hr":"Al Mahwait","fa":"المحویت","de":"Al Mahwait","es":"Al Mahwait","fr":"Al Mahwait","ja":"アル・マフワイト","it":"Al Mahwait","zh-CN":"阿尔马哈维特","tr":"El Mahveyt","ru":"Аль-Махвейт","uk":"Аль-Махвайт","pl":"Al Mahwait","hi":"अल महवैत","ar":"المحويت"},"wikiDataId":"Q4117248"},{"id":130729,"name":"Al Maḩwīt","state_id":1235,"state_code":"MW","state_name":"Al Mahwit","country_id":245,"country_code":"YE","country_name":"Yemen","latitude":"15.47007000","longitude":"43.54481000","native":"المحويت","type":"adm1","level":null,"parent_id":null,"population":10593,"timezone":"Asia/Aden","translations":{"br":"Al Maḩwīt","ko":"알 마흐윗","pt-BR":"Al Maḩwīt","pt":"Al Maḩwīt","nl":"Al Maḩwīt","hr":"Al Mahvit","fa":"المحویت","de":"Al Maḩwīt","es":"Al Maḩwīt","fr":"Al Maḩwīt","ja":"アル・マフウィット","it":"Al Maḩwīt","zh-CN":"阿尔马哈维特","tr":"El Mahvît","ru":"Аль-Махвит","uk":"Аль-Махвіт","pl":"Al Mahwit","hi":"अल माह्वित","ar":"المحويت"},"wikiDataId":"Q310622"},{"id":130768,"name":"Ar Rujum","state_id":1235,"state_code":"MW","state_name":"Al Mahwit","country_id":245,"country_code":"YE","country_name":"Yemen","latitude":"15.41010000","longitude":"43.66060000","native":"الرُّجُم","type":"adm2","level":null,"parent_id":null,"population":5410,"timezone":"Asia/Aden","translations":{"br":"Ar Rujum","ko":"아르 루줌","pt-BR":"Ar Rujum","pt":"Ar Rujum","nl":"Ar Rujum","hr":"Ar Rujum","fa":"آر روجوم","de":"Ar Rujum","es":"Ar Rujum","fr":"Ar Rujum","ja":"アル・ルジュム","it":"Ar Rujum","zh-CN":"阿尔·鲁琼","tr":"Ar Rujum","ru":"Ар Руджум","uk":"Ар-Руджум","pl":"Ar Rujum","hi":"अर रुजुम","ar":"الرُّجُم"},"wikiDataId":"Q4117345"},{"id":130808,"name":"Aţ Ţawīlah","state_id":1235,"state_code":"MW","state_name":"Al Mahwit","country_id":245,"country_code":"YE","country_name":"Yemen","latitude":"15.44165000","longitude":"43.77484000","native":"Aţ Ţawīlah","type":"adm2","level":null,"parent_id":null,"population":9116,"timezone":"Asia/Aden","translations":{"br":"Aţ Ţawīlah","ko":"아트 타윌라","pt-BR":"Aţ Ţawīlah","pt":"Aţ Ţawīlah","nl":"Aţ Ţawīlah","hr":"Až Tawīlah","fa":"طویله","de":"Aţ Ţawīlah","es":"Aţ Ţawīlah","fr":"Aţ Ţawīlah","ja":"アツ・タウィラ","it":"Aţ Ţawīlah","zh-CN":"阿塔维拉","tr":"Aţ Ţawīlah","ru":"Aţ Ţawīlah","uk":"Ат-Тавілах","pl":"Aţ Ţawīlah","hi":"Aţ Ţawīlah","ar":"Aţ Ţawīlah"},"wikiDataId":"Q4812416"},{"id":130817,"name":"Bani Sa'd","state_id":1235,"state_code":"MW","state_name":"Al Mahwit","country_id":245,"country_code":"YE","country_name":"Yemen","latitude":"15.23550000","longitude":"43.51560000","native":"بني سعد","type":"adm2","level":null,"parent_id":null,"population":0,"timezone":"Asia/Aden","translations":{"br":"Bani Sa'd","ko":"바니 사드","pt-BR":"Bani Sa'd","pt":"Bani Sa'd","nl":"Bani Sa'd","hr":"Bani Sa'd","fa":"بنی سعد","de":"Bani Sa'd","es":"Bani Sa'd","fr":"Bani Sa'd","ja":"バニ・サド","it":"Bani Sa'd","zh-CN":"巴尼萨德","tr":"Beni Sa'd","ru":"Бани Саад","uk":"Бані Саад","pl":"Bani Sa'd","hi":"बानी साद","ar":"بني سعد"},"wikiDataId":"Q4117337"},{"id":130868,"name":"Hufash","state_id":1235,"state_code":"MW","state_name":"Al Mahwit","country_id":245,"country_code":"YE","country_name":"Yemen","latitude":"15.37470000","longitude":"43.42650000","native":"حفاش","type":"city","level":null,"parent_id":null,"population":37884,"timezone":"Asia/Aden","translations":{"br":"Hufash","ko":"후파쉬","pt-BR":"Hufash","pt":"Hufash","nl":"Hufash","hr":"Hufaš","fa":"هفاش","de":"Hufash","es":"Hufash","fr":"Hufash","ja":"フファシュ","it":"Hufash","zh-CN":"胡法什","tr":"Hufaş","ru":"Хуфаш","uk":"Хуфаш","pl":"Hufasz","hi":"हुफ़ाश","ar":"حفاش"},"wikiDataId":"Q4117243"},{"id":130925,"name":"Milhan","state_id":1235,"state_code":"MW","state_name":"Al Mahwit","country_id":245,"country_code":"YE","country_name":"Yemen","latitude":"15.32240000","longitude":"43.33180000","native":"ميلهان","type":"adm2","level":null,"parent_id":null,"population":6,"timezone":"Asia/Aden","translations":{"br":"Milhan","ko":"밀한","pt-BR":"Milão","pt":"Milão","nl":"Milhan","hr":"Milhan","fa":"میلهان","de":"Milhan","es":"Milhan","fr":"Milhan","ja":"ミルハン","it":"Milhan","zh-CN":"米尔汉","tr":"Milhan","ru":"Милхан","uk":"Мілхан","pl":"Milhan","hi":"मिल्हान","ar":"ميلهان"},"wikiDataId":"Q6851806"},{"id":130980,"name":"Shibām Kawkabān","state_id":1235,"state_code":"MW","state_name":"Al Mahwit","country_id":245,"country_code":"YE","country_name":"Yemen","latitude":"15.50277000","longitude":"43.84237000","native":"شبام كوكبان","type":"city","level":null,"parent_id":null,"population":null,"timezone":"Asia/Aden","translations":{"br":"Shibām Kawkabān","ko":"시밤 카우카반","pt-BR":"Shibām Kawkabān","pt":"Shibām Kawkabān","nl":"Shibām Kawkabān","hr":"Šibam Kavkaban","fa":"شیبام کوکبان","de":"Shibām Kawkabān","es":"Shibām Kawkabān","fr":"Shibām Kawkabān","ja":"シバーム・カウカバン","it":"Shibām Kawkabān","zh-CN":"希巴姆·考卡班","tr":"Shibām Kawkabān","ru":"Шибам Кавкабан","uk":"Шибам Кавкабан","pl":"Shibām Kawkabān","hi":"शिबाम कावकाबन","ar":"شبام كوكبان"},"wikiDataId":"Q4117372"}]