[{"id":130673,"name":"Ahwar","state_id":1237,"state_code":"AB","state_name":"Abyan","country_id":245,"country_code":"YE","country_name":"Yemen","latitude":"13.68530000","longitude":"46.75560000","native":"أهوار","type":"adm2","level":null,"parent_id":null,"population":25246,"timezone":"Asia/Aden","translations":{"br":"Ahwar","ko":"아와르","pt-BR":"Ahwar","pt":"Ahwar","nl":"Ahwar","hr":"Ahvar","fa":"اهوار","de":"Ahwar","es":"Ahwar","fr":"Ahwar","ja":"アワル","it":"Ahwar","zh-CN":"阿瓦尔","tr":"Ahwar","ru":"Ахвар","uk":"Ахвар","pl":"Ahwar","hi":"अहवार","ar":"أهوار"},"wikiDataId":"Q4117549"},{"id":130714,"name":"Al Mahfad","state_id":1237,"state_code":"AB","state_name":"Abyan","country_id":245,"country_code":"YE","country_name":"Yemen","latitude":"13.97050000","longitude":"46.75600000","native":"المحفد","type":"city","level":null,"parent_id":null,"population":26870,"timezone":"Asia/Aden","translations":{"br":"Al Mahfad","ko":"알 마흐파드","pt-BR":"Al Mahfad","pt":"Al Mahfad","nl":"Al Mahfad","hr":"Al-Mahfad","fa":"المحفد","de":"Al Mahfad","es":"Al Mahfad","fr":"Al Mahfad","ja":"アル・マフファド","it":"Al Mahfad","zh-CN":"阿尔马哈法德","tr":"El Mahfad","ru":"Аль Махфад","uk":"Аль-Махфад","pl":"Al Mahfad","hi":"अल महफ़द","ar":"المحفّض"},"wikiDataId":"Q4117574"},{"id":130752,"name":"Al Wade'a","state_id":1237,"state_code":"AB","state_name":"Abyan","country_id":245,"country_code":"YE","country_name":"Yemen","latitude":"13.71360000","longitude":"46.01220000","native":"الوديعة","type":"adm2","level":null,"parent_id":null,"population":0,"timezone":"Asia/Aden","translations":{"br":"Al Wade'a","ko":"알 와데아","pt-BR":"Al Wade'a","pt":"Al Wade'a","nl":"Al Wade'a","hr":"Al Wade'a","fa":"الوادیع","de":"Al Wade'a","es":"Al Wade'a","fr":"Al Wade'a","ja":"アル・ワディア","it":"Al Wade'a","zh-CN":"瓦德阿","tr":"Al Wade'a","ru":"Аль-Вадеа","uk":"Аль-Вадеа","pl":"Al Wade'a","hi":"अल वादेआ","ar":"الوديعة"},"wikiDataId":"Q4117454"},{"id":130880,"name":"Jawf al Maqbābah","state_id":1237,"state_code":"AB","state_name":"Abyan","country_id":245,"country_code":"YE","country_name":"Yemen","latitude":"13.83783000","longitude":"45.83488000","native":"جوف المقبابة","type":"city","level":null,"parent_id":null,"population":14175,"timezone":"Asia/Aden","translations":{"br":"Jawf al Maqbabah","ko":"자우프 알 마크바바","pt-BR":"Jawf al Maqbābah","pt":"Jawf al Maqbābah","nl":"Jawf al Maqbābah","hr":"Džavf al-Maqbaba","fa":"جوف المقبابه","de":"Jawf al Maqbābah","es":"Jawf al Maqbābah","fr":"Jawf al Maqbābah","ja":"ジャウフ・アル・マクババ","it":"Jawf al Maqbābah","zh-CN":"贾夫·阿尔·马格巴巴","tr":"Cevf el Makbab","ru":"Джауф аль Макбаба","uk":"Джавф аль-Макбаба","pl":"Jawf al Maqbābah","hi":"जौफ़ अल मकबाह","ar":"جوف المقبابة"},"wikiDataId":"Q6166106"},{"id":130881,"name":"Jayshan","state_id":1237,"state_code":"AB","state_name":"Abyan","country_id":245,"country_code":"YE","country_name":"Yemen","latitude":"14.16620000","longitude":"46.17230000","native":"جايشان","type":"adm2","level":null,"parent_id":null,"population":14800,"timezone":"Asia/Aden","translations":{"br":"Jayshan","ko":"자이샨","pt-BR":"Jayshan","pt":"Jayshan","nl":"Jayshan","hr":"Jayshan","fa":"جایشان","de":"Jayshan","es":"Jayshan","fr":"Jayshan","ja":"ジェイシャン","it":"Jayshan","zh-CN":"杰山","tr":"Jayşan","ru":"Джайшан","uk":"Джайшан","pl":"Jayshan","hi":"जयशान","ar":"جايشان"},"wikiDataId":"Q4117520"},{"id":130887,"name":"Khanfir","state_id":1237,"state_code":"AB","state_name":"Abyan","country_id":245,"country_code":"YE","country_name":"Yemen","latitude":"13.42049000","longitude":"45.68707000","native":"خنفير","type":"city","level":null,"parent_id":null,"population":109044,"timezone":"Asia/Aden","translations":{"br":"Khanfir","ko":"칸피르","pt-BR":"Khanfir","pt":"Khanfir","nl":"Khanfir","hr":"Khanfir","fa":"خانفیر","de":"Khanfir","es":"Khanfir","fr":"Khanfir","ja":"カンフィル","it":"Khanfir","zh-CN":"汗菲尔","tr":"Hanfir","ru":"Ханфир","uk":"Ханфір","pl":"Chanfir","hi":"खानफिर","ar":"خنفير"},"wikiDataId":"Q4117538"},{"id":130900,"name":"Lawdar","state_id":1237,"state_code":"AB","state_name":"Abyan","country_id":245,"country_code":"YE","country_name":"Yemen","latitude":"13.80590000","longitude":"45.80080000","native":"لودر","type":"city","level":null,"parent_id":null,"population":13461,"timezone":"Asia/Aden","translations":{"br":"Lawdar","ko":"라우다르","pt-BR":"Lawdar","pt":"Lawdar","nl":"Lawdar","hr":"Lawdar","fa":"لاودار","de":"Lawdar","es":"Lawdar","fr":"Lawdar","ja":"ローダー","it":"Lawdar","zh-CN":"劳达尔","tr":"Lawdar","ru":"Лоудар","uk":"Лавдар","pl":"Lawdar","hi":"लॉडर","ar":"لودر"},"wikiDataId":"Q1164303"},{"id":130928,"name":"Mudiyah","state_id":1237,"state_code":"AB","state_name":"Abyan","country_id":245,"country_code":"YE","country_name":"Yemen","latitude":"13.90960000","longitude":"46.21960000","native":"مودية","type":"city","level":null,"parent_id":null,"population":15569,"timezone":"Asia/Aden","translations":{"br":"Mudiyah","ko":"무디야","pt-BR":"Mudiyah","pt":"Mudiyah","nl":"Mudiyah","hr":"Mudija","fa":"مودیه","de":"Mudiyah","es":"Mudiyah","fr":"Mudiyah","ja":"ムディヤ","it":"Mudiyah","zh-CN":"穆迪亚","tr":"Mudiye","ru":"Мудия","uk":"Мудія","pl":"Mudiyah","hi":"मुदियाह","ar":"مودية"},"wikiDataId":"Q4117556"},{"id":130952,"name":"Rasad","state_id":1237,"state_code":"AB","state_name":"Abyan","country_id":245,"country_code":"YE","country_name":"Yemen","latitude":"13.72310000","longitude":"45.28140000","native":"راساد","type":"adm2","level":null,"parent_id":null,"population":54825,"timezone":"Asia/Aden","translations":{"br":"Rasad","ko":"라사드","pt-BR":"Rasad","pt":"Rasad","nl":"Rasad","hr":"Rasad","fa":"رصد","de":"Rasad","es":"Rasad","fr":"Rasad","ja":"ラサド","it":"Rasad","zh-CN":"拉萨德","tr":"Rasad","ru":"Расад","uk":"Расад","pl":"Rasad","hi":"रसद","ar":"راساد"},"wikiDataId":"Q4117586"},{"id":130967,"name":"Sarar","state_id":1237,"state_code":"AB","state_name":"Abyan","country_id":245,"country_code":"YE","country_name":"Yemen","latitude":"13.58300000","longitude":"45.35080000","native":"سرار","type":"adm2","level":null,"parent_id":null,"population":15093,"timezone":"Asia/Aden","translations":{"br":"Sarar","ko":"사라르","pt-BR":"Sarar","pt":"Sarar","nl":"Sarar","hr":"Sarar","fa":"سارار","de":"Sarar","es":"Sarar","fr":"Sarar","ja":"サラール","it":"Sarar","zh-CN":"萨拉尔","tr":"Sarar","ru":"Сарар","uk":"Сарар","pl":"Sarar","hi":"सरार","ar":"سرار"},"wikiDataId":"Q4117544"},{"id":130981,"name":"Sibah","state_id":1237,"state_code":"AB","state_name":"Abyan","country_id":245,"country_code":"YE","country_name":"Yemen","latitude":"13.80910000","longitude":"45.40230000","native":"سيباه","type":"city","level":null,"parent_id":null,"population":15946,"timezone":"Asia/Aden","translations":{"br":"Sibah","ko":"시바","pt-BR":"Sibah","pt":"Sibah","nl":"Sibah","hr":"Sibah","fa":"سیباه","de":"Sibah","es":"Sibah","fr":"Sibah","ja":"シバ","it":"Sibah","zh-CN":"西巴","tr":"Sibah","ru":"Сибах","uk":"Сібах","pl":"Sibah","hi":"सिबाह","ar":"سيباه"},"wikiDataId":"Q4117509"},{"id":131008,"name":"Zingibar","state_id":1237,"state_code":"AB","state_name":"Abyan","country_id":245,"country_code":"YE","country_name":"Yemen","latitude":"13.13420000","longitude":"45.43040000","native":"زينجيبار","type":"adm1","level":null,"parent_id":null,"population":null,"timezone":"Asia/Aden","translations":{"br":"Zingibar","ko":"징기바르","pt-BR":"Zingibar","pt":"Zingibar","nl":"Zingibar","hr":"Zingibar","fa":"زنجبیل","de":"Zingibar","es":"Zingibar","fr":"Zingibar","ja":"ジンジバル","it":"Zingibar","zh-CN":"姜黄","tr":"Zencefil","ru":"Зингибар","uk":"Зінгібар","pl":"Zingibar","hi":"ज़िंगिबार","ar":"زنجبار"},"wikiDataId":"Q580992"},{"id":131009,"name":"Zinjibār","state_id":1237,"state_code":"AB","state_name":"Abyan","country_id":245,"country_code":"YE","country_name":"Yemen","latitude":"13.12871000","longitude":"45.38073000","native":"زنجبار","type":"adm1","level":null,"parent_id":null,"population":23707,"timezone":"Asia/Aden","translations":{"br":"Zinjibār","ko":"진지바르","pt-BR":"Zinjibar","pt":"Zinjibar","nl":"Zinjibar","hr":"Zindžibar","fa":"زنجبار","de":"Zinjibar","es":"Zinjibar","fr":"Zinjibar","ja":"ジンジバール","it":"Zinjibār","zh-CN":"津吉巴尔","tr":"Zinjibar","ru":"Зинджибар","uk":"Зінджибар","pl":"Zinjibār","hi":"जिंजीबार","ar":"زنجبار"},"wikiDataId":"Q204391"}]