[{"id":130666,"name":"Ad Dis","state_id":1238,"state_code":"HD","state_name":"Hadhramaut","country_id":245,"country_code":"YE","country_name":"Yemen","latitude":"15.09490000","longitude":"50.01590000","native":"إعلان ديس","type":"city","level":null,"parent_id":null,"population":23092,"timezone":"Asia/Aden","translations":{"br":"Ad Dis","ko":"광고 Dis","pt-BR":"Anúncio Dis","pt":"Anúncio Dis","nl":"Advertentie Dis","hr":"Oglas Dis","fa":"تبلیغات دیس","de":"Anzeige Dis","es":"Anuncio Des","fr":"Annonce Dis","ja":"広告ディス","it":"Annuncio Dis","zh-CN":"广告","tr":"Reklam Dis","ru":"Реклама Dis","uk":"Реклама Дис","pl":"Reklama Dis","hi":"विज्ञापन डिस","ar":"إعلان ديس"},"wikiDataId":"Q4117698"},{"id":130668,"name":"Ad Dīs ash Sharqīyah","state_id":1238,"state_code":"HD","state_name":"Hadhramaut","country_id":245,"country_code":"YE","country_name":"Yemen","latitude":"14.90840000","longitude":"49.94847000","native":"Ad Dīs ash Sharqīyah","type":"adm2","level":null,"parent_id":null,"population":0,"timezone":"Asia/Aden","translations":{"br":"Ad Dīs ash Sharqīyah","ko":"아드 디스 아쉬 샤르키야","pt-BR":"Ad Dīs ash Sharqīyah","pt":"Ad Dīs ash Sharqīyah","nl":"Ad Dīs ash Sharqīyah","hr":"Ad Dís aš-Šerikija","fa":"الديس الشرقيه","de":"Ad Dīs ash Sharqīyah","es":"Ad Dīs ash Sharqīyah","fr":"Ad Dīs ash Sharqīyah","ja":"アド・ディース・アシュ・シャルキーヤ","it":"Ad Dīs ash Sharqīyah","zh-CN":"沙尔基亚","tr":"Ad Dīs ash Sharqīyah","ru":"Ad Dīs ash Sharqīyah","uk":"Ад-Діс аш-Шаркія","pl":"Ad Dīs ash Sharqīyah","hi":"Ad Dīs ash Sharqīyah","ar":"Ad Dīs ash Sharqīyah"},"wikiDataId":"Q4678136"},{"id":130670,"name":"Adh Dhlia'ah","state_id":1238,"state_code":"HD","state_name":"Hadhramaut","country_id":245,"country_code":"YE","country_name":"Yemen","latitude":"15.01390000","longitude":"47.89720000","native":"أده ضليعة","type":"city","level":null,"parent_id":null,"population":18678,"timezone":"Asia/Aden","translations":{"br":"Adh Dhlia'ah","ko":"아드 딜리아","pt-BR":"Adh Dhlia'ah","pt":"Adh Dhlia'ah","nl":"Adh Dhlia'ah","hr":"Adh Dhli'ah","fa":"اضلیعه","de":"Adh Dhlia'ah","es":"Adh Dhlia'ah","fr":"Adh Dhlia'ah","ja":"アズ・ドゥリア","it":"Adh Dhlia'ah","zh-CN":"阿兹·迪利亚","tr":"Adh Dhlia'ah","ru":"Аз Далия","uk":"Адх Зліа'а","pl":"Adh Dhlia'ah","hi":"अज़ धलियाह","ar":"أده ضليعة"},"wikiDataId":"Q4117682"},{"id":130678,"name":"Al Abr","state_id":1238,"state_code":"HD","state_name":"Hadhramaut","country_id":245,"country_code":"YE","country_name":"Yemen","latitude":"15.91370000","longitude":"47.22880000","native":"العبر","type":"adm2","level":null,"parent_id":null,"population":0,"timezone":"Asia/Aden","translations":{"br":"Al Abr","ko":"알 아브르","pt-BR":"Al Abr","pt":"Al Abr","nl":"Al Abr","hr":"Al Abr","fa":"آل ابر","de":"Al Abr","es":"Al Abr","fr":"Al Abr","ja":"アル・アブール","it":"Al Abr","zh-CN":"阿尔阿布尔","tr":"El Abr","ru":"Аль Абр","uk":"Аль-Абр","pl":"Al Abr","hi":"अल अब्र","ar":"العبر"},"wikiDataId":"Q4117641"},{"id":130755,"name":"Al Ḩamdī","state_id":1238,"state_code":"HD","state_name":"Hadhramaut","country_id":245,"country_code":"YE","country_name":"Yemen","latitude":"15.94727000","longitude":"48.77965000","native":"الحمدي","type":"section","level":null,"parent_id":null,"population":1273,"timezone":"Asia/Aden","translations":{"br":"Al Ḩamdī","ko":"알 함디","pt-BR":"Al Hamdi","pt":"Al Hamdi","nl":"Al Ḩamdī","hr":"Al Hamdi","fa":"الحمدی","de":"Al Ḩamdī","es":"Al Hamdi","fr":"Al Hamdī","ja":"アル・ハムディ","it":"Al Ḩamdī","zh-CN":"阿尔·哈姆迪","tr":"El Hamdî","ru":"Аль-Хамди","uk":"Аль-Хамді","pl":"Al Ḩamdī","hi":"अल हम्दी","ar":"الحمدي"},"wikiDataId":"Q20299945"},{"id":130737,"name":"Al Mukalla","state_id":1238,"state_code":"HD","state_name":"Hadhramaut","country_id":245,"country_code":"YE","country_name":"Yemen","latitude":"14.72920000","longitude":"48.91990000","native":"المكلا","type":"adm2","level":null,"parent_id":null,"population":null,"timezone":"Asia/Aden","translations":{"br":"Al Mukalla","ko":"알 무칼라","pt-BR":"Al Mukalla","pt":"Al Mukalla","nl":"Al Mukalla","hr":"Al Mukalla","fa":"المکلا","de":"Al Mukalla","es":"Al Mukalla","fr":"Al Mukalla","ja":"アル・ムカラ","it":"Al Mukalla","zh-CN":"穆卡拉","tr":"El Mukalla","ru":"Аль-Мукалла","uk":"Аль-Мукалла","pl":"Al Mukalla","hi":"अल मुकल्ला","ar":"المكلا"},"wikiDataId":"Q4117614"},{"id":130744,"name":"Al Qaf","state_id":1238,"state_code":"HD","state_name":"Hadhramaut","country_id":245,"country_code":"YE","country_name":"Yemen","latitude":"17.42870000","longitude":"48.94050000","native":"القاف","type":"city","level":null,"parent_id":null,"population":12,"timezone":"Asia/Aden","translations":{"br":"Al Qaf","ko":"알 카프","pt-BR":"Al Qaf","pt":"Al Qaf","nl":"Al Qaf","hr":"Al Qaf","fa":"القاف","de":"Al Qaf","es":"Al Qaf","fr":"Al Qaf","ja":"アル・カフ","it":"Al Qaf","zh-CN":"阿尔卡夫","tr":"El Kaf","ru":"Аль-Каф","uk":"Аль-Каф","pl":"Al-Kaf","hi":"अल कफ़","ar":"القاف"},"wikiDataId":"Q4117689"},{"id":130749,"name":"Al Qatn","state_id":1238,"state_code":"HD","state_name":"Hadhramaut","country_id":245,"country_code":"YE","country_name":"Yemen","latitude":"15.92320000","longitude":"48.21460000","native":"القطن","type":"adm2","level":null,"parent_id":null,"population":59204,"timezone":"Asia/Aden","translations":{"br":"Al Qatn","ko":"알 카튼","pt-BR":"Al Qatn","pt":"Al Qatn","nl":"Al Qatn","hr":"Al Qatn","fa":"القطن","de":"Al Qatn","es":"Al Qatn","fr":"Al Qatn","ja":"アル・カトゥン","it":"Al Qatn","zh-CN":"阿尔卡坦","tr":"Al Katn","ru":"Аль-Катн","uk":"Аль-Катн","pl":"Al-Katan","hi":"अल क़तन","ar":"القطن"},"wikiDataId":"Q4117526"},{"id":130763,"name":"Amd","state_id":1238,"state_code":"HD","state_name":"Hadhramaut","country_id":245,"country_code":"YE","country_name":"Yemen","latitude":"15.34860000","longitude":"47.92860000","native":"أمد","type":"adm2","level":null,"parent_id":null,"population":20052,"timezone":"Asia/Aden","translations":{"br":"Amd","ko":"암드","pt-BR":"Amd","pt":"Amd","nl":"Amd","hr":"Američka","fa":"ای ام دی","de":"AMD","es":"Amd","fr":"Amd","ja":"アムド","it":"AMD","zh-CN":"AMD","tr":"AMD","ru":"Амд","uk":"Амбридж","pl":"Amd","hi":"एएमडी","ar":"أمد"},"wikiDataId":"Q4117560"},{"id":130767,"name":"Ar Raydah Wa Qusayar","state_id":1238,"state_code":"HD","state_name":"Hadhramaut","country_id":245,"country_code":"YE","country_name":"Yemen","latitude":"15.18410000","longitude":"50.31330000","native":"الريدة والقصير","type":"city","level":null,"parent_id":null,"population":45180,"timezone":"Asia/Aden","translations":{"br":"Ar Raydah Wa Qusayar","ko":"아르 라이다 와 쿠사야르","pt-BR":"Ar Raydah Wa Qusayar","pt":"Ar Raydah Wa Qusayar","nl":"Ar Raydah Wa Qusayar","hr":"Ar Raydah Wa Qusayar","fa":"ار ریضه و قصیر","de":"Ar Raydah Wa Qusayar","es":"Ar Raydah Wa Qusayar","fr":"Ar Raydah Wa Qusayar","ja":"アル・ライダ・ワ・クサヤル","it":"Ar Raydah Wa Qusayar","zh-CN":"拉伊达·瓦·库萨亚尔","tr":"Ar Raydah Wa Kusayar","ru":"Ar Raydah Wa Qusayar","uk":"Ар Райда Ва Кусаяр","pl":"Ar Raydah Wa Qusayar","hi":"अर रयदा वा कुसायार","ar":"الريدة والقصير"},"wikiDataId":"Q4117638"},{"id":130780,"name":"As Sawm","state_id":1238,"state_code":"HD","state_name":"Hadhramaut","country_id":245,"country_code":"YE","country_name":"Yemen","latitude":"15.99800000","longitude":"49.66860000","native":"الصوم","type":"city","level":null,"parent_id":null,"population":12666,"timezone":"Asia/Aden","translations":{"br":"Evel Sawm","ko":"As Sawm","pt-BR":"Como Sawm","pt":"Como Sawm","nl":"Als Sawm","hr":"Kao Sawm","fa":"به عنوان صوم","de":"As Sawm","es":"Como Sawm","fr":"Comme Sawm","ja":"アス・サウム","it":"Come Sawm","zh-CN":"阿斯·索姆","tr":"Sawm olarak","ru":"Как Савм","uk":"Як Саум","pl":"Jak Sawm","hi":"अस सॉम","ar":"الصوم"},"wikiDataId":"Q4117602"},{"id":130793,"name":"Ash Shihr","state_id":1238,"state_code":"HD","state_name":"Hadhramaut","country_id":245,"country_code":"YE","country_name":"Yemen","latitude":"14.97230000","longitude":"49.55260000","native":"أش شهر","type":"adm2","level":null,"parent_id":null,"population":73482,"timezone":"Asia/Aden","translations":{"br":"Shihr al ludu","ko":"애쉬 시르","pt-BR":"Ash Shihr","pt":"Ash Shihr","nl":"Ash Shihr","hr":"Ash Shihr","fa":"آش شهر","de":"Ash Shihr","es":"Ash Shihr","fr":"Ash Shihr","ja":"アッシュ・シアー","it":"Ash Shihr","zh-CN":"阿什·施尔","tr":"Ash Shihr","ru":"Эш Шихр","uk":"Аш Шихр","pl":"Ash Shihr","hi":"ऐश शिहर","ar":"أش شهر"},"wikiDataId":"Q4117645"},{"id":130797,"name":"At Taḩāluf","state_id":1238,"state_code":"HD","state_name":"Hadhramaut","country_id":245,"country_code":"YE","country_name":"Yemen","latitude":"15.93786000","longitude":"48.78641000","native":"في التحالف","type":"section","level":null,"parent_id":null,"population":1281,"timezone":"Asia/Aden","translations":{"br":"E Taḩāluf","ko":"타할루프에서","pt-BR":"Em Taḩāluf","pt":"Em Taḩāluf","nl":"Bij Taḩāluf","hr":"U Tahalufu","fa":"در تحالف","de":"In Taḩāluf","es":"En Tahaluf","fr":"À Taḩāluf","ja":"タハルフにて","it":"A Taḩāluf","zh-CN":"在 Taḩāluf","tr":"Taḩāluf'ta","ru":"В Тахалуфе","uk":"У Тахалуфі","pl":"W Taḩāluf","hi":"तहालुफ़ में","ar":"في التحالف"},"wikiDataId":"Q20304899"},{"id":130827,"name":"Brom Mayfa","state_id":1238,"state_code":"HD","state_name":"Hadhramaut","country_id":245,"country_code":"YE","country_name":"Yemen","latitude":"14.34230000","longitude":"48.72810000","native":"بروم مايفا","type":"city","level":null,"parent_id":null,"population":17327,"timezone":"Asia/Aden","translations":{"br":"Brom Mayfa","ko":"브롬 메이파","pt-BR":"Brom Mayfa","pt":"Brom Mayfa","nl":"Brom Mayfa","hr":"Brom Mayfa","fa":"بروم مایفا","de":"Brom Mayfa","es":"Brom Mayfa","fr":"Brom Mayfa","ja":"ブロム・メイファ","it":"Brom Mayfa","zh-CN":"布罗姆·梅法","tr":"Brom Mayfa","ru":"Бром Майфа","uk":"Бром Майфа","pl":"Brom Mayfa","hi":"ब्रोम मेफा","ar":"بروم مايفا"},"wikiDataId":"Q4117805"},{"id":130832,"name":"Daw'an","state_id":1238,"state_code":"HD","state_name":"Hadhramaut","country_id":245,"country_code":"YE","country_name":"Yemen","latitude":"15.05070000","longitude":"48.30720000","native":"دوان","type":"city","level":null,"parent_id":null,"population":43836,"timezone":"Asia/Aden","translations":{"br":"Daw'an","ko":"다완","pt-BR":"Daw'an","pt":"Daw'an","nl":"Daw'an","hr":"Daw'an","fa":"داوان","de":"Daw'an","es":"Daw'an","fr":"Daw'an","ja":"ダワン","it":"Daw'an","zh-CN":"道安","tr":"Davan","ru":"Даван","uk":"Даван","pl":"Daw'an","hi":"दावान","ar":"دوان"},"wikiDataId":"Q4117696"},{"id":130843,"name":"Ghayl Ba Wazir","state_id":1238,"state_code":"HD","state_name":"Hadhramaut","country_id":245,"country_code":"YE","country_name":"Yemen","latitude":"14.87780000","longitude":"49.02450000","native":"غيل باوزير","type":"city","level":null,"parent_id":null,"population":0,"timezone":"Asia/Aden","translations":{"br":"Ghayl Ba Wazir","ko":"가일 바 와지르","pt-BR":"Ghayl Ba Wazir","pt":"Ghayl Ba Wazir","nl":"Ghayl Ba Wazir","hr":"Ghayl Ba Wazir","fa":"غیل با وزیر","de":"Ghayl Ba Wazir","es":"Ghayl Ba Wazir","fr":"Ghayl Ba Wazir","ja":"ガイル・バ・ワジール","it":"Ghayl Ba Wazir","zh-CN":"盖尔·巴·瓦齐尔","tr":"Gayl Ba Vezir","ru":"Гайл Ба Вазир","uk":"Гайл Ба Вазір","pl":"Ghayl Ba Wazir","hi":"ग़ाएल बा वज़ीर","ar":"غيل باوزير"},"wikiDataId":"Q4117550"},{"id":130844,"name":"Ghayl Bin Yamin","state_id":1238,"state_code":"HD","state_name":"Hadhramaut","country_id":245,"country_code":"YE","country_name":"Yemen","latitude":"15.38960000","longitude":"49.28540000","native":"غيل بن يامين","type":"city","level":null,"parent_id":null,"population":28120,"timezone":"Asia/Aden","translations":{"br":"Ghayl Bin Yamin","ko":"가일 빈 야민","pt-BR":"Ghayl Bin Yamin","pt":"Ghayl Bin Yamin","nl":"Ghayl Bin Yamin","hr":"Ghayl Bin Yamin","fa":"غیل بن یمین","de":"Ghayl Bin Yamin","es":"Ghayl Bin Yamin","fr":"Ghayl Bin Yamin","ja":"ガイル・ビン・ヤミン","it":"Ghayl Bin Yamin","zh-CN":"盖尔·本·亚明","tr":"Gayl Bin Yemin","ru":"Гейл Бин Ямин","uk":"Гайл Бін Ямін","pl":"Ghayl Bin Yamin","hi":"ग़ाएल बिन यामीन","ar":"غيل بن يامين"},"wikiDataId":"Q4117704"},{"id":130849,"name":"Hagr As Sai'ar","state_id":1238,"state_code":"HD","state_name":"Hadhramaut","country_id":245,"country_code":"YE","country_name":"Yemen","latitude":"16.30560000","longitude":"47.95370000","native":"حجر السعير","type":"city","level":null,"parent_id":null,"population":2474,"timezone":"Asia/Aden","translations":{"br":"Hagr As Sai'ar","ko":"하그르 아스 사이아르","pt-BR":"Hagr As Sai'ar","pt":"Hagr As Sai'ar","nl":"Hagr As Sai'ar","hr":"Hagr As Sai'ar","fa":"هاگر آس سایر","de":"Hagr As Sai'ar","es":"Hagr As Sai'ar","fr":"Hagr As Sai'ar","ja":"ハグル・アス・サイアル","it":"Hagr As Sai'ar","zh-CN":"哈格尔·阿斯·赛尔","tr":"Hagr As Sai'ar","ru":"Хагр Ас Сайар","uk":"Хагр Ас Сай'ар","pl":"Hagr As Sai'ar","hi":"हगर अस सायार","ar":"حجر السعير"},"wikiDataId":"Q4117648"},{"id":130851,"name":"Hajr","state_id":1238,"state_code":"HD","state_name":"Hadhramaut","country_id":245,"country_code":"YE","country_name":"Yemen","latitude":"14.47080000","longitude":"48.27740000","native":"حجر","type":"city","level":null,"parent_id":null,"population":3,"timezone":"Asia/Aden","translations":{"br":"Hajr","ko":"하즈르","pt-BR":"Hajj","pt":"Hajj","nl":"Hadjr","hr":"Hadžr","fa":"هاجر","de":"Hajr","es":"Hajr","fr":"Hajr","ja":"ハジュル","it":"Hajr","zh-CN":"朝觐","tr":"Hacr","ru":"Хаджр","uk":"Хаджр","pl":"Hadżr","hi":"हज्र","ar":"حجر"},"wikiDataId":"Q4117687"},{"id":130869,"name":"Huraidhah","state_id":1238,"state_code":"HD","state_name":"Hadhramaut","country_id":245,"country_code":"YE","country_name":"Yemen","latitude":"15.55425000","longitude":"48.17505000","native":"حريضة","type":"adm2","level":null,"parent_id":null,"population":18684,"timezone":"Asia/Aden","translations":{"br":"Huraidhah","ko":"후라이다","pt-BR":"Huraidhah","pt":"Huraidhah","nl":"Huraidhah","hr":"Huraida","fa":"حریضه","de":"Huraidhah","es":"Huraidhah","fr":"Houraidha","ja":"フライダ","it":"Huraidhah","zh-CN":"胡赖达","tr":"Huraidhah","ru":"Хурайда","uk":"Хурайда","pl":"Huraidhah","hi":"हुरैदाह","ar":"حريضة"},"wikiDataId":"Q4118387"},{"id":130893,"name":"Kilmia","state_id":1238,"state_code":"HD","state_name":"Hadhramaut","country_id":245,"country_code":"YE","country_name":"Yemen","latitude":"12.18576000","longitude":"52.23332000","native":"كيلميا","type":"city","level":null,"parent_id":null,"population":2013,"timezone":"Asia/Aden","translations":{"br":"Kilmia","ko":"킬미아","pt-BR":"Kilmia","pt":"Kilmia","nl":"Kilmia","hr":"Kilmia","fa":"کیلیمیا","de":"Kilmia","es":"Kilmia","fr":"Kilmia","ja":"キルミア","it":"Kilmia","zh-CN":"基尔米亚","tr":"Kilmia","ru":"Кильмия","uk":"Кілмія","pl":"Kilmia","hi":"किल्मिया","ar":"كيلميا"},"wikiDataId":"Q4117301"},{"id":130929,"name":"Mukalla","state_id":1238,"state_code":"HD","state_name":"Hadhramaut","country_id":245,"country_code":"YE","country_name":"Yemen","latitude":"14.54248000","longitude":"49.12424000","native":"المكلا","type":"adm1","level":null,"parent_id":null,"population":594951,"timezone":"Asia/Aden","translations":{"br":"Mukalla","ko":"무칼라","pt-BR":"Mukalla","pt":"Mukalla","nl":"Mukalla","hr":"Mukalla","fa":"مکلا","de":"Al-Mukalla","es":"Mukalla","fr":"Mukalla","ja":"ムカラ","it":"Mukalla","zh-CN":"穆卡拉","tr":"Mukalla","ru":"Мукалла","uk":"Мукалла","pl":"Mukalla","hi":"मुकल्ला","ar":"المكلا"},"wikiDataId":"Q310772"},{"id":130951,"name":"Rakhyah","state_id":1238,"state_code":"HD","state_name":"Hadhramaut","country_id":245,"country_code":"YE","country_name":"Yemen","latitude":"15.46180000","longitude":"47.77280000","native":"رخية","type":"city","level":null,"parent_id":null,"population":8715,"timezone":"Asia/Aden","translations":{"br":"Rakhyah","ko":"라키아","pt-BR":"Rakhyah","pt":"Rakhyah","nl":"Rakhyah","hr":"Rakhyah","fa":"رقیه","de":"Rakhyah","es":"Rakhyah","fr":"Rakhyah","ja":"ラクヤ","it":"Rakhyah","zh-CN":"拉克亚","tr":"Rakhyah","ru":"Ракхья","uk":"Ракх'я","pl":"Rakhyah","hi":"रख्याह","ar":"رخية"},"wikiDataId":"Q4117554"},{"id":130955,"name":"Rumah","state_id":1238,"state_code":"HD","state_name":"Hadhramaut","country_id":245,"country_code":"YE","country_name":"Yemen","latitude":"17.81450000","longitude":"51.07590000","native":"منزل","type":"city","level":null,"parent_id":null,"population":6357,"timezone":"Asia/Aden","translations":{"br":"Rumah","ko":"루마","pt-BR":"Casa","pt":"Casa","nl":"Rumah","hr":"Rumah","fa":"روما","de":"Rumah","es":"Casa","fr":"Maison","ja":"ルマ","it":"Casa","zh-CN":"鲁玛","tr":"Ev","ru":"Румах","uk":"Румах","pl":"Dom","hi":"rumah","ar":"منزل"},"wikiDataId":"Q4117633"},{"id":130961,"name":"Sah","state_id":1238,"state_code":"HD","state_name":"Hadhramaut","country_id":245,"country_code":"YE","country_name":"Yemen","latitude":"15.53420000","longitude":"48.89550000","native":"صح","type":"adm2","level":null,"parent_id":null,"population":24146,"timezone":"Asia/Aden","translations":{"br":"Sah","ko":"사","pt-BR":"Sah","pt":"Sah","nl":"Sah","hr":"Sah","fa":"سا","de":"Sah","es":"Señor","fr":"Sah","ja":"サー","it":"Sah","zh-CN":"萨赫","tr":"Şah","ru":"Сах","uk":"Сах","pl":"Sah","hi":"एसएएच","ar":"صح"},"wikiDataId":"Q4117543"},{"id":130969,"name":"Sayun","state_id":1238,"state_code":"HD","state_name":"Hadhramaut","country_id":245,"country_code":"YE","country_name":"Yemen","latitude":"15.98310000","longitude":"48.83150000","native":"سايون","type":"adm2","level":null,"parent_id":null,"population":102409,"timezone":"Asia/Aden","translations":{"br":"Sayun","ko":"사윤","pt-BR":"Sayun","pt":"Sayun","nl":"Sayun","hr":"Sayun","fa":"سایون","de":"Sayun","es":"Sayun","fr":"Sayun","ja":"サユン","it":"Sayun","zh-CN":"萨云","tr":"Sayun","ru":"Саюн","uk":"Саюн","pl":"Sayun","hi":"सयून","ar":"سايون"},"wikiDataId":"Q4117557"},{"id":130979,"name":"Shibam","state_id":1238,"state_code":"HD","state_name":"Hadhramaut","country_id":245,"country_code":"YE","country_name":"Yemen","latitude":"15.87030000","longitude":"48.65340000","native":"شبام","type":"city","level":null,"parent_id":null,"population":13316,"timezone":"Asia/Aden","translations":{"br":"Shibam","ko":"시밤","pt-BR":"Shibam","pt":"Shibam","nl":"Shibam","hr":"Šibam","fa":"شیبام","de":"Shibam","es":"Shibam","fr":"Shibam","ja":"シバム","it":"Shibam","zh-CN":"希巴姆","tr":"Şibam","ru":"Шибам","uk":"Шибам","pl":"Szibam","hi":"शिबाम","ar":"شبام"},"wikiDataId":"Q4117552"},{"id":130984,"name":"Suḩayl Shibām","state_id":1238,"state_code":"HD","state_name":"Hadhramaut","country_id":245,"country_code":"YE","country_name":"Yemen","latitude":"15.91448000","longitude":"48.63864000","native":"سهيل شبام","type":"adm2","level":null,"parent_id":null,"population":645,"timezone":"Asia/Aden","translations":{"br":"Suḩayl Shibām","ko":"수하일 시밤","pt-BR":"Suḩayl Shibām","pt":"Suḩayl Shibām","nl":"Suḩayl Shibām","hr":"Suhajl Šibam","fa":"سهیل شیبام","de":"Suḩayl Shibām","es":"Suhayl Shibam","fr":"Suḩayl Shibām","ja":"スハイル・シバーム","it":"Suḩayl Shibām","zh-CN":"苏哈伊尔·希巴姆","tr":"Suḩayl Shibām","ru":"Сухайл Шибам","uk":"Сухайл Шибам","pl":"Suḩayl Shibām","hi":"सुहायल शिबाम","ar":"سهيل شبام"},"wikiDataId":"Q20308824"},{"id":130986,"name":"Tarim","state_id":1238,"state_code":"HD","state_name":"Hadhramaut","country_id":245,"country_code":"YE","country_name":"Yemen","latitude":"16.06600000","longitude":"49.02290000","native":"تاريم","type":"adm2","level":null,"parent_id":null,"population":105552,"timezone":"Asia/Aden","translations":{"br":"Tarim","ko":"타림","pt-BR":"Tarim","pt":"Tarim","nl":"Tarim","hr":"Tarim","fa":"تاریم","de":"Tarim","es":"Tarim","fr":"Tarim","ja":"タリム","it":"Tarim","zh-CN":"塔里木","tr":"Tarım","ru":"Тарим","uk":"Тарім","pl":"Tarim","hi":"तारिम","ar":"تاريم"},"wikiDataId":"Q4117824"},{"id":130989,"name":"Thamud","state_id":1238,"state_code":"HD","state_name":"Hadhramaut","country_id":245,"country_code":"YE","country_name":"Yemen","latitude":"17.60310000","longitude":"49.73610000","native":"ثمود","type":"city","level":null,"parent_id":null,"population":1605,"timezone":"Asia/Aden","translations":{"br":"Thamud","ko":"타무드","pt-BR":"Thamud","pt":"Thamud","nl":"Thamoed","hr":"Semud","fa":"ثمود","de":"Thamud","es":"Tamud","fr":"Thamud","ja":"サムード","it":"Thamud","zh-CN":"赛莫德人","tr":"Semud","ru":"Тамуд","uk":"Самуд","pl":"Samud","hi":"समूद","ar":"ثمود"},"wikiDataId":"Q4117622"},{"id":130997,"name":"Wadi Al Ayn","state_id":1238,"state_code":"HD","state_name":"Hadhramaut","country_id":245,"country_code":"YE","country_name":"Yemen","latitude":"15.74033000","longitude":"48.14747000","native":"وادي العين","type":"city","level":null,"parent_id":null,"population":null,"timezone":"Asia/Aden","translations":{"br":"Wadi Al Ayn","ko":"와디 알 아인","pt-BR":"Wadi Al Ayn","pt":"Wadi Al Ayn","nl":"Wadi Al Ayn","hr":"Wadi Al Ayn","fa":"وادی العین","de":"Wadi Al Ayn","es":"Wadi Al Ayn","fr":"Ouadi Al Ayn","ja":"ワディ・アル・アイン","it":"Wadi Al Ayn","zh-CN":"艾因河谷","tr":"Vadi El Ayn","ru":"Вади-эль-Айн","uk":"Ваді-аль-Айн","pl":"Wadi Al Ayn","hi":"वादी अल ऐन","ar":"وادي العين"},"wikiDataId":"Q4117652"},{"id":131002,"name":"Yabuth","state_id":1238,"state_code":"HD","state_name":"Hadhramaut","country_id":245,"country_code":"YE","country_name":"Yemen","latitude":"14.71820000","longitude":"47.73580000","native":"يابوث","type":"city","level":null,"parent_id":null,"population":9862,"timezone":"Asia/Aden","translations":{"br":"Yabuth","ko":"야부트","pt-BR":"Yabuth","pt":"Yabuth","nl":"Yabuth","hr":"Jabut","fa":"یابوت","de":"Yabuth","es":"Yabuth","fr":"Yabuth","ja":"ヤブス","it":"Yabuth","zh-CN":"雅布斯","tr":"Yabuth","ru":"Ябут","uk":"Ябут","pl":"Jabuth","hi":"याबुथ","ar":"يابوث"},"wikiDataId":"Q4117608"},{"id":131007,"name":"Zamakh wa Manwakh","state_id":1238,"state_code":"HD","state_name":"Hadhramaut","country_id":245,"country_code":"YE","country_name":"Yemen","latitude":"17.20320000","longitude":"47.70330000","native":"زمخ ومنوخ","type":"city","level":null,"parent_id":null,"population":1505,"timezone":"Asia/Aden","translations":{"br":"Zamakh wa Manwakh","ko":"자막 와 만와크","pt-BR":"Zamakh wa Manwakh","pt":"Zamakh wa Manwakh","nl":"Zamakh wa Manwakh","hr":"Zamakh wa Manwakh","fa":"زمخ و منوخ","de":"Zamakh wa Manwakh","es":"Zamakh wa Manwakh","fr":"Zamakh wa Manwakh","ja":"ザマック・ワ・マンワック","it":"Zamakh wa Manwakh","zh-CN":"扎马克和曼瓦赫","tr":"Zamakh ve Manvakh","ru":"Замах ва Манвах","uk":"Замах ва Манвах","pl":"Zamakh wa Manwakh","hi":"ज़माख वा मनवाख","ar":"زمخ ومنوخ"},"wikiDataId":"Q4117646"}]