[{"id":130758,"name":"Al ‘Inān","state_id":1243,"state_code":"JA","state_name":"Al Jawf","country_id":245,"country_code":"YE","country_name":"Yemen","latitude":"16.72189000","longitude":"44.31252000","native":"العنان","type":"adm2","level":null,"parent_id":null,"population":100,"timezone":"Asia/Aden","translations":{"br":"Al ‘Inān","ko":"알 이난","pt-BR":"Al ‘Inān","pt":"Al ‘Inān","nl":"Al ‘Inān","hr":"Al-Inan","fa":"العنان","de":"Al ‘Inān","es":"Al ‘Inān","fr":"Al ‘Inān","ja":"アル・イナン","it":"Al ‘Inān","zh-CN":"艾尔·伊南","tr":"El İnan","ru":"Аль-Инан","uk":"Аль-Інан","pl":"Al ‘Inan","hi":"अल ‘इनान","ar":"العنان"},"wikiDataId":"Q270041"},{"id":130688,"name":"Al Ghayl","state_id":1243,"state_code":"JA","state_name":"Al Jawf","country_id":245,"country_code":"YE","country_name":"Yemen","latitude":"16.09140000","longitude":"44.68520000","native":"الغيل","type":"adm2","level":null,"parent_id":null,"population":0,"timezone":"Asia/Aden","translations":{"br":"Al Ghayl","ko":"알 가일","pt-BR":"Al Ghayl","pt":"Al Ghayl","nl":"Al Ghayl","hr":"Al Ghayl","fa":"الغیل","de":"Al Ghayl","es":"Al Ghayl","fr":"Al-Ghayl","ja":"アル・ガイル","it":"Al Ghayl","zh-CN":"阿尔盖勒","tr":"El-Gayl","ru":"Аль-Гайл","uk":"Аль-Гайл","pl":"Al Ghayl","hi":"अल ग़ायल","ar":"الغيل"},"wikiDataId":"Q4117300"},{"id":130698,"name":"Al Hazm","state_id":1243,"state_code":"JA","state_name":"Al Jawf","country_id":245,"country_code":"YE","country_name":"Yemen","latitude":"16.03780000","longitude":"44.95850000","native":"الحزم","type":"city","level":null,"parent_id":null,"population":16044,"timezone":"Asia/Aden","translations":{"br":"Al Hazm","ko":"알 하즘","pt-BR":"Al Hazm","pt":"Al Hazm","nl":"Al Hazm","hr":"Al-Hazm","fa":"الحزم","de":"Al Hazm","es":"Al Hazm","fr":"Al-Hazm","ja":"アル・ハズム","it":"Al Hazm","zh-CN":"哈兹姆","tr":"El Hazm","ru":"Аль-Хазм","uk":"Аль-Хазм","pl":"Al Hazm","hi":"अल हज़्म","ar":"الحزم"},"wikiDataId":"Q4117277"},{"id":130699,"name":"Al Humaydat","state_id":1243,"state_code":"JA","state_name":"Al Jawf","country_id":245,"country_code":"YE","country_name":"Yemen","latitude":"16.46670000","longitude":"44.42990000","native":"الحميدات","type":"adm2","level":null,"parent_id":null,"population":0,"timezone":"Asia/Aden","translations":{"br":"Al Humaydat","ko":"알 후마이다트","pt-BR":"Al Humaydat","pt":"Al Humaydat","nl":"Al Humaydat","hr":"Al-Humajdat","fa":"الحمیدات","de":"Al Humaydat","es":"Al Humaydat","fr":"Al-Humaydat","ja":"アル・フマイダット","it":"Al Humaydat","zh-CN":"胡迈达特","tr":"El Humeydat","ru":"Аль-Хумайдат","uk":"Аль-Хумейдат","pl":"Al Humaydat","hi":"अल हुमायदत","ar":"الحميدات"},"wikiDataId":"Q4117250"},{"id":130706,"name":"Al Khalq","state_id":1243,"state_code":"JA","state_name":"Al Jawf","country_id":245,"country_code":"YE","country_name":"Yemen","latitude":"16.06810000","longitude":"44.79700000","native":"الخلق","type":"adm1","level":null,"parent_id":null,"population":14123,"timezone":"Asia/Aden","translations":{"br":"Al Khalq","ko":"알 칼크","pt-BR":"Al Khalq","pt":"Al Khalq","nl":"Al Khalq","hr":"Al Khalq","fa":"الخلق","de":"Al Khalq","es":"Al Khalq","fr":"Al Khalq","ja":"アル・ハルク","it":"Al Khalq","zh-CN":"阿尔哈利克","tr":"El Halk","ru":"Аль-Хальк","uk":"Аль-Хальк","pl":"Al Khalq","hi":"अल खल्क","ar":"الخلق"},"wikiDataId":"Q4117347"},{"id":130725,"name":"Al Maslub","state_id":1243,"state_code":"JA","state_name":"Al Jawf","country_id":245,"country_code":"YE","country_name":"Yemen","latitude":"16.09610000","longitude":"44.56670000","native":"المصلوب","type":"city","level":null,"parent_id":null,"population":9938,"timezone":"Asia/Aden","translations":{"br":"Al Maslub","ko":"알 마슬루브","pt-BR":"Al Maslub","pt":"Al Maslub","nl":"Al Maslub","hr":"Al Maslub","fa":"المصلوب","de":"Al Maslub","es":"Al Maslub","fr":"Al Maslub","ja":"アル・マスラブ","it":"Al Maslub","zh-CN":"阿尔马斯鲁布","tr":"El Meslub","ru":"Аль Маслуб","uk":"Аль-Маслуб","pl":"Al Maslub","hi":"अल मसलूब","ar":"المصلوب"},"wikiDataId":"Q4117324"},{"id":130726,"name":"Al Matammah","state_id":1243,"state_code":"JA","state_name":"Al Jawf","country_id":245,"country_code":"YE","country_name":"Yemen","latitude":"16.19840000","longitude":"44.39020000","native":"المطمة","type":"adm2","level":null,"parent_id":null,"population":28935,"timezone":"Asia/Aden","translations":{"br":"Al Matammah","ko":"알 마타마","pt-BR":"Al Matammah","pt":"Al Matammah","nl":"Al Matammah","hr":"Al Matammah","fa":"المطمه","de":"Al Matammah","es":"Al Matammah","fr":"Al Matammah","ja":"アル・マタマ","it":"Al Matammah","zh-CN":"阿尔马塔玛","tr":"Al Matammah","ru":"Аль Матаммах","uk":"Аль-Матамма","pl":"Al Matammah","hi":"अल मतम्मा","ar":"المطمة"},"wikiDataId":"Q1884259"},{"id":130727,"name":"Al Maton","state_id":1243,"state_code":"JA","state_name":"Al Jawf","country_id":245,"country_code":"YE","country_name":"Yemen","latitude":"16.28720000","longitude":"44.63890000","native":"آل ماتون","type":"adm2","level":null,"parent_id":null,"population":28411,"timezone":"Asia/Aden","translations":{"br":"Al Maton","ko":"알 마톤","pt-BR":"Al Maton","pt":"Al Maton","nl":"Al Maton","hr":"Al Maton","fa":"آل ماتون","de":"Al Maton","es":"Al Maton","fr":"Al Maton","ja":"アル・マトン","it":"Al Maton","zh-CN":"阿尔·马顿","tr":"Al Maton","ru":"Аль Матон","uk":"Аль-Матон","pl":"Al Maton","hi":"अल मातन","ar":"آل ماتون"},"wikiDataId":"Q4704407"},{"id":130821,"name":"Barţ al ‘Anān","state_id":1243,"state_code":"JA","state_name":"Al Jawf","country_id":245,"country_code":"YE","country_name":"Yemen","latitude":"16.91972000","longitude":"44.51882000","native":"برط العنان","type":"city","level":null,"parent_id":null,"population":null,"timezone":"Asia/Aden","translations":{"br":"Barţ al ‘Anān","ko":"바르트 알 아난","pt-BR":"Barţ al ‘Anān","pt":"Barţ al ‘Anān","nl":"Barţ al ‘Anān","hr":"Bart al-Anān","fa":"برط العنان","de":"Barţ al ‘Anān","es":"Barţ al ‘Anān","fr":"Barţ al ‘Anān","ja":"バルツ・アル・アナン","it":"Barţ al ‘Anān","zh-CN":"巴尔塔·阿尔·阿南","tr":"Barţ al ‘Anān","ru":"Barţ al ‘Anān","uk":"Барт аль-Анан","pl":"Barţ al ‘Anān","hi":"Barţ al ‘Anān","ar":"برط العنان"},"wikiDataId":"Q4117229"},{"id":130885,"name":"Khabb wa ash Sha'af","state_id":1243,"state_code":"JA","state_name":"Al Jawf","country_id":245,"country_code":"YE","country_name":"Yemen","latitude":"16.59750000","longitude":"45.78530000","native":"خَبَّبٌ وَالشَّعَاف","type":"city","level":null,"parent_id":null,"population":80193,"timezone":"Asia/Aden","translations":{"br":"Khabb wa ash Sha'af","ko":"카브 와 아쉬 샤프","pt-BR":"Khabb wa ash Sha'af","pt":"Khabb wa ash Sha'af","nl":"Khabb wa ash Sha'af","hr":"Khabb wa ash Sha'af","fa":"خب و الشعف","de":"Khabb wa ash Sha'af","es":"Khabb wa ash Shaaf","fr":"Khabb wa ash Sha'af","ja":"カブ・ワ・アシュ・シャアフ","it":"Khabb wa ash Sha'af","zh-CN":"哈布·瓦·阿什·沙夫","tr":"Habb ve eş Şa'af","ru":"Хабб ва аш Шааф","uk":"Хабб ва аш-Шааф","pl":"Khabb wa ash Sha'af","hi":"ख़ब्ब वा अश शाफ़","ar":"خَبَّ وَالشَّعَاف"},"wikiDataId":"Q4117286"},{"id":130888,"name":"Kharab Al Marashi","state_id":1243,"state_code":"JA","state_name":"Al Jawf","country_id":245,"country_code":"YE","country_name":"Yemen","latitude":"16.61070000","longitude":"44.22550000","native":"خراب المرعشي","type":"city","level":null,"parent_id":null,"population":63532,"timezone":"Asia/Aden","translations":{"br":"Kharab Al Marashi","ko":"카라브 알 마라시","pt-BR":"Kharab Al Marashi","pt":"Kharab Al Marashi","nl":"Kharab Al Marashi","hr":"Kharab Al Marashi","fa":"خراب المرعشی","de":"Kharab Al Marashi","es":"Kharab Al Marashi","fr":"Kharab Al Marashi","ja":"カラブ・アル・マラシ","it":"Kharab Al Marashi","zh-CN":"卡拉布·阿尔·马拉希","tr":"Kharab Al Marashi","ru":"Хараб Аль Мараши","uk":"Хараб Аль-Мараші","pl":"Kharab Al Marashi","hi":"ख़राब अल मराशी","ar":"خراب المرعشي"},"wikiDataId":"Q4117302"},{"id":130950,"name":"Rajuzah","state_id":1243,"state_code":"JA","state_name":"Al Jawf","country_id":245,"country_code":"YE","country_name":"Yemen","latitude":"16.63420000","longitude":"44.50420000","native":"راجوزة","type":"adm2","level":null,"parent_id":null,"population":73723,"timezone":"Asia/Aden","translations":{"br":"Rajuzah","ko":"라주자","pt-BR":"Rajuzah","pt":"Rajuzah","nl":"Rajuzah","hr":"Rajuzah","fa":"راجوزا","de":"Rajuzah","es":"Rajuzah","fr":"Rajuzah","ja":"ラジュザ","it":"Rajuzah","zh-CN":"拉贾扎","tr":"Rajuzah","ru":"Раджуза","uk":"Раджуза","pl":"Rajuzah","hi":"राजूज़ा","ar":"راجوزة"},"wikiDataId":"Q4117304"}]