[{"id":130664,"name":"Abs","state_id":1244,"state_code":"HJ","state_name":"Hajjah","country_id":245,"country_code":"YE","country_name":"Yemen","latitude":"16.02150000","longitude":"43.04850000","native":"عضلات البطن","type":"city","level":null,"parent_id":null,"population":133824,"timezone":"Asia/Aden","translations":{"br":"Abs","ko":"복근","pt-BR":"Abdominais","pt":"Abdominais","nl":"Buikspieren","hr":"Trbušnjaci","fa":"شکم","de":"Bauchmuskeln","es":"Abdominales","fr":"Abdos","ja":"腹筋","it":"Addominali","zh-CN":"腹肌","tr":"Karın kasları","ru":"Пресс","uk":"Прес","pl":"Mięśnie brzucha","hi":"पेट","ar":"عضلات البطن"},"wikiDataId":"Q4117405"},{"id":130671,"name":"Aflah Al Yaman","state_id":1244,"state_code":"HJ","state_name":"Hajjah","country_id":245,"country_code":"YE","country_name":"Yemen","latitude":"15.97890000","longitude":"43.41110000","native":"أفلح اليمن","type":"adm2","level":null,"parent_id":null,"population":38874,"timezone":"Asia/Aden","translations":{"br":"Aflah Al Yaman","ko":"아플라 알 야만","pt-BR":"Aflah Al Yaman","pt":"Aflah Al Yaman","nl":"Aflah Al Yaman","hr":"Aflah Al Yaman","fa":"افلح الیمن","de":"Aflah Al Yaman","es":"Aflah Al Yaman","fr":"Aflah Al Yaman","ja":"アフラ・アル・ヤマン","it":"Aflah Al Yaman","zh-CN":"阿夫拉·阿尔·亚曼","tr":"Aflah El Yaman","ru":"Афлах Аль Яман","uk":"Афлах Аль-Яман","pl":"Aflah Al Yaman","hi":"अफ़ला अल यमन","ar":"أفلح اليمن"},"wikiDataId":"Q4117521"},{"id":130672,"name":"Aflah Ash Shawm","state_id":1244,"state_code":"HJ","state_name":"Hajjah","country_id":245,"country_code":"YE","country_name":"Yemen","latitude":"16.05280000","longitude":"43.41200000","native":"أفلح الشوام","type":"city","level":null,"parent_id":null,"population":54054,"timezone":"Asia/Aden","translations":{"br":"Aflah Ash Shawm","ko":"아플라 애쉬 샴","pt-BR":"Aflah Ash Shawm","pt":"Aflah Ash Shawm","nl":"Aflah Ash Shawm","hr":"Aflah Ash Shawm","fa":"افلاه آش شاوم","de":"Aflah Ash Shawm","es":"Shawm de ceniza de Aflah","fr":"Aflah Ash Shawm","ja":"アフラ・アッシュ・ショーム","it":"Aflah Ash Shawm","zh-CN":"阿夫拉·阿什·肖姆","tr":"Aflah Ash Shawm","ru":"Афла Эш Шаум","uk":"Афлах Аш Шавм","pl":"Aflah Ash Shawm","hi":"अफ़ला ऐश शॉम","ar":"أفلح الشوام"},"wikiDataId":"Q4117422"},{"id":130703,"name":"Al Jamimah","state_id":1244,"state_code":"HJ","state_name":"Hajjah","country_id":245,"country_code":"YE","country_name":"Yemen","latitude":"16.02840000","longitude":"43.52970000","native":"الجامعة","type":"adm2","level":null,"parent_id":null,"population":3,"timezone":"Asia/Aden","translations":{"br":"Al Jamimah","ko":"알 자미마","pt-BR":"Al Jamimah","pt":"Al Jamimah","nl":"Al Jamimah","hr":"Al-Džamima","fa":"الجمعیه","de":"Al Jamimah","es":"Al Jamimah","fr":"Al Jamimah","ja":"アル・ジャミマ","it":"Al Jamimah","zh-CN":"艾尔贾米玛","tr":"Al Camimah","ru":"Аль-Джамима","uk":"Аль-Джаміма","pl":"Al Jamimah","hi":"अल जमीमा","ar":"الجامعة"},"wikiDataId":"Q4117517"},{"id":130712,"name":"Al Maghrabah","state_id":1244,"state_code":"HJ","state_name":"Hajjah","country_id":245,"country_code":"YE","country_name":"Yemen","latitude":"15.89370000","longitude":"43.60910000","native":"المغربة","type":"adm2","level":null,"parent_id":null,"population":5,"timezone":"Asia/Aden","translations":{"br":"Al Maghrabah","ko":"알 마그라바","pt-BR":"Al Maghrabah","pt":"Al Maghrabah","nl":"Al Maghrabah","hr":"Al Maghrabah","fa":"المغربة","de":"Al Maghrabah","es":"Al Maghrabah","fr":"Al Maghrabah","ja":"アル・マグラバー","it":"Al Maghrabah","zh-CN":"阿尔马格拉巴","tr":"Al Maghrabah","ru":"Аль-Маграба","uk":"Аль-Маграба","pl":"Al Maghrabah","hi":"अल मगराबा","ar":"المغربة"},"wikiDataId":"Q4117504"},{"id":130713,"name":"Al Mahabishah","state_id":1244,"state_code":"HJ","state_name":"Hajjah","country_id":245,"country_code":"YE","country_name":"Yemen","latitude":"15.92870000","longitude":"43.44800000","native":"المحابشة","type":"adm2","level":null,"parent_id":null,"population":14746,"timezone":"Asia/Aden","translations":{"br":"Al Mahabishah","ko":"알 마하비샤","pt-BR":"Al Mahabishah","pt":"Al Mahabishah","nl":"Al Mahabishah","hr":"Al-Mahabišah","fa":"المهابیشه","de":"Al Mahabishah","es":"Al Mahabishah","fr":"Al Mahabishah","ja":"アル・マハビシャ","it":"Al Mahabishah","zh-CN":"艾尔·马哈比沙","tr":"El Mahabishah","ru":"Аль Махабиша","uk":"Аль-Махабішах","pl":"Al Mahabishah","hi":"अल महाबिशाह","ar":"المحابشة"},"wikiDataId":"Q4117340"},{"id":130730,"name":"Al Miftah","state_id":1244,"state_code":"HJ","state_name":"Hajjah","country_id":245,"country_code":"YE","country_name":"Yemen","latitude":"15.96100000","longitude":"43.51470000","native":"المفتاح","type":"adm2","level":null,"parent_id":null,"population":31691,"timezone":"Asia/Aden","translations":{"br":"Al Miftah","ko":"알 미프타","pt-BR":"Al Miftah","pt":"Al Miftah","nl":"Al Miftah","hr":"Al-Miftah","fa":"المفتاح","de":"Al Miftah","es":"Al Miftah","fr":"Al Miftah","ja":"アル・ミフタ","it":"Al Miftah","zh-CN":"阿尔米夫塔赫","tr":"El Miftah","ru":"Аль-Мифтах","uk":"Аль-Міфтах","pl":"Al Miftah","hi":"अल मिफ्ताह","ar":"المفتاح"},"wikiDataId":"Q285269"},{"id":130787,"name":"Ash Shaghadirah","state_id":1244,"state_code":"HJ","state_name":"Hajjah","country_id":245,"country_code":"YE","country_name":"Yemen","latitude":"15.60610000","longitude":"43.49920000","native":"الشغاديرة","type":"adm2","level":null,"parent_id":null,"population":48746,"timezone":"Asia/Aden","translations":{"br":"Ash Shaghadira","ko":"아쉬 샤가디라","pt-BR":"Ash Shaghadirah","pt":"Ash Shaghadirah","nl":"As Shaghadirah","hr":"Ash Shaghadirah","fa":"آش شغادیره","de":"Ash Shaghadirah","es":"Ash Shaghadirah","fr":"Ash Shaghadirah","ja":"アッシュ・シャガディラ","it":"Ash Shaghadirah","zh-CN":"阿什·沙加迪拉","tr":"Ash Shaghadirah","ru":"Эш Шагадира","uk":"Аш-Шагадіра","pl":"Ash Shaghadirah","hi":"ऐश शगदिरा","ar":"الشغاديرة"},"wikiDataId":"Q4117322"},{"id":130788,"name":"Ash Shahil","state_id":1244,"state_code":"HJ","state_name":"Hajjah","country_id":245,"country_code":"YE","country_name":"Yemen","latitude":"15.85530000","longitude":"43.45160000","native":"آش شاهيل","type":"adm2","level":null,"parent_id":null,"population":32548,"timezone":"Asia/Aden","translations":{"br":"Ash Shahil","ko":"애쉬 샤힐","pt-BR":"Ash Shahil","pt":"Ash Shahil","nl":"Ash Shahil","hr":"Aš Šahil","fa":"آش شاهیل","de":"Ash Shahil","es":"Ash Shahil","fr":"Ash Shahil","ja":"アッシュ・シャヒル","it":"Ash Shahil","zh-CN":"阿什·沙希尔","tr":"Ash Shahil","ru":"Эш Шахил","uk":"Аш-Шахіл","pl":"Asz-Szahil","hi":"ऐश शाहिल","ar":"آش شاهيل"},"wikiDataId":"Q4804442"},{"id":130795,"name":"Aslem","state_id":1244,"state_code":"HJ","state_name":"Hajjah","country_id":245,"country_code":"YE","country_name":"Yemen","latitude":"16.06000000","longitude":"43.29390000","native":"أسلم","type":"adm2","level":null,"parent_id":null,"population":49227,"timezone":"Asia/Aden","translations":{"br":"Aslem","ko":"아슬렘","pt-BR":"Aslem","pt":"Aslem","nl":"Aslem","hr":"Aslem","fa":"اسلم","de":"Aslem","es":"Aslem","fr":"Aslem","ja":"アスレム","it":"Aslem","zh-CN":"阿斯莱姆","tr":"Aslem","ru":"Аслем","uk":"Аслем","pl":"Aslem","hi":"असलेम","ar":"أسلم"},"wikiDataId":"Q4117502"},{"id":130811,"name":"Bakil Al Mir","state_id":1244,"state_code":"HJ","state_name":"Hajjah","country_id":245,"country_code":"YE","country_name":"Yemen","latitude":"16.50690000","longitude":"43.36150000","native":"بكيل المير","type":"city","level":null,"parent_id":null,"population":21701,"timezone":"Asia/Aden","translations":{"br":"Bakil Al Mir","ko":"바킬 알 미르","pt-BR":"Bakil Al Mir","pt":"Bakil Al Mir","nl":"Bakil Al Mir","hr":"Bakil Al-Mir","fa":"بکیل المیر","de":"Bakil Al Mir","es":"Bakil Al Mir","fr":"Bakil Al Mir","ja":"バキル・アル・ミール","it":"Bakil Al Mir","zh-CN":"巴基勒·阿尔·米尔","tr":"Bakil Al Mir","ru":"Бакил Аль Мир","uk":"Бакіл Аль-Мір","pl":"Bakil Al Mir","hi":"बकील अल मीर","ar":"بكيل المير"},"wikiDataId":"Q4117425"},{"id":130819,"name":"Banī al ‘Awwām","state_id":1244,"state_code":"HJ","state_name":"Hajjah","country_id":245,"country_code":"YE","country_name":"Yemen","latitude":"15.58119000","longitude":"43.58727000","native":"بني العوام","type":"adm2","level":null,"parent_id":null,"population":41,"timezone":"Asia/Aden","translations":{"br":"Banī al ‘Awwām","ko":"바니 알 아와암","pt-BR":"Banī al ‘Awwām","pt":"Banī al ‘Awwām","nl":"Banī al ‘Awwām","hr":"Banī al-‘Awwām","fa":"بنی العوام","de":"Banī al ‘Awwām","es":"Banī al ‘Awwām","fr":"Banī al ‘Awwām","ja":"バニー・アル・アウワーム","it":"Banī al ‘Awwām","zh-CN":"巴尼·阿尔·阿瓦姆","tr":"Banī al ‘Awwām","ru":"Бани аль ‘Аввам","uk":"Бані аль-Аввам","pl":"Banī al ‘Awwām","hi":"बनी अल अव्वाम","ar":"بني العوام"},"wikiDataId":"Q4117563"},{"id":130812,"name":"Bani Al Awam","state_id":1244,"state_code":"HJ","state_name":"Hajjah","country_id":245,"country_code":"YE","country_name":"Yemen","latitude":"15.58100000","longitude":"43.60790000","native":"بني العوام","type":"city","level":null,"parent_id":null,"population":52222,"timezone":"Asia/Aden","translations":{"br":"Bani Al Awam","ko":"바니 알 아와암","pt-BR":"Bani Al Awam","pt":"Bani Al Awam","nl":"Bani Al Awam","hr":"Bani Al-Awam","fa":"بنی العوام","de":"Bani Al Awam","es":"Bani Al Awam","fr":"Bani Al Awam","ja":"バニ・アル・アワム","it":"Bani Al Awam","zh-CN":"巴尼·阿尔·阿瓦姆","tr":"Beni El Avam","ru":"Бани аль-Авам","uk":"Бані Аль-Авам","pl":"Bani Al Awam","hi":"बानी अल अवाम","ar":"بني العوام"},"wikiDataId":"Q4117407"},{"id":130816,"name":"Bani Qa'is","state_id":1244,"state_code":"HJ","state_name":"Hajjah","country_id":245,"country_code":"YE","country_name":"Yemen","latitude":"15.63460000","longitude":"43.33720000","native":"بني قيس","type":"adm2","level":null,"parent_id":null,"population":54272,"timezone":"Asia/Aden","translations":{"br":"Bani Qa'is","ko":"바니 카이스","pt-BR":"Bani Qa'is","pt":"Bani Qa'is","nl":"Bani Qa'is","hr":"Bani Qa'is","fa":"بنی قیس","de":"Bani Qa'is","es":"Bani Qais","fr":"Bani Qa'is","ja":"バニ・カイス","it":"Bani Qa'is","zh-CN":"巴尼盖伊斯","tr":"Beni Kays","ru":"Бани Каис","uk":"Бані Каїс","pl":"Bani Qa'is","hi":"बानी क़ैस","ar":"بني قيس"},"wikiDataId":"Q4117530"},{"id":130850,"name":"Hajjah","state_id":1244,"state_code":"HJ","state_name":"Hajjah","country_id":245,"country_code":"YE","country_name":"Yemen","latitude":"15.68160000","longitude":"43.44996000","native":"حجة","type":"adm2","level":null,"parent_id":null,"population":46568,"timezone":"Asia/Aden","translations":{"br":"Hajjah","ko":"하자","pt-BR":"Hajjah","pt":"Hajjah","nl":"Hadjah","hr":"Hadža","fa":"حجه","de":"Hadschah","es":"Hajjah","fr":"Hajjah","ja":"ハジャ","it":"Hajjah","zh-CN":"朝觐","tr":"Hacca","ru":"Хаджа","uk":"Хаджа","pl":"Hadżdża","hi":"हज्जाह","ar":"حجة"},"wikiDataId":"Q4117505"},{"id":130854,"name":"Harad","state_id":1244,"state_code":"HJ","state_name":"Hajjah","country_id":245,"country_code":"YE","country_name":"Yemen","latitude":"16.40447000","longitude":"43.07739000","native":"منطقة حرض","type":"district","level":null,"parent_id":null,"population":93523,"timezone":"Asia/Aden","translations":{"br":"Distrig Harad","ko":"하라드 지구","pt-BR":"Distrito de Harad","pt":"Distrito de Harad","nl":"Harad-district","hr":"Okrug Harad","fa":"ناحیه هاراد","de":"Bezirk Harad","es":"Distrito de Harad","fr":"District de Harad","ja":"ハラド地区","it":"Distretto di Harad","zh-CN":"哈拉德区","tr":"Harad Bölgesi","ru":"Харадский район","uk":"Район Харад","pl":"Dzielnica Harad","hi":"हरद जिला","ar":"منطقة حرض"},"wikiDataId":"Q1884189"},{"id":130862,"name":"Hayran","state_id":1244,"state_code":"HJ","state_name":"Hajjah","country_id":245,"country_code":"YE","country_name":"Yemen","latitude":"16.25080000","longitude":"43.05990000","native":"حيران","type":"adm2","level":null,"parent_id":null,"population":4,"timezone":"Asia/Aden","translations":{"br":"Hayran","ko":"하이란","pt-BR":"Hayran","pt":"Hayran","nl":"Hayran","hr":"Hajran","fa":"هیران","de":"Hayran","es":"Hayran","fr":"Hayran","ja":"ハイラン","it":"Hayran","zh-CN":"海兰","tr":"Hayran","ru":"Айран","uk":"Хайран","pl":"Hajran","hi":"हेरान","ar":"حيران"},"wikiDataId":"Q4117436"},{"id":130890,"name":"Khayran Al Muharraq","state_id":1244,"state_code":"HJ","state_name":"Hajjah","country_id":245,"country_code":"YE","country_name":"Yemen","latitude":"16.08964000","longitude":"43.35755000","native":"خيران المحرق","type":"adm2","level":null,"parent_id":null,"population":68707,"timezone":"Asia/Aden","translations":{"br":"Khayran Al Muharraq","ko":"카이란 알 무하라크","pt-BR":"Khayran Al Muharraq","pt":"Khayran Al Muharraq","nl":"Khayran Al Muharraq","hr":"Khayran Al Muharraq","fa":"خیران المحرق","de":"Khayran Al Muharraq","es":"Khayran Al Muharraq","fr":"Khayran Al Muharraq","ja":"カイラン・アル・ムハッラク","it":"Khayran Al Muharraq","zh-CN":"海兰·穆哈拉格","tr":"Hayran El Muharrak","ru":"Хайран Аль Мухаррак","uk":"Хайран Аль-Мухаррак","pl":"Khayran Al Muharraq","hi":"खैरान अल मुहर्रक","ar":"خيران المحرق"},"wikiDataId":"Q4117331"},{"id":130895,"name":"Ku'aydinah","state_id":1244,"state_code":"HJ","state_name":"Hajjah","country_id":245,"country_code":"YE","country_name":"Yemen","latitude":"15.81830000","longitude":"43.35990000","native":"كعيدينة","type":"adm2","level":null,"parent_id":null,"population":69332,"timezone":"Asia/Aden","translations":{"br":"Ku'aydinah","ko":"쿠아이디나","pt-BR":"Ku'aydinah","pt":"Ku'aydinah","nl":"Ku'aydinah","hr":"Ku'aydinah","fa":"قویدینه","de":"Ku'aydinah","es":"Ku'aydinah","fr":"Ku'aydinah","ja":"クアイディナ","it":"Ku'aydinah","zh-CN":"库艾迪娜","tr":"Ku'aydinah","ru":"Куайдина","uk":"Куайдіна","pl":"Ku'aydinah","hi":"कु'आयदीना","ar":"كعيدينة"},"wikiDataId":"Q4117507"},{"id":130896,"name":"Kuhlan Affar","state_id":1244,"state_code":"HJ","state_name":"Hajjah","country_id":245,"country_code":"YE","country_name":"Yemen","latitude":"15.75540000","longitude":"43.69700000","native":"كهلان عفار","type":"adm2","level":null,"parent_id":null,"population":40333,"timezone":"Asia/Aden","translations":{"br":"Kuhlan Affar","ko":"쿨란 아파르","pt-BR":"Kuhlan Affar","pt":"Kuhlan Affar","nl":"Kuhlan-affaire","hr":"Kuhlan Affar","fa":"کوهلان افار","de":"Kuhlan-Affäre","es":"Kuhlan Affar","fr":"L'affaire Kuhlan","ja":"クーラン・アファール","it":"Affare Kuhlan","zh-CN":"库兰·阿法尔","tr":"Kuhlan Olayı","ru":"Кухлан Аффар","uk":"Кулан Аффар","pl":"Sprawa Kuhlana","hi":"कुहलान अफ़्फ़ार","ar":"كهلان عفار"},"wikiDataId":"Q4117411"},{"id":130897,"name":"Kuhlan Ash Sharaf","state_id":1244,"state_code":"HJ","state_name":"Hajjah","country_id":245,"country_code":"YE","country_name":"Yemen","latitude":"16.02310000","longitude":"43.48630000","native":"كهلان الشرف","type":"adm2","level":null,"parent_id":null,"population":44760,"timezone":"Asia/Aden","translations":{"br":"Kuhlan Ash Sharaf","ko":"쿨란 아쉬 샤라프","pt-BR":"Kuhlan Ash Sharaf","pt":"Kuhlan Ash Sharaf","nl":"Kuhlan Ash Sharaf","hr":"Kuhlan Ash Sharaf","fa":"کوهلان اش شرف","de":"Kuhlan Ash Sharaf","es":"Kuhlan Ash Sharaf","fr":"Kuhlan Ash Sharaf","ja":"クーラン・アッシュ・シャラフ","it":"Kuhlan Ash Sharaf","zh-CN":"库赫兰·阿什·沙拉夫","tr":"Kuhlan Ash Sharaf","ru":"Кухлан Эш Шараф","uk":"Кухлан Аш Шараф","pl":"Kuhlan Ash Sharaf","hi":"कुहलान अश शराफ","ar":"كهلان الشرف"},"wikiDataId":"Q4117527"},{"id":130898,"name":"Kushar","state_id":1244,"state_code":"HJ","state_name":"Hajjah","country_id":245,"country_code":"YE","country_name":"Yemen","latitude":"16.17090000","longitude":"43.47200000","native":"كوشار","type":"adm2","level":null,"parent_id":null,"population":74176,"timezone":"Asia/Aden","translations":{"br":"Kushar","ko":"쿠샤르","pt-BR":"Kushar","pt":"Kushar","nl":"Kushar","hr":"Kušar","fa":"کوشار","de":"Kuschar","es":"Kushar","fr":"Kushar","ja":"クシャール","it":"Kushar","zh-CN":"库沙尔","tr":"Kuşar","ru":"Кушар","uk":"Кушар","pl":"Kushar","hi":"कुशार","ar":"كوشار"},"wikiDataId":"Q4117508"},{"id":130903,"name":"Mabyan","state_id":1244,"state_code":"HJ","state_name":"Hajjah","country_id":245,"country_code":"YE","country_name":"Yemen","latitude":"15.77170000","longitude":"43.55100000","native":"مابيان","type":"adm2","level":null,"parent_id":null,"population":50732,"timezone":"Asia/Aden","translations":{"br":"Mabyan","ko":"마비안","pt-BR":"Mabyan","pt":"Mabyan","nl":"Mabyan","hr":"Mabyan","fa":"مبیان","de":"Mabyan","es":"Mabyan","fr":"Mabyan","ja":"マビアン","it":"Mabyan","zh-CN":"马比扬","tr":"Mabyan","ru":"Мабян","uk":"Мабян","pl":"Mabyan","hi":"माब्यान","ar":"مابيان"},"wikiDataId":"Q4117532"},{"id":130924,"name":"Midi","state_id":1244,"state_code":"HJ","state_name":"Hajjah","country_id":245,"country_code":"YE","country_name":"Yemen","latitude":"16.19202000","longitude":"42.88913000","native":"ميدي","type":"city","level":null,"parent_id":null,"population":16604,"timezone":"Asia/Aden","translations":{"br":"Midi","ko":"미디","pt-BR":"Midi","pt":"Midi","nl":"Midi","hr":"Midi","fa":"میدی","de":"Midi","es":"Mediodía","fr":"Midi","ja":"ミディ","it":"Midi","zh-CN":"米迪","tr":"Midi","ru":"Миди","uk":"Міді","pl":"Midi","hi":"मिडी","ar":"ميدي"},"wikiDataId":"Q4117541"},{"id":130931,"name":"Mustaba","state_id":1244,"state_code":"HJ","state_name":"Hajjah","country_id":245,"country_code":"YE","country_name":"Yemen","latitude":"16.27360000","longitude":"43.26850000","native":"مصطفى","type":"adm2","level":null,"parent_id":null,"population":42531,"timezone":"Asia/Aden","translations":{"br":"Mustaba","ko":"무스타바","pt-BR":"Mustaba","pt":"Mustaba","nl":"Mustaba","hr":"Mustaba","fa":"مستبا","de":"Mustaba","es":"Mustaba","fr":"Mustaba","ja":"ムスタバ","it":"Mustaba","zh-CN":"穆斯塔巴","tr":"Mustaba","ru":"Мустаба","uk":"Мустаба","pl":"Mustaba","hi":"मुस्तबा","ar":"مصطفى"},"wikiDataId":"Q4117513"},{"id":130935,"name":"Najrah","state_id":1244,"state_code":"HJ","state_name":"Hajjah","country_id":245,"country_code":"YE","country_name":"Yemen","latitude":"15.65270000","longitude":"43.54520000","native":"نجره","type":"adm2","level":null,"parent_id":null,"population":35942,"timezone":"Asia/Aden","translations":{"br":"Najrah","ko":"나즈라","pt-BR":"Najrah","pt":"Najrah","nl":"Najrah","hr":"Najrah","fa":"نجره","de":"Nadschra","es":"Najrah","fr":"Najrah","ja":"ナジュラ","it":"Najrah","zh-CN":"纳吉拉","tr":"Necrâh","ru":"Наджра","uk":"Наджра","pl":"Najrah","hi":"नज़राह","ar":"نجره"},"wikiDataId":"Q4117428"},{"id":130939,"name":"Qafl Shamer","state_id":1244,"state_code":"HJ","state_name":"Hajjah","country_id":245,"country_code":"YE","country_name":"Yemen","latitude":"15.90870000","longitude":"43.36400000","native":"قفل شمر","type":"adm2","level":null,"parent_id":null,"population":50439,"timezone":"Asia/Aden","translations":{"br":"Qafl Shamer","ko":"카플 샤머","pt-BR":"Qafl Shamer","pt":"Qafl Shamer","nl":"Qafl Shamer","hr":"Qafl Shamer","fa":"قافل شمر","de":"Qafl Shamer","es":"Qafl Shamer","fr":"Shamer Qafl","ja":"カフル・シャメル","it":"Qafl Shamer","zh-CN":"卡夫尔·沙默尔","tr":"Kaf Şamer","ru":"Кафл Шамер","uk":"Кафл Шамер","pl":"Qafl Shamer","hi":"कफ़ल शमर","ar":"قفل شمر"},"wikiDataId":"Q4117511"},{"id":130941,"name":"Qarah","state_id":1244,"state_code":"HJ","state_name":"Hajjah","country_id":245,"country_code":"YE","country_name":"Yemen","latitude":"16.40190000","longitude":"43.47400000","native":"قارة","type":"adm2","level":null,"parent_id":null,"population":30641,"timezone":"Asia/Aden","translations":{"br":"Qarah","ko":"카라","pt-BR":"Qarah","pt":"Qarah","nl":"Qarah","hr":"Karah","fa":"قره","de":"Qarah","es":"Qarah","fr":"Qarah","ja":"カラ","it":"Qarah","zh-CN":"卡拉","tr":"Karah","ru":"Карах","uk":"Карах","pl":"Qarah","hi":"क़राह","ar":"قارة"},"wikiDataId":"Q4117506"},{"id":130978,"name":"Sharas","state_id":1244,"state_code":"HJ","state_name":"Hajjah","country_id":245,"country_code":"YE","country_name":"Yemen","latitude":"15.72860000","longitude":"43.65460000","native":"شاراس","type":"adm2","level":null,"parent_id":null,"population":0,"timezone":"Asia/Aden","translations":{"br":"Sharas","ko":"샤라스","pt-BR":"Sharas","pt":"Sharas","nl":"Sharas","hr":"Šaras","fa":"شاراس","de":"Sharas","es":"Sharas","fr":"Sharas","ja":"シャラス","it":"Sharas","zh-CN":"沙拉斯","tr":"Sharas","ru":"Шарас","uk":"Шарас","pl":"Sharas","hi":"शरस","ar":"شاراس"},"wikiDataId":"Q4117343"},{"id":130996,"name":"Wadhrah","state_id":1244,"state_code":"HJ","state_name":"Hajjah","country_id":245,"country_code":"YE","country_name":"Yemen","latitude":"15.71420000","longitude":"43.46670000","native":"واذراه","type":"adm2","level":null,"parent_id":null,"population":10928,"timezone":"Asia/Aden","translations":{"br":"Wadhrah","ko":"와드라","pt-BR":"Wadhrah","pt":"Wadhrah","nl":"Wadhrah","hr":"Wadhrah","fa":"ودهرا","de":"Wadhrah","es":"Wadhrah","fr":"Wadhrah","ja":"ワドラ","it":"Wadhrah","zh-CN":"瓦德拉","tr":"Wadhrah","ru":"Вадрах","uk":"Вадхра","pl":"Wadhra","hi":"वाधरा","ar":"واذراه"},"wikiDataId":"Q4117352"},{"id":130999,"name":"Washḩah","state_id":1244,"state_code":"HJ","state_name":"Hajjah","country_id":245,"country_code":"YE","country_name":"Yemen","latitude":"16.32158000","longitude":"43.37555000","native":"وشحة","type":"adm2","level":null,"parent_id":null,"population":4,"timezone":"Asia/Aden","translations":{"br":"Gwalc'hiñ","ko":"와샤","pt-BR":"Washḩah","pt":"Washḩah","nl":"Washḩah","hr":"Washḩah","fa":"واشه","de":"Washḩah","es":"Washḩah","fr":"Washḩah","ja":"ワシュア","it":"Washḩah","zh-CN":"瓦什哈","tr":"Washḩah","ru":"Вашха","uk":"Ваша","pl":"Washḩah","hi":"वाश्हा","ar":"وشحة"},"wikiDataId":"Q4117433"}]