[{"id":131014,"name":"‘Ans","state_id":1246,"state_code":"DH","state_name":"Dhamar","country_id":245,"country_code":"YE","country_name":"Yemen","latitude":"14.43606000","longitude":"44.38889000","native":"'أنس","type":"city","level":null,"parent_id":null,"population":null,"timezone":"Asia/Aden","translations":{"br":"'Respont","ko":"'답","pt-BR":"‘Resposta","pt":"‘Resposta","nl":"Antwoord","hr":"Odgovor","fa":"آنس","de":"‘Ans","es":"Respuesta","fr":"‘Ans","ja":"「アンス","it":"Risposta","zh-CN":"安斯","tr":"Cevap","ru":"‘Ответ","uk":"Відповідь","pl":"Odpowiedź","hi":"‘उत्तर","ar":"'أنس"},"wikiDataId":"Q4117317"},{"id":130691,"name":"Al Hada","state_id":1246,"state_code":"DH","state_name":"Dhamar","country_id":245,"country_code":"YE","country_name":"Yemen","latitude":"14.80760000","longitude":"44.56790000","native":"الهدا","type":"adm2","level":null,"parent_id":null,"population":143100,"timezone":"Asia/Aden","translations":{"br":"Al Hada","ko":"알 하다","pt-BR":"Al Hada","pt":"Al Hada","nl":"Al Hada","hr":"Al-Hada","fa":"الهدا","de":"Al Hada","es":"Al Hada","fr":"Al Hada","ja":"アル・ハダ","it":"Al Hada","zh-CN":"阿尔哈达","tr":"El Hada","ru":"Аль-Хада","uk":"Аль-Хада","pl":"Al Hada","hi":"अल हदा","ar":"الهدا"},"wikiDataId":"Q1650858"},{"id":130718,"name":"Al Manar","state_id":1246,"state_code":"DH","state_name":"Dhamar","country_id":245,"country_code":"YE","country_name":"Yemen","latitude":"14.65300000","longitude":"44.11640000","native":"المنار","type":"adm2","level":null,"parent_id":null,"population":49390,"timezone":"Asia/Aden","translations":{"br":"Al Manar","ko":"알 마나르","pt-BR":"Al Manar","pt":"Al Manar","nl":"Al Manar","hr":"Al-Manar","fa":"المنار","de":"Al Manar","es":"Al Manar","fr":"Al Manar","ja":"アル・マナール","it":"Al Manar","zh-CN":"阿尔马纳尔","tr":"Al Manar","ru":"Аль-Манар","uk":"Аль-Манар","pl":"Al Manar","hi":"अल मनार","ar":"المنار"},"wikiDataId":"Q4117307"},{"id":130761,"name":"Al-Medy Village قرية المدي","state_id":1246,"state_code":"DH","state_name":"Dhamar","country_id":245,"country_code":"YE","country_name":"Yemen","latitude":"14.40152000","longitude":"43.79178000","native":"قرية المادى قرية المادى","type":"village","level":null,"parent_id":null,"population":2000,"timezone":"Asia/Aden","translations":{"br":"Kêriadenn Al-Medy قرية المدي","ko":"알메디 마을 قرية المدي","pt-BR":"Al-Mediy Village, Emirados Árabes Unidos","pt":"Al-Mediy Village, Emirados Árabes Unidos","nl":"Al-Medy Village ligt in de buurt","hr":"Al-Medy Village قرية المدي","fa":"قریه المدی قریة المدی","de":"Al-Medy Village قرية المدي","es":"Al-Medy Village قرية المدي","fr":"Village d'Al-Medy قرية المدي","ja":"アルメディ村 (Al-Medy Village)","it":"Al-Medy Village قرية المدي","zh-CN":"阿尔梅迪村 (Al-Medi Village)","tr":"Al-Medy Köyü قرية المدي","ru":"Деревня Аль-Меди قرية المدي","uk":"Село Аль-Меді قرية المدي","pl":"Al-Medy Village قرية المدي","hi":"अल-मेडी गांव قرية المدي","ar":"قرية المادى قرية المادى"},"wikiDataId":"Q12225643"},{"id":130833,"name":"Dawran Aness","state_id":1246,"state_code":"DH","state_name":"Dhamar","country_id":245,"country_code":"YE","country_name":"Yemen","latitude":"14.82880000","longitude":"44.11430000","native":"دوران أنيس","type":"city","level":null,"parent_id":null,"population":121553,"timezone":"Asia/Aden","translations":{"br":"Dawran Aness","ko":"다우란 아네스","pt-BR":"Dawran Aness","pt":"Dawran Aness","nl":"Dawran Aness","hr":"Dawran Aness","fa":"دوران آنس","de":"Dawran Aness","es":"Dawran Aness","fr":"Dawran Aness","ja":"ダウラン・アネス","it":"Dawran Aness","zh-CN":"达夫兰·阿内斯","tr":"Dawran Aness","ru":"Давран Анесс","uk":"Давран Анесс","pl":"Dawran Aness","hi":"दावरान एनेस","ar":"دوران أنيس"},"wikiDataId":"Q4118402"},{"id":130834,"name":"Dhamār","state_id":1246,"state_code":"DH","state_name":"Dhamar","country_id":245,"country_code":"YE","country_name":"Yemen","latitude":"14.54274000","longitude":"44.40514000","native":"ذمار","type":"adm1","level":null,"parent_id":null,"population":160114,"timezone":"Asia/Aden","translations":{"br":"Dhamār","ko":"다마르","pt-BR":"Dhamar","pt":"Dhamar","nl":"Dhamār","hr":"Dhamar","fa":"ذمار","de":"Dhamār","es":"Dhamār","fr":"Dhamār","ja":"ダマール","it":"Dhamār","zh-CN":"扎马尔","tr":"Dhamār","ru":"Дхамар","uk":"Дхамар","pl":"Dhamār","hi":"धामर","ar":"ذمار"},"wikiDataId":"Q955523"},{"id":130873,"name":"Jabal Ash sharq","state_id":1246,"state_code":"DH","state_name":"Dhamar","country_id":245,"country_code":"YE","country_name":"Yemen","latitude":"14.72960000","longitude":"43.90620000","native":"جبل الشرق","type":"city","level":null,"parent_id":null,"population":62034,"timezone":"Asia/Aden","translations":{"br":"Jabal Ash sharq","ko":"자발 애쉬 샤크","pt-BR":"Jabal Ash Sharq","pt":"Jabal Ash Sharq","nl":"Jabal Ash sharq","hr":"Džabal Aš Šark","fa":"جبل الشرق","de":"Jabal Ash Sharq","es":"Jabal Ash Sharq","fr":"Jabal Ash Sharq","ja":"ジャバル・アシュ・シャルク","it":"Jabal Ash Sharq","zh-CN":"夏尔克山","tr":"Cebel Ash Şark","ru":"Джабаль Эш Шарк","uk":"Джабаль Аш-Шарк","pl":"Dżabal Ash Sharq","hi":"जबल अश शर्क","ar":"جبل الشرق"},"wikiDataId":"Q6109810"},{"id":130878,"name":"Jahran","state_id":1246,"state_code":"DH","state_name":"Dhamar","country_id":245,"country_code":"YE","country_name":"Yemen","latitude":"14.73310000","longitude":"44.31430000","native":"جهران","type":"adm2","level":null,"parent_id":null,"population":86590,"timezone":"Asia/Aden","translations":{"br":"Jahran","ko":"자란","pt-BR":"Jahran","pt":"Jahran","nl":"Jahran","hr":"Džahran","fa":"جهران","de":"Jahran","es":"Año Nuevo","fr":"Jahran","ja":"ジャーラン","it":"Jahran","zh-CN":"贾赫兰","tr":"Jahran","ru":"Джахран","uk":"Джахран","pl":"Jahran","hi":"जहरान","ar":"جهران"},"wikiDataId":"Q4117825"},{"id":130904,"name":"Maghirib Ans","state_id":1246,"state_code":"DH","state_name":"Dhamar","country_id":245,"country_code":"YE","country_name":"Yemen","latitude":"14.46530000","longitude":"44.12330000","native":"المغرب أنس","type":"city","level":null,"parent_id":null,"population":53261,"timezone":"Asia/Aden","translations":{"br":"Respontoù Maghirib","ko":"마기립 안스","pt-BR":"Maghirib Ans","pt":"Maghirib Ans","nl":"Maghirib Antwoord","hr":"Maghirib Ans","fa":"مغرب انس","de":"Maghirib Ans","es":"Respuesta del Maghirib","fr":"Maghirib Ans","ja":"マギリブ・アンス","it":"Maghirib Ans","zh-CN":"马吉里布·安斯","tr":"Mağrip Cevap","ru":"Магириб Анс","uk":"Магіріб Анс","pl":"Maghirib Ans","hi":"मग़रिब उत्तर","ar":"المغرب أنس"},"wikiDataId":"Q4117191"},{"id":130919,"name":"Mayfa'at Anss","state_id":1246,"state_code":"DH","state_name":"Dhamar","country_id":245,"country_code":"YE","country_name":"Yemen","latitude":"14.51520000","longitude":"44.61060000","native":"ميفعات أنس","type":"city","level":null,"parent_id":null,"population":60854,"timezone":"Asia/Aden","translations":{"br":"Mayfa'at Anss","ko":"메이파아트 안스","pt-BR":"Mayfa'at Anss","pt":"Mayfa'at Anss","nl":"Mayfa'at Anss","hr":"Mayfa'at Anss","fa":"میفعات آنس","de":"Mayfa'at Anss","es":"Mayfa'at Anss","fr":"Mayfa'at Anss","ja":"メイファアット・アンス","it":"Mayfa'at Anss","zh-CN":"梅法特·安斯","tr":"Mayfa'at Anss","ru":"Mayfa'at Anss","uk":"Майфа'ат Ансс","pl":"Mayfa'at Anss","hi":"Mayfa'at Anss","ar":"ميفعات أنس"},"wikiDataId":"Q3302970"},{"id":130994,"name":"Utmah","state_id":1246,"state_code":"DH","state_name":"Dhamar","country_id":245,"country_code":"YE","country_name":"Yemen","latitude":"14.47380000","longitude":"43.94830000","native":"عُتمة","type":"adm2","level":null,"parent_id":null,"population":145284,"timezone":"Asia/Aden","translations":{"br":"Utmah","ko":"우트마","pt-BR":"Utmah","pt":"Utmah","nl":"Utmah","hr":"Utma","fa":"عتمه","de":"Utmah","es":"Utmah","fr":"Utmah","ja":"ウトマ","it":"Utmah","zh-CN":"乌特玛","tr":"Utmah","ru":"Утма","uk":"Утма","pl":"Utmah","hi":"उतमाह","ar":"عُتمة"},"wikiDataId":"Q4117268"},{"id":131000,"name":"Wusab Al Ali","state_id":1246,"state_code":"DH","state_name":"Dhamar","country_id":245,"country_code":"YE","country_name":"Yemen","latitude":"14.33440000","longitude":"43.79470000","native":"وصاب العلي","type":"city","level":null,"parent_id":null,"population":164223,"timezone":"Asia/Aden","translations":{"br":"Wusab Al Ali","ko":"우사브 알 알리","pt-BR":"Wusab Al Ali","pt":"Wusab Al Ali","nl":"Wusab Al Ali","hr":"Wusab Al Ali","fa":"وصاب آل علی","de":"Wusab Al Ali","es":"Wusab Al Ali","fr":"Wusab Al Ali","ja":"ウサブ・アル・アリ","it":"Wusab Al Ali","zh-CN":"乌萨布·阿里","tr":"Vusab El Ali","ru":"Вусаб Аль Али","uk":"Вусаб Аль Алі","pl":"Wusab Al Ali","hi":"वुसाब अल अली","ar":"وصاب العلي"},"wikiDataId":"Q4117263"},{"id":131001,"name":"Wusab As Safil","state_id":1246,"state_code":"DH","state_name":"Dhamar","country_id":245,"country_code":"YE","country_name":"Yemen","latitude":"14.25480000","longitude":"43.63250000","native":"وصاب السافل","type":"city","level":null,"parent_id":null,"population":149531,"timezone":"Asia/Aden","translations":{"br":"Wusab As Safil","ko":"우사브 아스 사필","pt-BR":"Wusab As Safil","pt":"Wusab As Safil","nl":"Wusab As Safil","hr":"Wusab As Safil","fa":"وصاب آس سافیل","de":"Wusab As Safil","es":"Wusab As Safil","fr":"Wusab As Safil","ja":"ウサブ・アス・サフィル","it":"Wusab As Safil","zh-CN":"乌萨布·阿斯·萨菲尔","tr":"Wusab As Safil","ru":"Вусаб Ас Сафил","uk":"Вусаб Ас Сафіл","pl":"Wusab As Safil","hi":"वुसाब अस सफ़िल","ar":"وصاب السافل"},"wikiDataId":"Q4117298"}]