[{"id":130687,"name":"Al Ghaydah","state_id":1251,"state_code":"MR","state_name":"Al Mahrah","country_id":245,"country_code":"YE","country_name":"Yemen","latitude":"16.26180000","longitude":"52.08160000","native":"الغايدة","type":"city","level":null,"parent_id":null,"population":13987,"timezone":"Asia/Aden","translations":{"br":"Al Ghaydah","ko":"알 가야다","pt-BR":"Al Ghaydah","pt":"Al Ghaydah","nl":"Al Ghaydah","hr":"Al-Ghaydah","fa":"الغیضه","de":"Al Ghaydah","es":"Al Ghaydah","fr":"Al-Ghaydah","ja":"アル・ガイダ","it":"Al Ghaydah","zh-CN":"盖达","tr":"El Gayda","ru":"Аль-Гайда","uk":"Аль-Гайда","pl":"Al Ghaydah","hi":"अल ग़ैदाह","ar":"الغايدة"},"wikiDataId":"Q4117605"},{"id":130689,"name":"Al Ghayz̧ah","state_id":1251,"state_code":"MR","state_name":"Al Mahrah","country_id":245,"country_code":"YE","country_name":"Yemen","latitude":"16.20787000","longitude":"52.17605000","native":"الغيظة","type":"adm1","level":null,"parent_id":null,"population":10948,"timezone":"Asia/Aden","translations":{"br":"Al Ghayz̧ah","ko":"알가이자","pt-BR":"Al Ghayz̧ah","pt":"Al Ghayz̧ah","nl":"Al Ghayz̧ah","hr":"Al Ghayz̧ah","fa":"الغیضه","de":"Al Ghayz̧ah","es":"Al Ghayz̧ah","fr":"Al Ghayz̧ah","ja":"アル・ガイザ","it":"Al Ghayz̧ah","zh-CN":"阿尔盖扎","tr":"Al Ghayz̧ah","ru":"Аль-Гайза","uk":"Аль-Гайза","pl":"Al Ghayz̧ah","hi":"अल ग़ैज़ा","ar":"الغيظة"},"wikiDataId":"Q310626"},{"id":130724,"name":"Al Masilah","state_id":1251,"state_code":"MR","state_name":"Al Mahrah","country_id":245,"country_code":"YE","country_name":"Yemen","latitude":"15.63990000","longitude":"50.64450000","native":"المسيلة","type":"city","level":null,"parent_id":null,"population":10404,"timezone":"Asia/Aden","translations":{"br":"Al Masilah","ko":"알 마실라","pt-BR":"Al Masilah","pt":"Al Masilah","nl":"Al Masilah","hr":"Al-Masilah","fa":"المسیله","de":"Al Masilah","es":"Al Masilah","fr":"Al Masilah","ja":"アル・マシラ","it":"Al Masilah","zh-CN":"艾尔马西拉","tr":"El Masilah","ru":"Аль Масила","uk":"Аль-Масіла","pl":"Al Masilah","hi":"अल मसिलाह","ar":"المسيلة"},"wikiDataId":"Q4118398"},{"id":130857,"name":"Hat","state_id":1251,"state_code":"MR","state_name":"Al Mahrah","country_id":245,"country_code":"YE","country_name":"Yemen","latitude":"17.80310000","longitude":"51.67500000","native":"قبعة","type":"city","level":null,"parent_id":null,"population":2786,"timezone":"Asia/Aden","translations":{"br":"Tog","ko":"모자","pt-BR":"Chapéu","pt":"Chapéu","nl":"Hoed","hr":"Šešir","fa":"کلاه","de":"Hut","es":"Sombrero","fr":"Chapeau","ja":"帽子","it":"Cappello","zh-CN":"帽子","tr":"Şapka","ru":"Шляпа","uk":"Капелюх","pl":"Kapelusz","hi":"टोपी","ar":"قبعة"},"wikiDataId":"Q4117708"},{"id":130859,"name":"Hawf","state_id":1251,"state_code":"MR","state_name":"Al Mahrah","country_id":245,"country_code":"YE","country_name":"Yemen","latitude":"16.69530000","longitude":"52.81820000","native":"هاوف","type":"city","level":null,"parent_id":null,"population":5143,"timezone":"Asia/Aden","translations":{"br":"Hawf","ko":"하프","pt-BR":"Hawf","pt":"Hawf","nl":"Hawf","hr":"Hawf","fa":"هاوف","de":"Hawf","es":"Hawf","fr":"Hawf","ja":"ハフ","it":"Hawf","zh-CN":"霍夫","tr":"Havf","ru":"Хавф","uk":"Хаф","pl":"Hawf","hi":"हॉफ","ar":"هاوف"},"wikiDataId":"Q4117695"},{"id":130870,"name":"Huswain","state_id":1251,"state_code":"MR","state_name":"Al Mahrah","country_id":245,"country_code":"YE","country_name":"Yemen","latitude":"15.72300000","longitude":"51.91240000","native":"حسين","type":"city","level":null,"parent_id":null,"population":11130,"timezone":"Asia/Aden","translations":{"br":"Huswain","ko":"후스웨인","pt-BR":"Huswain","pt":"Huswain","nl":"Huswain","hr":"Huswain","fa":"حسین","de":"Huswain","es":"Huswain","fr":"Huswain","ja":"ハスウェイン","it":"Huswain","zh-CN":"侯斯温","tr":"Huswain","ru":"Хусвейн","uk":"Хусвейн","pl":"Huswain","hi":"हुसैन","ar":"حسين"},"wikiDataId":"Q4117683"},{"id":130908,"name":"Man'ar","state_id":1251,"state_code":"MR","state_name":"Al Mahrah","country_id":245,"country_code":"YE","country_name":"Yemen","latitude":"16.55050000","longitude":"50.98790000","native":"منار","type":"city","level":null,"parent_id":null,"population":5388,"timezone":"Asia/Aden","translations":{"br":"Man'ar","ko":"마나르","pt-BR":"Man'ar","pt":"Man'ar","nl":"Man'ar","hr":"Man'ar","fa":"مانار","de":"Man'ar","es":"Man'ar","fr":"Man'ar","ja":"マンアール","it":"Man'ar","zh-CN":"马纳尔","tr":"Man'ar","ru":"Ман'ар","uk":"Ман'ар","pl":"Man'ar","hi":"मन'आर","ar":"منار"},"wikiDataId":"Q4117680"},{"id":130943,"name":"Qishn","state_id":1251,"state_code":"MR","state_name":"Al Mahrah","country_id":245,"country_code":"YE","country_name":"Yemen","latitude":"15.69990000","longitude":"51.32400000","native":"قشن","type":"city","level":null,"parent_id":null,"population":7595,"timezone":"Asia/Aden","translations":{"br":"Qishn","ko":"키신","pt-BR":"Qishn","pt":"Qishn","nl":"Qishn","hr":"Kišn","fa":"قیشن","de":"Qishn","es":"Qishn","fr":"Qishn","ja":"キシュン","it":"Qishn","zh-CN":"奇什恩","tr":"Qishn","ru":"Кишн","uk":"Кішн","pl":"Qishn","hi":"क़िश्न","ar":"قشن"},"wikiDataId":"Q4117812"},{"id":130968,"name":"Sayhut","state_id":1251,"state_code":"MR","state_name":"Al Mahrah","country_id":245,"country_code":"YE","country_name":"Yemen","latitude":"15.53450000","longitude":"51.28690000","native":"سيهات","type":"adm2","level":null,"parent_id":null,"population":11746,"timezone":"Asia/Aden","translations":{"br":"Sayhut","ko":"세이헛","pt-BR":"Sayhut","pt":"Sayhut","nl":"Sayhut","hr":"Sajhut","fa":"سایوت","de":"Sayhut","es":"Sayhut","fr":"Sayhut","ja":"サイハット","it":"Sayhut","zh-CN":"赛胡特","tr":"Sayhut","ru":"Сайхут","uk":"Сайхут","pl":"Sajhut","hi":"सैहुत","ar":"سيهات"},"wikiDataId":"Q1656398"},{"id":130974,"name":"Shahan","state_id":1251,"state_code":"MR","state_name":"Al Mahrah","country_id":245,"country_code":"YE","country_name":"Yemen","latitude":"17.59230000","longitude":"52.59400000","native":"شاهان","type":"city","level":null,"parent_id":null,"population":3152,"timezone":"Asia/Aden","translations":{"br":"Shahan","ko":"샤한","pt-BR":"Shahan","pt":"Shahan","nl":"Shahan","hr":"Šahan","fa":"شاهان","de":"Shahan","es":"Shahan","fr":"Chahan","ja":"シャハン","it":"Shahan","zh-CN":"沙汗","tr":"Şahan","ru":"Шахан","uk":"Шахан","pl":"Szahan","hi":"शाहन","ar":"شاهان"},"wikiDataId":"Q4117616"}]