{"id":17321,"name":"Kaga Bandoro","state_id":1253,"state_code":"KB","state_name":"Nana-Grébizi","country_id":42,"country_code":"CF","country_name":"Central African Republic","latitude":"6.98961000","longitude":"19.18744000","native":"Kaga bando","type":"adm1","level":null,"parent_id":null,"population":55047,"timezone":"Africa/Bangui","translations":{"br":"Kaga Bandoro","ko":"카가 반도로","pt-BR":"Kaga Bandoro","pt":"Kaga Bandoro","nl":"Kaga Bandoro","hr":"Kaga Bandoro","fa":"کاگا باندورو","de":"Kaga Bandoro","es":"Kaga Bandoro","fr":"Kaga Bandoro","ja":"加賀バンドロ","it":"Kaga Bandoro","zh-CN":"卡加班多罗","tr":"Kaga Bandoro","ru":"Кага Бандоро","uk":"Кага Бандоро","pl":"Kaga Bandoro","hi":"कागा बंदोरो","ar":"كاجا باندورو"},"wikiDataId":"Q1210015"}