[{"id":17307,"name":"Boda","state_id":1256,"state_code":"LB","state_name":"Lobaye","country_id":42,"country_code":"CF","country_name":"Central African Republic","latitude":"4.31887000","longitude":"17.46953000","native":"Boda","type":"city","level":null,"parent_id":null,"population":11688,"timezone":"Africa/Bangui","translations":{"br":"Boda","ko":"보다","pt-BR":"Boda","pt":"Boda","nl":"Boda","hr":"Boda","fa":"بودا","de":"Boda","es":"Boda","fr":"Mariage","ja":"ボダ","it":"Boda","zh-CN":"博达","tr":"Boda","ru":"Бода","uk":"Бода","pl":"Boda","hi":"बोडा","ar":"بودا"},"wikiDataId":"Q2543954"},{"id":17308,"name":"Boganangone","state_id":1256,"state_code":"LB","state_name":"Lobaye","country_id":42,"country_code":"CF","country_name":"Central African Republic","latitude":"4.73558000","longitude":"17.14047000","native":"Boganangone","type":"city","level":null,"parent_id":null,"population":1851,"timezone":"Africa/Bangui","translations":{"br":"Boganangone","ko":"보가낭곤","pt-BR":"Boganangone","pt":"Boganangone","nl":"Boganangone","hr":"Boganangone","fa":"بوگانانگون","de":"Boganangone","es":"Boganangone","fr":"Boganangone","ja":"ボガナンゴン","it":"Boganangone","zh-CN":"博加南戈内","tr":"Boganangone","ru":"Боганангон","uk":"Боганангоне","pl":"Boganangone","hi":"बोगानंगोन","ar":"بوغانانغون"},"wikiDataId":"Q17175000"},{"id":17325,"name":"Mbaiki","state_id":1256,"state_code":"LB","state_name":"Lobaye","country_id":42,"country_code":"CF","country_name":"Central African Republic","latitude":"3.97145000","longitude":"17.93352000","native":"Plus grand","type":"adm1","level":null,"parent_id":null,"population":22166,"timezone":"Africa/Bangui","translations":{"br":"Mbaiki","ko":"음바이키","pt-BR":"Mbaiki","pt":"Mbaiki","nl":"Mbaiki","hr":"Mbaiki","fa":"مبیکی","de":"Mbaiki","es":"Mbaiki","fr":"Mbaiki","ja":"ムバイキ","it":"Mbaiki","zh-CN":"姆拜基","tr":"Mbaiki","ru":"Мбаики","uk":"Мбаїкі","pl":"Mbaiki","hi":"मबैकी","ar":"مبايكي"},"wikiDataId":"Q1772378"},{"id":17328,"name":"Mongoumba","state_id":1256,"state_code":"LB","state_name":"Lobaye","country_id":42,"country_code":"CF","country_name":"Central African Republic","latitude":"3.64153000","longitude":"18.59364000","native":"Mongoumba","type":"city","level":null,"parent_id":null,"population":11756,"timezone":"Africa/Bangui","translations":{"br":"Mongoumba","ko":"몽구움바","pt-BR":"Mongoumba","pt":"Mongoumba","nl":"Mongoumba","hr":"Mongoumba","fa":"مونگومبا","de":"Mongoumba","es":"Mongoumba","fr":"Mongoumba","ja":"モングンバ","it":"Mongoumba","zh-CN":"蒙贡巴","tr":"Mongoumba","ru":"Монгумба","uk":"Монгумба","pl":"Mongoumba","hi":"मोंगुम्बा","ar":"مونغومبا"},"wikiDataId":"Q969825"}]