[{"id":17331,"name":"Obo","state_id":1258,"state_code":"HM","state_name":"Haut-Mbomou","country_id":42,"country_code":"CF","country_name":"Central African Republic","latitude":"5.39586000","longitude":"26.49211000","native":"Obo","type":"adm1","level":null,"parent_id":null,"population":14402,"timezone":"Africa/Bangui","translations":{"br":"Obo","ko":"오보","pt-BR":"Obo","pt":"Obo","nl":"Obo","hr":"Obo","fa":"اوبو","de":"Obo","es":"Obo","fr":"Obo","ja":"オボ","it":"Obo","zh-CN":"敖包","tr":"Obo","ru":"Обо","uk":"Обо","pl":"Obo","hi":"ओबो","ar":"أوبو"},"wikiDataId":"Q1025617"},{"id":17338,"name":"Zemio","state_id":1258,"state_code":"HM","state_name":"Haut-Mbomou","country_id":42,"country_code":"CF","country_name":"Central African Republic","latitude":"5.03144000","longitude":"25.13614000","native":"Zémio","type":"city","level":null,"parent_id":null,"population":17829,"timezone":"Africa/Bangui","translations":{"br":"Zemio","ko":"제미오","pt-BR":"Zemio","pt":"Zemio","nl":"Zemio","hr":"Zemio","fa":"زیمیو","de":"Zemio","es":"Zemio","fr":"Zémio","ja":"ゼミオ","it":"Zemio","zh-CN":"泽米奥","tr":"Zemio","ru":"Земио","uk":"Земіо","pl":"Ziemia","hi":"ज़ेमियो","ar":"زيميو"},"wikiDataId":"Q1771417"}]