{"id":17298,"name":"Bangui","state_id":1262,"state_code":"BGF","state_name":"Bangui","country_id":42,"country_code":"CF","country_name":"Central African Republic","latitude":"4.36122000","longitude":"18.55496000","native":"Bangui","type":"capital","level":null,"parent_id":null,"population":889231,"timezone":"Africa/Bangui","translations":{"br":"Bangui","ko":"방기","pt-BR":"Bangui","pt":"Bangui","nl":"Bangui","hr":"Bangui","fa":"بانگی","de":"Bangui","es":"Bangui","fr":"Bangui","ja":"バンギ","it":"Bangui","zh-CN":"班吉","tr":"Bangui","ru":"Банги","uk":"Бангі","pl":"Bangi","hi":"बांगुई","ar":"بانغي"},"wikiDataId":"Q3832"}