{"id":17337,"name":"Sibut","state_id":1263,"state_code":"KG","state_name":"Kémo","country_id":42,"country_code":"CF","country_name":"Central African Republic","latitude":"5.71801000","longitude":"19.07389000","native":"Sibut","type":"adm1","level":null,"parent_id":null,"population":31986,"timezone":"Africa/Bangui","translations":{"br":"Sibut","ko":"시부트","pt-BR":"Sibut","pt":"Sibut","nl":"Sibut","hr":"Sibut","fa":"سیبوت","de":"Sibut","es":"Sibut","fr":"Sibut","ja":"シブット","it":"Sibut","zh-CN":"西布特","tr":"Sibut","ru":"Сибю","uk":"Сібю","pl":"Sibut","hi":"सिबुत","ar":"سيبوت"},"wikiDataId":"Q1757279"}