[{"id":17294,"name":"Alindao","state_id":1264,"state_code":"BK","state_name":"Basse-Kotto","country_id":42,"country_code":"CF","country_name":"Central African Republic","latitude":"5.02667000","longitude":"21.20876000","native":"Alindao","type":"city","level":null,"parent_id":null,"population":32588,"timezone":"Africa/Bangui","translations":{"br":"Alindao","ko":"알리다오","pt-BR":"Alindão","pt":"Alindão","nl":"Alindao","hr":"Alindao","fa":"آلیندائو","de":"Alindao","es":"Alindao","fr":"Alindão","ja":"アリンダオ","it":"Alindao","zh-CN":"阿林岛","tr":"Alindao","ru":"Алиндао","uk":"Аліндао","pl":"Alindao","hi":"अलिनदाओ","ar":"الينداو"},"wikiDataId":"Q153512"},{"id":17323,"name":"Kembé","state_id":1264,"state_code":"BK","state_name":"Basse-Kotto","country_id":42,"country_code":"CF","country_name":"Central African Republic","latitude":"4.62275000","longitude":"21.88645000","native":"Kembé","type":"city","level":null,"parent_id":null,"population":7317,"timezone":"Africa/Bangui","translations":{"br":"Kembé","ko":"켐베","pt-BR":"Kembé","pt":"Kembé","nl":"Kembé","hr":"Kembé","fa":"کمبه","de":"Kembé","es":"Kembé","fr":"Kembé","ja":"ケンベ","it":"Kembé","zh-CN":"肯贝","tr":"Kembé","ru":"Кембе","uk":"Кембе","pl":"Kembé","hi":"केम्बे","ar":"كيمبي"},"wikiDataId":"Q2428213"},{"id":17327,"name":"Mobaye","state_id":1264,"state_code":"BK","state_name":"Basse-Kotto","country_id":42,"country_code":"CF","country_name":"Central African Republic","latitude":"4.31902000","longitude":"21.17861000","native":"Mobaye","type":"adm1","level":null,"parent_id":null,"population":7179,"timezone":"Africa/Bangui","translations":{"br":"Mobaye","ko":"모바예","pt-BR":"Mobaye","pt":"Mobaye","nl":"Mobaye","hr":"Mobaye","fa":"موبای","de":"Mobaye","es":"Mobaye","fr":"Mobaye","ja":"モバイエ","it":"Mobaye","zh-CN":"莫巴耶","tr":"Mobaye","ru":"Мобае","uk":"Мобає","pl":"Mobaye","hi":"मोबाये","ar":"موباي"},"wikiDataId":"Q1025621"}]