{"id":67796,"name":"Pietà","state_id":127,"state_code":"41","state_name":"Pietà","country_id":135,"country_code":"MT","country_name":"Malta","latitude":"35.89472000","longitude":"14.49500000","native":"Kompassjoni","type":"adm1","level":null,"parent_id":null,"population":4892,"timezone":"Europe/Malta","translations":{"ar":"بيتا","br":"Pietà","de":"Pietà","es":"Piedad","fa":"پیتا","fr":"Pietà","hi":"पिएटा","hr":"Pieta","it":"Pietà","ja":"ピエタ","ko":"피에타","nl":"Pietà","pl":"Pieta","pt":"Pietà","pt-BR":"Pietà","ru":"Пьета","tr":"Meryemana resmi","uk":"П'єта","zh-CN":"圣母怜子图"},"wikiDataId":"Q744070"}