[{"id":145101,"name":"Aglipay","state_id":1273,"state_code":"QUI","state_name":"Quirino","country_id":174,"country_code":"PH","country_name":"Philippines","latitude":"16.44113450","longitude":"121.53324410","native":"Aglipay","type":"adm3","level":null,"parent_id":null,"population":31596,"timezone":"Asia/Manila","translations":{"br":"Aglipay","ko":"아글리페이","pt-BR":"Aglipay","pt":"Aglipay","nl":"Aglipay","hr":"Aglipay","fa":"آگلیپای","de":"Aglipay","es":"Aglipay","fr":"Aglipay","ja":"アグリペイ","it":"Aglipay","zh-CN":"支付宝","tr":"Aglipay","ru":"Аглипэй","uk":"Агліпай","pl":"Aglipay","hi":"एग्लीपे","ar":"أغليباي"},"wikiDataId":"Q53069"},{"id":145153,"name":"Cabarroguis","state_id":1273,"state_code":"QUI","state_name":"Quirino","country_id":174,"country_code":"PH","country_name":"Philippines","latitude":"16.44622780","longitude":"121.41724670","native":"Cabarroguis","type":"city","level":null,"parent_id":null,"population":34720,"timezone":"Asia/Manila","translations":{"br":"Cabarroguis","ko":"카바로기스","pt-BR":"Cabarroguis","pt":"Cabarroguis","nl":"Cabarroguis","hr":"Cabarroguis","fa":"کاباروگیس","de":"Cabarroguis","es":"Cabarroguis","fr":"Cabarroguis","ja":"カバロギス","it":"Cabarroguis","zh-CN":"卡巴罗吉斯","tr":"Cabarroguis","ru":"Кабарроги","uk":"Кабарогі","pl":"Cabarroguis","hi":"कैबरोगुइस","ar":"كاباروجيس"},"wikiDataId":"Q53070"},{"id":145181,"name":"Diffun","state_id":1273,"state_code":"QUI","state_name":"Quirino","country_id":174,"country_code":"PH","country_name":"Philippines","latitude":"16.53436880","longitude":"121.31342010","native":"Diffun","type":"adm3","level":null,"parent_id":null,"population":58254,"timezone":"Asia/Manila","translations":{"br":"Diffun","ko":"디푼","pt-BR":"Diffun","pt":"Diffun","nl":"Diffun","hr":"Difun","fa":"دیفون","de":"Diffun","es":"Difusor","fr":"Diffun","ja":"ディファン","it":"Diffuso","zh-CN":"迪芬","tr":"Dağınık","ru":"Диффун","uk":"Диффун","pl":"Diffun","hi":"डिफुन","ar":"ديفون"},"wikiDataId":"Q53071"},{"id":145229,"name":"Maddela","state_id":1273,"state_code":"QUI","state_name":"Quirino","country_id":174,"country_code":"PH","country_name":"Philippines","latitude":"16.37876890","longitude":"121.45688420","native":"Maddela","type":"adm3","level":null,"parent_id":null,"population":41867,"timezone":"Asia/Manila","translations":{"br":"Maddela","ko":"마델라","pt-BR":"Maddela","pt":"Maddela","nl":"Maddela","hr":"Maddela","fa":"مادلا","de":"Maddela","es":"Maddela","fr":"Madeleine","ja":"マッデラ","it":"Maddalena","zh-CN":"马德拉","tr":"Maddela","ru":"Маддела","uk":"Маддела","pl":"Maddela","hi":"मडेला","ar":"ماديلا"},"wikiDataId":"Q53072"},{"id":145254,"name":"Nagtipunan","state_id":1273,"state_code":"QUI","state_name":"Quirino","country_id":174,"country_code":"PH","country_name":"Philippines","latitude":"16.13932770","longitude":"121.22894190","native":"Nagtipunan","type":"city","level":null,"parent_id":null,"population":26541,"timezone":"Asia/Manila","translations":{"br":"Nagtipunan","ko":"나그티푸난","pt-BR":"Nagtipunan","pt":"Nagtipunan","nl":"Nagtipunan","hr":"Nagtipunan","fa":"ناگتیپونان","de":"Nagtipunan","es":"Nagtipunan","fr":"Nagtipunan","ja":"ナグティプナン","it":"Nagtipunan","zh-CN":"纳格蒂普南","tr":"Nagtipunan","ru":"Нагтипунан","uk":"Нагтіпунан","pl":"Nagtipunan","hi":"नागतिपुनन","ar":"ناجتيبونان"},"wikiDataId":"Q53073"},{"id":145281,"name":"Saguday","state_id":1273,"state_code":"QUI","state_name":"Quirino","country_id":174,"country_code":"PH","country_name":"Philippines","latitude":"16.55514930","longitude":"121.49921500","native":"TAKETER","type":"city","level":null,"parent_id":null,"population":17863,"timezone":"Asia/Manila","translations":{"br":"Sadorn","ko":"사구다이","pt-BR":"Saguday","pt":"Saguday","nl":"Saguday","hr":"Saguday","fa":"ساگودای","de":"Samstag","es":"Saguday","fr":"Samedi","ja":"サグダイ","it":"Sabato","zh-CN":"萨古德","tr":"Cumartesi","ru":"Сагудай","uk":"Сагудай","pl":"Saguday","hi":"सागुडे","ar":"ساجوداي"},"wikiDataId":"Q53074"}]