[{"id":144610,"name":"Andalan","state_id":1279,"state_code":"CAG","state_name":"Cagayan","country_id":174,"country_code":"PH","country_name":"Philippines","latitude":"5.95944444","longitude":"121.39027778","native":"Mainstay","type":"city","level":null,"parent_id":null,"population":2644,"timezone":"Asia/Manila","translations":{"br":"Andalan","ko":"안달란","pt-BR":"Andaluza","pt":"Andaluza","nl":"Andalaans","hr":"Andalan","fa":"آندالان","de":"Andalan","es":"Andalán","fr":"Andalous","ja":"アンダラン語","it":"Andalan","zh-CN":"安达兰","tr":"Andalan","ru":"Андалан","uk":"Андалан","pl":"Andalański","hi":"अंडालान","ar":"أندلان"},"wikiDataId":"Q31466155"},{"id":144611,"name":"Anuling","state_id":1279,"state_code":"CAG","state_name":"Cagayan","country_id":174,"country_code":"PH","country_name":"Philippines","latitude":"6.03555556","longitude":"121.00666667","native":"Anuling","type":"city","level":null,"parent_id":null,"population":10039,"timezone":"Asia/Manila","translations":{"br":"Anuling","ko":"아눌링","pt-BR":"Anulação","pt":"Anulação","nl":"Annuleren","hr":"Anuling","fa":"آنوله کردن","de":"Anuling","es":"Anulación","fr":"Annulation","ja":"アヌリング","it":"Anuling","zh-CN":"阿奴灵","tr":"Anuling","ru":"Анулинг","uk":"Анулінг","pl":"Anulowanie","hi":"अनुलिंग","ar":"أنولينغ"},"wikiDataId":"Q31467461"},{"id":144612,"name":"Awang","state_id":1279,"state_code":"CAG","state_name":"Cagayan","country_id":174,"country_code":"PH","country_name":"Philippines","latitude":"7.15305556","longitude":"124.22111111","native":"Busty","type":"city","level":null,"parent_id":null,"population":8417,"timezone":"Asia/Manila","translations":{"br":"Awang","ko":"아왕","pt-BR":"Awang","pt":"Awang","nl":"Awang","hr":"Awang","fa":"آونگ","de":"Awang","es":"Awang","fr":"Awang","ja":"アワン","it":"Awang","zh-CN":"阿旺","tr":"Awang","ru":"Аванг","uk":"Аванг","pl":"Awang","hi":"अवांग","ar":"أوانغ"},"wikiDataId":"Q31471303"},{"id":144613,"name":"Bacayawan","state_id":1279,"state_code":"CAG","state_name":"Cagayan","country_id":174,"country_code":"PH","country_name":"Philippines","latitude":"7.76666667","longitude":"124.23333333","native":"Bacayawan","type":"city","level":null,"parent_id":null,"population":3234,"timezone":"Asia/Manila","translations":{"br":"Bacayawan","ko":"바카야완","pt-BR":"Bacayawan","pt":"Bacayawan","nl":"Bacayawan","hr":"Bacayawan","fa":"باکایاوان","de":"Bacayawan","es":"Bacayawan","fr":"Bacayawan","ja":"バカヤワン","it":"Bacayawan","zh-CN":"巴卡亚万","tr":"Bacayawan","ru":"Бакаяван","uk":"Бакаяван","pl":"Bacayawan","hi":"बकायवान","ar":"باكايوان"},"wikiDataId":"Q31796124"},{"id":144614,"name":"Bacolod Grande","state_id":1279,"state_code":"CAG","state_name":"Cagayan","country_id":174,"country_code":"PH","country_name":"Philippines","latitude":"7.88333000","longitude":"124.11667000","native":"Bacolod Grande","type":"adm3","level":null,"parent_id":null,"population":0,"timezone":"Asia/Manila","translations":{"br":"Bacolod Grande","ko":"바콜로드 그란데","pt-BR":"Bacolod Grande","pt":"Bacolod Grande","nl":"Bacolod Grande","hr":"Bacolod Grande","fa":"باکولود گراند","de":"Bacolod Grande","es":"Bacolod Grande","fr":"Bacolod Grande","ja":"バコロドグランデ","it":"Bacolod Grande","zh-CN":"巴科洛德大区","tr":"Bacolod Grande","ru":"Баколод Гранде","uk":"Баколод Гранде","pl":"Bacolod Grande","hi":"बैकोलोड ग्रांडे","ar":"باكولود غراندي"},"wikiDataId":"Q31473698"},{"id":144616,"name":"Badak","state_id":1279,"state_code":"CAG","state_name":"Cagayan","country_id":174,"country_code":"PH","country_name":"Philippines","latitude":"6.84722222","longitude":"124.72055556","native":"Rhinoceros","type":"city","level":null,"parent_id":null,"population":6653,"timezone":"Asia/Manila","translations":{"br":"Badak","ko":"바닥","pt-BR":"Badak","pt":"Badak","nl":"Badak","hr":"Badak","fa":"بداک","de":"Badak","es":"Badak","fr":"Badak","ja":"バダック","it":"Badak","zh-CN":"巴达克","tr":"Badak","ru":"Бадак","uk":"Бадак","pl":"Badak","hi":"बदक","ar":"باداك"},"wikiDataId":"Q31474248"},{"id":144617,"name":"Bagan","state_id":1279,"state_code":"CAG","state_name":"Cagayan","country_id":174,"country_code":"PH","country_name":"Philippines","latitude":"6.92555556","longitude":"124.42027778","native":"Bagan","type":"city","level":null,"parent_id":null,"population":2230,"timezone":"Asia/Manila","translations":{"br":"Bagan","ko":"바간","pt-BR":"Bagan","pt":"Bagan","nl":"Bagan","hr":"Bagan","fa":"باگان","de":"Bagan","es":"Bagan","fr":"Bagan","ja":"バガン","it":"Bagan","zh-CN":"蒲甘","tr":"Bagan","ru":"Баган","uk":"Баган","pl":"Bagan","hi":"बागान","ar":"باغان"},"wikiDataId":"Q31475063"},{"id":144628,"name":"Baka","state_id":1279,"state_code":"CAG","state_name":"Cagayan","country_id":174,"country_code":"PH","country_name":"Philippines","latitude":"7.27611111","longitude":"124.26416667","native":"Cow","type":"city","level":null,"parent_id":null,"population":2404,"timezone":"Asia/Manila","translations":{"br":"Baka","ko":"바카","pt-BR":"Baka","pt":"Baka","nl":"Baka","hr":"Baka","fa":"باکا","de":"Baka","es":"Baka","fr":"Baka","ja":"バカ","it":"Baka","zh-CN":"巴卡","tr":"Baka","ru":"Бака","uk":"Бака","pl":"Baka","hi":"बाका","ar":"باكا"},"wikiDataId":"Q31476872"},{"id":144629,"name":"Bakung","state_id":1279,"state_code":"CAG","state_name":"Cagayan","country_id":174,"country_code":"PH","country_name":"Philippines","latitude":"4.89111111","longitude":"119.79416667","native":"Lakung","type":"city","level":null,"parent_id":null,"population":3185,"timezone":"Asia/Manila","translations":{"br":"Bakung","ko":"바쿵","pt-BR":"Bakung","pt":"Bakung","nl":"Bakung","hr":"Bakung","fa":"باکونگ","de":"Bakung","es":"Bakung","fr":"Bakung","ja":"バクン","it":"Bakung","zh-CN":"巴孔","tr":"Bakung","ru":"Бакунг","uk":"Бакунг","pl":"Bakung","hi":"बाकुंग","ar":"باكونغ"},"wikiDataId":"Q31796194"},{"id":144631,"name":"Balas","state_id":1279,"state_code":"CAG","state_name":"Cagayan","country_id":174,"country_code":"PH","country_name":"Philippines","latitude":"6.68750000","longitude":"122.13805556","native":"Please","type":"city","level":null,"parent_id":null,"population":2517,"timezone":"Asia/Manila","translations":{"br":"Balas","ko":"발라스","pt-BR":"Balas","pt":"Balas","nl":"Balas","hr":"Balas","fa":"بالاس","de":"Balas","es":"Balas","fr":"Balas","ja":"バラス","it":"Balas","zh-CN":"巴拉斯","tr":"Balas","ru":"Балас","uk":"Балас","pl":"Balas","hi":"उत्तर","ar":"بالاس"},"wikiDataId":"Q31478523"},{"id":144634,"name":"Bangkal","state_id":1279,"state_code":"CAG","state_name":"Cagayan","country_id":174,"country_code":"PH","country_name":"Philippines","latitude":"6.06666667","longitude":"121.06666667","native":"Bangkal","type":"city","level":null,"parent_id":null,"population":2288,"timezone":"Asia/Manila","translations":{"br":"Bangkal","ko":"방칼","pt-BR":"Bangkal","pt":"Bangkal","nl":"Bangkal","hr":"Bangkalski","fa":"بنگکال","de":"Bangkal","es":"Bangkal","fr":"Bangkal","ja":"バンカル","it":"Bangkal","zh-CN":"邦卡尔","tr":"Bangkal","ru":"Бангкал","uk":"Бангал","pl":"Bangkal","hi":"बंगकल","ar":"بانجكال"},"wikiDataId":"Q31483604"},{"id":144636,"name":"Bankaw","state_id":1279,"state_code":"CAG","state_name":"Cagayan","country_id":174,"country_code":"PH","country_name":"Philippines","latitude":"5.01916667","longitude":"120.00916667","native":"Banking","type":"city","level":null,"parent_id":null,"population":3908,"timezone":"Asia/Manila","translations":{"br":"Bankaw","ko":"뱅코","pt-BR":"Bankaw","pt":"Bankaw","nl":"Bankaw","hr":"Bankaw","fa":"بانکاو","de":"Bankaw","es":"Bankaw","fr":"Bankaw","ja":"バンカウ","it":"Bankaw","zh-CN":"班考","tr":"Bankaw","ru":"Банко","uk":"Банко","pl":"Bankaw","hi":"बैंकॉ","ar":"بنكاو"},"wikiDataId":"Q31484136"},{"id":144638,"name":"Barurao","state_id":1279,"state_code":"CAG","state_name":"Cagayan","country_id":174,"country_code":"PH","country_name":"Philippines","latitude":"6.89805556","longitude":"124.59750000","native":"Barurao","type":"city","level":null,"parent_id":null,"population":2990,"timezone":"Asia/Manila","translations":{"br":"Barurao","ko":"바루라오","pt-BR":"Barurão","pt":"Barurão","nl":"Barurao","hr":"Barurao","fa":"بارورائو","de":"Barurao","es":"Barurao","fr":"Barurao","ja":"バルラオ","it":"Barurao","zh-CN":"巴鲁劳","tr":"Barurao","ru":"Барурао","uk":"Барурао","pl":"Barurao","hi":"बरूराव","ar":"باروراو"},"wikiDataId":"Q31488037"},{"id":144639,"name":"Bato Bato","state_id":1279,"state_code":"CAG","state_name":"Cagayan","country_id":174,"country_code":"PH","country_name":"Philippines","latitude":"6.03444444","longitude":"120.94638889","native":"Bato Bato","type":"city","level":null,"parent_id":null,"population":3735,"timezone":"Asia/Manila","translations":{"br":"Bato Bato","ko":"바토 바토","pt-BR":"Bato Bato","pt":"Bato Bato","nl":"Bato Bato","hr":"Bato Bato","fa":"باتو باتو","de":"Bato Bato","es":"Bato Bato","fr":"Bato Bato","ja":"バトバト","it":"Bato Bato","zh-CN":"巴托巴托","tr":"Bato Bato","ru":"Бато Бато","uk":"Бато Бато","pl":"Bato Bato","hi":"बातो बातो","ar":"باتو باتو"},"wikiDataId":"Q31490641"},{"id":144640,"name":"Baunu-Timbangan","state_id":1279,"state_code":"CAG","state_name":"Cagayan","country_id":174,"country_code":"PH","country_name":"Philippines","latitude":"6.00555556","longitude":"120.99416667","native":"Baunu-balance","type":"city","level":null,"parent_id":null,"population":2230,"timezone":"Asia/Manila","translations":{"br":"Baunu-Timbangan","ko":"바우누-팀방안","pt-BR":"Baunu-Timbangan","pt":"Baunu-Timbangan","nl":"Baunu-Timbangan","hr":"Baunu-Timbangan","fa":"بائونو-تیمبانگان","de":"Baunu-Timbangan","es":"Baunu-Timbangan","fr":"Baunu-Timbangan","ja":"バウヌ・ティンバンガン","it":"Baunu-Timbangan","zh-CN":"巴努-廷班甘","tr":"Baunu-Timbangan","ru":"Бауну-Тимбанган","uk":"Бауну-Тімбанган","pl":"Baunu-Timbangan","hi":"बाउनु-टिम्बांगन","ar":"باونو-تيمبانجان"},"wikiDataId":"Q31796474"},{"id":144641,"name":"Bawison","state_id":1279,"state_code":"CAG","state_name":"Cagayan","country_id":174,"country_code":"PH","country_name":"Philippines","latitude":"5.93750000","longitude":"120.87444444","native":"Bawison","type":"city","level":null,"parent_id":null,"population":3461,"timezone":"Asia/Manila","translations":{"br":"Bawison","ko":"바위슨","pt-BR":"Bawison","pt":"Bawison","nl":"Bawison","hr":"Bawison","fa":"باویسون","de":"Bawison","es":"Bawison","fr":"Bawison","ja":"バウィソン","it":"Bawison","zh-CN":"巴威森","tr":"Bawison","ru":"Бависон","uk":"Бавісон","pl":"Bawison","hi":"बाविसन","ar":"باويسون"},"wikiDataId":"Q31491687"},{"id":144643,"name":"Bayanga","state_id":1279,"state_code":"CAG","state_name":"Cagayan","country_id":174,"country_code":"PH","country_name":"Philippines","latitude":"7.52138889","longitude":"124.25222222","native":"Bayanga","type":"city","level":null,"parent_id":null,"population":5087,"timezone":"Asia/Manila","translations":{"br":"Bayanga","ko":"바양가","pt-BR":"Bayanga","pt":"Bayanga","nl":"Bayanga","hr":"Bayanga","fa":"بایانگا","de":"Bayanga","es":"Bayanga","fr":"Bayanga","ja":"バヤンガ","it":"Bayanga","zh-CN":"巴扬加","tr":"Bayanga","ru":"Баянга","uk":"Баянга","pl":"Bayanga","hi":"बयांगा","ar":"بايانجا"},"wikiDataId":"Q31492373"},{"id":144644,"name":"Begang","state_id":1279,"state_code":"CAG","state_name":"Cagayan","country_id":174,"country_code":"PH","country_name":"Philippines","latitude":"6.69083333","longitude":"122.01666667","native":"tense","type":"city","level":null,"parent_id":null,"population":2384,"timezone":"Asia/Manila","translations":{"br":"Begang","ko":"베강","pt-BR":"Começou","pt":"Começou","nl":"Begang","hr":"Počeo","fa":"شروع شد","de":"Beginn","es":"Comenzó","fr":"Début","ja":"始まった","it":"Iniziò","zh-CN":"贝冈","tr":"Başladı","ru":"Начался","uk":"Початок","pl":"Rozpoczął się","hi":"बेगांग","ar":"بيجانغ"},"wikiDataId":"Q31495237"},{"id":144646,"name":"Binuang","state_id":1279,"state_code":"CAG","state_name":"Cagayan","country_id":174,"country_code":"PH","country_name":"Philippines","latitude":"5.95694444","longitude":"121.06000000","native":"FOOLISH","type":"city","level":null,"parent_id":null,"population":3159,"timezone":"Asia/Manila","translations":{"br":"Binuang","ko":"비누앙","pt-BR":"Binuang","pt":"Binuang","nl":"Binuang","hr":"Binuang","fa":"بینوآنگ","de":"Binuang","es":"Binuang","fr":"Binuang","ja":"ビヌアン","it":"Binuang","zh-CN":"比努昂","tr":"Binuang","ru":"Бинуанг","uk":"Бінуанг","pl":"Binuang","hi":"बिनुआंग","ar":"بينوانغ"},"wikiDataId":"Q31502946"},{"id":144647,"name":"Blinsung","state_id":1279,"state_code":"CAG","state_name":"Cagayan","country_id":174,"country_code":"PH","country_name":"Philippines","latitude":"7.01805556","longitude":"124.18055556","native":"Blinish","type":"city","level":null,"parent_id":null,"population":4151,"timezone":"Asia/Manila","translations":{"br":"Blinsung","ko":"블린성","pt-BR":"Blinsung","pt":"Blinsung","nl":"Blinsung","hr":"Blinsung","fa":"بلینسونگ","de":"Blinsung","es":"Blinsung","fr":"Blinsung","ja":"ブリンサン","it":"Blinsung","zh-CN":"布林松","tr":"Blinsung","ru":"Блинсунг","uk":"Блінсун","pl":"Blinsung","hi":"ब्लिंसुंग","ar":"بلينسونغ"},"wikiDataId":"Q31505825"},{"id":144649,"name":"Bongued","state_id":1279,"state_code":"CAG","state_name":"Cagayan","country_id":174,"country_code":"PH","country_name":"Philippines","latitude":"7.11666667","longitude":"124.40000000","native":"Bongued","type":"city","level":null,"parent_id":null,"population":2684,"timezone":"Asia/Manila","translations":{"br":"Bongued","ko":"봉구드","pt-BR":"Bongued","pt":"Bongued","nl":"Bongued","hr":"Bongued","fa":"بونگود","de":"Bongued","es":"Lengua de gallo","fr":"Bongued","ja":"ボンゲド","it":"Con la lingua mozzata","zh-CN":"邦格德","tr":"Bongued","ru":"Бонгуед","uk":"Бонгований","pl":"Bongued","hi":"बोंग्यूड","ar":"بونجيد"},"wikiDataId":"Q31509554"},{"id":144651,"name":"Bualan","state_id":1279,"state_code":"CAG","state_name":"Cagayan","country_id":174,"country_code":"PH","country_name":"Philippines","latitude":"7.75000000","longitude":"124.26666667","native":"Conversation","type":"city","level":null,"parent_id":null,"population":3471,"timezone":"Asia/Manila","translations":{"br":"Bualan","ko":"부알란","pt-BR":"Bualan","pt":"Bualan","nl":"Bualan","hr":"Bualan","fa":"بوالان","de":"Bualan","es":"Bualan","fr":"Bualan","ja":"ブアラン","it":"Bualan","zh-CN":"布阿兰","tr":"Bualan","ru":"Буалан","uk":"Буалан","pl":"Bualan","hi":"बुआलान","ar":"بوآلان"},"wikiDataId":"Q31514490"},{"id":144653,"name":"Buan","state_id":1279,"state_code":"CAG","state_name":"Cagayan","country_id":174,"country_code":"PH","country_name":"Philippines","latitude":"5.16083333","longitude":"120.04250000","native":"Permanent","type":"city","level":null,"parent_id":null,"population":2929,"timezone":"Asia/Manila","translations":{"br":"Buan","ko":"부안","pt-BR":"Buan","pt":"Buan","nl":"Boe","hr":"Buan","fa":"بوان","de":"Buan","es":"Buan","fr":"Buan","ja":"ブアン","it":"Buan","zh-CN":"扶安","tr":"Buan","ru":"Буан","uk":"Буан","pl":"Buan","hi":"बुआन","ar":"بوان"},"wikiDataId":"Q31514539"},{"id":144655,"name":"Buansa","state_id":1279,"state_code":"CAG","state_name":"Cagayan","country_id":174,"country_code":"PH","country_name":"Philippines","latitude":"6.02583333","longitude":"120.96138889","native":"Persistent","type":"city","level":null,"parent_id":null,"population":3196,"timezone":"Asia/Manila","translations":{"br":"Buansa","ko":"부안사","pt-BR":"Buansa","pt":"Buansa","nl":"Buansa","hr":"Buansa","fa":"بوانسا","de":"Buansa","es":"Buansa","fr":"Buansa","ja":"ブアンサ","it":"Buansa","zh-CN":"布安萨","tr":"Buansa","ru":"Буанса","uk":"Буанса","pl":"Buansa","hi":"बुआंसा","ar":"بوانسا"},"wikiDataId":"Q31514619"},{"id":144657,"name":"Budta","state_id":1279,"state_code":"CAG","state_name":"Cagayan","country_id":174,"country_code":"PH","country_name":"Philippines","latitude":"7.20416667","longitude":"124.43972222","native":"Buda","type":"city","level":null,"parent_id":null,"population":1273715,"timezone":"Asia/Manila","translations":{"br":"Budta","ko":"부타","pt-BR":"Budta","pt":"Budta","nl":"Boeddha","hr":"Budta","fa":"بودا","de":"Budta","es":"Budta","fr":"Budta","ja":"ブッタ","it":"Budda","zh-CN":"布达","tr":"Budta","ru":"Будта","uk":"Будта","pl":"Budta","hi":"बुड्टा","ar":"بودتا"},"wikiDataId":"Q31515760"},{"id":144668,"name":"Bugasan","state_id":1279,"state_code":"CAG","state_name":"Cagayan","country_id":174,"country_code":"PH","country_name":"Philippines","latitude":"7.44083333","longitude":"124.25916667","native":"Bugasan","type":"city","level":null,"parent_id":null,"population":7754,"timezone":"Asia/Manila","translations":{"br":"Bugasan","ko":"부가산","pt-BR":"Bugasan","pt":"Bugasan","nl":"Bugasan","hr":"Bugasan","fa":"بوگاسان","de":"Bugasan","es":"Bugasán","fr":"Bugasan","ja":"ブガサン","it":"Bugasan","zh-CN":"布加桑","tr":"Bugasan","ru":"Бугасан","uk":"Бугасан","pl":"Bugasan","hi":"बुगासन","ar":"بوغاسان"},"wikiDataId":"Q31516465"},{"id":144670,"name":"Buliok","state_id":1279,"state_code":"CAG","state_name":"Cagayan","country_id":174,"country_code":"PH","country_name":"Philippines","latitude":"7.01666667","longitude":"124.70000000","native":"Buliok","type":"city","level":null,"parent_id":null,"population":3713,"timezone":"Asia/Manila","translations":{"br":"Buliok","ko":"불리옥","pt-BR":"Buliok","pt":"Buliok","nl":"Buliok","hr":"Buliok","fa":"بولیوک","de":"Buliok","es":"Buliok","fr":"Buliok","ja":"ブリオク","it":"Buliok","zh-CN":"布利奥克","tr":"Buliok","ru":"Булиок","uk":"Буліок","pl":"Buliok","hi":"बुलिओक","ar":"بوليوك"},"wikiDataId":"Q31517726"},{"id":144671,"name":"Bulit","state_id":1279,"state_code":"CAG","state_name":"Cagayan","country_id":174,"country_code":"PH","country_name":"Philippines","latitude":"7.11527778","longitude":"124.78944444","native":"Party","type":"city","level":null,"parent_id":null,"population":2219,"timezone":"Asia/Manila","translations":{"br":"Bulit","ko":"불릿","pt-BR":"Construído","pt":"Construído","nl":"Gebouwd","hr":"Izgrađeno","fa":"بولیت","de":"Gebaut","es":"Construido","fr":"Construit","ja":"ブリット","it":"Costruito","zh-CN":"布利特","tr":"Bulit","ru":"Булит","uk":"Збудовано","pl":"Zbudowany","hi":"बुलिट","ar":"بوليت"},"wikiDataId":"Q31517812"},{"id":144674,"name":"Cagayan de Tawi-Tawi","state_id":1279,"state_code":"CAG","state_name":"Cagayan","country_id":174,"country_code":"PH","country_name":"Philippines","latitude":"7.01667000","longitude":"118.46667000","native":"Pagayan La","type":"city","level":null,"parent_id":null,"population":null,"timezone":"Asia/Manila","translations":{"br":"Cagayan de Tawi-Tawi","ko":"카가얀 데 타위타위","pt-BR":"Cagayan de Tawi-Tawi","pt":"Cagayan de Tawi-Tawi","nl":"Cagayan de Tawi-Tawi","hr":"Cagayan de Tawi-Tawi","fa":"کاگایان دِ تاوی-تاوی","de":"Cagayan de Tawi-Tawi","es":"Cagayán de Tawi-Tawi","fr":"Cagayan de Tawi-Tawi","ja":"カガヤン・デ・タウィタウィ","it":"Cagayan de Tawi-Tawi","zh-CN":"卡加延德塔威塔威","tr":"Cagayan de Tawi-Tawi","ru":"Cagayan de Tawi-Tawi","uk":"Кагаян де Таві-Таві","pl":"Cagayan de Tawi-Tawi","hi":"कागायन डे तवी-तवी","ar":"كاجايان دي تاوي-تاوي"},"wikiDataId":"Q31525207"},{"id":144677,"name":"Colonia","state_id":1279,"state_code":"CAG","state_name":"Cagayan","country_id":174,"country_code":"PH","country_name":"Philippines","latitude":"6.64361111","longitude":"122.15750000","native":"Colonia","type":"city","level":null,"parent_id":null,"population":2587,"timezone":"Asia/Manila","translations":{"br":"Trevadenn","ko":"콜로니아","pt-BR":"Colônia","pt":"Colônia","nl":"Colonia","hr":"Kolonija","fa":"کولونیا","de":"Colonia","es":"Colonia","fr":"Colonia","ja":"コロニア","it":"Colonia","zh-CN":"科洛尼亚","tr":"Koloni","ru":"Колония","uk":"Колонія","pl":"Kolonia","hi":"कोलोनिया","ar":"كولونيا"},"wikiDataId":"Q31550016"},{"id":144678,"name":"Dado","state_id":1279,"state_code":"CAG","state_name":"Cagayan","country_id":174,"country_code":"PH","country_name":"Philippines","latitude":"7.05000000","longitude":"124.45972222","native":"Given","type":"city","level":null,"parent_id":null,"population":5184,"timezone":"Asia/Manila","translations":{"br":"Dado","ko":"징두리 판벽","pt-BR":"Dado","pt":"Dado","nl":"Dado","hr":"Dado","fa":"دادو","de":"Dado","es":"Friso","fr":"Dado","ja":"ダド","it":"Dado","zh-CN":"墙裙","tr":"Taban taşı","ru":"Дадо","uk":"Дадо","pl":"Boazeria","hi":"कुरसी","ar":"دادو"},"wikiDataId":"Q31558386"},{"id":144679,"name":"Dadus","state_id":1279,"state_code":"CAG","state_name":"Cagayan","country_id":174,"country_code":"PH","country_name":"Philippines","latitude":"7.05750000","longitude":"124.32166667","native":"Dadus","type":"city","level":null,"parent_id":null,"population":2325,"timezone":"Asia/Manila","translations":{"br":"Dadus","ko":"다두스","pt-BR":"Dadus","pt":"Dadus","nl":"Dadus","hr":"Dadus","fa":"دادوس","de":"Dadus","es":"Dadus","fr":"Dadus","ja":"ダドゥス","it":"Papà","zh-CN":"达杜斯","tr":"Dadus","ru":"Дадус","uk":"Дадус","pl":"Dadus","hi":"दादूस","ar":"دادوس"},"wikiDataId":"Q31558404"},{"id":144680,"name":"Dalican","state_id":1279,"state_code":"CAG","state_name":"Cagayan","country_id":174,"country_code":"PH","country_name":"Philippines","latitude":"6.96666667","longitude":"124.40000000","native":"Dalican","type":"city","level":null,"parent_id":null,"population":13918,"timezone":"Asia/Manila","translations":{"br":"Dalikan","ko":"달리칸","pt-BR":"Dalican","pt":"Dalican","nl":"Dalican","hr":"Dalican","fa":"دالیکان","de":"Dalican","es":"Dalicano","fr":"Dalican","ja":"ダリカン","it":"Dalican","zh-CN":"达利坎","tr":"Dalican","ru":"Даликан","uk":"Далікан","pl":"Dalikan","hi":"डालिकन","ar":"داليكان"},"wikiDataId":"Q31559874"},{"id":144681,"name":"Dalumangcob","state_id":1279,"state_code":"CAG","state_name":"Cagayan","country_id":174,"country_code":"PH","country_name":"Philippines","latitude":"7.21666667","longitude":"124.30000000","native":"DALAMBOB","type":"city","level":null,"parent_id":null,"population":9424,"timezone":"Asia/Manila","translations":{"br":"Dalumangcob","ko":"달루망콥","pt-BR":"Dalumangcob","pt":"Dalumangcob","nl":"Dalumangcob","hr":"Dalumangcob","fa":"دالومانگکوب","de":"Dalumangcob","es":"Dalumangcob","fr":"Dalumangcob","ja":"ダルマンコブ","it":"Dalumangcob","zh-CN":"达鲁芒科布","tr":"Dalumangcob","ru":"Далумангкоб","uk":"Далумангкоб","pl":"Dalumangcob","hi":"डालुमंगकोब","ar":"دالومانجكوب"},"wikiDataId":"Q31560132"},{"id":144682,"name":"Damabalas","state_id":1279,"state_code":"CAG","state_name":"Cagayan","country_id":174,"country_code":"PH","country_name":"Philippines","latitude":"7.01555556","longitude":"124.51416667","native":"Damabalas","type":"city","level":null,"parent_id":null,"population":3230,"timezone":"Asia/Manila","translations":{"br":"Damabalas","ko":"다마발라스","pt-BR":"Damabalas","pt":"Damabalas","nl":"Damabalas","hr":"Damabalas","fa":"دامبالاها","de":"Damabalas","es":"Damabalas","fr":"Damabalas","ja":"ダマバラス","it":"Damabalas","zh-CN":"达玛巴拉斯","tr":"Damabalas","ru":"Дабалас","uk":"Дамабалас","pl":"Damabalas","hi":"दंबालास","ar":"دامابالاس"},"wikiDataId":"Q31560626"},{"id":144683,"name":"Damatulan","state_id":1279,"state_code":"CAG","state_name":"Cagayan","country_id":174,"country_code":"PH","country_name":"Philippines","latitude":"7.03888889","longitude":"124.48277778","native":"Damatulan","type":"city","level":null,"parent_id":null,"population":3330,"timezone":"Asia/Manila","translations":{"br":"Damatulan","ko":"다마툴란","pt-BR":"Damatulan","pt":"Damatulan","nl":"Damatulan","hr":"Damatulan","fa":"داماتولان","de":"Damatulan","es":"Damatulan","fr":"Damatulan","ja":"ダマトゥラン","it":"Damatulan","zh-CN":"达马图兰","tr":"Damatulan","ru":"Даматулан","uk":"Даматулан","pl":"Damatulan","hi":"दमतुलान","ar":"داماتولان"},"wikiDataId":"Q31560642"},{"id":144688,"name":"Digal","state_id":1279,"state_code":"CAG","state_name":"Cagayan","country_id":174,"country_code":"PH","country_name":"Philippines","latitude":"6.75305556","longitude":"124.79638889","native":"Digal","type":"city","level":null,"parent_id":null,"population":6810,"timezone":"Asia/Manila","translations":{"br":"Digal","ko":"디지털","pt-BR":"Digal","pt":"Digal","nl":"Digitaal","hr":"Digal","fa":"دیگال","de":"Digital","es":"Digal","fr":"Digal","ja":"ディガル","it":"Digal","zh-CN":"迪加尔","tr":"Dijital","ru":"Цифровой","uk":"Дігал","pl":"Cyfrowy","hi":"डिगल","ar":"ديجال"},"wikiDataId":"Q31566837"},{"id":144689,"name":"Dinaig","state_id":1279,"state_code":"CAG","state_name":"Cagayan","country_id":174,"country_code":"PH","country_name":"Philippines","latitude":"7.08333000","longitude":"124.26667000","native":"Dinaig","type":"city","level":null,"parent_id":null,"population":null,"timezone":"Asia/Manila","translations":{"br":"Dinaig","ko":"디나이그","pt-BR":"Dinaig","pt":"Dinaig","nl":"Dinaig","hr":"Dinaig","fa":"دینایگ","de":"Dinaig","es":"Dinaig","fr":"Dinaig","ja":"ディナイグ","it":"Dinaig","zh-CN":"迪奈格","tr":"Dinaig","ru":"Динайг","uk":"Дінайг","pl":"Dinaig","hi":"दिनाइग","ar":"ديناغ"},"wikiDataId":"Q31567643"},{"id":144690,"name":"Dinganen","state_id":1279,"state_code":"CAG","state_name":"Cagayan","country_id":174,"country_code":"PH","country_name":"Philippines","latitude":"7.32833333","longitude":"124.37833333","native":"Dinganen","type":"city","level":null,"parent_id":null,"population":4623,"timezone":"Asia/Manila","translations":{"br":"Dinganen","ko":"딩가넨","pt-BR":"Dinganen","pt":"Dinganen","nl":"Dinganen","hr":"Dinganen","fa":"دینگانن","de":"Dinganen","es":"Dinganen","fr":"Dinganen","ja":"ディンガネン","it":"Dingane","zh-CN":"丁加宁","tr":"Dinganen","ru":"Динганен","uk":"Дінганен","pl":"Dinganen","hi":"डिंगानेन","ar":"دينجانين"},"wikiDataId":"Q31567872"},{"id":144692,"name":"Ebcor Town","state_id":1279,"state_code":"CAG","state_name":"Cagayan","country_id":174,"country_code":"PH","country_name":"Philippines","latitude":"7.44055556","longitude":"124.39722222","native":"Ebcor Town","type":"city","level":null,"parent_id":null,"population":2483,"timezone":"Asia/Manila","translations":{"br":"Kêr Ebcor","ko":"에브코르 타운","pt-BR":"Cidade de Ebcor","pt":"Cidade de Ebcor","nl":"Ebcor-stad","hr":"Ebcor Town","fa":"شهر ابکور","de":"Ebcor-Stadt","es":"Ciudad de Ebcor","fr":"Ville d'Ebcor","ja":"エブコルタウン","it":"Città di Ebcor","zh-CN":"埃布科镇","tr":"Ebcor Kasabası","ru":"Эбкор Таун","uk":"Ебкор-Таун","pl":"Miasto Ebcor","hi":"एबकोर टाउन","ar":"بلدة إبكور"},"wikiDataId":"Q31575282"},{"id":144695,"name":"Gang","state_id":1279,"state_code":"CAG","state_name":"Cagayan","country_id":174,"country_code":"PH","country_name":"Philippines","latitude":"7.24583333","longitude":"124.26638889","native":"Gang","type":"city","level":null,"parent_id":null,"population":3317,"timezone":"Asia/Manila","translations":{"br":"Bagad","ko":"가다","pt-BR":"Gangue","pt":"Gangue","nl":"Bende","hr":"Banda","fa":"باند","de":"Gang","es":"Banda","fr":"Gang","ja":"ギャング","it":"Banda","zh-CN":"帮派","tr":"Çete","ru":"Банда","uk":"Банда","pl":"Gang","hi":"गिरोह","ar":"عصابة"},"wikiDataId":"Q31588598"},{"id":144696,"name":"Guiong","state_id":1279,"state_code":"CAG","state_name":"Cagayan","country_id":174,"country_code":"PH","country_name":"Philippines","latitude":"6.41861111","longitude":"122.02583333","native":"Guiong","type":"city","level":null,"parent_id":null,"population":2477,"timezone":"Asia/Manila","translations":{"br":"Guiong","ko":"귀옹","pt-BR":"Guiong","pt":"Guiong","nl":"Guiong","hr":"Guiong","fa":"گیونگ","de":"Guiong","es":"Guiong","fr":"Guiong","ja":"ギオン","it":"Guiong","zh-CN":"贵翁","tr":"Guiong","ru":"Гуйонг","uk":"Guiong","pl":"Guiong","hi":"Giuong","ar":"جيونج"},"wikiDataId":"Q31811376"},{"id":144528,"name":"Idtig","state_id":1279,"state_code":"CAG","state_name":"Cagayan","country_id":174,"country_code":"PH","country_name":"Philippines","latitude":"6.79888889","longitude":"124.77277778","native":"Idtig","type":"city","level":null,"parent_id":null,"population":3969,"timezone":"Asia/Manila","translations":{"br":"Idtig","ko":"이디티그","pt-BR":"Idtig","pt":"Idtig","nl":"Idtig","hr":"Idtig","fa":"ایدیگ","de":"Idtig","es":"Idtig","fr":"Idtig","ja":"イディグ","it":"Idtig","zh-CN":"伊蒂格","tr":"İdtig","ru":"Идтиг","uk":"Ідтіг","pl":"Idtig","hi":"इदटिग","ar":"إيدتيج"},"wikiDataId":"Q31811469"},{"id":144532,"name":"Kabasalan","state_id":1279,"state_code":"CAG","state_name":"Cagayan","country_id":174,"country_code":"PH","country_name":"Philippines","latitude":"7.06666667","longitude":"124.65000000","native":"Kabasalan","type":"city","level":null,"parent_id":null,"population":2190,"timezone":"Asia/Manila","translations":{"br":"Kabasalan","ko":"카바살란","pt-BR":"Kabasalan","pt":"Kabasalan","nl":"Kabasalan","hr":"Kabasalan","fa":"کاباسالان","de":"Kabasalan","es":"Kabasalan","fr":"Kabasalan","ja":"カバサラン","it":"Kabasalan","zh-CN":"卡巴萨兰","tr":"Kabasalan","ru":"Кабасалан","uk":"Кабасалан","pl":"Kabasalan","hi":"कबासलान","ar":"كاباسالان"},"wikiDataId":"Q31811567"},{"id":144534,"name":"Kagay","state_id":1279,"state_code":"CAG","state_name":"Cagayan","country_id":174,"country_code":"PH","country_name":"Philippines","latitude":"6.00888889","longitude":"120.90750000","native":"Kagay","type":"city","level":null,"parent_id":null,"population":2318,"timezone":"Asia/Manila","translations":{"br":"Kagay","ko":"카가이","pt-BR":"Kagay","pt":"Kagay","nl":"Kagay","hr":"Kagay","fa":"کاگای","de":"Kagay","es":"Kagay","fr":"Kagay","ja":"カガイ","it":"Kagay","zh-CN":"卡盖伊","tr":"Kagay","ru":"Кагай","uk":"Кагай","pl":"Kagay","hi":"कागे","ar":"كاجاي"},"wikiDataId":"Q31811578"},{"id":144535,"name":"Kajatian","state_id":1279,"state_code":"CAG","state_name":"Cagayan","country_id":174,"country_code":"PH","country_name":"Philippines","latitude":"6.03111111","longitude":"120.99194444","native":"Kajenti","type":"city","level":null,"parent_id":null,"population":5436,"timezone":"Asia/Manila","translations":{"br":"Kajatian","ko":"카자티안","pt-BR":"Kajatian","pt":"Kajatian","nl":"Kajatian","hr":"Kajatian","fa":"کاجاتیان","de":"Kajatian","es":"Kajatian","fr":"Kajatian","ja":"カジャティアン","it":"Kajatian","zh-CN":"卡亚蒂安","tr":"Kajatian","ru":"Каджатиан","uk":"Каятян","pl":"Kajatian","hi":"कजातियन","ar":"كاجاتيان"},"wikiDataId":"Q31811579"},{"id":144536,"name":"Kalang","state_id":1279,"state_code":"CAG","state_name":"Cagayan","country_id":174,"country_code":"PH","country_name":"Philippines","latitude":"5.91972222","longitude":"121.36305556","native":"Kalang","type":"city","level":null,"parent_id":null,"population":2323,"timezone":"Asia/Manila","translations":{"br":"Kalang","ko":"칼랑","pt-BR":"Kalang","pt":"Kalang","nl":"Kalang","hr":"Kalang","fa":"کالنگ","de":"Kalang","es":"Kalang","fr":"Kalang","ja":"カラン","it":"Kalang","zh-CN":"卡朗","tr":"Kalang","ru":"Каланг","uk":"Каланг","pl":"Kalang","hi":"कलंग","ar":"كالانج"},"wikiDataId":"Q31811585"},{"id":144537,"name":"Kalbugan","state_id":1279,"state_code":"CAG","state_name":"Cagayan","country_id":174,"country_code":"PH","country_name":"Philippines","latitude":"6.95972222","longitude":"124.65916667","native":"Widow","type":"city","level":null,"parent_id":null,"population":3226,"timezone":"Asia/Manila","translations":{"br":"Kalbugan","ko":"칼부간","pt-BR":"Kalbugan","pt":"Kalbugan","nl":"Kalbugan","hr":"Kalbugan","fa":"کالبوگان","de":"Kalbugan","es":"Kalbugan","fr":"Kalbugan","ja":"カルブガン","it":"Kalbugan","zh-CN":"卡尔布甘","tr":"Kalbugan","ru":"Калбуган","uk":"Калбуган","pl":"Kalbugan","hi":"कलबुगन","ar":"كالبوجان"},"wikiDataId":"Q31811590"},{"id":144539,"name":"Kambing","state_id":1279,"state_code":"CAG","state_name":"Cagayan","country_id":174,"country_code":"PH","country_name":"Philippines","latitude":"5.94638889","longitude":"121.30750000","native":"Goat","type":"city","level":null,"parent_id":null,"population":2373,"timezone":"Asia/Manila","translations":{"br":"Kambing","ko":"캄빙","pt-BR":"Kambing","pt":"Kambing","nl":"Kambing","hr":"Kambing","fa":"کامبینگ","de":"Kambing","es":"Kambing","fr":"Kambing","ja":"カンビング","it":"Kambing","zh-CN":"坎宾","tr":"Kambing","ru":"Камбинг","uk":"Камбінг","pl":"Kambing","hi":"काम्बिंग","ar":"كامبينغ"},"wikiDataId":"Q31811601"},{"id":144540,"name":"Kanlagay","state_id":1279,"state_code":"CAG","state_name":"Cagayan","country_id":174,"country_code":"PH","country_name":"Philippines","latitude":"5.87555556","longitude":"121.29138889","native":"Kantagay","type":"city","level":null,"parent_id":null,"population":2211,"timezone":"Asia/Manila","translations":{"br":"Kanlagay","ko":"칸라가이","pt-BR":"Kanlagay","pt":"Kanlagay","nl":"Kanlagay","hr":"Kanlagay","fa":"کانلاگای","de":"Kanlagay","es":"Kanlagay","fr":"Kanlagay","ja":"カンラガイ","it":"Kanlagay","zh-CN":"坎拉盖","tr":"Kanlagay","ru":"Канлагай","uk":"Канлагай","pl":"Kanlagay","hi":"कनलागे","ar":"كانلاجاي"},"wikiDataId":"Q31811605"},{"id":144541,"name":"Kansipati","state_id":1279,"state_code":"CAG","state_name":"Cagayan","country_id":174,"country_code":"PH","country_name":"Philippines","latitude":"6.00111111","longitude":"121.23444444","native":"Kanipati","type":"city","level":null,"parent_id":null,"population":14552,"timezone":"Asia/Manila","translations":{"br":"Kansipati","ko":"칸시파티","pt-BR":"Kansipati","pt":"Kansipati","nl":"Kansipati","hr":"Kansipati","fa":"کانسیپاتی","de":"Kansipati","es":"Kansipati","fr":"Kansipati","ja":"カンシパティ","it":"Kansipati","zh-CN":"坎西帕蒂","tr":"Kansipati","ru":"Кансипати","uk":"Кансіпаті","pl":"Kansipati","hi":"कंसीपति","ar":"كانسيباتي"},"wikiDataId":"Q31811607"},{"id":144544,"name":"Karungdong","state_id":1279,"state_code":"CAG","state_name":"Cagayan","country_id":174,"country_code":"PH","country_name":"Philippines","latitude":"5.88444444","longitude":"121.26305556","native":"Karungdong","type":"city","level":null,"parent_id":null,"population":7269,"timezone":"Asia/Manila","translations":{"br":"Karungdong","ko":"카룽동","pt-BR":"Karungdong","pt":"Karungdong","nl":"Karungdong","hr":"Karungdong","fa":"کارونگدونگ","de":"Karungdong","es":"Karungdong","fr":"Karungdong","ja":"カルンドン","it":"Karungdong","zh-CN":"卡隆东","tr":"Karungdong","ru":"Карунгдонг","uk":"Карундон","pl":"Karungdong","hi":"करुंगडोंग","ar":"كارونغ دونغ"},"wikiDataId":"Q31811615"},{"id":144546,"name":"Katidtuan","state_id":1279,"state_code":"CAG","state_name":"Cagayan","country_id":174,"country_code":"PH","country_name":"Philippines","latitude":"7.18861111","longitude":"124.31527778","native":"Katidtuan","type":"city","level":null,"parent_id":null,"population":4710,"timezone":"Asia/Manila","translations":{"br":"Katidtuan","ko":"카티투안","pt-BR":"Katidtuan","pt":"Katidtuan","nl":"Katidtuan","hr":"Katidtuan","fa":"کاتیدتوان","de":"Katidtuan","es":"Katidtuan","fr":"Katidtuan","ja":"カティドトゥアン","it":"Katidtuan","zh-CN":"卡迪图安","tr":"Katidtuan","ru":"Катидтуан","uk":"Катідтуан","pl":"Katidtuan","hi":"कातिदतुआन","ar":"كاتيدتوان"},"wikiDataId":"Q31811618"},{"id":144547,"name":"Katuli","state_id":1279,"state_code":"CAG","state_name":"Cagayan","country_id":174,"country_code":"PH","country_name":"Philippines","latitude":"7.43333333","longitude":"124.21666667","native":"Vaccine","type":"city","level":null,"parent_id":null,"population":4732,"timezone":"Asia/Manila","translations":{"br":"Katuli","ko":"카툴리","pt-BR":"Katuli","pt":"Katuli","nl":"Katuli","hr":"Katuli","fa":"کتولی","de":"Katuli","es":"Katuli","fr":"Katuli","ja":"カトゥリ","it":"Katuli","zh-CN":"卡图利","tr":"Katuli","ru":"Катули","uk":"Катулі","pl":"Katuli","hi":"कटुली","ar":"كاتولي"},"wikiDataId":"Q31811624"},{"id":144549,"name":"Kitango","state_id":1279,"state_code":"CAG","state_name":"Cagayan","country_id":174,"country_code":"PH","country_name":"Philippines","latitude":"6.94833333","longitude":"124.44111111","native":"Kitao","type":"city","level":null,"parent_id":null,"population":2608,"timezone":"Asia/Manila","translations":{"br":"Kitango","ko":"키탕고","pt-BR":"Kitango","pt":"Kitango","nl":"Kitango","hr":"Kitango","fa":"کیتانگو","de":"Kitango","es":"Kitango","fr":"Kitango","ja":"キタンゴ","it":"Kitango","zh-CN":"基坦戈","tr":"Kitango","ru":"Китанго","uk":"Кітанго","pl":"Kitango","hi":"कितांगो","ar":"كيتانغو"},"wikiDataId":"Q31811657"},{"id":144550,"name":"Kitapak","state_id":1279,"state_code":"CAG","state_name":"Cagayan","country_id":174,"country_code":"PH","country_name":"Philippines","latitude":"6.95333333","longitude":"124.42555556","native":"Kitapak","type":"city","level":null,"parent_id":null,"population":2924,"timezone":"Asia/Manila","translations":{"br":"Kitapak","ko":"키타팍","pt-BR":"Kitapak","pt":"Kitapak","nl":"Kitapak","hr":"Kitapak","fa":"کیتاپک","de":"Kitapak","es":"Kitapak","fr":"Kitapak","ja":"キタパク","it":"Kitapak","zh-CN":"基塔帕克","tr":"Kitapak","ru":"Китапак","uk":"Кітапак","pl":"Kitapak","hi":"कितापाक","ar":"كيتاباك"},"wikiDataId":"Q31811658"},{"id":144551,"name":"Kolape","state_id":1279,"state_code":"CAG","state_name":"Cagayan","country_id":174,"country_code":"PH","country_name":"Philippines","latitude":"5.07027778","longitude":"119.89694444","native":"Kolape","type":"city","level":null,"parent_id":null,"population":2825,"timezone":"Asia/Manila","translations":{"br":"Kolape","ko":"콜라페","pt-BR":"Kolape","pt":"Kolape","nl":"Kolape","hr":"Kolape","fa":"کولاپه","de":"Kolape","es":"Colape","fr":"Kolape","ja":"コラペ","it":"Kolape","zh-CN":"科拉佩","tr":"Kolape","ru":"Колапе","uk":"Колапе","pl":"Kolape","hi":"कोलापे","ar":"كولابي"},"wikiDataId":"Q31811670"},{"id":144552,"name":"Kulase","state_id":1279,"state_code":"CAG","state_name":"Cagayan","country_id":174,"country_code":"PH","country_name":"Philippines","latitude":"5.90527778","longitude":"120.95694444","native":"Concerning","type":"city","level":null,"parent_id":null,"population":7148,"timezone":"Asia/Manila","translations":{"br":"Kulase","ko":"쿨라세","pt-BR":"Kulase","pt":"Kulase","nl":"Kulase","hr":"Kulase","fa":"کولاسه","de":"Kulase","es":"Kulase","fr":"Kulase","ja":"クラセ","it":"Kulase","zh-CN":"库拉塞","tr":"Kulase","ru":"Куласе","uk":"Куласе","pl":"Kulase","hi":"कुलासे","ar":"كولاسي"},"wikiDataId":"Q31811683"},{"id":144553,"name":"Kulay-Kulay","state_id":1279,"state_code":"CAG","state_name":"Cagayan","country_id":174,"country_code":"PH","country_name":"Philippines","latitude":"5.94527778","longitude":"121.23250000","native":"Color","type":"city","level":null,"parent_id":null,"population":2783,"timezone":"Asia/Manila","translations":{"br":"Kulay-Kulay","ko":"쿨라이-쿨라이","pt-BR":"Kulay-Kulay","pt":"Kulay-Kulay","nl":"Kulay-Kulay","hr":"Kulay-Kulay","fa":"کولای-کولای","de":"Kulay-Kulay","es":"Kulay-Kulay","fr":"Kulay-Kulay","ja":"クレイ・クレイ","it":"Kulay-Kulay","zh-CN":"库莱-库莱","tr":"Kulay-Kulay","ru":"Кулай-Кулай","uk":"Кулай-Кулай","pl":"Kulay-Kulay","hi":"कुले-कुले","ar":"كولاي-كولاي"},"wikiDataId":"Q31811684"},{"id":144554,"name":"Kulempang","state_id":1279,"state_code":"CAG","state_name":"Cagayan","country_id":174,"country_code":"PH","country_name":"Philippines","latitude":"7.51944444","longitude":"124.38972222","native":"I stuck","type":"city","level":null,"parent_id":null,"population":2384,"timezone":"Asia/Manila","translations":{"br":"Kulempang","ko":"쿨렘팡","pt-BR":"Kulempang","pt":"Kulempang","nl":"Kulempan","hr":"Kulempang","fa":"کولمپانگ","de":"Kulempang","es":"Kulempang","fr":"Kulempang","ja":"クルンパン","it":"Kulempang","zh-CN":"库伦邦","tr":"Kulempang","ru":"Кулемпанг","uk":"Кулемпанг","pl":"Kulempang","hi":"कुलेम्पांग","ar":"كوليمبانج"},"wikiDataId":"Q31811685"},{"id":144555,"name":"Kungtad","state_id":1279,"state_code":"CAG","state_name":"Cagayan","country_id":174,"country_code":"PH","country_name":"Philippines","latitude":"5.55722222","longitude":"120.84722222","native":"Kuntad","type":"city","level":null,"parent_id":null,"population":2464,"timezone":"Asia/Manila","translations":{"br":"Kungtad","ko":"쿵타드","pt-BR":"Kungtad","pt":"Kungtad","nl":"Kungtad","hr":"Kungtad","fa":"کونگتاد","de":"Kungtad","es":"Kungtad","fr":"Kungtad","ja":"クンタッド","it":"Kungtad","zh-CN":"昆塔德","tr":"Kungtad","ru":"Кунгтад","uk":"Кунгтад","pl":"Kungtad","hi":"कुंगताड","ar":"كونغتاد"},"wikiDataId":"Q31811688"},{"id":144556,"name":"Labuñgan","state_id":1279,"state_code":"CAG","state_name":"Cagayan","country_id":174,"country_code":"PH","country_name":"Philippines","latitude":"7.10305556","longitude":"124.23500000","native":"Labungan","type":"city","level":null,"parent_id":null,"population":2397,"timezone":"Asia/Manila","translations":{"br":"Labuñgan","ko":"라부냐","pt-BR":"Labuñgan","pt":"Labuñgan","nl":"Labuñgan","hr":"Labuñgan","fa":"لابونگان","de":"Labuñgan","es":"Labuñgan","fr":"Labuñgan","ja":"ラブガン","it":"Labuñgan","zh-CN":"拉布尼甘","tr":"Labuñgan","ru":"Лабунган","uk":"Лабуньган","pl":"Labuñgan","hi":"लाबुंगन","ar":"لابونجان"},"wikiDataId":"Q31811725"},{"id":144557,"name":"Laminusa","state_id":1279,"state_code":"CAG","state_name":"Cagayan","country_id":174,"country_code":"PH","country_name":"Philippines","latitude":"5.55500000","longitude":"120.91361111","native":"Laminusa","type":"city","level":null,"parent_id":null,"population":8113,"timezone":"Asia/Manila","translations":{"br":"Laminusa","ko":"라미누사","pt-BR":"Laminusa","pt":"Laminusa","nl":"Laminusa","hr":"Laminusa","fa":"لامینوسا","de":"Laminusa","es":"Laminusa","fr":"Laminusa","ja":"ラミヌサ","it":"Laminusa","zh-CN":"拉米努萨","tr":"Laminusa","ru":"Ламинуса","uk":"Ламінуса","pl":"Laminusa","hi":"लैमिनुसा","ar":"لامينوسا"},"wikiDataId":"Q31811764"},{"id":144559,"name":"Lamitan City","state_id":1279,"state_code":"CAG","state_name":"Cagayan","country_id":174,"country_code":"PH","country_name":"Philippines","latitude":"6.63333000","longitude":"122.10000000","native":"Lamitan City","type":"adm3","level":null,"parent_id":null,"population":null,"timezone":"Asia/Manila","translations":{"br":"Kêr Lamitan","ko":"라미탄 시","pt-BR":"Cidade de Lamitan","pt":"Cidade de Lamitan","nl":"Lamitan Stad","hr":"Lamitan City","fa":"شهر لامیتان","de":"Lamitan-Stadt","es":"Ciudad de Lamitan","fr":"Lamitan City","ja":"ラミタン市","it":"Città di Lamitan","zh-CN":"拉米坦市","tr":"Lamitan Şehri","ru":"Город Ламитан","uk":"Ламітан-Сіті","pl":"Miasto Lamitan","hi":"लामिटन शहर","ar":"مدينة لاميتان"},"wikiDataId":"Q31814021"},{"id":144560,"name":"Langpas","state_id":1279,"state_code":"CAG","state_name":"Cagayan","country_id":174,"country_code":"PH","country_name":"Philippines","latitude":"5.97500000","longitude":"120.94888889","native":"Long","type":"city","level":null,"parent_id":null,"population":2378,"timezone":"Asia/Manila","translations":{"br":"Langpas","ko":"랑파스","pt-BR":"Langpas","pt":"Langpas","nl":"Langpas","hr":"Langpas","fa":"لانگپاس","de":"Langpas","es":"Langpas","fr":"Langpas","ja":"ランパス","it":"Langpas","zh-CN":"朗帕斯","tr":"Langpas","ru":"Лангпас","uk":"Лангпас","pl":"Langpas","hi":"लैंगपास","ar":"لانغباس"},"wikiDataId":"Q31811779"},{"id":144562,"name":"Larap","state_id":1279,"state_code":"CAG","state_name":"Cagayan","country_id":174,"country_code":"PH","country_name":"Philippines","latitude":"4.76166667","longitude":"119.40500000","native":"Quinapaguian","type":"city","level":null,"parent_id":null,"population":4113,"timezone":"Asia/Manila","translations":{"br":"Larap","ko":"라랍","pt-BR":"Larap","pt":"Larap","nl":"Larap","hr":"Larap","fa":"لاراپ","de":"Larap","es":"Larap","fr":"Larap","ja":"ララップ","it":"Larap","zh-CN":"拉拉普","tr":"Larap","ru":"Ларап","uk":"Ларап","pl":"Larap","hi":"लाराप","ar":"لاراب"},"wikiDataId":"Q31811807"},{"id":144563,"name":"Latung","state_id":1279,"state_code":"CAG","state_name":"Cagayan","country_id":174,"country_code":"PH","country_name":"Philippines","latitude":"5.50000000","longitude":"120.88333333","native":"LATE","type":"city","level":null,"parent_id":null,"population":2964,"timezone":"Asia/Manila","translations":{"br":"Latung","ko":"라퉁","pt-BR":"Latung","pt":"Latung","nl":"Latung","hr":"Latung","fa":"لاتونگ","de":"Latung","es":"Latung","fr":"Latung","ja":"ラトゥン","it":"Latung","zh-CN":"拉通","tr":"Latung","ru":"Латунг","uk":"Латунг","pl":"Latung","hi":"लातुंग","ar":"لاتونغ"},"wikiDataId":"Q31811812"},{"id":144564,"name":"Layog","state_id":1279,"state_code":"CAG","state_name":"Cagayan","country_id":174,"country_code":"PH","country_name":"Philippines","latitude":"7.07666667","longitude":"124.73055556","native":"Element","type":"city","level":null,"parent_id":null,"population":2588,"timezone":"Asia/Manila","translations":{"br":"Layog","ko":"라요그","pt-BR":"Layog","pt":"Layog","nl":"Layog","hr":"Layog","fa":"لایوگ","de":"Layog","es":"Layog","fr":"Layog","ja":"レイヨグ","it":"Layog","zh-CN":"拉约格","tr":"Layog","ru":"Лайог","uk":"Лайог","pl":"Layog","hi":"लययोग","ar":"لايوج"},"wikiDataId":"Q31811821"},{"id":144565,"name":"Ligayan","state_id":1279,"state_code":"CAG","state_name":"Cagayan","country_id":174,"country_code":"PH","country_name":"Philippines","latitude":"4.65444444","longitude":"119.47055556","native":"Lisayan","type":"city","level":null,"parent_id":null,"population":2319,"timezone":"Asia/Manila","translations":{"br":"Ligayan","ko":"리가얀","pt-BR":"Ligayan","pt":"Ligayan","nl":"Ligayan","hr":"Ligayan","fa":"لیگایان","de":"Ligayan","es":"Ligayan","fr":"Ligayan","ja":"リガヤン","it":"Ligayan","zh-CN":"利加延","tr":"Ligayan","ru":"Лигаян","uk":"Лігаян","pl":"Ligayan","hi":"लिगयान","ar":"ليجايان"},"wikiDataId":"Q31811876"},{"id":144566,"name":"Limbo","state_id":1279,"state_code":"CAG","state_name":"Cagayan","country_id":174,"country_code":"PH","country_name":"Philippines","latitude":"7.25166667","longitude":"124.24388889","native":"Limbo","type":"city","level":null,"parent_id":null,"population":4842,"timezone":"Asia/Manila","translations":{"br":"Limbo","ko":"림보","pt-BR":"Limbo","pt":"Limbo","nl":"Voorgeborchte","hr":"Zaborav","fa":"برزخ","de":"Limbo","es":"Limbo","fr":"Limbo","ja":"リンボ","it":"Limbo","zh-CN":"地狱边境","tr":"Araf","ru":"Лимб","uk":"Лімбо","pl":"Otchłań","hi":"लीम्बो","ar":"ليمبو"},"wikiDataId":"Q31811889"},{"id":144567,"name":"Litayan","state_id":1279,"state_code":"CAG","state_name":"Cagayan","country_id":174,"country_code":"PH","country_name":"Philippines","latitude":"7.33583333","longitude":"124.03472222","native":"Litayan","type":"city","level":null,"parent_id":null,"population":5294,"timezone":"Asia/Manila","translations":{"br":"Litayan","ko":"리타얀","pt-BR":"Litayan","pt":"Litayan","nl":"Litajaan","hr":"Litayan","fa":"لیتایان","de":"Litayan","es":"Litayan","fr":"Litayan","ja":"リタヤン","it":"Litayan","zh-CN":"利塔扬","tr":"Litayan","ru":"Литаян","uk":"Літаян","pl":"Litajski","hi":"लिटायन","ar":"ليتايان"},"wikiDataId":"Q31811921"},{"id":144568,"name":"Lookan","state_id":1279,"state_code":"CAG","state_name":"Cagayan","country_id":174,"country_code":"PH","country_name":"Philippines","latitude":"5.03694444","longitude":"120.10277778","native":"Do light","type":"city","level":null,"parent_id":null,"population":2758,"timezone":"Asia/Manila","translations":{"br":"Sellet","ko":"루칸","pt-BR":"Lookan","pt":"Lookan","nl":"Lookan","hr":"Lookan","fa":"لوکان","de":"Lookan","es":"Mirar","fr":"Lookan","ja":"ルカン","it":"Guardare","zh-CN":"卢坎","tr":"Lookan","ru":"Лукан","uk":"Лукан","pl":"Lookan","hi":"लूकन","ar":"لوكان"},"wikiDataId":"Q31811945"},{"id":144570,"name":"Lumba-a-Bayabao","state_id":1279,"state_code":"CAG","state_name":"Cagayan","country_id":174,"country_code":"PH","country_name":"Philippines","latitude":"7.78333000","longitude":"124.50000000","native":"Lumba-a-Bubayao","type":"city","level":null,"parent_id":null,"population":null,"timezone":"Asia/Manila","translations":{"br":"Lumba-a-Bayabao","ko":"룸바-아-바야바오","pt-BR":"Lumba-a-Bayabao","pt":"Lumba-a-Bayabao","nl":"Lumba-a-Bayabao","hr":"Lumba-a-Bayabao","fa":"لومبا-آ-بایابائو","de":"Lumba-a-Bayabao","es":"Lumba-a-Bayabao","fr":"Lumba-a-Bayabao","ja":"ルンバ・ア・バヤバオ","it":"Lumba-a-Bayabao","zh-CN":"伦巴-阿-巴亚宝","tr":"Lumba-a-Bayabao","ru":"Лумба-а-Баябао","uk":"Лумба-а-Баябао","pl":"Lumba-a-Bayabao","hi":"लुम्बा-ए-बयाबाओ","ar":"لومبا-أ-باياباو"},"wikiDataId":"Q31814091"},{"id":144571,"name":"Lumbac","state_id":1279,"state_code":"CAG","state_name":"Cagayan","country_id":174,"country_code":"PH","country_name":"Philippines","latitude":"7.73416667","longitude":"124.25277778","native":"Lumbac","type":"city","level":null,"parent_id":null,"population":2448,"timezone":"Asia/Manila","translations":{"br":"Lumbac","ko":"요통","pt-BR":"Lumbac","pt":"Lumbac","nl":"Lumbac","hr":"Lumbalni","fa":"لومباک","de":"Lumbac","es":"Lumbac","fr":"Lumbago","ja":"ルンバック","it":"Lombata","zh-CN":"腰椎","tr":"Bel","ru":"Лумбак","uk":"Люмбак","pl":"Lędźwiowy","hi":"लुम्बक","ar":"ألم أسفل الظهر"},"wikiDataId":"Q31811987"},{"id":144576,"name":"Luuk Datan","state_id":1279,"state_code":"CAG","state_name":"Cagayan","country_id":174,"country_code":"PH","country_name":"Philippines","latitude":"4.81194444","longitude":"119.84527778","native":"Luuk data","type":"city","level":null,"parent_id":null,"population":2567,"timezone":"Asia/Manila","translations":{"br":"Luuk Datan","ko":"루크 다탄","pt-BR":"Luuk Datan","pt":"Luuk Datan","nl":"Luuk Datan","hr":"Luuk Datan","fa":"لوک داتان","de":"Luuk Datan","es":"Luuk Datan","fr":"Luuk Datan","ja":"ルーク・ダタン","it":"Luuk Datan","zh-CN":"卢克·达坦","tr":"Luuk Datan","ru":"Луук Датан","uk":"Луук Датан","pl":"Luuk Datan","hi":"लूक दातन","ar":"لوك داتان"},"wikiDataId":"Q31812020"},{"id":144580,"name":"Mahala","state_id":1279,"state_code":"CAG","state_name":"Cagayan","country_id":174,"country_code":"PH","country_name":"Philippines","latitude":"5.91666667","longitude":"121.13333333","native":"Free","type":"city","level":null,"parent_id":null,"population":2427,"timezone":"Asia/Manila","translations":{"br":"Mahala","ko":"마할라","pt-BR":"Mahala","pt":"Mahala","nl":"Mahala","hr":"Mahala","fa":"ماهالا","de":"Mahala","es":"Mahala","fr":"Mahala","ja":"マハラ","it":"Mahala","zh-CN":"马哈拉","tr":"Mahalle","ru":"Махала","uk":"Махала","pl":"Mahala","hi":"महला","ar":"محلة"},"wikiDataId":"Q31812106"},{"id":144582,"name":"Makir","state_id":1279,"state_code":"CAG","state_name":"Cagayan","country_id":174,"country_code":"PH","country_name":"Philippines","latitude":"7.03083333","longitude":"124.30416667","native":"Machir","type":"city","level":null,"parent_id":null,"population":2371,"timezone":"Asia/Manila","translations":{"br":"Makir","ko":"마키르","pt-BR":"Makir","pt":"Makir","nl":"Makir","hr":"Makir","fa":"مکیر","de":"Makir","es":"Makir","fr":"Makir","ja":"マキル","it":"Makir","zh-CN":"马基尔","tr":"Makir","ru":"Макир","uk":"Макір","pl":"Makir","hi":"माकीर","ar":"ماكير"},"wikiDataId":"Q31812121"},{"id":144585,"name":"Manubul","state_id":1279,"state_code":"CAG","state_name":"Cagayan","country_id":174,"country_code":"PH","country_name":"Philippines","latitude":"5.47333333","longitude":"120.79861111","native":"Manubul","type":"city","level":null,"parent_id":null,"population":4736,"timezone":"Asia/Manila","translations":{"br":"Manubul","ko":"마누불","pt-BR":"Manubul","pt":"Manubul","nl":"Manubul","hr":"Manubul","fa":"مانوبول","de":"Manubul","es":"Manubul","fr":"Manubul","ja":"マヌブル","it":"Manubul","zh-CN":"马努布尔","tr":"Manubul","ru":"Манубул","uk":"Манубул","pl":"Manubul","hi":"मनुबुल","ar":"مانوبول"},"wikiDataId":"Q31812273"},{"id":144590,"name":"Marsada","state_id":1279,"state_code":"CAG","state_name":"Cagayan","country_id":174,"country_code":"PH","country_name":"Philippines","latitude":"5.93138889","longitude":"121.10694444","native":"Marry","type":"city","level":null,"parent_id":null,"population":2571,"timezone":"Asia/Manila","translations":{"br":"Marsada","ko":"마르사다","pt-BR":"Marsada","pt":"Marsada","nl":"Marsada","hr":"Marsada","fa":"مارسادا","de":"Marsada","es":"Marsada","fr":"Marsada","ja":"マルサダ","it":"Marsada","zh-CN":"马尔萨达","tr":"Marsada","ru":"Марсада","uk":"Марсада","pl":"Marsada","hi":"मार्साडा","ar":"مارسادا"},"wikiDataId":"Q31812309"},{"id":144591,"name":"Marunggas","state_id":1279,"state_code":"CAG","state_name":"Cagayan","country_id":174,"country_code":"PH","country_name":"Philippines","latitude":"6.19193000","longitude":"120.96085000","native":"Swift","type":"city","level":null,"parent_id":null,"population":null,"timezone":"Asia/Manila","translations":{"br":"Marunggas","ko":"마룽가스","pt-BR":"Marunggas","pt":"Marunggas","nl":"Marunggas","hr":"Marunggas","fa":"مارونگگاس","de":"Marunggas","es":"Marunggas","fr":"Marunggas","ja":"マランガス","it":"Marunggas","zh-CN":"马龙加斯","tr":"Marunggas","ru":"Марунггас","uk":"Марунгас","pl":"Marunggas","hi":"मारुंगगास","ar":"مارونغاس"},"wikiDataId":"Q31814220"},{"id":144594,"name":"Mataya","state_id":1279,"state_code":"CAG","state_name":"Cagayan","country_id":174,"country_code":"PH","country_name":"Philippines","latitude":"7.47111111","longitude":"124.37194444","native":"Mataya","type":"city","level":null,"parent_id":null,"population":3136,"timezone":"Asia/Manila","translations":{"br":"Mataya","ko":"마타야","pt-BR":"Mataya","pt":"Mataya","nl":"Mataya","hr":"Mataya","fa":"ماتایا","de":"Mataya","es":"Mataya","fr":"Mataya","ja":"マタヤ","it":"Mataya","zh-CN":"马塔亚","tr":"Mataya","ru":"Матая","uk":"Матая","pl":"Mataya","hi":"मटाया","ar":"ماتايا"},"wikiDataId":"Q31812340"},{"id":144595,"name":"Mauboh","state_id":1279,"state_code":"CAG","state_name":"Cagayan","country_id":174,"country_code":"PH","country_name":"Philippines","latitude":"5.99000000","longitude":"121.09361111","native":"Mauboh","type":"city","level":null,"parent_id":null,"population":2561,"timezone":"Asia/Manila","translations":{"br":"Mauboh","ko":"마우보","pt-BR":"Mauboh","pt":"Mauboh","nl":"Mauboh","hr":"Mauboh","fa":"مابو","de":"Mauboh","es":"Mauboh","fr":"Mauboh","ja":"マウボー","it":"Mauboh","zh-CN":"毛布","tr":"Mauboh","ru":"Маубох","uk":"Маубох","pl":"Mauboh","hi":"मौबोह","ar":"ماوبوه"},"wikiDataId":"Q31812360"},{"id":144596,"name":"Mileb","state_id":1279,"state_code":"CAG","state_name":"Cagayan","country_id":174,"country_code":"PH","country_name":"Philippines","latitude":"6.89861111","longitude":"124.58388889","native":"Mile","type":"city","level":null,"parent_id":null,"population":2758,"timezone":"Asia/Manila","translations":{"br":"Mileb","ko":"마일브","pt-BR":"Mileb","pt":"Mileb","nl":"Mijl","hr":"Mileb","fa":"مایلب","de":"Mileb","es":"Mileb","fr":"Mileb","ja":"ミレブ","it":"Mileb","zh-CN":"米莱布","tr":"Mileb","ru":"Милеб","uk":"Мілеб","pl":"Mileb","hi":"माइलब","ar":"ميلب"},"wikiDataId":"Q31812417"},{"id":144597,"name":"Molundo","state_id":1279,"state_code":"CAG","state_name":"Cagayan","country_id":174,"country_code":"PH","country_name":"Philippines","latitude":"7.91786000","longitude":"124.36542000","native":"Molundo","type":"adm3","level":null,"parent_id":null,"population":0,"timezone":"Asia/Manila","translations":{"br":"Molundo","ko":"몰룬도","pt-BR":"Molundo","pt":"Molundo","nl":"Molundo","hr":"Molundo","fa":"مولوندو","de":"Molundo","es":"Moludo","fr":"Molundo","ja":"モルンド","it":"Molundo","zh-CN":"莫伦多","tr":"Molundo","ru":"Молундо","uk":"Молундо","pl":"Molundo","hi":"मोलुंडो","ar":"مولوندو"},"wikiDataId":"Q31814263"},{"id":144598,"name":"Municipality of Indanan","state_id":1279,"state_code":"CAG","state_name":"Cagayan","country_id":174,"country_code":"PH","country_name":"Philippines","latitude":"5.99429000","longitude":"120.96028000","native":"Municipality of Indanan","type":"city","level":null,"parent_id":null,"population":2528,"timezone":"Asia/Manila","translations":{"br":"Kumun Indanan","ko":"인다난 시정촌","pt-BR":"Município de Indanan","pt":"Município de Indanan","nl":"Gemeente Indanan","hr":"Općina Indanan","fa":"شهرداری ایندانان","de":"Gemeinde Indanan","es":"Municipio de Indanan","fr":"Municipalité d'Indanan","ja":"インダナン市","it":"Comune di Indanan","zh-CN":"因达南市","tr":"Indanan Belediyesi","ru":"Муниципалитет Инданан","uk":"Муніципалітет Інданан","pl":"Gmina Indanan","hi":"इंदानन नगर पालिका","ar":"بلدية إندانان"},"wikiDataId":"Q31814318"},{"id":144599,"name":"Municipality of Lantawan","state_id":1279,"state_code":"CAG","state_name":"Cagayan","country_id":174,"country_code":"PH","country_name":"Philippines","latitude":"6.62650000","longitude":"121.86420000","native":"Municipality of Lattawan","type":"city","level":null,"parent_id":null,"population":null,"timezone":"Asia/Manila","translations":{"br":"Kumuniezh-kumunioù Lantawan","ko":"란타완 시정촌","pt-BR":"Município de Lantawan","pt":"Município de Lantawan","nl":"Gemeente Lantawan","hr":"Općina Lantawan","fa":"شهرداری لانتاوان","de":"Gemeinde Lantawan","es":"Municipio de Lantawan","fr":"Municipalité de Lantawan","ja":"ランタワン市","it":"Comune di Lantawan","zh-CN":"兰塔万市","tr":"Lantawan Belediyesi","ru":"Муниципалитет Лантаван","uk":"Муніципалітет Лантаван","pl":"Gmina Lantawan","hi":"लांतावान नगर पालिका","ar":"بلدية لانتاوان"},"wikiDataId":"Q31814341"},{"id":144600,"name":"Municipality of Pangutaran","state_id":1279,"state_code":"CAG","state_name":"Cagayan","country_id":174,"country_code":"PH","country_name":"Philippines","latitude":"6.30500000","longitude":"120.55400000","native":"Municipality of Accounts","type":"city","level":null,"parent_id":null,"population":3192,"timezone":"Asia/Manila","translations":{"br":"Kumuniezh-kumunioù Pangutan","ko":"팡구타란 시정촌","pt-BR":"Município de Pangutaran","pt":"Município de Pangutaran","nl":"Gemeente Pangutaran","hr":"Općina Pangutaran","fa":"شهرداری پانگوتاران","de":"Gemeinde von Pangutaran","es":"Municipio de Pangutaran","fr":"Municipalité de Pangutaran","ja":"パングタラン市","it":"Comune di Pangutaran","zh-CN":"潘古塔兰市","tr":"Pangutaran Belediyesi","ru":"Муниципалитет Пангутаран","uk":"Муніципалітет Пангутаран","pl":"Gmina Pangutaran","hi":"पंगुतारन नगर पालिका","ar":"بلدية بانغوتاران"},"wikiDataId":"Q31814375"},{"id":144601,"name":"Municipality of Sultan Gumander","state_id":1279,"state_code":"CAG","state_name":"Cagayan","country_id":174,"country_code":"PH","country_name":"Philippines","latitude":"7.69050000","longitude":"123.94060000","native":"Municipality of Sultan Gumander","type":"city","level":null,"parent_id":null,"population":null,"timezone":"Asia/Manila","translations":{"br":"Kumuniezh Sultan Gumander","ko":"술탄 구만데르 지방자치단체","pt-BR":"Município do Sultão Gumander","pt":"Município do Sultão Gumander","nl":"Gemeente Sultan Gumander","hr":"Općina Sultan Gumander","fa":"شهرداری سلطان گماندر","de":"Gemeinde Sultan Gumander","es":"Municipio de Sultán Gumander","fr":"Municipalité du Sultan Gumander","ja":"スルタン・ギュマンダーの自治体","it":"Comune di Sultan Gumander","zh-CN":"苏丹古曼德尔市","tr":"Sultan Gümender Belediyesi","ru":"Муниципалитет Султана Гумандера","uk":"Муніципалітет Султан Гумандер","pl":"Gmina sułtana Gumandera","hi":"सुल्तान गुमांदर की नगर पालिका","ar":"بلدية السلطان غمندر"},"wikiDataId":"Q31814404"},{"id":144602,"name":"Municipality of Tongkil","state_id":1279,"state_code":"CAG","state_name":"Cagayan","country_id":174,"country_code":"PH","country_name":"Philippines","latitude":"6.02517000","longitude":"121.83632000","native":"Municipality of Tongkil","type":"city","level":null,"parent_id":null,"population":null,"timezone":"Asia/Manila","translations":{"br":"Kumun Tongkil","ko":"통킬 시","pt-BR":"Município de Tongkil","pt":"Município de Tongkil","nl":"Gemeente Tongkil","hr":"Općina Tongkil","fa":"شهرداری تونگکیل","de":"Gemeinde Tongkil","es":"Municipio de Tongkil","fr":"Municipalité de Tongkil","ja":"トンキル市","it":"Comune di Tongkil","zh-CN":"通吉市","tr":"Tongkil Belediyesi","ru":"Муниципалитет Тонгкил","uk":"Муніципалітет Тонгкіл","pl":"Gmina Tongkil","hi":"टोंगकिल नगर पालिका","ar":"بلدية تونغكيل"},"wikiDataId":"Q31814413"},{"id":144603,"name":"New Batu Batu","state_id":1279,"state_code":"CAG","state_name":"Cagayan","country_id":174,"country_code":"PH","country_name":"Philippines","latitude":"5.06666667","longitude":"119.88333333","native":"New Stone","type":"city","level":null,"parent_id":null,"population":8881,"timezone":"Asia/Manila","translations":{"br":"Batu Batu nevez","ko":"뉴 바투 바투","pt-BR":"Novo Batu Batu","pt":"Novo Batu Batu","nl":"Nieuwe Batu Batu","hr":"Novi Batu Batu","fa":"نیو باتو باتو","de":"Neues Batu Batu","es":"Nuevo Batu Batu","fr":"Nouveau Batu Batu","ja":"ニューバトゥバトゥ","it":"Nuovo Batu Batu","zh-CN":"新峇都峇都","tr":"Yeni Batu Batu","ru":"Новый Бату Бату","uk":"Новий Бату Бату","pl":"Nowy Batu Batu","hi":"न्यू बाटू बाटू","ar":"باتو باتو الجديدة"},"wikiDataId":"Q31812610"},{"id":144604,"name":"New Panamao","state_id":1279,"state_code":"CAG","state_name":"Cagayan","country_id":174,"country_code":"PH","country_name":"Philippines","latitude":"5.96667000","longitude":"121.18333000","native":"New Panamao","type":"adm3","level":null,"parent_id":null,"population":null,"timezone":"Asia/Manila","translations":{"br":"Panamao Nevez","ko":"뉴 파나마오","pt-BR":"Novo Panamá","pt":"Novo Panamá","nl":"Nieuw Panama","hr":"Nova Panama","fa":"پانامای جدید","de":"Neues Panamao","es":"Nuevo Panamá","fr":"Nouveau Panamao","ja":"ニューパナマオ","it":"Nuovo Panamao","zh-CN":"新巴拿马","tr":"Yeni Panamao","ru":"Новый Панамао","uk":"Нова Панама","pl":"Nowy Panamao","hi":"न्यू पनामाओ","ar":"بنما الجديدة"},"wikiDataId":"Q31814447"},{"id":144605,"name":"Nuyo","state_id":1279,"state_code":"CAG","state_name":"Cagayan","country_id":174,"country_code":"PH","country_name":"Philippines","latitude":"7.41805556","longitude":"124.41083333","native":"NUYO","type":"city","level":null,"parent_id":null,"population":2224,"timezone":"Asia/Manila","translations":{"br":"Nuyo","ko":"누요","pt-BR":"Nuyo","pt":"Nuyo","nl":"Nuyo","hr":"Nuyo","fa":"نیویو","de":"Nuyo","es":"Nuyo","fr":"Nuyo","ja":"ヌヨ","it":"Nuyo","zh-CN":"努约","tr":"Nuyo","ru":"Нуйо","uk":"Нуйо","pl":"Nuyo","hi":"नुयो","ar":"نويو"},"wikiDataId":"Q31812678"},{"id":144606,"name":"Old Panamao","state_id":1279,"state_code":"CAG","state_name":"Cagayan","country_id":174,"country_code":"PH","country_name":"Philippines","latitude":"5.98333333","longitude":"121.25000000","native":"Old Panamao","type":"city","level":null,"parent_id":null,"population":null,"timezone":"Asia/Manila","translations":{"br":"Panamao kozh","ko":"올드 파나마오","pt-BR":"Panamá Velho","pt":"Panamá Velho","nl":"Oud Panamao","hr":"Stari Panamao","fa":"پانامای قدیمی","de":"Altes Panamao","es":"Panamá Viejo","fr":"Vieux Panamao","ja":"オールドパナマ","it":"Vecchio Panamao","zh-CN":"旧巴拿马","tr":"Eski Panamao","ru":"Старый Панамао","uk":"Старий Панамао","pl":"Stary Panamao","hi":"पुराना पनामाओ","ar":"بنما القديمة"},"wikiDataId":"Q156107"},{"id":144619,"name":"Pagatin","state_id":1279,"state_code":"CAG","state_name":"Cagayan","country_id":174,"country_code":"PH","country_name":"Philippines","latitude":"6.97305556","longitude":"124.47527778","native":"chase","type":"city","level":null,"parent_id":null,"population":3079,"timezone":"Asia/Manila","translations":{"br":"Pagatin","ko":"파가틴","pt-BR":"Pagatina","pt":"Pagatina","nl":"Pagatin","hr":"Pagatin","fa":"پاگاتین","de":"Pagatin","es":"Pagatin","fr":"Pagatin","ja":"ページティン","it":"Pagatina","zh-CN":"帕加廷","tr":"Sayfa","ru":"Пагатин","uk":"Пагатін","pl":"Pagatin","hi":"पगाटिन","ar":"الصفحة"},"wikiDataId":"Q31457654"},{"id":144623,"name":"Paitan","state_id":1279,"state_code":"CAG","state_name":"Cagayan","country_id":174,"country_code":"PH","country_name":"Philippines","latitude":"16.46461070","longitude":"121.14515660","native":"Link","type":"adm3","level":null,"parent_id":null,"population":48199,"timezone":"Asia/Manila","translations":{"br":"Paitan","ko":"파이탄","pt-BR":"Paitan","pt":"Paitan","nl":"Paitan","hr":"Paitan","fa":"پایتان","de":"Paitan","es":"Paitan","fr":"Paitan","ja":"パイタン","it":"Paitan","zh-CN":"派坦","tr":"Paitan","ru":"Пайтан","uk":"Пайтан","pl":"Paitan","hi":"पैतन","ar":"بيتان"},"wikiDataId":"Q31457958"},{"id":144624,"name":"Panabuan","state_id":1279,"state_code":"CAG","state_name":"Cagayan","country_id":174,"country_code":"PH","country_name":"Philippines","latitude":"5.96166667","longitude":"120.96277778","native":"Nanabuan","type":"city","level":null,"parent_id":null,"population":2528,"timezone":"Asia/Manila","translations":{"br":"Panabuan","ko":"파나부안","pt-BR":"Panabuan","pt":"Panabuan","nl":"Panabuan","hr":"Panabuan","fa":"پانابوان","de":"Panabuan","es":"Panabuan","fr":"Panabuan","ja":"パナブアン","it":"Panabuan","zh-CN":"帕纳布安","tr":"Panabuan","ru":"Панабуан","uk":"Панабуан","pl":"Panabuan","hi":"पानाबुआन","ar":"بانابوان"},"wikiDataId":"Q31461027"},{"id":144625,"name":"Panadtaban","state_id":1279,"state_code":"CAG","state_name":"Cagayan","country_id":174,"country_code":"PH","country_name":"Philippines","latitude":"6.90083333","longitude":"124.64277778","native":"Badstaban","type":"city","level":null,"parent_id":null,"population":2324,"timezone":"Asia/Manila","translations":{"br":"Panadtaban","ko":"파나드타반","pt-BR":"Panadtaban","pt":"Panadtaban","nl":"Panadtaban","hr":"Panadtaban","fa":"پانادتابان","de":"Panadtaban","es":"Panadtaban","fr":"Panadtaban","ja":"パナダバン","it":"Panadtaban","zh-CN":"帕纳德塔班","tr":"Panadtaban","ru":"Панадтабан","uk":"Панадтабан","pl":"Panadtaban","hi":"पनाडताबन","ar":"بانادتابان"},"wikiDataId":"Q31461065"},{"id":144627,"name":"Pandakan","state_id":1279,"state_code":"CAG","state_name":"Cagayan","country_id":174,"country_code":"PH","country_name":"Philippines","latitude":"5.98888889","longitude":"121.16583333","native":"Pandakan","type":"city","level":null,"parent_id":null,"population":3162,"timezone":"Asia/Manila","translations":{"br":"Pandakan","ko":"판다칸","pt-BR":"Pandakan","pt":"Pandakan","nl":"Pandakan","hr":"Pandakan","fa":"پانداکان","de":"Pandakan","es":"Pandakan","fr":"Pandakan","ja":"パンダカン","it":"Pandakan","zh-CN":"潘达坎","tr":"Pandakan","ru":"Пандакан","uk":"Пандакан","pl":"Pandakan","hi":"पंडाकन","ar":"بانداكان"},"wikiDataId":"Q31461425"},{"id":144659,"name":"Pandan Niog","state_id":1279,"state_code":"CAG","state_name":"Cagayan","country_id":174,"country_code":"PH","country_name":"Philippines","latitude":"6.22833333","longitude":"120.56305556","native":"nun","type":"city","level":null,"parent_id":null,"population":3192,"timezone":"Asia/Manila","translations":{"br":"Pandan Niog","ko":"판단 니오그","pt-BR":"Pandan Niog","pt":"Pandan Niog","nl":"Pandan Niog","hr":"Pandan Niog","fa":"پاندان نیوگ","de":"Pandan Niog","es":"Pandan Niog","fr":"Pandan Niog","ja":"パンダンニオグ","it":"Pandan Niog","zh-CN":"班丹尼奥格","tr":"Pandan Niog","ru":"Пандан Ниог","uk":"Пандан Ніог","pl":"Pandan Niog","hi":"पांडन निओग","ar":"باندان نيوج"},"wikiDataId":"Q31461607"},{"id":144660,"name":"Pang","state_id":1279,"state_code":"CAG","state_name":"Cagayan","country_id":174,"country_code":"PH","country_name":"Philippines","latitude":"5.94833333","longitude":"121.28833333","native":"Pang","type":"city","level":null,"parent_id":null,"population":2563,"timezone":"Asia/Manila","translations":{"br":"Pang","ko":"격통","pt-BR":"Dor","pt":"Dor","nl":"Pang","hr":"Pang","fa":"پنگ","de":"Stich","es":"Angustia","fr":"Serrement","ja":"パン","it":"Panico","zh-CN":"庞","tr":"Sancı","ru":"Панг","uk":"Панг","pl":"Ostry ból","hi":"वेदना","ar":"بانغ"},"wikiDataId":"Q31461710"},{"id":144665,"name":"Parangan","state_id":1279,"state_code":"CAG","state_name":"Cagayan","country_id":174,"country_code":"PH","country_name":"Philippines","latitude":"5.08388889","longitude":"119.93833333","native":"Parangan","type":"city","level":null,"parent_id":null,"population":2432,"timezone":"Asia/Manila","translations":{"br":"Parangan","ko":"파랑간","pt-BR":"Parangan","pt":"Parangan","nl":"Parangan","hr":"Parangan","fa":"پارانگان","de":"Parangan","es":"Parangan","fr":"Parangan","ja":"パランガン","it":"Parangan","zh-CN":"帕兰甘","tr":"Parangan","ru":"Паранган","uk":"Паранган","pl":"Parangan","hi":"परंगन","ar":"بارانجان"},"wikiDataId":"Q31463316"},{"id":144666,"name":"Parian Dakula","state_id":1279,"state_code":"CAG","state_name":"Cagayan","country_id":174,"country_code":"PH","country_name":"Philippines","latitude":"5.55666667","longitude":"120.77194444","native":"Parian Dakula","type":"city","level":null,"parent_id":null,"population":4005,"timezone":"Asia/Manila","translations":{"br":"Parian Dakula","ko":"파리안 다쿨라","pt-BR":"Parian Dakula","pt":"Parian Dakula","nl":"Parian Dakula","hr":"Parian Dakula","fa":"پاریان داکولا","de":"Parian Dakula","es":"Parian Dakula","fr":"Parian Dakula","ja":"パリアン・ダクラ","it":"Parian Dakula","zh-CN":"帕里安·达库拉","tr":"Parian Dakula","ru":"Париан Дакула","uk":"Паріан Дакула","pl":"Parian Dakula","hi":"पैरियन डाकुला","ar":"باريان داكولا"},"wikiDataId":"Q31463416"},{"id":144667,"name":"Pata","state_id":1279,"state_code":"CAG","state_name":"Cagayan","country_id":174,"country_code":"PH","country_name":"Philippines","latitude":"5.84440833","longitude":"121.14386111","native":"Pata","type":"city","level":null,"parent_id":null,"population":3013,"timezone":"Asia/Manila","translations":{"br":"Pata","ko":"파타","pt-BR":"Pata","pt":"Pata","nl":"Pata","hr":"Pata","fa":"پاتا","de":"Pata","es":"Pata","fr":"Pata","ja":"パタ","it":"Pata","zh-CN":"帕塔","tr":"Pata","ru":"Пата","uk":"Пата","pl":"Pata","hi":"पाटा","ar":"باتا"},"wikiDataId":"Q156225"},{"id":144698,"name":"Pawak","state_id":1279,"state_code":"CAG","state_name":"Cagayan","country_id":174,"country_code":"PH","country_name":"Philippines","latitude":"8.01638889","longitude":"124.25638889","native":"Tax","type":"city","level":null,"parent_id":null,"population":2555,"timezone":"Asia/Manila","translations":{"br":"Pawak","ko":"파왁","pt-BR":"Pawak","pt":"Pawak","nl":"Pawak","hr":"Pawak","fa":"پاواک","de":"Pawak","es":"Pawak","fr":"Pawak","ja":"パワク","it":"Pawak","zh-CN":"帕瓦克","tr":"Pawak","ru":"Павак","uk":"Павак","pl":"Pawak","hi":"पावक","ar":"باواك"},"wikiDataId":"Q31465336"},{"id":144699,"name":"Payuhan","state_id":1279,"state_code":"CAG","state_name":"Cagayan","country_id":174,"country_code":"PH","country_name":"Philippines","latitude":"5.94166667","longitude":"120.90111111","native":"Say","type":"city","level":null,"parent_id":null,"population":4519,"timezone":"Asia/Manila","translations":{"br":"Payuhan","ko":"파유한","pt-BR":"Payuhan","pt":"Payuhan","nl":"Payuhan","hr":"Payuhan","fa":"پیوهان","de":"Payuhan","es":"Payuhan","fr":"Payuhan","ja":"パユハン","it":"Payuhan","zh-CN":"帕尤汉","tr":"Payuhan","ru":"Паюхан","uk":"Пайюхан","pl":"Payuhan","hi":"पयुहान","ar":"بايوهان"},"wikiDataId":"Q31465652"},{"id":144701,"name":"Pidsandawan","state_id":1279,"state_code":"CAG","state_name":"Cagayan","country_id":174,"country_code":"PH","country_name":"Philippines","latitude":"6.93222222","longitude":"124.59083333","native":"PSIDANDATAN","type":"city","level":null,"parent_id":null,"population":2481,"timezone":"Asia/Manila","translations":{"br":"Pidsandawan","ko":"피산다완","pt-BR":"Pidsandawan","pt":"Pidsandawan","nl":"Pidsandawan","hr":"Pidsandawan","fa":"پیسانداوان","de":"Pidsandawan","es":"Pidsandawan","fr":"Pidsandawan","ja":"ピッサンダワン","it":"Pidsandawan","zh-CN":"皮德桑达万","tr":"Pidsandawan","ru":"Пидсандаван","uk":"Підсандаван","pl":"Pidsandawan","hi":"पिड्संदवान","ar":"بيدساندوان"},"wikiDataId":"Q31467725"},{"id":144702,"name":"Pinaring","state_id":1279,"state_code":"CAG","state_name":"Cagayan","country_id":174,"country_code":"PH","country_name":"Philippines","latitude":"7.22888889","longitude":"124.31055556","native":"Pinaring","type":"city","level":null,"parent_id":null,"population":2247,"timezone":"Asia/Manila","translations":{"br":"Pinaring","ko":"피나링","pt-BR":"Pinaring","pt":"Pinaring","nl":"Pinaring","hr":"Pinaring","fa":"پینارینگ","de":"Pinaring","es":"Pinaring","fr":"Pinaring","ja":"ピナリング","it":"Pinaring","zh-CN":"皮纳林","tr":"Pinaring","ru":"Пинаринг","uk":"Пінарінг","pl":"Pinaring","hi":"पिनारिंग","ar":"بينارينج"},"wikiDataId":"Q31469100"},{"id":144704,"name":"Poon-a-Bayabao","state_id":1279,"state_code":"CAG","state_name":"Cagayan","country_id":174,"country_code":"PH","country_name":"Philippines","latitude":"7.83333000","longitude":"124.35000000","native":"Poon-a-Bubayao","type":"adm3","level":null,"parent_id":null,"population":null,"timezone":"Asia/Manila","translations":{"br":"Poon-a-Bayabao","ko":"푼아바야바오","pt-BR":"Poon-a-Bayabao","pt":"Poon-a-Bayabao","nl":"Poon-a-Bayabao","hr":"Poon-a-Bayabao","fa":"پون-آ-بایابائو","de":"Poon-a-Bayabao","es":"Poon-a-Bayabao","fr":"Poon-a-Bayabao","ja":"プーン・ア・バヤバオ","it":"Poon-a-Bayabao","zh-CN":"普恩-阿-巴亚宝","tr":"Poon-a-Bayabao","ru":"Пун-а-Баябао","uk":"Пун-а-Баябао","pl":"Poon-a-Bayabao","hi":"पून एक Bayabao","ar":"بون-أ-باياباو"},"wikiDataId":"Q31475068"},{"id":144706,"name":"Punay","state_id":1279,"state_code":"CAG","state_name":"Cagayan","country_id":174,"country_code":"PH","country_name":"Philippines","latitude":"5.96138889","longitude":"121.19805556","native":"turtledove","type":"city","level":null,"parent_id":null,"population":6099,"timezone":"Asia/Manila","translations":{"br":"Punay","ko":"푸나이","pt-BR":"Punay","pt":"Punay","nl":"Punay","hr":"Punay","fa":"پونای","de":"Punay","es":"Punay","fr":"Punay","ja":"プナイ","it":"Punay","zh-CN":"普奈","tr":"Punay","ru":"Пунай","uk":"Пунай","pl":"Punay","hi":"पुनय","ar":"بوناي"},"wikiDataId":"Q31480205"},{"id":144707,"name":"Rimpeso","state_id":1279,"state_code":"CAG","state_name":"Cagayan","country_id":174,"country_code":"PH","country_name":"Philippines","latitude":"7.02388889","longitude":"124.10027778","native":"Rolling","type":"city","level":null,"parent_id":null,"population":3494,"timezone":"Asia/Manila","translations":{"br":"Rimpeso","ko":"림페소","pt-BR":"Rimpeso","pt":"Rimpeso","nl":"Rimpeso","hr":"Rimpeso","fa":"ریمپسو","de":"Rimpeso","es":"Rimpeso","fr":"Rimpeso","ja":"リンペソ","it":"Rimpeso","zh-CN":"林佩索","tr":"Rimpeso","ru":"Римпесо","uk":"Рімпесо","pl":"Rimpeso","hi":"रिम्पेसो","ar":"ريمبيسو"},"wikiDataId":"Q31488764"},{"id":144711,"name":"Sambuluan","state_id":1279,"state_code":"CAG","state_name":"Cagayan","country_id":174,"country_code":"PH","country_name":"Philippines","latitude":"6.88333333","longitude":"124.70000000","native":"Sambuli","type":"city","level":null,"parent_id":null,"population":2679,"timezone":"Asia/Manila","translations":{"br":"Sambuluan","ko":"삼불루안","pt-BR":"Sambuluan","pt":"Sambuluan","nl":"Sambuluan","hr":"Sambuluan","fa":"سامبولوان","de":"Sambuluan","es":"Sambuluán","fr":"Sambuluan","ja":"サンブルアン","it":"Sambuluano","zh-CN":"桑布鲁安","tr":"Sambuluan","ru":"Самбулуан","uk":"Самбулуан","pl":"Sambuluan","hi":"संबुलुआन","ar":"سامبولوان"},"wikiDataId":"Q31500985"},{"id":144712,"name":"Sanga-Sanga","state_id":1279,"state_code":"CAG","state_name":"Cagayan","country_id":174,"country_code":"PH","country_name":"Philippines","latitude":"5.07250000","longitude":"119.78527778","native":"Branch","type":"city","level":null,"parent_id":null,"population":5295,"timezone":"Asia/Manila","translations":{"br":"Sanga-Sanga","ko":"상가상가","pt-BR":"Sanga-Sanga","pt":"Sanga-Sanga","nl":"Sanga-Sanga","hr":"Sanga-Sanga","fa":"سانگا-سانگا","de":"Sanga-Sanga","es":"Sanga-Sanga","fr":"Sanga-Sanga","ja":"サンガサンガ","it":"Sanga-Sanga","zh-CN":"桑加-桑加","tr":"Sanga-Sanga","ru":"Санга-Санга","uk":"Санга-Санга","pl":"Sanga-Sanga","hi":"सांगा-सांगा","ar":"سانغا-سانغا"},"wikiDataId":"Q31509803"},{"id":144713,"name":"Santa Clara","state_id":1279,"state_code":"CAG","state_name":"Cagayan","country_id":174,"country_code":"PH","country_name":"Philippines","latitude":"6.67833333","longitude":"122.06000000","native":"Santa Clara","type":"city","level":null,"parent_id":null,"population":4306,"timezone":"Asia/Manila","translations":{"br":"Tad Nedeleg","ko":"산타 클라라","pt-BR":"Santa Clara","pt":"Santa Clara","nl":"Santa Clara","hr":"Santa Clara","fa":"سانتا کلارا","de":"Santa Clara","es":"Santa Clara","fr":"Santa Clara","ja":"サンタクララ","it":"Santa Clara","zh-CN":"圣克拉拉","tr":"Santa Clara","ru":"Санта-Клара","uk":"Санта-Клара","pl":"Święta Klara","hi":"सांता क्लारा","ar":"سانتا كلارا"},"wikiDataId":"Q31812880"},{"id":144714,"name":"Sapa","state_id":1279,"state_code":"CAG","state_name":"Cagayan","country_id":174,"country_code":"PH","country_name":"Philippines","latitude":"5.15444444","longitude":"120.32416667","native":"Sapa","type":"city","level":null,"parent_id":null,"population":2572,"timezone":"Asia/Manila","translations":{"br":"Sapa","ko":"사파","pt-BR":"Sapa","pt":"Sapa","nl":"Sapa","hr":"Sapa","fa":"ساپا","de":"Sapa","es":"Sapa","fr":"Sapa","ja":"サパ","it":"Sapa","zh-CN":"萨帕","tr":"Sapa","ru":"Сапа","uk":"Сапа","pl":"Sapa","hi":"सापा","ar":"سابا"},"wikiDataId":"Q31513250"},{"id":144716,"name":"Sapadun","state_id":1279,"state_code":"CAG","state_name":"Cagayan","country_id":174,"country_code":"PH","country_name":"Philippines","latitude":"7.48333333","longitude":"124.25000000","native":"Sapadun","type":"city","level":null,"parent_id":null,"population":4376,"timezone":"Asia/Manila","translations":{"br":"Sapadun","ko":"사파둔","pt-BR":"Sapadun","pt":"Sapadun","nl":"Sapadun","hr":"Sapadun","fa":"ساپادون","de":"Sapadun","es":"Sapadun","fr":"Sapadun","ja":"サパドゥン","it":"Sapadun","zh-CN":"萨帕敦","tr":"Sapadun","ru":"Сападун","uk":"Сападун","pl":"Sapadun","hi":"सपादुन","ar":"سابادون"},"wikiDataId":"Q31513320"},{"id":144717,"name":"Satan","state_id":1279,"state_code":"CAG","state_name":"Cagayan","country_id":174,"country_code":"PH","country_name":"Philippines","latitude":"6.86305556","longitude":"124.40861111","native":"Satan","type":"city","level":null,"parent_id":null,"population":4068,"timezone":"Asia/Manila","translations":{"br":"Satan","ko":"사탄","pt-BR":"Satanás","pt":"Satanás","nl":"Satan","hr":"sotona","fa":"شیطان","de":"Satan","es":"Satán","fr":"Satan","ja":"サタン","it":"Satana","zh-CN":"撒但","tr":"Şeytan","ru":"Сатана","uk":"Сатана","pl":"szatan","hi":"शैतान","ar":"الشيطان"},"wikiDataId":"Q31513807"},{"id":144718,"name":"Semut","state_id":1279,"state_code":"CAG","state_name":"Cagayan","country_id":174,"country_code":"PH","country_name":"Philippines","latitude":"6.66361111","longitude":"122.21888889","native":"Ant","type":"city","level":null,"parent_id":null,"population":3423,"timezone":"Asia/Manila","translations":{"br":"Semut","ko":"세무트","pt-BR":"Semut","pt":"Semut","nl":"Semut","hr":"Semut","fa":"سموت","de":"Semut","es":"Semut","fr":"Semut","ja":"セムット","it":"Semut","zh-CN":"塞穆特","tr":"Semut","ru":"Семут","uk":"Семут","pl":"Semut","hi":"सेमुट","ar":"سيموت"},"wikiDataId":"Q31515925"},{"id":144721,"name":"Simuay","state_id":1279,"state_code":"CAG","state_name":"Cagayan","country_id":174,"country_code":"PH","country_name":"Philippines","latitude":"7.27722222","longitude":"124.30722222","native":"Simuay","type":"city","level":null,"parent_id":null,"population":4666,"timezone":"Asia/Manila","translations":{"br":"Simuay","ko":"시무아이","pt-BR":"Simuay","pt":"Simuay","nl":"Simuay","hr":"Simuay","fa":"سیموای","de":"Simuay","es":"Simuay","fr":"Simuay","ja":"シムアイ","it":"Simuay","zh-CN":"西穆艾","tr":"Simuay","ru":"Симуай","uk":"Сімуай","pl":"Simuay","hi":"सिमुए","ar":"سيمواي"},"wikiDataId":"Q31520646"},{"id":144723,"name":"Sionogan","state_id":1279,"state_code":"CAG","state_name":"Cagayan","country_id":174,"country_code":"PH","country_name":"Philippines","latitude":"6.00527778","longitude":"120.94861111","native":"Sionogan","type":"city","level":null,"parent_id":null,"population":2730,"timezone":"Asia/Manila","translations":{"br":"Sionogan","ko":"시오노간","pt-BR":"Sionogan","pt":"Sionogan","nl":"Sionogan","hr":"Sionogan","fa":"سینوگان","de":"Sionogan","es":"Sionogan","fr":"Sionogan","ja":"シオノガン","it":"Sionogan","zh-CN":"西奥诺根","tr":"Sionogan","ru":"Сионоган","uk":"Сіоноган","pl":"Sionogan","hi":"सिओनोगन","ar":"سيونوجان"},"wikiDataId":"Q31521243"},{"id":144729,"name":"Sultan Sumagka","state_id":1279,"state_code":"CAG","state_name":"Cagayan","country_id":174,"country_code":"PH","country_name":"Philippines","latitude":"7.03532500","longitude":"124.37575556","native":"Sultan Sumagka","type":"city","level":null,"parent_id":null,"population":null,"timezone":"Asia/Manila","translations":{"br":"Sultan Sumagka","ko":"술탄 수마그카","pt-BR":"Sultão Sumagka","pt":"Sultão Sumagka","nl":"Sultan Sumagka","hr":"Sultan Sumagka","fa":"سلطان سوماگکا","de":"Sultan Sumagka","es":"Sultán Sumagka","fr":"Sultan Sumagka","ja":"スルタン・スマグカ","it":"Sultano Sumagka","zh-CN":"苏丹苏马格卡","tr":"Sultan Sumagka","ru":"Султан Сумагка","uk":"Султан Сумагка","pl":"Sułtan Sumagka","hi":"सुल्तान सुमागका","ar":"السلطان سوماجكا"},"wikiDataId":"Q212830"},{"id":144733,"name":"Tabiauan","state_id":1279,"state_code":"CAG","state_name":"Cagayan","country_id":174,"country_code":"PH","country_name":"Philippines","latitude":"6.02805556","longitude":"121.89361111","native":"Tabulate","type":"city","level":null,"parent_id":null,"population":2312,"timezone":"Asia/Manila","translations":{"br":"Tabiauan","ko":"타비아우안","pt-BR":"Tabiauan","pt":"Tabiauan","nl":"Tabiauan","hr":"Tabiauan","fa":"تابیائوان","de":"Tabiauan","es":"Tabiauan","fr":"Tabiauan","ja":"タビアウアン","it":"Tabiauan","zh-CN":"塔比安","tr":"Tabiauan","ru":"Табиауан","uk":"Табіауан","pl":"Tabiauan","hi":"तबियाउआन","ar":"تابياوان"},"wikiDataId":"Q31540914"},{"id":144734,"name":"Tablas","state_id":1279,"state_code":"CAG","state_name":"Cagayan","country_id":174,"country_code":"PH","country_name":"Philippines","latitude":"6.62916667","longitude":"122.17472222","native":"Tables","type":"city","level":null,"parent_id":null,"population":2336,"timezone":"Asia/Manila","translations":{"br":"Tablas","ko":"타블라스","pt-BR":"Tabelas","pt":"Tabelas","nl":"Tablas","hr":"Table","fa":"تابلاس","de":"Tablas","es":"Tablas","fr":"Tables","ja":"タブラス","it":"Tavole","zh-CN":"塔布拉斯","tr":"Tablalar","ru":"Таблас","uk":"Таблас","pl":"Tablas","hi":"तबला","ar":"تابلاس"},"wikiDataId":"Q31812893"},{"id":144735,"name":"Tairan Camp","state_id":1279,"state_code":"CAG","state_name":"Cagayan","country_id":174,"country_code":"PH","country_name":"Philippines","latitude":"6.64027778","longitude":"121.83944444","native":"Tairan Camp","type":"city","level":null,"parent_id":null,"population":2766,"timezone":"Asia/Manila","translations":{"br":"Kamp Tairan","ko":"타이란 캠프","pt-BR":"Acampamento Tairan","pt":"Acampamento Tairan","nl":"Tairan-kamp","hr":"Kamp Tairan","fa":"اردوگاه طیران","de":"Tairan Camp","es":"Campamento Tairan","fr":"Camp de Tairan","ja":"タイランキャンプ","it":"Campo Tairan","zh-CN":"泰然营","tr":"Tairan Kampı","ru":"Лагерь Тайран","uk":"Табір Тайран","pl":"Obóz Tairan","hi":"ताइरान कैंप","ar":"معسكر تيران"},"wikiDataId":"Q31542874"},{"id":144738,"name":"Talipaw","state_id":1279,"state_code":"CAG","state_name":"Cagayan","country_id":174,"country_code":"PH","country_name":"Philippines","latitude":"5.91000000","longitude":"121.09444444","native":"Talipaw","type":"city","level":null,"parent_id":null,"population":5977,"timezone":"Asia/Manila","translations":{"br":"Talipaw","ko":"탈리포","pt-BR":"Talipaw","pt":"Talipaw","nl":"Talipaw","hr":"Talipaw","fa":"تالیپاو","de":"Talipaw","es":"Talipaw","fr":"Talipaw","ja":"タリポー","it":"Talipaw","zh-CN":"塔利帕","tr":"Talipaw","ru":"Талипау","uk":"Таліпау","pl":"Talipaw","hi":"तालिपाव","ar":"تاليباو"},"wikiDataId":"Q31543717"},{"id":144742,"name":"Tapayan","state_id":1279,"state_code":"CAG","state_name":"Cagayan","country_id":174,"country_code":"PH","country_name":"Philippines","latitude":"7.29444444","longitude":"124.26611111","native":"Tapayan","type":"city","level":null,"parent_id":null,"population":3240,"timezone":"Asia/Manila","translations":{"br":"Tapayan","ko":"타파얀","pt-BR":"Tapayan","pt":"Tapayan","nl":"Tapayan","hr":"Tapayan","fa":"تاپایان","de":"Tapayan","es":"Tapayan","fr":"Tapayan","ja":"タパヤン","it":"Tapayan","zh-CN":"塔帕扬","tr":"Tapayan","ru":"Тапаян","uk":"Тапаян","pl":"Tapayan","hi":"तपयान","ar":"تابايان"},"wikiDataId":"Q31546273"},{"id":144743,"name":"Tapikan","state_id":1279,"state_code":"CAG","state_name":"Cagayan","country_id":174,"country_code":"PH","country_name":"Philippines","latitude":"6.85194444","longitude":"124.32250000","native":"Even","type":"city","level":null,"parent_id":null,"population":2232,"timezone":"Asia/Manila","translations":{"br":"Tapikan","ko":"타피칸","pt-BR":"Tapikan","pt":"Tapikan","nl":"Tapikan","hr":"Tapikan","fa":"تاپیکان","de":"Tapikan","es":"Tapikan","fr":"Tapikan","ja":"タピカン","it":"Tapikan","zh-CN":"塔皮坎","tr":"Tapikan","ru":"Тапикан","uk":"Тапікан","pl":"Tapikan","hi":"तापिकान","ar":"تابيكان"},"wikiDataId":"Q31546392"},{"id":144747,"name":"Taungoh","state_id":1279,"state_code":"CAG","state_name":"Cagayan","country_id":174,"country_code":"PH","country_name":"Philippines","latitude":"4.70666667","longitude":"119.49305556","native":"Taungoh","type":"city","level":null,"parent_id":null,"population":2375,"timezone":"Asia/Manila","translations":{"br":"Taungoh","ko":"타웅고","pt-BR":"Taungoh","pt":"Taungoh","nl":"Taungoh","hr":"Taungoh","fa":"تاونگوه","de":"Taungoh","es":"Taungoh","fr":"Taungoh","ja":"タウンゴ","it":"Taungoh","zh-CN":"东吴","tr":"Taungoh","ru":"Таунгох","uk":"Таунгох","pl":"Taungoh","hi":"ताउंगोह","ar":"تاونغوه"},"wikiDataId":"Q31547533"},{"id":144748,"name":"Taviran","state_id":1279,"state_code":"CAG","state_name":"Cagayan","country_id":174,"country_code":"PH","country_name":"Philippines","latitude":"7.12333333","longitude":"124.31972222","native":"Taviran","type":"city","level":null,"parent_id":null,"population":2851,"timezone":"Asia/Manila","translations":{"br":"Taviran","ko":"타비란","pt-BR":"Taviran","pt":"Taviran","nl":"Taviran","hr":"Taviran","fa":"تاویران","de":"Taviran","es":"Taviran","fr":"Taviran","ja":"タビラン","it":"Taviran","zh-CN":"塔维兰","tr":"Taviran","ru":"Тавиран","uk":"Тавіран","pl":"Taviran","hi":"तविरान","ar":"تافيران"},"wikiDataId":"Q31547601"},{"id":144751,"name":"Tongouson","state_id":1279,"state_code":"CAG","state_name":"Cagayan","country_id":174,"country_code":"PH","country_name":"Philippines","latitude":"5.02138889","longitude":"120.13277778","native":"Tongouson","type":"city","level":null,"parent_id":null,"population":6267,"timezone":"Asia/Manila","translations":{"br":"Tongouson","ko":"통구슨","pt-BR":"Tongouson","pt":"Tongouson","nl":"Tongouson","hr":"Tongouson","fa":"تونگوسون","de":"Tongouson","es":"Tongouson","fr":"Tongouson","ja":"トンゴウソン","it":"Tongouson","zh-CN":"通古森","tr":"Tongouson","ru":"Тонгоусон","uk":"Тонгусон","pl":"Tongouson","hi":"टोंगौसन","ar":"تونغوسون"},"wikiDataId":"Q31558946"},{"id":144756,"name":"Tumbagaan","state_id":1279,"state_code":"CAG","state_name":"Cagayan","country_id":174,"country_code":"PH","country_name":"Philippines","latitude":"5.36555556","longitude":"120.31388889","native":"Tumbagaan","type":"city","level":null,"parent_id":null,"population":2261,"timezone":"Asia/Manila","translations":{"br":"Tumbagaan","ko":"툼바간","pt-BR":"Tumbagaan","pt":"Tumbagaan","nl":"Tumbagaan","hr":"Tumbagaan","fa":"تومباگان","de":"Tumbagaan","es":"Tumbagaan","fr":"Tumbagaan","ja":"トゥンバガーン","it":"Tumbagaan","zh-CN":"通巴甘","tr":"Tumbagaan","ru":"Тумбагаан","uk":"Тумбагаан","pl":"Tumbagaan","hi":"तुम्बागान","ar":"تومباغان"},"wikiDataId":"Q31563718"},{"id":144757,"name":"Tunggol","state_id":1279,"state_code":"CAG","state_name":"Cagayan","country_id":174,"country_code":"PH","country_name":"Philippines","latitude":"5.84444444","longitude":"121.15444444","native":"Tunggol","type":"city","level":null,"parent_id":null,"population":3013,"timezone":"Asia/Manila","translations":{"br":"Tunggol","ko":"퉁골","pt-BR":"Tunggol","pt":"Tunggol","nl":"Tunggol","hr":"Tunggol","fa":"تونگول","de":"Tunggol","es":"Tunggol","fr":"Tunggol","ja":"トゥンゴル","it":"Tunggol","zh-CN":"东格尔","tr":"Tunggol","ru":"Тунггол","uk":"Тунгол","pl":"Tunggol","hi":"तुंगगोल","ar":"تونغول"},"wikiDataId":"Q31563984"},{"id":144758,"name":"Tungol","state_id":1279,"state_code":"CAG","state_name":"Cagayan","country_id":174,"country_code":"PH","country_name":"Philippines","latitude":"7.08083333","longitude":"124.75305556","native":"Tungol","type":"city","level":null,"parent_id":null,"population":3976,"timezone":"Asia/Manila","translations":{"br":"Tongol","ko":"퉁골","pt-BR":"Tungol","pt":"Tungol","nl":"Tungol","hr":"Tungol","fa":"تونگول","de":"Tungol","es":"Tungol","fr":"Tungol","ja":"トゥンゴル","it":"Tungol","zh-CN":"通戈尔","tr":"Tungol","ru":"Тунгол","uk":"Тунгол","pl":"Tungol","hi":"तुंगोल","ar":"تونجول"},"wikiDataId":"Q31563999"},{"id":144760,"name":"Ungus-Ungus","state_id":1279,"state_code":"CAG","state_name":"Cagayan","country_id":174,"country_code":"PH","country_name":"Philippines","latitude":"5.05083333","longitude":"119.83972222","native":"Ungus-Ungus","type":"city","level":null,"parent_id":null,"population":2344,"timezone":"Asia/Manila","translations":{"br":"Ungus-Ungus","ko":"엉거스-엉거스","pt-BR":"Ungus-Ungus","pt":"Ungus-Ungus","nl":"Ungus-Ungus","hr":"Ungus-Ungus","fa":"اونگوس-اونگوس","de":"Ungus-Ungus","es":"Ungus-Ungus","fr":"Ungus-Ungus","ja":"ウンガス・ウンガス","it":"Ungus-Ungus","zh-CN":"乌格斯-乌格斯","tr":"Ungus-Ungus","ru":"Унгус-Унгус","uk":"Унгус-Унгус","pl":"Ungus-Ungus","hi":"उंगस-उंगस","ar":"أونغوس-أونغوس"},"wikiDataId":"Q31567911"},{"id":144762,"name":"Uyaan","state_id":1279,"state_code":"CAG","state_name":"Cagayan","country_id":174,"country_code":"PH","country_name":"Philippines","latitude":"7.86305556","longitude":"124.04111111","native":"Uvet","type":"city","level":null,"parent_id":null,"population":2601,"timezone":"Asia/Manila","translations":{"br":"Uyaan","ko":"우얀","pt-BR":"Uyaan","pt":"Uyaan","nl":"Uyaan","hr":"Uyaan","fa":"اویان","de":"Uyaan","es":"Uyaan","fr":"Uyaan","ja":"ウヤーン","it":"Uyaan","zh-CN":"乌亚安","tr":"Uyaan","ru":"Уйан","uk":"Уяан","pl":"Uyaan","hi":"उयान","ar":"أويان"},"wikiDataId":"Q31570060"}]