{"id":67778,"name":"Kalkara","state_id":128,"state_code":"26","state_name":"Marsa","country_id":135,"country_code":"MT","country_name":"Malta","latitude":"35.88917000","longitude":"14.53278000","native":"Kalkara","type":"adm1","level":null,"parent_id":null,"population":3014,"timezone":"Europe/Malta","translations":{"ar":"كالكارا","br":"Kalkara","de":"Kalkara","es":"Kalkara","fa":"کالکارا","fr":"Kalkara","hi":"कल्कारा","hr":"Kalkara","it":"Calcara","ja":"カルカラ","ko":"칼카라","nl":"Kalkara","pl":"Kalkara","pt":"Kalkara","pt-BR":"Kalkara","ru":"Калкара","tr":"Kalkara","uk":"Калкара","zh-CN":"卡尔卡拉"},"wikiDataId":"Q533257"}