[{"id":82206,"name":"Catarman","state_id":1285,"state_code":"CAM","state_name":"Camiguin","country_id":174,"country_code":"PH","country_name":"Philippines","latitude":"9.17776630","longitude":"124.62218990","native":"Catarman","type":"city","level":null,"parent_id":null,"population":97738,"timezone":"Asia/Manila","translations":{"br":"Katarman","ko":"카타르만","pt-BR":"Catarman","pt":"Catarman","nl":"Catarman","hr":"Katarman","fa":"کاتامان","de":"Katarmann","es":"Catarmán","fr":"Catarman","ja":"カタルマン","it":"Catarman","zh-CN":"卡塔曼","tr":"Catarman","ru":"Катарман","uk":"Катарман","pl":"Catarman","hi":"कैटरमैन","ar":"كاتارمان"},"wikiDataId":"Q356442"},{"id":154502,"name":"Guinsiliban","state_id":1285,"state_code":"CAM","state_name":"Camiguin","country_id":174,"country_code":"PH","country_name":"Philippines","latitude":"9.10904250","longitude":"124.73748100","native":"Guinsiliban","type":"adm3","level":null,"parent_id":null,"population":null,"timezone":"Asia/Manila","translations":{"br":"Guinsiliban","ko":"구인실리반","pt-BR":"Guinsiliban","pt":"Guinsiliban","nl":"Guinsiliban","hr":"Guinsiliban","fa":"گینسیلیبان","de":"Guinsiliban","es":"Guinsiliban","fr":"Guinsiliban","ja":"ギンシリバン","it":"Guinsiliban","zh-CN":"吉因斯利班","tr":"Guinsiliban","ru":"Гвинсилибан","uk":"Гінсілібан","pl":"Guinsiliban","hi":"गुइन्सिलीबन","ar":"جوينسيليبان"},"wikiDataId":"Q356472"},{"id":83363,"name":"Mahinog","state_id":1285,"state_code":"CAM","state_name":"Camiguin","country_id":174,"country_code":"PH","country_name":"Philippines","latitude":"9.16437120","longitude":"124.69769550","native":"mellow","type":"adm3","level":null,"parent_id":null,"population":null,"timezone":"Asia/Manila","translations":{"br":"Mahinog","ko":"마히노그","pt-BR":"Mahinog","pt":"Mahinog","nl":"Mahinog","hr":"Mahinog","fa":"مهینوگ","de":"Mahinog","es":"Mahinog","fr":"Mahinog","ja":"マヒノグ","it":"Mahinog","zh-CN":"马希诺格","tr":"Mahinog","ru":"Махиног","uk":"Махіног","pl":"Mahinog","hi":"महिनोग","ar":"ماهينج"},"wikiDataId":"Q176033"},{"id":83472,"name":"Mambajao","state_id":1285,"state_code":"CAM","state_name":"Camiguin","country_id":174,"country_code":"PH","country_name":"Philippines","latitude":"9.21766480","longitude":"124.62400980","native":"Mambajao","type":"city","level":null,"parent_id":null,"population":null,"timezone":"Asia/Manila","translations":{"br":"Mambajao","ko":"맘바자오","pt-BR":"Mambajao","pt":"Mambajao","nl":"Mambajao","hr":"Mambajao","fa":"مامباجائو","de":"Mambajao","es":"Mambajao","fr":"Mambajao","ja":"マンバジャオ","it":"Mambajao","zh-CN":"曼巴豪","tr":"Mambajao","ru":"Мамбахао","uk":"Мамбаджао","pl":"Mambajao","hi":"मम्बाजाओ","ar":"مامباجاو"},"wikiDataId":"Q356518"},{"id":84386,"name":"Sagay","state_id":1285,"state_code":"CAM","state_name":"Camiguin","country_id":174,"country_code":"PH","country_name":"Philippines","latitude":"9.12832000","longitude":"124.69581030","native":"Sagay","type":"adm3","level":null,"parent_id":null,"population":152543,"timezone":"Asia/Manila","translations":{"br":"Sagay","ko":"사가이","pt-BR":"Sagay","pt":"Sagay","nl":"Sagay","hr":"Sagay","fa":"ساگای","de":"Sagay","es":"Sagay","fr":"Sagay","ja":"サガイ","it":"Sagay","zh-CN":"萨盖","tr":"Sagay","ru":"Сагай","uk":"Сагай","pl":"Sagay","hi":"सागे","ar":"ساجاي"},"wikiDataId":"Q356549"}]