[{"id":144388,"name":"Basilisa","state_id":1291,"state_code":"DIN","state_name":"Dinagat Islands","country_id":174,"country_code":"PH","country_name":"Philippines","latitude":"10.04008510","longitude":"125.46317660","native":"Basilisa","type":"adm3","level":null,"parent_id":null,"population":27238,"timezone":"Asia/Manila","translations":{"br":"Bazilisa","ko":"바실리사","pt-BR":"Basilisa","pt":"Basilisa","nl":"Basilisa","hr":"Bazilisa","fa":"باسیلیسا","de":"Basilisa","es":"Basilisa","fr":"Basilisa","ja":"バシリサ","it":"Basilisa","zh-CN":"巴西利萨","tr":"Basilisa","ru":"Базилиса","uk":"Базиліса","pl":"Bazylisa","hi":"बेसिलिसा","ar":"باسيليسا"},"wikiDataId":"Q314298"},{"id":144403,"name":"Cagdianao","state_id":1291,"state_code":"DIN","state_name":"Dinagat Islands","country_id":174,"country_code":"PH","country_name":"Philippines","latitude":"10.01931460","longitude":"125.49702460","native":"Cagdianao","type":"adm3","level":null,"parent_id":null,"population":18679,"timezone":"Asia/Manila","translations":{"br":"Cagdianao","ko":"카그디아나오","pt-BR":"Cagdianao","pt":"Cagdianao","nl":"Cagdianao","hr":"Cagdianao","fa":"کاگدیانو","de":"Cagdianao","es":"Cagdianao","fr":"Cagdianao","ja":"カグディアナオ","it":"Cagdianao","zh-CN":"卡格迪亚诺","tr":"Cagdianao","ru":"Кагдианао","uk":"Кагдіанао","pl":"Cagdianao","hi":"कैग्डियानाओ","ar":"كاجدياناو"},"wikiDataId":"Q314318"},{"id":144425,"name":"Dinagat","state_id":1291,"state_code":"DIN","state_name":"Dinagat Islands","country_id":174,"country_code":"PH","country_name":"Philippines","latitude":"9.96098390","longitude":"125.54737950","native":"Dinagat","type":"adm3","level":null,"parent_id":null,"population":10820,"timezone":"Asia/Manila","translations":{"br":"Dinagat","ko":"디나가트","pt-BR":"Dinagat","pt":"Dinagat","nl":"Dinagat","hr":"Dinagat","fa":"دیناگات","de":"Dinagat","es":"Dinagat","fr":"Dinagat","ja":"ディナガット","it":"Dinagat","zh-CN":"迪纳加特","tr":"Dinagat","ru":"Динагат","uk":"Дінагат","pl":"Dinagat","hi":"दीनागाट","ar":"ديناجات"},"wikiDataId":"Q314336"},{"id":144451,"name":"Libjo","state_id":1291,"state_code":"DIN","state_name":"Dinagat Islands","country_id":174,"country_code":"PH","country_name":"Philippines","latitude":"10.19620040","longitude":"125.39681740","native":"Libjo","type":"city","level":null,"parent_id":null,"population":18157,"timezone":"Asia/Manila","translations":{"br":"Libjo","ko":"리브조","pt-BR":"Libjo","pt":"Libjo","nl":"Libjo","hr":"Libjo","fa":"لیبجو","de":"Libjo","es":"Libjo","fr":"Libjo","ja":"リボ","it":"Libjo","zh-CN":"利布约","tr":"Libjo","ru":"Либджо","uk":"Лібджо","pl":"Libjo","hi":"लिबजो","ar":"ليبجو"},"wikiDataId":"Q314345"},{"id":144453,"name":"Loreto","state_id":1291,"state_code":"DIN","state_name":"Dinagat Islands","country_id":174,"country_code":"PH","country_name":"Philippines","latitude":"10.36344940","longitude":"125.40694540","native":"Loreto","type":"city","level":null,"parent_id":null,"population":9940,"timezone":"Asia/Manila","translations":{"br":"Loreto","ko":"로레토","pt-BR":"Loreto","pt":"Loreto","nl":"Loreto","hr":"Loreto","fa":"لورتو","de":"Loreto","es":"Loreto","fr":"Lorette","ja":"ロレト","it":"Loreto","zh-CN":"洛雷托","tr":"Loreto","ru":"Лорето","uk":"Лорето","pl":"Loreto","hi":"लोरेटो","ar":"لوريتو"},"wikiDataId":"Q314356"},{"id":154538,"name":"San Jose","state_id":1291,"state_code":"DIN","state_name":"Dinagat Islands","country_id":174,"country_code":"PH","country_name":"Philippines","latitude":"10.01778840","longitude":"125.55115600","native":"San Jose","type":"adm3","level":null,"parent_id":null,"population":18301,"timezone":"Asia/Manila","translations":{"br":"San Jose","ko":"산호세","pt-BR":"São José","pt":"São José","nl":"San José","hr":"San Jose","fa":"سن خوزه","de":"San José","es":"San José","fr":"San José","ja":"サンノゼ","it":"San José","zh-CN":"圣何塞","tr":"San Jose","ru":"Сан-Хосе","uk":"Сан-Хосе","pl":"San Jose","hi":"सैन होज़े","ar":"سان خوسيه"},"wikiDataId":"Q251691"},{"id":144522,"name":"Tubajon","state_id":1291,"state_code":"DIN","state_name":"Dinagat Islands","country_id":174,"country_code":"PH","country_name":"Philippines","latitude":"10.28817520","longitude":"125.50291620","native":"Tubajon","type":"adm3","level":null,"parent_id":null,"population":8964,"timezone":"Asia/Manila","translations":{"br":"Tubajon","ko":"투바존","pt-BR":"Tubajon","pt":"Tubajon","nl":"Tubajon","hr":"Tubajón","fa":"توباجون","de":"Tubajon","es":"Tubajon","fr":"Tubajon","ja":"トゥバジョン","it":"Tubajon","zh-CN":"图巴洪","tr":"Tubajon","ru":"Тубахон","uk":"Тубахон","pl":"Tubajon","hi":"तुबजोन","ar":"توباجون"},"wikiDataId":"Q314374"}]