[{"id":81804,"name":"Botolan","state_id":1297,"state_code":"ZMB","state_name":"Zambales","country_id":174,"country_code":"PH","country_name":"Philippines","latitude":"15.22543770","longitude":"119.85695690","native":"Bottled","type":"city","level":null,"parent_id":null,"population":70340,"timezone":"Asia/Manila","translations":{"br":"Botoleg","ko":"보톨란","pt-BR":"Botolan","pt":"Botolan","nl":"Botolan","hr":"Botolan","fa":"بوتولان","de":"Botolan","es":"Botolan","fr":"Botolan","ja":"ボトラン","it":"Botolano","zh-CN":"博托兰","tr":"Botolan","ru":"Ботолан","uk":"Ботолан","pl":"Botolan","hi":"बोटोलान","ar":"بوتولان"},"wikiDataId":"Q56529"},{"id":81949,"name":"Cabangan","state_id":1297,"state_code":"ZMB","state_name":"Zambales","country_id":174,"country_code":"PH","country_name":"Philippines","latitude":"15.17284720","longitude":"120.03065190","native":"Cabangan","type":"city","level":null,"parent_id":null,"population":2294,"timezone":"Asia/Manila","translations":{"br":"Cabangan","ko":"카방간","pt-BR":"Cabangan","pt":"Cabangan","nl":"Cabangan","hr":"Cabangan","fa":"کابانگان","de":"Cabangan","es":"Cabangan","fr":"Cabangan","ja":"カバンガン","it":"Cabangan","zh-CN":"卡班岸","tr":"Cabangan","ru":"Кабанган","uk":"Кабанган","pl":"Cabangan","hi":"कैबंगन","ar":"كابانجان"},"wikiDataId":"Q56533"},{"id":154843,"name":"Candelaria","state_id":1297,"state_code":"ZMB","state_name":"Zambales","country_id":174,"country_code":"PH","country_name":"Philippines","latitude":"15.63411950","longitude":"119.91914590","native":"Candelaria","type":"city","level":null,"parent_id":null,"population":137933,"timezone":"Asia/Manila","translations":{"br":"Kandelaria","ko":"칸델라리아","pt-BR":"Candelária","pt":"Candelária","nl":"Candelaria","hr":"Candelaria","fa":"کاندلاریا","de":"Candelaria","es":"Candelaria","fr":"Candelaria","ja":"カンデラリア","it":"Candelaria","zh-CN":"坎德拉里亚","tr":"Candelaria","ru":"Канделария","uk":"Канделарія","pl":"Candelaria","hi":"Candelaria","ar":"كانديلاريا"},"wikiDataId":"Q56538"},{"id":82197,"name":"Castillejos","state_id":1297,"state_code":"ZMB","state_name":"Zambales","country_id":174,"country_code":"PH","country_name":"Philippines","latitude":"14.92788480","longitude":"120.13658850","native":"Castillejos","type":"city","level":null,"parent_id":null,"population":null,"timezone":"Asia/Manila","translations":{"br":"Castillejos","ko":"카스티예호스","pt-BR":"Castillejos","pt":"Castillejos","nl":"Castillejos","hr":"Castillejos","fa":"کاستیخوس","de":"Castillejos","es":"Castillejos","fr":"Castillejos","ja":"カスティリェホス","it":"Castillejos","zh-CN":"卡斯蒂列霍斯","tr":"Castillejos","ru":"Кастильехо","uk":"Кастільєхос","pl":"Castillejos","hi":"कैस्टिलेजोस","ar":"كاستيليجوس"},"wikiDataId":"Q56561"},{"id":82706,"name":"Iba","state_id":1297,"state_code":"ZMB","state_name":"Zambales","country_id":174,"country_code":"PH","country_name":"Philippines","latitude":"15.36892620","longitude":"119.88528770","native":"Other","type":"city","level":null,"parent_id":null,"population":59580,"timezone":"Asia/Manila","translations":{"br":"Iba","ko":"이바","pt-BR":"Iba","pt":"Iba","nl":"Iba","hr":"Iba","fa":"ایبا","de":"Iba","es":"Iba","fr":"Iba","ja":"イバ","it":"Iba","zh-CN":"伊巴","tr":"Iba","ru":"Иба","uk":"Іба","pl":"Iba","hi":"आईबीए","ar":"إيبا"},"wikiDataId":"Q56566"},{"id":83603,"name":"Masinloc","state_id":1297,"state_code":"ZMB","state_name":"Zambales","country_id":174,"country_code":"PH","country_name":"Philippines","latitude":"15.53880200","longitude":"119.89489880","native":"Masinloc","type":"adm3","level":null,"parent_id":null,"population":56579,"timezone":"Asia/Manila","translations":{"br":"Masinloc","ko":"마신록","pt-BR":"Masinloc","pt":"Masinloc","nl":"Masinloc","hr":"Masinloc","fa":"ماسینلوک","de":"Masinloc","es":"Masinloc","fr":"Masinloc","ja":"マシンロック","it":"Masinloc","zh-CN":"马辛洛克","tr":"Masinloc","ru":"Масинлок","uk":"Масінлок","pl":"Masinloc","hi":"मासिनलोक","ar":"ماسينلوك"},"wikiDataId":"Q56572"},{"id":83852,"name":"Olongapo","state_id":1297,"state_code":"ZMB","state_name":"Zambales","country_id":174,"country_code":"PH","country_name":"Philippines","latitude":"14.88172890","longitude":"120.18114770","native":"Olongapo","type":"city","level":null,"parent_id":null,"population":264903,"timezone":"Asia/Manila","translations":{"br":"Olongapo","ko":"올롱가포","pt-BR":"Olongapo","pt":"Olongapo","nl":"Olongapo","hr":"Olongapo","fa":"اولونگاپو","de":"Olongapo","es":"Olóngapo","fr":"Olongapo","ja":"オロンガポ","it":"Olongapo","zh-CN":"奥隆阿波","tr":"Olongapo","ru":"Олонгапо","uk":"Олонгапо","pl":"Olongapo","hi":"ओलोंगापो","ar":"أولونجابو"},"wikiDataId":"Q56759"},{"id":83917,"name":"Palauig","state_id":1297,"state_code":"ZMB","state_name":"Zambales","country_id":174,"country_code":"PH","country_name":"Philippines","latitude":"15.44894840","longitude":"119.87369840","native":"Palauig","type":"city","level":null,"parent_id":null,"population":43250,"timezone":"Asia/Manila","translations":{"br":"Palez","ko":"팔라우이그","pt-BR":"Palauig","pt":"Palauig","nl":"Palauig","hr":"Palauig","fa":"پالائویگ","de":"Palauig","es":"Palauig","fr":"Palaos","ja":"パラウイグ","it":"Palauig","zh-CN":"帕劳伊格","tr":"Palauig","ru":"Палауиг","uk":"Палауїг","pl":"Palauig","hi":"पलाउइग","ar":"بالويج"},"wikiDataId":"Q56575"},{"id":154844,"name":"San Antonio","state_id":1297,"state_code":"ZMB","state_name":"Zambales","country_id":174,"country_code":"PH","country_name":"Philippines","latitude":"14.85764550","longitude":"120.00530500","native":"San Antonio","type":"city","level":null,"parent_id":null,"population":84958,"timezone":"Asia/Manila","translations":{"br":"San Antonio","ko":"샌안토니오","pt-BR":"Santo Antônio","pt":"Santo Antônio","nl":"San Antonio","hr":"San Antonio","fa":"سن آنتونیو","de":"San Antonio","es":"San Antonio","fr":"San Antonio","ja":"サンアントニオ","it":"San Antonio","zh-CN":"圣安东尼奥","tr":"San Antonio","ru":"Сан-Антонио","uk":"Сан-Антоніо","pl":"San Antonio","hi":"सेन एंटोनियो","ar":"سان أنطونيو"},"wikiDataId":"Q56581"},{"id":84475,"name":"San Felipe","state_id":1297,"state_code":"ZMB","state_name":"Zambales","country_id":174,"country_code":"PH","country_name":"Philippines","latitude":"15.08286780","longitude":"120.05234550","native":"San Felipe","type":"city","level":null,"parent_id":null,"population":26081,"timezone":"Asia/Manila","translations":{"br":"San Felipe","ko":"산 펠리페","pt-BR":"São Felipe","pt":"São Felipe","nl":"San Felipe","hr":"San Felipe","fa":"سن فیلیپه","de":"San Felipe","es":"San Felipe","fr":"San Felipe","ja":"サンフェリペ","it":"San Filippo","zh-CN":"圣费利佩","tr":"San Felipe","ru":"Сан-Фелипе","uk":"Сан-Феліпе","pl":"Święty Felipe","hi":"सैन फ़ेलिप","ar":"سان فيليبي"},"wikiDataId":"Q56584"},{"id":84547,"name":"San Marcelino","state_id":1297,"state_code":"ZMB","state_name":"Zambales","country_id":174,"country_code":"PH","country_name":"Philippines","latitude":"15.03713500","longitude":"120.12080500","native":"San Marcelino","type":"city","level":null,"parent_id":null,"population":null,"timezone":"Asia/Manila","translations":{"br":"San Marcelino","ko":"산 마르셀리노","pt-BR":"São Marcelino","pt":"São Marcelino","nl":"San Marcelino","hr":"San Marcelino","fa":"سن مارسلینو","de":"San Marcelino","es":"San Marcelino","fr":"San Marcelino","ja":"サン・マルセリーノ","it":"San Marcellino","zh-CN":"圣马塞利诺","tr":"San Marcelino","ru":"Сан-Марселино","uk":"Сан-Марселіно","pl":"Święty Marcelino","hi":"सैन मार्सेलिनो","ar":"سان مارسيلينو"},"wikiDataId":"Q56623"},{"id":154845,"name":"San Narciso","state_id":1297,"state_code":"ZMB","state_name":"Zambales","country_id":174,"country_code":"PH","country_name":"Philippines","latitude":"15.00821630","longitude":"120.03524370","native":"San Narciso","type":"adm3","level":null,"parent_id":null,"population":53375,"timezone":"Asia/Manila","translations":{"br":"San Narciso","ko":"산 나르시소","pt-BR":"São Narciso","pt":"São Narciso","nl":"San Narciso","hr":"San Narciso","fa":"سن نارسیسو","de":"San Narciso","es":"San Narciso","fr":"San Narciso","ja":"サン・ナルシソ","it":"San Narciso","zh-CN":"圣纳西索","tr":"San Narciso","ru":"Сан-Нарцисо","uk":"Сан-Нарцисо","pl":"Święty Narciso","hi":"सैन नार्सिसो","ar":"سان نارسيسو"},"wikiDataId":"Q56647"},{"id":154846,"name":"Santa Cruz","state_id":1297,"state_code":"ZMB","state_name":"Zambales","country_id":174,"country_code":"PH","country_name":"Philippines","latitude":"15.77590360","longitude":"119.86417130","native":"Santa Cruz","type":"city","level":null,"parent_id":null,"population":66647,"timezone":"Asia/Manila","translations":{"br":"Santa Cruz","ko":"산타크루즈","pt-BR":"Santa Cruz","pt":"Santa Cruz","nl":"Santa Cruz","hr":"Santa Cruz","fa":"سانتا کروز","de":"Santa Cruz","es":"Santa Cruz","fr":"Santa Cruz","ja":"サンタクルーズ","it":"Santa Cruz","zh-CN":"圣克鲁斯","tr":"Santa Cruz","ru":"Санта-Крус","uk":"Санта-Крус","pl":"Santa Cruz","hi":"सांताक्रूज","ar":"سانتا كروز"},"wikiDataId":"Q56656"},{"id":84854,"name":"Subic","state_id":1297,"state_code":"ZMB","state_name":"Zambales","country_id":174,"country_code":"PH","country_name":"Philippines","latitude":"14.87235590","longitude":"120.10597810","native":"Subic","type":"adm3","level":null,"parent_id":null,"population":null,"timezone":"Asia/Manila","translations":{"br":"Danvez","ko":"수빅","pt-BR":"Subic","pt":"Subic","nl":"Subic","hr":"Subić","fa":"سوبیک","de":"Subic","es":"Subic","fr":"Subic","ja":"スービック","it":"Subic","zh-CN":"苏比克","tr":"Subik","ru":"Субик","uk":"Субік","pl":"Subic","hi":"सुबिक","ar":"سوبيك"},"wikiDataId":"Q56663"}]