[{"id":145786,"name":"Adams","state_id":1298,"state_code":"ILN","state_name":"Ilocos Norte","country_id":174,"country_code":"PH","country_name":"Philippines","latitude":"18.43902960","longitude":"120.83394140","native":"Adams","type":"adm3","level":null,"parent_id":null,"population":2279,"timezone":"Asia/Manila","translations":{"br":"Adams","ko":"아담스","pt-BR":"Adão","pt":"Adão","nl":"Adams","hr":"Adams","fa":"آدامز","de":"Adams","es":"Adams","fr":"Adams","ja":"アダムス","it":"Adams","zh-CN":"亚当斯","tr":"Adams","ru":"Адамс","uk":"Адамс","pl":"Adams","hi":"एडम्स","ar":"آدامز"},"wikiDataId":"Q39241"},{"id":145806,"name":"Bacarra","state_id":1298,"state_code":"ILN","state_name":"Ilocos Norte","country_id":174,"country_code":"PH","country_name":"Philippines","latitude":"18.25832460","longitude":"120.52870080","native":"Bacarra","type":"city","level":null,"parent_id":null,"population":32734,"timezone":"Asia/Manila","translations":{"br":"Bacarra","ko":"바카라","pt-BR":"Bacarra","pt":"Bacarra","nl":"Bacarra","hr":"Bacarra","fa":"باکارا","de":"Bacarra","es":"Bacarra","fr":"Bacarra","ja":"バカラ","it":"Bacarra","zh-CN":"巴卡拉","tr":"Bacarra","ru":"Бакарра","uk":"Бакарра","pl":"Bacarra","hi":"बकार्रा","ar":"باكارا"},"wikiDataId":"Q39271"},{"id":145811,"name":"Badoc","state_id":1298,"state_code":"ILN","state_name":"Ilocos Norte","country_id":174,"country_code":"PH","country_name":"Philippines","latitude":"17.91022520","longitude":"120.41798330","native":"Badoc","type":"adm3","level":null,"parent_id":null,"population":32832,"timezone":"Asia/Manila","translations":{"br":"Badoc","ko":"바독","pt-BR":"Badoc","pt":"Badoc","nl":"Badoc","hr":"Badoc","fa":"بادوک","de":"Badoc","es":"Badoc","fr":"Badoc","ja":"バドック","it":"Badoc","zh-CN":"巴多克","tr":"Badoc","ru":"Бадок","uk":"Бадок","pl":"Badoc","hi":"बैडोक","ar":"بادوك"},"wikiDataId":"Q39303"},{"id":145823,"name":"Bangui","state_id":1298,"state_code":"ILN","state_name":"Ilocos Norte","country_id":174,"country_code":"PH","country_name":"Philippines","latitude":"18.46727860","longitude":"120.67103470","native":"Bangui","type":"city","level":null,"parent_id":null,"population":15227,"timezone":"Asia/Manila","translations":{"br":"Bangui","ko":"방기","pt-BR":"Bangui","pt":"Bangui","nl":"Bangui","hr":"Bangui","fa":"بانگی","de":"Bangui","es":"Bangui","fr":"Bangui","ja":"バンギ","it":"Bangui","zh-CN":"班吉","tr":"Bangui","ru":"Банги","uk":"Бангі","pl":"Bangi","hi":"बांगुई","ar":"بانغي"},"wikiDataId":"Q39326"},{"id":145825,"name":"Banna","state_id":1298,"state_code":"ILN","state_name":"Ilocos Norte","country_id":174,"country_code":"PH","country_name":"Philippines","latitude":"17.97950230","longitude":"120.57816580","native":"Banna","type":"city","level":null,"parent_id":null,"population":19363,"timezone":"Asia/Manila","translations":{"br":"Banna","ko":"바나나","pt-BR":"Banna","pt":"Banna","nl":"Banna","hr":"Bana","fa":"بنا","de":"Banna","es":"Plátano","fr":"Banna","ja":"バンナ","it":"Banna","zh-CN":"版纳","tr":"Muz","ru":"Банна","uk":"Банна","pl":"Banan","hi":"बन्ना","ar":"بنّا"},"wikiDataId":"Q39346"},{"id":145835,"name":"Batac","state_id":1298,"state_code":"ILN","state_name":"Ilocos Norte","country_id":174,"country_code":"PH","country_name":"Philippines","latitude":"18.03211930","longitude":"120.49237710","native":"Batac","type":"adm3","level":null,"parent_id":null,"population":0,"timezone":"Asia/Manila","translations":{"br":"Batac","ko":"바탁","pt-BR":"Batac","pt":"Batac","nl":"Batac","hr":"Batac","fa":"باتاک","de":"Batac","es":"Batac","fr":"Batac","ja":"バタック","it":"Batac","zh-CN":"巴塔克","tr":"Batac","ru":"Батак","uk":"Батак","pl":"Batac","hi":"बाटैक","ar":"باتاك"},"wikiDataId":"Q39711"},{"id":145860,"name":"Burgos","state_id":1298,"state_code":"ILN","state_name":"Ilocos Norte","country_id":174,"country_code":"PH","country_name":"Philippines","latitude":"18.46357390","longitude":"120.56095410","native":"Burgos","type":"city","level":null,"parent_id":null,"population":26729,"timezone":"Asia/Manila","translations":{"br":"Burgos","ko":"부르고스","pt-BR":"Burgos","pt":"Burgos","nl":"Burgos","hr":"Burgos","fa":"بورگوس","de":"Burgos","es":"Burgos","fr":"Burgos","ja":"ブルゴス","it":"Burgos","zh-CN":"布尔戈斯","tr":"Burgos","ru":"Бургос","uk":"Бургос","pl":"Burgos","hi":"बर्गोस","ar":"بورغوس"},"wikiDataId":"Q39368"},{"id":145887,"name":"Carasi","state_id":1298,"state_code":"ILN","state_name":"Ilocos Norte","country_id":174,"country_code":"PH","country_name":"Philippines","latitude":"18.23050040","longitude":"120.80123980","native":"Carasi","type":"city","level":null,"parent_id":null,"population":1775,"timezone":"Asia/Manila","translations":{"br":"Carasi","ko":"카라시","pt-BR":"Carasi","pt":"Carasi","nl":"Carasi","hr":"Karasi","fa":"کاراسی","de":"Carasi","es":"Carasi","fr":"Carasi","ja":"カラシ","it":"Carasi","zh-CN":"卡拉西","tr":"Karasi","ru":"Караси","uk":"Карасі","pl":"Carasi","hi":"कैरासी","ar":"كاراسي"},"wikiDataId":"Q39393"},{"id":145905,"name":"Currimao","state_id":1298,"state_code":"ILN","state_name":"Ilocos Norte","country_id":174,"country_code":"PH","country_name":"Philippines","latitude":"18.01890000","longitude":"120.45959350","native":"Currimao","type":"adm3","level":null,"parent_id":null,"population":12256,"timezone":"Asia/Manila","translations":{"br":"Currimao","ko":"커리마오","pt-BR":"Currimão","pt":"Currimão","nl":"Currimao","hr":"Currimao","fa":"کوریمائو","de":"Currimao","es":"Currimao","fr":"Currimao","ja":"クリマオ","it":"Currimao","zh-CN":"库里马奥","tr":"Currimao","ru":"Курримао","uk":"Куррімао","pl":"Currimao","hi":"कुरिमाओ","ar":"كوريماو"},"wikiDataId":"Q39416"},{"id":145914,"name":"Dingras","state_id":1298,"state_code":"ILN","state_name":"Ilocos Norte","country_id":174,"country_code":"PH","country_name":"Philippines","latitude":"18.07588870","longitude":"120.66133490","native":"Dingras","type":"adm3","level":null,"parent_id":null,"population":40176,"timezone":"Asia/Manila","translations":{"br":"Dingras","ko":"딩그라스","pt-BR":"Dingras","pt":"Dingras","nl":"Dingras","hr":"Dingras","fa":"دینگراس","de":"Dingras","es":"Dingras","fr":"Dingras","ja":"ディングラス","it":"Dingras","zh-CN":"丁格拉斯","tr":"Dingralar","ru":"Динграс","uk":"Дінграс","pl":"Dingras","hi":"डिंग्रास","ar":"دينغراس"},"wikiDataId":"Q39429"},{"id":145921,"name":"Dumalneg","state_id":1298,"state_code":"ILN","state_name":"Ilocos Norte","country_id":174,"country_code":"PH","country_name":"Philippines","latitude":"18.47308420","longitude":"120.79636650","native":"Dumalneg","type":"adm3","level":null,"parent_id":null,"population":3452,"timezone":"Asia/Manila","translations":{"br":"Dumalneg","ko":"두말네그","pt-BR":"Dumalneg","pt":"Dumalneg","nl":"Dumalneg","hr":"Dumalneg","fa":"دومالنگ","de":"Dumalneg","es":"Dumalneg","fr":"Dumalneg","ja":"ドゥマルネグ","it":"Dumalneg","zh-CN":"杜马尔内格","tr":"Dumalneg","ru":"Думалнег","uk":"Думальнег","pl":"Dumalneg","hi":"डुमलनेग","ar":"دومالنيج"},"wikiDataId":"Q39511"},{"id":145944,"name":"Laoag","state_id":1298,"state_code":"ILN","state_name":"Ilocos Norte","country_id":174,"country_code":"PH","country_name":"Philippines","latitude":"18.19826940","longitude":"120.51527430","native":"Laoag Laoag","type":"city","level":null,"parent_id":null,"population":112117,"timezone":"Asia/Manila","translations":{"br":"Laoag","ko":"라오아그","pt-BR":"Laoag","pt":"Laoag","nl":"Laoag","hr":"Laoag","fa":"لائوگ","de":"Laoag","es":"Laoag","fr":"Laoag","ja":"ラオアグ","it":"Laoag","zh-CN":"佬沃","tr":"Laoag","ru":"Лаоаг","uk":"Лаоаг","pl":"Laoag","hi":"लॉग","ar":"لاواج"},"wikiDataId":"Q39738"},{"id":145982,"name":"Marcos","state_id":1298,"state_code":"ILN","state_name":"Ilocos Norte","country_id":174,"country_code":"PH","country_name":"Philippines","latitude":"18.02988670","longitude":"120.61931440","native":"Marcos","type":"adm3","level":null,"parent_id":null,"population":18105,"timezone":"Asia/Manila","translations":{"br":"Marcos","ko":"마르코스","pt-BR":"Marcos","pt":"Marcos","nl":"Marcos","hr":"Marko","fa":"مارکوس","de":"Marcos","es":"Marcos","fr":"Marcos","ja":"マルコス","it":"Marcos","zh-CN":"马科斯","tr":"Marcos","ru":"Маркос","uk":"Маркос","pl":"Marcos","hi":"मार्कोस","ar":"ماركوس"},"wikiDataId":"Q39523"},{"id":146001,"name":"Nueva Era","state_id":1298,"state_code":"ILN","state_name":"Ilocos Norte","country_id":174,"country_code":"PH","country_name":"Philippines","latitude":"17.95021590","longitude":"120.41440590","native":"New era","type":"adm3","level":null,"parent_id":null,"population":13305,"timezone":"Asia/Manila","translations":{"br":"Oadvezh nevez","ko":"누에바 에라","pt-BR":"Nova Era","pt":"Nova Era","nl":"Nieuwe Tijdperk","hr":"Nova era","fa":"عصر نوئوا","de":"Nueva Era","es":"Nueva Era","fr":"Nouvelle ère","ja":"ヌエバ・エラ","it":"Nuova Era","zh-CN":"新时代","tr":"Yeni Çağ","ru":"Новая Эра","uk":"Нова Ера","pl":"Nowa era","hi":"नुएवा युग","ar":"العصر الجديد"},"wikiDataId":"Q39540"},{"id":146006,"name":"Pagudpud","state_id":1298,"state_code":"ILN","state_name":"Ilocos Norte","country_id":174,"country_code":"PH","country_name":"Philippines","latitude":"18.56598700","longitude":"120.71179790","native":"Pagudpud","type":"adm3","level":null,"parent_id":null,"population":25565,"timezone":"Asia/Manila","translations":{"br":"Pagudpud","ko":"파굿풋","pt-BR":"Pagudpud","pt":"Pagudpud","nl":"Pagudpud","hr":"Pagudpud","fa":"پاگودپود","de":"Pagudpud","es":"Pagudpud","fr":"Pagudpud","ja":"パガッドパッド","it":"Pagudpud","zh-CN":"帕古德普德","tr":"Pagudpud","ru":"Пагудпуд","uk":"Пагудпуд","pl":"Pagudpud","hi":"पगुडपुड","ar":"باجودبود"},"wikiDataId":"Q39559"},{"id":146014,"name":"Paoay","state_id":1298,"state_code":"ILN","state_name":"Ilocos Norte","country_id":174,"country_code":"PH","country_name":"Philippines","latitude":"18.07796030","longitude":"120.47480490","native":"Paoay","type":"city","level":null,"parent_id":null,"population":24204,"timezone":"Asia/Manila","translations":{"br":"Paoay","ko":"파오아이","pt-BR":"Paoay","pt":"Paoay","nl":"Paoay","hr":"Paoay","fa":"پائوای","de":"Paoay","es":"Pagar","fr":"Paoay","ja":"パオアイ","it":"Paoay","zh-CN":"帕瓦伊","tr":"Paoay","ru":"Паоай","uk":"Паоай","pl":"Paoay","hi":"पाओए","ar":"باواي"},"wikiDataId":"Q39573"},{"id":146018,"name":"Pasuquin","state_id":1298,"state_code":"ILN","state_name":"Ilocos Norte","country_id":174,"country_code":"PH","country_name":"Philippines","latitude":"18.38426810","longitude":"120.55223440","native":"Pasuquin","type":"city","level":null,"parent_id":null,"population":30521,"timezone":"Asia/Manila","translations":{"br":"Pasuquin","ko":"파수퀸","pt-BR":"Pasuquin","pt":"Pasuquin","nl":"Pasuquin","hr":"Pasuquin","fa":"پاسوکین","de":"Pasuquin","es":"Pasuquín","fr":"Pasuquin","ja":"パスキン","it":"Pasuquin","zh-CN":"帕苏金","tr":"Pasuquin","ru":"Пасукин","uk":"Пасукін","pl":"Pasuquin","hi":"पासुक्विन","ar":"باسوكوين"},"wikiDataId":"Q39591"},{"id":146022,"name":"Piddig","state_id":1298,"state_code":"ILN","state_name":"Ilocos Norte","country_id":174,"country_code":"PH","country_name":"Philippines","latitude":"18.19300140","longitude":"120.68455300","native":"Piddig","type":"adm3","level":null,"parent_id":null,"population":22781,"timezone":"Asia/Manila","translations":{"br":"Piddig","ko":"피디그","pt-BR":"Piddig","pt":"Piddig","nl":"Piddig","hr":"Pidig","fa":"پیدیگ","de":"Piddig","es":"Piddig","fr":"Piddig","ja":"ピディグ","it":"Piddig","zh-CN":"皮迪格","tr":"Piddig","ru":"Пиддиг","uk":"Піддіг","pl":"Piddig","hi":"पिडिग","ar":"بيدج"},"wikiDataId":"Q39616"},{"id":146024,"name":"Pinili","state_id":1298,"state_code":"ILN","state_name":"Ilocos Norte","country_id":174,"country_code":"PH","country_name":"Philippines","latitude":"17.94533870","longitude":"120.45875310","native":"Chosen","type":"adm3","level":null,"parent_id":null,"population":17705,"timezone":"Asia/Manila","translations":{"br":"Pinili","ko":"피닐리","pt-BR":"Pinili","pt":"Pinili","nl":"Pinili","hr":"Pinili","fa":"پینیلی","de":"Pinili","es":"Pinili","fr":"Pinili","ja":"ピニリ","it":"Pinili","zh-CN":"皮尼利","tr":"Pinili","ru":"Пинили","uk":"Пінілі","pl":"Pinili","hi":"पिनिली","ar":"بينيلي"},"wikiDataId":"Q39629"},{"id":154544,"name":"San Nicolas","state_id":1298,"state_code":"ILN","state_name":"Ilocos Norte","country_id":174,"country_code":"PH","country_name":"Philippines","latitude":"18.14328470","longitude":"120.55181990","native":"San Nicolas","type":"adm3","level":null,"parent_id":null,"population":39116,"timezone":"Asia/Manila","translations":{"br":"San Nikolaz","ko":"산 니콜라스","pt-BR":"São Nicolau","pt":"São Nicolau","nl":"San Nicolas","hr":"Sveti Nikola","fa":"سن نیکولاس","de":"San Nicolas","es":"San Nicolás","fr":"Saint-Nicolas","ja":"サンニコラス","it":"San Nicola","zh-CN":"圣尼古拉斯","tr":"San Nicolas","ru":"Сан-Николас","uk":"Сан-Ніколас","pl":"Święty Mikołaj","hi":"सैन निकोलस","ar":"سان نيكولاس"},"wikiDataId":"Q39653"},{"id":146088,"name":"Sarrat","state_id":1298,"state_code":"ILN","state_name":"Ilocos Norte","country_id":174,"country_code":"PH","country_name":"Philippines","latitude":"18.10921290","longitude":"120.56889880","native":"Sarrat","type":"adm3","level":null,"parent_id":null,"population":26294,"timezone":"Asia/Manila","translations":{"br":"Sarrat","ko":"사랏","pt-BR":"Sarrat","pt":"Sarrat","nl":"Sarrat","hr":"Sarrat","fa":"سرات","de":"Sarrat","es":"Sarrat","fr":"Sarrat","ja":"サラット","it":"Sarrat","zh-CN":"萨拉特","tr":"Sarrat","ru":"Саррат","uk":"Саррат","pl":"Sarrat","hi":"सर्राट","ar":"سارات"},"wikiDataId":"Q39673"},{"id":146092,"name":"Solsona","state_id":1298,"state_code":"ILN","state_name":"Ilocos Norte","country_id":174,"country_code":"PH","country_name":"Philippines","latitude":"18.12104980","longitude":"120.67818720","native":"Solsona","type":"city","level":null,"parent_id":null,"population":26249,"timezone":"Asia/Manila","translations":{"br":"Solsona","ko":"솔소나","pt-BR":"Solsona","pt":"Solsona","nl":"Solsona","hr":"Solsona","fa":"سولسونا","de":"Solsona","es":"Solsona","fr":"Solsona","ja":"ソルソナ","it":"Solsona","zh-CN":"索尔索纳","tr":"Solsona","ru":"Сольсона","uk":"Сольсона","pl":"Solsona","hi":"सोल्सोना","ar":"سولسونا"},"wikiDataId":"Q39677"},{"id":146131,"name":"Vintar","state_id":1298,"state_code":"ILN","state_name":"Ilocos Norte","country_id":174,"country_code":"PH","country_name":"Philippines","latitude":"18.31836550","longitude":"120.62558840","native":"Vintar","type":"adm3","level":null,"parent_id":null,"population":35051,"timezone":"Asia/Manila","translations":{"br":"Vintar","ko":"빈타르","pt-BR":"Vintar","pt":"Vintar","nl":"Vintar","hr":"Vintar","fa":"وینتار","de":"Vintar","es":"Vintar","fr":"Vintar","ja":"ヴィンタル","it":"Vintar","zh-CN":"温塔尔","tr":"Vintar","ru":"Винтар","uk":"Вінтар","pl":"Vintar","hi":"विंटर","ar":"فينتر"},"wikiDataId":"Q39694"}]