[{"id":144886,"name":"Balangonan","state_id":1309,"state_code":"DVO","state_name":"Davao Occidental","country_id":174,"country_code":"PH","country_name":"Philippines","latitude":"5.57054290","longitude":"125.35436450","native":"Butulan","type":"city","level":null,"parent_id":null,"population":2329,"timezone":"Asia/Manila","translations":{"br":"Balangonan","ko":"발랑고난","pt-BR":"Balangonan","pt":"Balangonan","nl":"Balangonan","hr":"Balangonan","fa":"بالانگونان","de":"Balangonan","es":"Balangonan","fr":"Balangonan","ja":"バランゴナン","it":"Balangonan","zh-CN":"巴兰戈南","tr":"Balangonan","ru":"Балангонан","uk":"Балангонан","pl":"Balangonan","hi":"बालांगोनन","ar":"بالانجونان"},"wikiDataId":"Q31478354"},{"id":144893,"name":"Basiawan","state_id":1309,"state_code":"DVO","state_name":"Davao Occidental","country_id":174,"country_code":"PH","country_name":"Philippines","latitude":"6.51135870","longitude":"125.51108700","native":"Basiawan","type":"city","level":null,"parent_id":null,"population":6351,"timezone":"Asia/Manila","translations":{"br":"Basiawan","ko":"바시아완","pt-BR":"Basiawan","pt":"Basiawan","nl":"Basiawan","hr":"Basiawan","fa":"باسیاوان","de":"Basiawan","es":"Basiawan","fr":"Basiawan","ja":"バシアワン","it":"Basiawan","zh-CN":"巴西亚万","tr":"Basiawan","ru":"Басиаван","uk":"Басіаван","pl":"Basiawan","hi":"बसियावान","ar":"باسيوان"},"wikiDataId":"Q31488818"},{"id":144898,"name":"Biao","state_id":1309,"state_code":"DVO","state_name":"Davao Occidental","country_id":174,"country_code":"PH","country_name":"Philippines","latitude":"6.38623950","longitude":"125.46996650","native":"Biao","type":"city","level":null,"parent_id":null,"population":12043,"timezone":"Asia/Manila","translations":{"br":"Biao","ko":"뱌오","pt-BR":"Biao","pt":"Biao","nl":"Biao","hr":"Biao","fa":"بیائو","de":"Biao","es":"Biao","fr":"Biao","ja":"彪","it":"Biao","zh-CN":"彪","tr":"Biao","ru":"Бяо","uk":"Бяо","pl":"Biao","hi":"बियाओ","ar":"بياو"},"wikiDataId":"Q31498202"},{"id":144902,"name":"Bolila","state_id":1309,"state_code":"DVO","state_name":"Davao Occidental","country_id":174,"country_code":"PH","country_name":"Philippines","latitude":"6.37083990","longitude":"125.57025830","native":"Sour","type":"city","level":null,"parent_id":null,"population":2125,"timezone":"Asia/Manila","translations":{"br":"Bolila","ko":"볼릴라","pt-BR":"Bolila","pt":"Bolila","nl":"Bolila","hr":"Bolila","fa":"بولیلا","de":"Bolila","es":"Bolila","fr":"Bolila","ja":"ボリラ","it":"Bolila","zh-CN":"博利拉","tr":"Bolila","ru":"Болила","uk":"Боліла","pl":"Bolila","hi":"बोलिला","ar":"بوليلا"},"wikiDataId":"Q31508479"},{"id":144905,"name":"Buhangin","state_id":1309,"state_code":"DVO","state_name":"Davao Occidental","country_id":174,"country_code":"PH","country_name":"Philippines","latitude":"6.48942100","longitude":"125.54416180","native":"Sand","type":"city","level":null,"parent_id":null,"population":4391,"timezone":"Asia/Manila","translations":{"br":"Buhangin","ko":"부행긴","pt-BR":"Buhangin","pt":"Buhangin","nl":"Buhangin","hr":"Buhangin","fa":"بوهانگین","de":"Buhangin","es":"Buhangin","fr":"Buhangin","ja":"ブハンギン","it":"Buhangin","zh-CN":"布汉金","tr":"Buhangin","ru":"Бухангин","uk":"Бухангін","pl":"Buhangin","hi":"बुहांगिन","ar":"بوهانجين"},"wikiDataId":"Q31516861"},{"id":144906,"name":"Bukid","state_id":1309,"state_code":"DVO","state_name":"Davao Occidental","country_id":174,"country_code":"PH","country_name":"Philippines","latitude":"5.57087770","longitude":"125.40602800","native":"farm","type":"city","level":null,"parent_id":null,"population":2232,"timezone":"Asia/Manila","translations":{"br":"Bukid","ko":"부키드","pt-BR":"Bukid","pt":"Bukid","nl":"Bukid","hr":"Bukid","fa":"بوکید","de":"Bukid","es":"Bukid","fr":"Bukid","ja":"ブキッド","it":"Bukid","zh-CN":"布基德","tr":"Bukid","ru":"Букид","uk":"Букід","pl":"Bukid","hi":"बुकिड","ar":"بوكيد"},"wikiDataId":"Q31517046"},{"id":144909,"name":"Butulan","state_id":1309,"state_code":"DVO","state_name":"Davao Occidental","country_id":174,"country_code":"PH","country_name":"Philippines","latitude":"5.61091490","longitude":"125.42891640","native":"The boots","type":"city","level":null,"parent_id":null,"population":2436,"timezone":"Asia/Manila","translations":{"br":"Butulan","ko":"부툴란","pt-BR":"Butulan","pt":"Butulan","nl":"Butulan","hr":"Butulan","fa":"بوتولان","de":"Butulan","es":"Butulan","fr":"Butulan","ja":"ブトゥラン","it":"Butulan","zh-CN":"布图兰","tr":"Butulan","ru":"Бутулан","uk":"Бутулан","pl":"Butulan","hi":"बुटुलान","ar":"بوتولان"},"wikiDataId":"Q31521128"},{"id":144912,"name":"Caburan","state_id":1309,"state_code":"DVO","state_name":"Davao Occidental","country_id":174,"country_code":"PH","country_name":"Philippines","latitude":"5.91055650","longitude":"125.64368790","native":"Caburan","type":"city","level":null,"parent_id":null,"population":12618,"timezone":"Asia/Manila","translations":{"br":"Caburan","ko":"카부란","pt-BR":"Caburan","pt":"Caburan","nl":"Caburan","hr":"Caburan","fa":"کابوران","de":"Caburan","es":"Caburan","fr":"Caburan","ja":"カブラン","it":"Caburan","zh-CN":"卡布拉恩","tr":"Caburan","ru":"Кабуран","uk":"Кабуран","pl":"Caburan","hi":"कैबुरान","ar":"كابوران"},"wikiDataId":"Q31524373"},{"id":144926,"name":"Culaman","state_id":1309,"state_code":"DVO","state_name":"Davao Occidental","country_id":174,"country_code":"PH","country_name":"Philippines","latitude":"6.38998870","longitude":"125.59962000","native":"Culan","type":"adm3","level":null,"parent_id":null,"population":118438,"timezone":"Asia/Manila","translations":{"br":"Culaman","ko":"쿨라만","pt-BR":"Culaman","pt":"Culaman","nl":"Culaman","hr":"Culaman","fa":"کولامن","de":"Culaman","es":"Culamán","fr":"Culaman","ja":"クラマン","it":"Culaman","zh-CN":"库拉曼","tr":"Culaman","ru":"Куламан","uk":"Куламан","pl":"Culaman","hi":"कुलामन","ar":"كولامان"},"wikiDataId":"Q31557004"},{"id":144934,"name":"Don Marcelino","state_id":1309,"state_code":"DVO","state_name":"Davao Occidental","country_id":174,"country_code":"PH","country_name":"Philippines","latitude":"6.19785080","longitude":"125.69776530","native":"Don Marcelino","type":"city","level":null,"parent_id":null,"population":3825,"timezone":"Asia/Manila","translations":{"br":"Don Marcelino","ko":"돈 마르셀리노","pt-BR":"Dom Marcelino","pt":"Dom Marcelino","nl":"Don Marcelino","hr":"Don Marcelino","fa":"دون مارسلینو","de":"Don Marcelino","es":"Don Marcelino","fr":"Don Marcelino","ja":"ドン・マルセリーノ","it":"Don Marcelino","zh-CN":"唐·马塞利诺","tr":"Don Marcelino","ru":"Дон Марселино","uk":"Дон Марселіно","pl":"Don Marcelino","hi":"डॉन मार्सेलिनो","ar":"دون مارسيلينو"},"wikiDataId":"Q31569992"},{"id":144949,"name":"Jose Abad Santos","state_id":1309,"state_code":"DVO","state_name":"Davao Occidental","country_id":174,"country_code":"PH","country_name":"Philippines","latitude":"5.91246550","longitude":"125.64459320","native":"Jose Abad Santos","type":"city","level":null,"parent_id":null,"population":72552,"timezone":"Asia/Manila","translations":{"br":"Jose Abad Santos","ko":"호세 아바드 산토스","pt-BR":"José Abad Santos","pt":"José Abad Santos","nl":"José Abad Santos","hr":"José Abad Santos","fa":"خوزه آباد سانتوس","de":"José Abad Santos","es":"José Abad Santos","fr":"José Abad Santos","ja":"ホセ・アバド・サントス","it":"José Abad Santos","zh-CN":"何塞·阿巴德·桑托斯","tr":"Jose Abad Santos","ru":"Хосе Абад Сантос","uk":"Хосе Абад Сантос","pl":"Jose Abad Santos","hi":"जोस अबाद सैंटोस","ar":"خوسيه آباد سانتوس"},"wikiDataId":"Q314824"},{"id":144952,"name":"Kalbay","state_id":1309,"state_code":"DVO","state_name":"Davao Occidental","country_id":174,"country_code":"PH","country_name":"Philippines","latitude":"5.72349770","longitude":"125.49889300","native":"Kalbay","type":"city","level":null,"parent_id":null,"population":4339,"timezone":"Asia/Manila","translations":{"br":"Kalbay","ko":"칼베이","pt-BR":"Kalbay","pt":"Kalbay","nl":"Kalbay","hr":"Kalbaj","fa":"کالبای","de":"Kalbay","es":"Kalbay","fr":"Kalbay","ja":"カルバイ","it":"Kalbay","zh-CN":"卡尔拜","tr":"Kalbay","ru":"Калбай","uk":"Калбай","pl":"Kalbay","hi":"कालबे","ar":"كالباي"},"wikiDataId":"Q31811589"},{"id":144961,"name":"Kinangan","state_id":1309,"state_code":"DVO","state_name":"Davao Occidental","country_id":174,"country_code":"PH","country_name":"Philippines","latitude":"6.30701280","longitude":"125.57568850","native":"Gesting","type":"city","level":null,"parent_id":null,"population":4561,"timezone":"Asia/Manila","translations":{"br":"Kinangan","ko":"키낭안","pt-BR":"Kinangan","pt":"Kinangan","nl":"Kinangan","hr":"Kinangan","fa":"کینانگان","de":"Kinangan","es":"Kinangan","fr":"Kinangan","ja":"キナンガン","it":"Kinangan","zh-CN":"基南甘","tr":"Kinangan","ru":"Кинанган","uk":"Кінанган","pl":"Kinangan","hi":"किनांगन","ar":"كينانجان"},"wikiDataId":"Q31811650"},{"id":144965,"name":"Lacaron","state_id":1309,"state_code":"DVO","state_name":"Davao Occidental","country_id":174,"country_code":"PH","country_name":"Philippines","latitude":"6.45274030","longitude":"125.56535120","native":"Lacked","type":"city","level":null,"parent_id":null,"population":2302,"timezone":"Asia/Manila","translations":{"br":"Lacaron","ko":"라카롱","pt-BR":"Lacaron","pt":"Lacaron","nl":"Lacaron","hr":"Lacaron","fa":"لاکارون","de":"Lacaron","es":"Lacarón","fr":"Lacaron","ja":"ラカロン","it":"Lacaron","zh-CN":"拉卡龙","tr":"Lacaron","ru":"Лакарон","uk":"Лакарон","pl":"Lacaron","hi":"लैकारोन","ar":"لاكارون"},"wikiDataId":"Q31811727"},{"id":144967,"name":"Lais","state_id":1309,"state_code":"DVO","state_name":"Davao Occidental","country_id":174,"country_code":"PH","country_name":"Philippines","latitude":"6.32167260","longitude":"125.65216190","native":"Vessel","type":"city","level":null,"parent_id":null,"population":2298,"timezone":"Asia/Manila","translations":{"br":"Lais","ko":"라이스","pt-BR":"Laís","pt":"Laís","nl":"Lais","hr":"Lais","fa":"لایس","de":"Lais","es":"Lais","fr":"Laïs","ja":"ライス","it":"Lais","zh-CN":"莱斯","tr":"Lais","ru":"Лаис","uk":"Лаїс","pl":"Lais","hi":"लाइस","ar":"لايس"},"wikiDataId":"Q31811741"},{"id":144969,"name":"Lapuan","state_id":1309,"state_code":"DVO","state_name":"Davao Occidental","country_id":174,"country_code":"PH","country_name":"Philippines","latitude":"6.15740620","longitude":"125.68600510","native":"Lapuan","type":"city","level":null,"parent_id":null,"population":3825,"timezone":"Asia/Manila","translations":{"br":"Lapoueg","ko":"라푸안","pt-BR":"Lapuan","pt":"Lapuan","nl":"Lapuan","hr":"Lapuan","fa":"لاپوان","de":"Lapuan","es":"Lapuano","fr":"Lapuan","ja":"ラプアン","it":"Lapuan","zh-CN":"拉普安","tr":"Lapuan","ru":"Лапуан","uk":"Лапуан","pl":"Lapuański","hi":"लापुआन","ar":"لابوان"},"wikiDataId":"Q31811802"},{"id":144983,"name":"Mabuhay","state_id":1309,"state_code":"DVO","state_name":"Davao Occidental","country_id":174,"country_code":"PH","country_name":"Philippines","latitude":"6.13488640","longitude":"125.65466210","native":"Live","type":"city","level":null,"parent_id":null,"population":24296,"timezone":"Asia/Manila","translations":{"br":"Bevañ","ko":"마부하이","pt-BR":"Mabuhay","pt":"Mabuhay","nl":"Mabuhay","hr":"Mabuhay","fa":"مابوهای","de":"Mabuhay","es":"Mabuhay","fr":"Mabuhay","ja":"マブハイ","it":"Mabuhay","zh-CN":"马布海","tr":"Mabuhay","ru":"Мабухай","uk":"Мабухай","pl":"Mabuhay","hi":"माबुहाय","ar":"مابوهاي"},"wikiDataId":"Q31812051"},{"id":144997,"name":"Malita","state_id":1309,"state_code":"DVO","state_name":"Davao Occidental","country_id":174,"country_code":"PH","country_name":"Philippines","latitude":"6.41437450","longitude":"125.61090510","native":"Liters","type":"adm3","level":null,"parent_id":null,"population":118438,"timezone":"Asia/Manila","translations":{"br":"Malita","ko":"말리타","pt-BR":"Malita","pt":"Malita","nl":"Malita","hr":"Malita","fa":"مالیتا","de":"Malita","es":"Malita","fr":"Malita","ja":"マリタ","it":"Malita","zh-CN":"马利塔","tr":"Malita","ru":"Малита","uk":"Маліта","pl":"Malita","hi":"मालिता","ar":"ماليتا"},"wikiDataId":"Q314907"},{"id":145004,"name":"Mangili","state_id":1309,"state_code":"DVO","state_name":"Davao Occidental","country_id":174,"country_code":"PH","country_name":"Philippines","latitude":"6.00356940","longitude":"125.68737030","native":"Bought","type":"city","level":null,"parent_id":null,"population":3020,"timezone":"Asia/Manila","translations":{"br":"Mangili","ko":"망길리","pt-BR":"Mangili","pt":"Mangili","nl":"Mangili","hr":"Mangili","fa":"منگیلی","de":"Mangili","es":"Mangili","fr":"Mangili","ja":"マンギリ","it":"Mangili","zh-CN":"曼吉利","tr":"Mangili","ru":"Мангили","uk":"Мангілі","pl":"Mangili","hi":"मांगिली","ar":"مانجيلي"},"wikiDataId":"Q31812250"},{"id":145026,"name":"Nuing","state_id":1309,"state_code":"DVO","state_name":"Davao Occidental","country_id":174,"country_code":"PH","country_name":"Philippines","latitude":"5.62505620","longitude":"125.43925260","native":"Nuing","type":"city","level":null,"parent_id":null,"population":2610,"timezone":"Asia/Manila","translations":{"br":"Nuing","ko":"누잉","pt-BR":"Nuing","pt":"Nuing","nl":"Nuing","hr":"Nuing","fa":"نوینگ","de":"Nuing","es":"Nuing","fr":"Nuing","ja":"ヌイン","it":"Nuing","zh-CN":"努因","tr":"Nuing","ru":"Нуинг","uk":"Нуінг","pl":"Nuing","hi":"नुइंग","ar":"نوينغ"},"wikiDataId":"Q31812675"},{"id":145033,"name":"Pangian","state_id":1309,"state_code":"DVO","state_name":"Davao Occidental","country_id":174,"country_code":"PH","country_name":"Philippines","latitude":"6.46286740","longitude":"125.54847480","native":"Cradle","type":"city","level":null,"parent_id":null,"population":4001,"timezone":"Asia/Manila","translations":{"br":"Pangian","ko":"팡기안","pt-BR":"Pangian","pt":"Pangian","nl":"Pangian","hr":"Pangijan","fa":"پانگیان","de":"Pangian","es":"Pangian","fr":"Pangien","ja":"パンギアン","it":"Pangian","zh-CN":"庞吉安","tr":"Pangian","ru":"Пангиан","uk":"Пангіан","pl":"Pangian","hi":"पैंगियन","ar":"بانجيان"},"wikiDataId":"Q31461924"},{"id":145042,"name":"San Antonio","state_id":1309,"state_code":"DVO","state_name":"Davao Occidental","country_id":174,"country_code":"PH","country_name":"Philippines","latitude":"6.47344660","longitude":"125.43505930","native":"San Antonio","type":"city","level":null,"parent_id":null,"population":84958,"timezone":"Asia/Manila","translations":{"br":"San Antonio","ko":"샌안토니오","pt-BR":"Santo Antônio","pt":"Santo Antônio","nl":"San Antonio","hr":"San Antonio","fa":"سن آنتونیو","de":"San Antonio","es":"San Antonio","fr":"San Antonio","ja":"サンアントニオ","it":"San Antonio","zh-CN":"圣安东尼奥","tr":"San Antonio","ru":"Сан-Антонио","uk":"Сан-Антоніо","pl":"San Antonio","hi":"सेन एंटोनियो","ar":"سان أنطونيو"},"wikiDataId":"Q31502038"},{"id":145044,"name":"San Isidro","state_id":1309,"state_code":"DVO","state_name":"Davao Occidental","country_id":174,"country_code":"PH","country_name":"Philippines","latitude":"5.66394380","longitude":"125.40915820","native":"San Isidro","type":"city","level":null,"parent_id":null,"population":8813,"timezone":"Asia/Manila","translations":{"br":"San Isidro","ko":"산 이시드로","pt-BR":"São Isidro","pt":"São Isidro","nl":"San Isidro","hr":"San Isidro","fa":"سان ایسیدرو","de":"San Isidro","es":"San Isidro","fr":"San Isidro","ja":"サン・イシドロ","it":"San Isidro","zh-CN":"圣伊西德罗","tr":"San Isidro","ru":"Сан-Исидро","uk":"Сан-Ісідро","pl":"Święty Izydor","hi":"सैन इसिड्रो","ar":"سان إيسيدرو"},"wikiDataId":"Q31504415"},{"id":145045,"name":"San Luis","state_id":1309,"state_code":"DVO","state_name":"Davao Occidental","country_id":174,"country_code":"PH","country_name":"Philippines","latitude":"7.44138889","longitude":"126.55111111","native":"San Luis","type":"city","level":null,"parent_id":null,"population":2180,"timezone":"Asia/Manila","translations":{"br":"San Luis","ko":"산 루이스","pt-BR":"São Luís","pt":"São Luís","nl":"San Luis","hr":"San Luis","fa":"سن لوئیس","de":"San Luis","es":"San Luis","fr":"San Luis","ja":"サンルイス","it":"San Luis","zh-CN":"圣路易斯","tr":"San Luis","ru":"Сан-Луис","uk":"Сан-Луїс","pl":"San Luis","hi":"सैन लुइस","ar":"سان لويس"},"wikiDataId":"Q31505971"},{"id":145046,"name":"San Mariano","state_id":1309,"state_code":"DVO","state_name":"Davao Occidental","country_id":174,"country_code":"PH","country_name":"Philippines","latitude":"7.33819000","longitude":"126.16464000","native":"San Mariano","type":"adm3","level":null,"parent_id":null,"population":61876,"timezone":"Asia/Manila","translations":{"br":"San Mariano","ko":"산 마리아노","pt-BR":"São Mariano","pt":"São Mariano","nl":"San Mariano","hr":"San Mariano","fa":"سن ماریانو","de":"San Mariano","es":"San Mariano","fr":"San Mariano","ja":"サンマリアーノ","it":"San Mariano","zh-CN":"圣马里亚诺","tr":"San Mariano","ru":"Сан-Мариано","uk":"Сан-Маріано","pl":"San Mariano","hi":"सैन मारियानो","ar":"سان ماريانو"},"wikiDataId":"Q31506254"},{"id":145048,"name":"San Pedro","state_id":1309,"state_code":"DVO","state_name":"Davao Occidental","country_id":174,"country_code":"PH","country_name":"Philippines","latitude":"6.42572880","longitude":"125.43388930","native":"San Pedro","type":"city","level":null,"parent_id":null,"population":null,"timezone":"Asia/Manila","translations":{"br":"San Pedro","ko":"산 페드로","pt-BR":"São Pedro","pt":"São Pedro","nl":"San Pedro","hr":"San Pedro","fa":"سن پدرو","de":"San Pedro","es":"San Pedro","fr":"San Pedro","ja":"サンペドロ","it":"San Pedro","zh-CN":"圣佩德罗","tr":"San Pedro","ru":"Сан-Педро","uk":"Сан-Педро","pl":"Święty Pedro","hi":"सैन पेड्रो","ar":"سان بيدرو"},"wikiDataId":"Q31507397"},{"id":145053,"name":"Santa Maria","state_id":1309,"state_code":"DVO","state_name":"Davao Occidental","country_id":174,"country_code":"PH","country_name":"Philippines","latitude":"6.55361111","longitude":"125.47083333","native":"Santa Maria","type":"city","level":null,"parent_id":null,"population":16758,"timezone":"Asia/Manila","translations":{"br":"Santa Maria","ko":"산타 마리아","pt-BR":"Santa Maria","pt":"Santa Maria","nl":"Santa Maria","hr":"Santa Maria","fa":"سانتا ماریا","de":"Santa Maria","es":"Santa María","fr":"Santa Maria","ja":"サンタマリア","it":"Santa Maria","zh-CN":"圣玛丽亚","tr":"Santa Maria","ru":"Санта-Мария","uk":"Санта-Марія","pl":"Święta Maria","hi":"सांता मारिया","ar":"سانتا ماريا"},"wikiDataId":"Q31511482"},{"id":145055,"name":"Santo Niño","state_id":1309,"state_code":"DVO","state_name":"Davao Occidental","country_id":174,"country_code":"PH","country_name":"Philippines","latitude":"6.56156610","longitude":"125.49737600","native":"Holy Child","type":"city","level":null,"parent_id":null,"population":13088,"timezone":"Asia/Manila","translations":{"br":"Sant Niño","ko":"산토 니뇨","pt-BR":"Santo Niño","pt":"Santo Niño","nl":"Santo Niño","hr":"Sveto Ninjo","fa":"سانتو نینو","de":"Santo Niño","es":"Santo Niño","fr":"Santo Niño","ja":"サント・ニーニョ","it":"Santo Niño","zh-CN":"圣婴","tr":"Santo Niño","ru":"Санто-Ниньо","uk":"Санто-Ніньйо","pl":"Święty Niño","hi":"सैंटो नीनो","ar":"سانتو نينو"},"wikiDataId":"Q31512763"},{"id":145058,"name":"Sarangani","state_id":1309,"state_code":"DVO","state_name":"Davao Occidental","country_id":174,"country_code":"PH","country_name":"Philippines","latitude":"5.41224690","longitude":"125.42174270","native":"Sarangani","type":"adm3","level":null,"parent_id":null,"population":580915,"timezone":"Asia/Manila","translations":{"br":"Sarangani","ko":"사랑가니","pt-BR":"Sarangani","pt":"Sarangani","nl":"Sarangani","hr":"Sarangani","fa":"سارانگانی","de":"Sarangani","es":"Sarangani","fr":"Sarangani","ja":"サランガニ","it":"Sarangani","zh-CN":"萨兰加尼","tr":"Sarangani","ru":"Сарангани","uk":"Сарангані","pl":"Sarangani","hi":"Sarangani","ar":"سارانغاني"},"wikiDataId":"Q314999"},{"id":145065,"name":"Sugal","state_id":1309,"state_code":"DVO","state_name":"Davao Occidental","country_id":174,"country_code":"PH","country_name":"Philippines","latitude":"5.67069670","longitude":"125.47350640","native":"gambling","type":"city","level":null,"parent_id":null,"population":2759,"timezone":"Asia/Manila","translations":{"br":"Sugal","ko":"슈갈","pt-BR":"Açucarado","pt":"Açucarado","nl":"Sugal","hr":"Sugal","fa":"سوگال","de":"Zucker","es":"Azúcar","fr":"Sugal","ja":"シュガー","it":"Zucchero","zh-CN":"苏加尔","tr":"Şeker","ru":"Сугал","uk":"Цукар","pl":"Cukier","hi":"शूगल","ar":"سوجال"},"wikiDataId":"Q31536125"},{"id":145074,"name":"Talagutong","state_id":1309,"state_code":"DVO","state_name":"Davao Occidental","country_id":174,"country_code":"PH","country_name":"Philippines","latitude":"6.25994660","longitude":"125.66278120","native":"Taligutong","type":"city","level":null,"parent_id":null,"population":7983,"timezone":"Asia/Manila","translations":{"br":"Talagutong","ko":"탈라구통","pt-BR":"Talagutong","pt":"Talagutong","nl":"Talagutong","hr":"Talagutong","fa":"تالاگوتونگ","de":"Talagutong","es":"Talagutong","fr":"Talagutong","ja":"タラグトン","it":"Talagutong","zh-CN":"塔拉古通","tr":"Talagutong","ru":"Талагутонг","uk":"Талагутонг","pl":"Talagutong","hi":"तालागुटोंग","ar":"تالاجوتونغ"},"wikiDataId":"Q31543247"},{"id":145090,"name":"Tubalan","state_id":1309,"state_code":"DVO","state_name":"Davao Occidental","country_id":174,"country_code":"PH","country_name":"Philippines","latitude":"6.48423490","longitude":"125.55974000","native":"Blocks","type":"city","level":null,"parent_id":null,"population":4164,"timezone":"Asia/Manila","translations":{"br":"Tubalan","ko":"투발란","pt-BR":"Tubalão","pt":"Tubalão","nl":"Tubalan","hr":"Tubalan","fa":"توبالان","de":"Tubalan","es":"Tubalán","fr":"Tubalan","ja":"トゥバラン","it":"Tubalan","zh-CN":"图巴兰","tr":"Tubalan","ru":"Тубалан","uk":"Тубалан","pl":"Tubalan","hi":"तुबलान","ar":"توبالان"},"wikiDataId":"Q31562070"}]