[{"id":144773,"name":"Balbalan","state_id":1312,"state_code":"KAL","state_name":"Kalinga","country_id":174,"country_code":"PH","country_name":"Philippines","latitude":"17.55137830","longitude":"120.97473740","native":"Balbalan","type":"city","level":null,"parent_id":null,"population":13332,"timezone":"Asia/Manila","translations":{"br":"Balbalan","ko":"발발란","pt-BR":"Balbalán","pt":"Balbalán","nl":"Balbalan","hr":"Balbalan","fa":"بلبلان","de":"Balbalan","es":"Balbalan","fr":"Balbalan","ja":"バルバラン","it":"Balbalan","zh-CN":"巴尔巴兰","tr":"Balbalan","ru":"Балбалан","uk":"Балбалан","pl":"Balbalan","hi":"बलबलान","ar":"بالبالان"},"wikiDataId":"Q35848"},{"id":144828,"name":"Lubuagan","state_id":1312,"state_code":"KAL","state_name":"Kalinga","country_id":174,"country_code":"PH","country_name":"Philippines","latitude":"17.31437780","longitude":"120.91319690","native":"Lubuagan","type":"adm3","level":null,"parent_id":null,"population":8660,"timezone":"Asia/Manila","translations":{"br":"Lubuagan","ko":"루부아간","pt-BR":"Lubuagan","pt":"Lubuagan","nl":"Lubuagan","hr":"Lubuagan","fa":"لوبوگان","de":"Lubuagan","es":"Lubuagan","fr":"Lubuagan","ja":"ルブアガン","it":"Lubuagan","zh-CN":"卢布甘","tr":"Lubuagan","ru":"Лубуаган","uk":"Лубуаган","pl":"Lubuagan","hi":"लुबुआगन","ar":"لوبواجان"},"wikiDataId":"Q35858"},{"id":144839,"name":"Pasil","state_id":1312,"state_code":"KAL","state_name":"Kalinga","country_id":174,"country_code":"PH","country_name":"Philippines","latitude":"17.38726110","longitude":"120.93778470","native":"Poster","type":"adm3","level":null,"parent_id":null,"population":10690,"timezone":"Asia/Manila","translations":{"br":"Pasil","ko":"파실","pt-BR":"Pasil","pt":"Pasil","nl":"Pasil","hr":"Pasil","fa":"پاسیل","de":"Pasil","es":"Pasil","fr":"Pasil","ja":"パシル","it":"Pasil","zh-CN":"帕西尔","tr":"Pasil","ru":"Пасиль","uk":"Пасіл","pl":"Pasil","hi":"पासिल","ar":"باسيل"},"wikiDataId":"Q35866"},{"id":144843,"name":"Pinukpuk","state_id":1312,"state_code":"KAL","state_name":"Kalinga","country_id":174,"country_code":"PH","country_name":"Philippines","latitude":"17.55968610","longitude":"121.24025470","native":"Pinukpuk","type":"adm3","level":null,"parent_id":null,"population":35033,"timezone":"Asia/Manila","translations":{"br":"Pinukpuk","ko":"피누크푸크","pt-BR":"Pinukpuk","pt":"Pinukpuk","nl":"Pinukpuk","hr":"Pinukpuk","fa":"پینوکپوک","de":"Pinukpuk","es":"Pinukpuk","fr":"Pinukpuk","ja":"ピヌクプク","it":"Pinukpuk","zh-CN":"皮努克普克","tr":"Pinukpuk","ru":"Пинукпук","uk":"Пінукпук","pl":"Pinukpuk","hi":"पिनुकपुक","ar":"بينوكبوك"},"wikiDataId":"Q35873"},{"id":144479,"name":"Rizal","state_id":1312,"state_code":"KAL","state_name":"Kalinga","country_id":174,"country_code":"PH","country_name":"Philippines","latitude":"17.49232380","longitude":"121.49498790","native":"Rizal","type":"city","level":null,"parent_id":null,"population":18864,"timezone":"Asia/Manila","translations":{"br":"Rizal","ko":"리잘","pt-BR":"Rizal","pt":"Rizal","nl":"Rizal","hr":"Rizal","fa":"ریزال","de":"Rizal","es":"Rizal","fr":"Rizal","ja":"リサール","it":"Rizal","zh-CN":"黎刹","tr":"Rizal","ru":"Рисаль","uk":"Різал","pl":"Rizal","hi":"रिज़ल","ar":"ريزال"},"wikiDataId":"Q35884"},{"id":144860,"name":"Tabuk","state_id":1312,"state_code":"KAL","state_name":"Kalinga","country_id":174,"country_code":"PH","country_name":"Philippines","latitude":"17.41508160","longitude":"121.08427130","native":"Tabuk","type":"adm3","level":null,"parent_id":null,"population":122771,"timezone":"Asia/Manila","translations":{"br":"Tabuk","ko":"타부크","pt-BR":"Tabuk","pt":"Tabuk","nl":"Tabuk","hr":"Tabuk","fa":"تبوک","de":"Tabuk","es":"Tabuk","fr":"Tabuk","ja":"タブク","it":"Tabuk","zh-CN":"塔布克","tr":"Tebük","ru":"Табук","uk":"Табук","pl":"Tabuk","hi":"टाबुक","ar":"تبوك"},"wikiDataId":"Q35925"},{"id":144865,"name":"Tanudan","state_id":1312,"state_code":"KAL","state_name":"Kalinga","country_id":174,"country_code":"PH","country_name":"Philippines","latitude":"17.26835590","longitude":"121.10901690","native":"Tanudan","type":"adm3","level":null,"parent_id":null,"population":11103,"timezone":"Asia/Manila","translations":{"br":"Tanudan","ko":"타누단","pt-BR":"Tanudan","pt":"Tanudan","nl":"Tanudan","hr":"Tanudan","fa":"تانودان","de":"Tanudan","es":"Tanudan","fr":"Tanudan","ja":"タヌダン","it":"Tanudan","zh-CN":"塔努丹","tr":"Tanudan","ru":"Танудан","uk":"Танудан","pl":"Tanudan","hi":"तनुदान","ar":"تانودان"},"wikiDataId":"Q35897"},{"id":144868,"name":"Tinglayan","state_id":1312,"state_code":"KAL","state_name":"Kalinga","country_id":174,"country_code":"PH","country_name":"Philippines","latitude":"17.24217750","longitude":"120.92778540","native":"Tinglayan","type":"adm3","level":null,"parent_id":null,"population":13311,"timezone":"Asia/Manila","translations":{"br":"Tinglayan","ko":"팅글라얀","pt-BR":"Tinglayan","pt":"Tinglayan","nl":"Tinglayan","hr":"Tinglayan","fa":"تینگلایان","de":"Tinglayan","es":"Tinglayan","fr":"Tinglayan","ja":"ティングラヤン","it":"Tinglayan","zh-CN":"廷拉扬","tr":"Tinglayan","ru":"Тинглайан","uk":"Тінглаян","pl":"Tinglayan","hi":"टिंगलायन","ar":"تينجلايان"},"wikiDataId":"Q35909"}]