[{"id":81214,"name":"Alicia","state_id":1313,"state_code":"ISA","state_name":"Isabela","country_id":174,"country_code":"PH","country_name":"Philippines","latitude":"16.80918220","longitude":"121.50199620","native":"Alicia","type":"city","level":null,"parent_id":null,"population":2829,"timezone":"Asia/Manila","translations":{"br":"Alicia","ko":"알리시아","pt-BR":"Alicia","pt":"Alicia","nl":"Alicia","hr":"Alicia","fa":"آلیشیا","de":"Alicia","es":"Alicia","fr":"Alicia","ja":"アリシア","it":"Alicia","zh-CN":"艾丽西亚","tr":"Alicia","ru":"Алисия","uk":"Алісія","pl":"Alicja","hi":"एलिसिया","ar":"أليسيا"},"wikiDataId":"Q49354"},{"id":145111,"name":"Angadanan","state_id":1313,"state_code":"ISA","state_name":"Isabela","country_id":174,"country_code":"PH","country_name":"Philippines","latitude":"16.77954890","longitude":"121.62228440","native":"Angadanan","type":"city","level":null,"parent_id":null,"population":45970,"timezone":"Asia/Manila","translations":{"br":"Angadanan","ko":"앙가다난","pt-BR":"Angadanan","pt":"Angadanan","nl":"Angadanan","hr":"Angadanan","fa":"انگدانان","de":"Angadanan","es":"Angadanan","fr":"Angadanan","ja":"アンガダナン","it":"Angadanan","zh-CN":"安加达南","tr":"Angadanan","ru":"Ангаданан","uk":"Ангаданан","pl":"Angadanan","hi":"अंगदानन","ar":"أنغادانان"},"wikiDataId":"Q49357"},{"id":144378,"name":"Aurora","state_id":1313,"state_code":"ISA","state_name":"Isabela","country_id":174,"country_code":"PH","country_name":"Philippines","latitude":"16.97668040","longitude":"121.55777900","native":"Aurora","type":"city","level":null,"parent_id":null,"population":52746,"timezone":"Asia/Manila","translations":{"br":"Aurora","ko":"오로라","pt-BR":"aurora","pt":"aurora","nl":"Aurora","hr":"Aurora","fa":"شفق قطبی","de":"Aurora","es":"Aurora","fr":"Aurore","ja":"オーロラ","it":"Aurora","zh-CN":"极光","tr":"Kuzey ışıkları","ru":"Аврора","uk":"Аврора","pl":"Zorza polarna","hi":"अरोड़ा","ar":"الشفق القطبي"},"wikiDataId":"Q49358"},{"id":145138,"name":"Benito Soliven","state_id":1313,"state_code":"ISA","state_name":"Isabela","country_id":174,"country_code":"PH","country_name":"Philippines","latitude":"16.90198310","longitude":"121.75052330","native":"Benito Soliven","type":"city","level":null,"parent_id":null,"population":30682,"timezone":"Asia/Manila","translations":{"br":"Benito Soliven","ko":"베니토 솔리벤","pt-BR":"Benito Soliven","pt":"Benito Soliven","nl":"Benito Soliven","hr":"Benito Soliven","fa":"بنیتو سولیون","de":"Benito Soliven","es":"Benito Soliven","fr":"Benito Soliven","ja":"ベニート・ソリベン","it":"Benito Soliven","zh-CN":"贝尼托·索利文","tr":"Benito Soliven","ru":"Бенито Соливен","uk":"Беніто Солівен","pl":"Benito Soliven","hi":"बेनिटो सोलिवन","ar":"بينيتو سوليفن"},"wikiDataId":"Q49359"},{"id":154557,"name":"Burgos","state_id":1313,"state_code":"ISA","state_name":"Isabela","country_id":174,"country_code":"PH","country_name":"Philippines","latitude":"17.05598260","longitude":"121.65487060","native":"Burgos","type":"city","level":null,"parent_id":null,"population":26729,"timezone":"Asia/Manila","translations":{"br":"Burgos","ko":"부르고스","pt-BR":"Burgos","pt":"Burgos","nl":"Burgos","hr":"Burgos","fa":"بورگوس","de":"Burgos","es":"Burgos","fr":"Burgos","ja":"ブルゴス","it":"Burgos","zh-CN":"布尔戈斯","tr":"Burgos","ru":"Бургос","uk":"Бургос","pl":"Burgos","hi":"बर्गोस","ar":"بورغوس"},"wikiDataId":"Q49360"},{"id":145150,"name":"Cabagan","state_id":1313,"state_code":"ISA","state_name":"Isabela","country_id":174,"country_code":"PH","country_name":"Philippines","latitude":"17.38230230","longitude":"121.49231040","native":"Cabagan","type":"city","level":null,"parent_id":null,"population":55445,"timezone":"Asia/Manila","translations":{"br":"Kabagan","ko":"카바간","pt-BR":"Cabagan","pt":"Cabagan","nl":"Cabagan","hr":"Cabagan","fa":"کاباگان","de":"Cabagan","es":"Cabagan","fr":"Cabagan","ja":"カバガン","it":"Cabagan","zh-CN":"卡巴甘","tr":"Kabagan","ru":"Кабаган","uk":"Кабаган","pl":"Cabagan","hi":"कैबागन","ar":"كاباجان"},"wikiDataId":"Q49361"},{"id":154558,"name":"Cabatuan","state_id":1313,"state_code":"ISA","state_name":"Isabela","country_id":174,"country_code":"PH","country_name":"Philippines","latitude":"16.93904160","longitude":"121.61808450","native":"Cabatuan","type":"city","level":null,"parent_id":null,"population":40223,"timezone":"Asia/Manila","translations":{"br":"Cabatuan","ko":"카바투안","pt-BR":"Cabatuan","pt":"Cabatuan","nl":"Cabatuan","hr":"Kabatuan","fa":"کاباتوآن","de":"Cabatuan","es":"Cabatuan","fr":"Cabatuan","ja":"カバトゥアン","it":"Cabatuan","zh-CN":"卡巴图安","tr":"Kabatuan","ru":"Кабатуан","uk":"Кабатуан","pl":"Cabatuan","hi":"कैबटुआन","ar":"كاباتوان"},"wikiDataId":"Q49362"},{"id":145167,"name":"Cauayan","state_id":1313,"state_code":"ISA","state_name":"Isabela","country_id":174,"country_code":"PH","country_name":"Philippines","latitude":"16.90398170","longitude":"121.62631110","native":"Cauayan","type":"city","level":null,"parent_id":null,"population":2367,"timezone":"Asia/Manila","translations":{"br":"Cauayan","ko":"카우아얀","pt-BR":"Cauayan","pt":"Cauayan","nl":"Cauayan","hr":"Cauayan","fa":"کاویان","de":"Cauayan","es":"Cauayan","fr":"Cauayan","ja":"カウアヤン","it":"Cauayan","zh-CN":"卡瓦延","tr":"Cauayan","ru":"Кауаян","uk":"Кауаян","pl":"Cauayan","hi":"काउयान","ar":"كاوايان"},"wikiDataId":"Q50178"},{"id":145169,"name":"Cordon","state_id":1313,"state_code":"ISA","state_name":"Isabela","country_id":174,"country_code":"PH","country_name":"Philippines","latitude":"16.68965790","longitude":"121.37609090","native":"Cordon","type":"adm3","level":null,"parent_id":null,"population":46688,"timezone":"Asia/Manila","translations":{"br":"Kordon","ko":"장식 리본","pt-BR":"Cordão","pt":"Cordão","nl":"Cordon","hr":"Kordon","fa":"کوردون","de":"Kordon","es":"Cordón","fr":"Cordon","ja":"コルドン","it":"Cordone","zh-CN":"警戒线","tr":"Kordon","ru":"Кордон","uk":"Кордон","pl":"Kordon","hi":"घेरा","ar":"كوردون"},"wikiDataId":"Q49363"},{"id":145175,"name":"Delfin Albano","state_id":1313,"state_code":"ISA","state_name":"Isabela","country_id":174,"country_code":"PH","country_name":"Philippines","latitude":"17.27650590","longitude":"121.67443840","native":"Delfin Albano","type":"adm3","level":null,"parent_id":null,"population":30860,"timezone":"Asia/Manila","translations":{"br":"Delfin Albano","ko":"델핀 알바노","pt-BR":"Delfin Albano","pt":"Delfin Albano","nl":"Delfin Albano","hr":"Delfin Albano","fa":"دلفین آلبانو","de":"Delfin Albano","es":"Delfín Albano","fr":"Dauphin Albano","ja":"デルフィン・アルバノ","it":"Delfino Albano","zh-CN":"德尔芬·阿尔巴诺","tr":"Delfin Albano","ru":"Дельфин Альбано","uk":"Дельфін Альбано","pl":"Delfin Albano","hi":"डेल्फ़िन अल्बानो","ar":"دلفين ألبانو"},"wikiDataId":"Q49365"},{"id":154559,"name":"Dinapigue","state_id":1313,"state_code":"ISA","state_name":"Isabela","country_id":174,"country_code":"PH","country_name":"Philippines","latitude":"16.67118960","longitude":"122.07302420","native":"Dinapigue","type":"city","level":null,"parent_id":null,"population":null,"timezone":"Asia/Manila","translations":{"br":"Dinapigue","ko":"디나피그","pt-BR":"Dinapigue","pt":"Dinapigue","nl":"Dinapigue","hr":"Dinapigue","fa":"دیناپیگه","de":"Dinapigue","es":"Dinapigue","fr":"Dinapigue","ja":"ディナピグ","it":"Dinapigue","zh-CN":"迪纳皮格","tr":"Dinapigue","ru":"Динапиг","uk":"Дінапіг","pl":"Dinapigue","hi":"दीनापीग","ar":"دينابيج"},"wikiDataId":"Q49366"},{"id":154560,"name":"Divilacan","state_id":1313,"state_code":"ISA","state_name":"Isabela","country_id":174,"country_code":"PH","country_name":"Philippines","latitude":"17.28811790","longitude":"122.01432140","native":"Divilacan","type":"city","level":null,"parent_id":null,"population":null,"timezone":"Asia/Manila","translations":{"br":"Divilacan","ko":"디빌라칸","pt-BR":"Divilacan","pt":"Divilacan","nl":"Divilacan","hr":"Divilacan","fa":"دیویلاکان","de":"Divilacan","es":"Divilacán","fr":"Divilacan","ja":"ディビラカン","it":"Divilacan","zh-CN":"迪维拉坎","tr":"Divilacan","ru":"Дивилакан","uk":"Дівілакан","pl":"Divilacan","hi":"डिविलाकन","ar":"ديفيلاكان"},"wikiDataId":"Q49368"},{"id":82501,"name":"Echague","state_id":1313,"state_code":"ISA","state_name":"Isabela","country_id":174,"country_code":"PH","country_name":"Philippines","latitude":"16.64754700","longitude":"121.50616110","native":"Echague","type":"adm3","level":null,"parent_id":null,"population":0,"timezone":"Asia/Manila","translations":{"br":"Echague","ko":"에차그","pt-BR":"Echague","pt":"Echague","nl":"Echague","hr":"Echague","fa":"اچاگ","de":"Echague","es":"Echagüe","fr":"Échague","ja":"エチャグエ","it":"Echague","zh-CN":"埃查格","tr":"Echague","ru":"Эчаге","uk":"Ечаг","pl":"Echague","hi":"एचाग","ar":"إيشاج"},"wikiDataId":"Q49369"},{"id":145198,"name":"Gamu","state_id":1313,"state_code":"ISA","state_name":"Isabela","country_id":174,"country_code":"PH","country_name":"Philippines","latitude":"17.07828450","longitude":"121.73045760","native":"Facing","type":"city","level":null,"parent_id":null,"population":4458,"timezone":"Asia/Manila","translations":{"br":"Gamu","ko":"가무","pt-BR":"Gamu","pt":"Gamu","nl":"Gamu","hr":"Gamu","fa":"گامو","de":"Gamu","es":"Gamu","fr":"Gamu","ja":"ガム","it":"Gamu","zh-CN":"加穆","tr":"Gamu","ru":"Гаму","uk":"Гаму","pl":"Gamu","hi":"गामू","ar":"جامو"},"wikiDataId":"Q49370"},{"id":145206,"name":"Ilagan","state_id":1313,"state_code":"ISA","state_name":"Isabela","country_id":174,"country_code":"PH","country_name":"Philippines","latitude":"17.18931710","longitude":"121.77458590","native":"Imagan","type":"adm3","level":null,"parent_id":null,"population":null,"timezone":"Asia/Manila","translations":{"br":"Ilagan","ko":"일라간","pt-BR":"Ilagan","pt":"Ilagan","nl":"Ilagan","hr":"Ilagan","fa":"ایلاگان","de":"Ilagan","es":"Ilagan","fr":"Ilagan","ja":"イラガン","it":"Ilagan","zh-CN":"伊拉甘","tr":"Ilagan","ru":"Илаган","uk":"Ілаган","pl":"Ilagan","hi":"इलागन","ar":"إيلاجان"},"wikiDataId":"Q50179"},{"id":145211,"name":"Jones","state_id":1313,"state_code":"ISA","state_name":"Isabela","country_id":174,"country_code":"PH","country_name":"Philippines","latitude":"16.52909360","longitude":"121.60898600","native":"Jones","type":"adm3","level":null,"parent_id":null,"population":46160,"timezone":"Asia/Manila","translations":{"br":"Jones","ko":"존스","pt-BR":"Jones","pt":"Jones","nl":"Jones","hr":"Jones","fa":"جونز","de":"Jones","es":"Jones","fr":"Jones","ja":"ジョーンズ","it":"Jones","zh-CN":"琼斯","tr":"Jones","ru":"Джонс","uk":"Джонс","pl":"Jones","hi":"जोन्स","ar":"جونز"},"wikiDataId":"Q49372"},{"id":154561,"name":"Luna","state_id":1313,"state_code":"ISA","state_name":"Isabela","country_id":174,"country_code":"PH","country_name":"Philippines","latitude":"16.97325100","longitude":"121.68994160","native":"Luna","type":"adm3","level":null,"parent_id":null,"population":21015,"timezone":"Asia/Manila","translations":{"br":"Luna","ko":"루나","pt-BR":"Lua","pt":"Lua","nl":"Maan","hr":"Luna","fa":"لونا","de":"Luna","es":"Luna","fr":"Lune","ja":"ルナ","it":"Luna","zh-CN":"露娜","tr":"Ay","ru":"Луна","uk":"Луна","pl":"Księżyc","hi":"लूना","ar":"لونا"},"wikiDataId":"Q49375"},{"id":145227,"name":"Maconacon","state_id":1313,"state_code":"ISA","state_name":"Isabela","country_id":174,"country_code":"PH","country_name":"Philippines","latitude":"17.37051310","longitude":"121.97478570","native":"Maconacon","type":"city","level":null,"parent_id":null,"population":4252,"timezone":"Asia/Manila","translations":{"br":"Maconacon","ko":"마코나콘","pt-BR":"Maconacon","pt":"Maconacon","nl":"Maconacon","hr":"Maconacon","fa":"ماکوناکن","de":"Maconacon","es":"Maconacón","fr":"Maconacon","ja":"マコナコン","it":"Maconacon","zh-CN":"梅科纳肯","tr":"Maconacon","ru":"Маконакон","uk":"Маконакон","pl":"Maconacon","hi":"मैकोनाकॉन","ar":"ماكوناكون"},"wikiDataId":"Q49434"},{"id":145236,"name":"Mallig","state_id":1313,"state_code":"ISA","state_name":"Isabela","country_id":174,"country_code":"PH","country_name":"Philippines","latitude":"17.18082370","longitude":"121.53213110","native":"Upstage","type":"adm3","level":null,"parent_id":null,"population":32509,"timezone":"Asia/Manila","translations":{"br":"Mallig","ko":"말리그","pt-BR":"Mallig","pt":"Mallig","nl":"Mallig","hr":"Mallig","fa":"مالیگ","de":"Mallig","es":"Mallig","fr":"Mallig","ja":"マリグ","it":"Mallig","zh-CN":"马利格","tr":"Mallig","ru":"Маллиг","uk":"Малліг","pl":"Mallig","hi":"मल्लिग","ar":"ماليج"},"wikiDataId":"Q49435"},{"id":145255,"name":"Naguilian","state_id":1313,"state_code":"ISA","state_name":"Isabela","country_id":174,"country_code":"PH","country_name":"Philippines","latitude":"17.00280380","longitude":"121.78983560","native":"Naguilian","type":"city","level":null,"parent_id":null,"population":34520,"timezone":"Asia/Manila","translations":{"br":"Naguilian","ko":"나길리안","pt-BR":"Naguilian","pt":"Naguilian","nl":"Naguilian","hr":"Naguilian","fa":"ناگیلیان","de":"Naguilian","es":"Naguilian","fr":"Naguilian","ja":"ナギリアン","it":"Naguilian","zh-CN":"纳吉利安","tr":"Naguilian","ru":"Нагилян","uk":"Нагіліан","pl":"Naguilian","hi":"Naguilian","ar":"ناجيليان"},"wikiDataId":"Q50066"},{"id":145269,"name":"Quezon","state_id":1313,"state_code":"ISA","state_name":"Isabela","country_id":174,"country_code":"PH","country_name":"Philippines","latitude":"17.32148880","longitude":"121.53367600","native":"Quezon","type":"city","level":null,"parent_id":null,"population":28376,"timezone":"Asia/Manila","translations":{"br":"Quezon","ko":"케존","pt-BR":"Quezon","pt":"Quezon","nl":"Quezon","hr":"Quezón","fa":"کزون","de":"Quezon","es":"Quezón","fr":"Quezon","ja":"ケソン","it":"Quezon","zh-CN":"奎松","tr":"Quezon","ru":"Кесон","uk":"Кесон","pl":"Quezon","hi":"क्यूज़ोन","ar":"كيزون"},"wikiDataId":"Q50145"},{"id":154562,"name":"Quirino","state_id":1313,"state_code":"ISA","state_name":"Isabela","country_id":174,"country_code":"PH","country_name":"Philippines","latitude":"17.15474890","longitude":"121.66761500","native":"Quirino","type":"adm3","level":null,"parent_id":null,"population":9460,"timezone":"Asia/Manila","translations":{"br":"Quirino","ko":"키리노","pt-BR":"Quirino","pt":"Quirino","nl":"Quirino","hr":"Quirino","fa":"کوئیرینو","de":"Quirino","es":"Quirino","fr":"Quirino","ja":"キリノ","it":"Quirino","zh-CN":"基里诺","tr":"Quirino","ru":"Квирино","uk":"Квіріно","pl":"Quirino","hi":"क़िरिनो","ar":"كيرينو"},"wikiDataId":"Q50149"},{"id":84323,"name":"Ramon","state_id":1313,"state_code":"ISA","state_name":"Isabela","country_id":174,"country_code":"PH","country_name":"Philippines","latitude":"16.79172680","longitude":"121.42516460","native":"Ramon","type":"adm3","level":null,"parent_id":null,"population":57412,"timezone":"Asia/Manila","translations":{"br":"Ramon","ko":"라몬","pt-BR":"Ramón","pt":"Ramón","nl":"Ramón","hr":"Ramon","fa":"رامون","de":"Ramon","es":"Ramón","fr":"Ramon","ja":"ラモン","it":"Ramón","zh-CN":"拉蒙","tr":"Ramon","ru":"Рамон","uk":"Рамон","pl":"Ramon","hi":"रेमन","ar":"رامون"},"wikiDataId":"Q50152"},{"id":145276,"name":"Reina Mercedes","state_id":1313,"state_code":"ISA","state_name":"Isabela","country_id":174,"country_code":"PH","country_name":"Philippines","latitude":"17.00245060","longitude":"121.75611290","native":"Queen Mercedes","type":"city","level":null,"parent_id":null,"population":28222,"timezone":"Asia/Manila","translations":{"br":"Reina Mercedes","ko":"레이나 메르세데스","pt-BR":"Rainha Mercedes","pt":"Rainha Mercedes","nl":"Koningin Mercedes","hr":"Reina Mercedes","fa":"رینا مرسدس","de":"Reina Mercedes","es":"Reina Mercedes","fr":"Reine Mercedes","ja":"レイナ・メルセデス","it":"Regina Mercedes","zh-CN":"雷纳·梅赛德斯","tr":"Kraliçe Mercedes","ru":"Рейна Мерседес","uk":"Рейна Мерседес","pl":"Królowa Mercedes","hi":"रीना मर्सिडीज","ar":"رينا مرسيدس"},"wikiDataId":"Q50153"},{"id":145279,"name":"Roxas","state_id":1313,"state_code":"ISA","state_name":"Isabela","country_id":174,"country_code":"PH","country_name":"Philippines","latitude":"17.09549260","longitude":"121.54055740","native":"Roxas","type":"city","level":null,"parent_id":null,"population":58428,"timezone":"Asia/Manila","translations":{"br":"Roxas","ko":"록사스","pt-BR":"Roxas","pt":"Roxas","nl":"Roxas","hr":"Roxas","fa":"روکساس","de":"Roxas","es":"Roxas","fr":"Roxas","ja":"ロハス","it":"Roxas","zh-CN":"罗哈斯","tr":"Roxas","ru":"Рохас","uk":"Рохас","pl":"Roksas","hi":"रॉक्सास","ar":"روكساس"},"wikiDataId":"Q50154"},{"id":84438,"name":"San Agustin","state_id":1313,"state_code":"ISA","state_name":"Isabela","country_id":174,"country_code":"PH","country_name":"Philippines","latitude":"16.46757450","longitude":"121.70824380","native":"San Agustin","type":"city","level":null,"parent_id":null,"population":23698,"timezone":"Asia/Manila","translations":{"br":"San Agustin","ko":"산 아구스틴","pt-BR":"Santo Agostinho","pt":"Santo Agostinho","nl":"San Agustin","hr":"San Agustin","fa":"سن آگوستین","de":"San Agustin","es":"San Agustín","fr":"San Agustín","ja":"サン・アグスティン","it":"Sant'Agostino","zh-CN":"圣奥古斯丁","tr":"San Agustin","ru":"Сан-Агустин","uk":"Сан-Агустін","pl":"San Agustin","hi":"सैन अगस्टिन","ar":"سان أوغستين"},"wikiDataId":"Q50158"},{"id":145289,"name":"San Guillermo","state_id":1313,"state_code":"ISA","state_name":"Isabela","country_id":174,"country_code":"PH","country_name":"Philippines","latitude":"16.69140090","longitude":"121.81325770","native":"San Guillermo","type":"adm3","level":null,"parent_id":null,"population":3926,"timezone":"Asia/Manila","translations":{"br":"San Guillermo","ko":"산 기예르모","pt-BR":"São Guilherme","pt":"São Guilherme","nl":"San Guillermo","hr":"San Guillermo","fa":"سن گیلرمو","de":"San Guillermo","es":"San Guillermo","fr":"San Guillermo","ja":"サン・ギジェルモ","it":"San Guillermo","zh-CN":"圣吉列尔莫","tr":"San Guillermo","ru":"Сан-Гильермо","uk":"Сан-Гільєрмо","pl":"San Guillermo","hi":"सैन गिलर्मो","ar":"سان غييرمو"},"wikiDataId":"Q50160"},{"id":154563,"name":"San Isidro","state_id":1313,"state_code":"ISA","state_name":"Isabela","country_id":174,"country_code":"PH","country_name":"Philippines","latitude":"16.73422290","longitude":"121.53861880","native":"San Isidro","type":"city","level":null,"parent_id":null,"population":8813,"timezone":"Asia/Manila","translations":{"br":"San Isidro","ko":"산 이시드로","pt-BR":"São Isidro","pt":"São Isidro","nl":"San Isidro","hr":"San Isidro","fa":"سان ایسیدرو","de":"San Isidro","es":"San Isidro","fr":"San Isidro","ja":"サン・イシドロ","it":"San Isidro","zh-CN":"圣伊西德罗","tr":"San Isidro","ru":"Сан-Исидро","uk":"Сан-Ісідро","pl":"Święty Izydor","hi":"सैन इसिड्रो","ar":"سان إيسيدرو"},"wikiDataId":"Q50163"},{"id":145295,"name":"San Manuel","state_id":1313,"state_code":"ISA","state_name":"Isabela","country_id":174,"country_code":"PH","country_name":"Philippines","latitude":"17.02713990","longitude":"121.54274080","native":"San Manuel","type":"city","level":null,"parent_id":null,"population":29693,"timezone":"Asia/Manila","translations":{"br":"San Manuel","ko":"산 마누엘","pt-BR":"São Manuel","pt":"São Manuel","nl":"San Manuel","hr":"San Manuel","fa":"سن مانوئل","de":"San Manuel","es":"San Manuel","fr":"San Manuel","ja":"サン・マヌエル","it":"San Manuel","zh-CN":"圣曼努埃尔","tr":"San Manuel","ru":"Сан-Мануэль","uk":"Сан-Мануель","pl":"Święty Manuel","hi":"सैन मैनुअल","ar":"سان مانويل"},"wikiDataId":"Q50164"},{"id":145296,"name":"San Mariano","state_id":1313,"state_code":"ISA","state_name":"Isabela","country_id":174,"country_code":"PH","country_name":"Philippines","latitude":"16.89448110","longitude":"121.88522780","native":"San Mariano","type":"city","level":null,"parent_id":null,"population":61876,"timezone":"Asia/Manila","translations":{"br":"San Mariano","ko":"산 마리아노","pt-BR":"São Mariano","pt":"São Mariano","nl":"San Mariano","hr":"San Mariano","fa":"سن ماریانو","de":"San Mariano","es":"San Mariano","fr":"San Mariano","ja":"サンマリアーノ","it":"San Mariano","zh-CN":"圣马里亚诺","tr":"San Mariano","ru":"Сан-Мариано","uk":"Сан-Маріано","pl":"San Mariano","hi":"सैन मारियानो","ar":"سان ماريانو"},"wikiDataId":"Q50167"},{"id":145686,"name":"San Mateo","state_id":1313,"state_code":"ISA","state_name":"Isabela","country_id":174,"country_code":"PH","country_name":"Philippines","latitude":"16.87837330","longitude":"121.51787190","native":"San Mateo","type":"city","level":null,"parent_id":null,"population":276449,"timezone":"Asia/Manila","translations":{"br":"San Mateo","ko":"샌머테오","pt-BR":"São Mateus","pt":"São Mateus","nl":"San Mateo","hr":"San Mateo","fa":"سن ماتئو","de":"San Mateo","es":"San Mateo","fr":"San Mateo","ja":"サンマテオ","it":"San Mateo","zh-CN":"圣马特奥","tr":"San Mateo","ru":"Сан-Матео","uk":"Сан-Матео","pl":"San Mateo","hi":"सैन मेटो","ar":"سان ماتيو"},"wikiDataId":"Q50171"},{"id":84574,"name":"San Pablo","state_id":1313,"state_code":"ISA","state_name":"Isabela","country_id":174,"country_code":"PH","country_name":"Philippines","latitude":"17.47766430","longitude":"121.67377800","native":"Saint Paul","type":"city","level":null,"parent_id":null,"population":26166,"timezone":"Asia/Manila","translations":{"br":"San Pablo","ko":"산 파블로","pt-BR":"São Paulo","pt":"São Paulo","nl":"San Pablo","hr":"San Pablo","fa":"سن پابلو","de":"San Pablo","es":"San Pablo","fr":"Saint-Paul","ja":"サンパブロ","it":"San Pablo","zh-CN":"圣巴勃罗","tr":"San Pablo","ru":"Сан-Пабло","uk":"Сан-Пабло","pl":"Święty Paweł","hi":"सैन पाब्लो","ar":"سان بابلو"},"wikiDataId":"Q50174"},{"id":154564,"name":"Santa Maria","state_id":1313,"state_code":"ISA","state_name":"Isabela","country_id":174,"country_code":"PH","country_name":"Philippines","latitude":"17.46977750","longitude":"121.63860670","native":"Santa Maria","type":"city","level":null,"parent_id":null,"population":30076,"timezone":"Asia/Manila","translations":{"br":"Santa Maria","ko":"산타 마리아","pt-BR":"Santa Maria","pt":"Santa Maria","nl":"Santa Maria","hr":"Santa Maria","fa":"سانتا ماریا","de":"Santa Maria","es":"Santa María","fr":"Santa Maria","ja":"サンタマリア","it":"Santa Maria","zh-CN":"圣玛丽亚","tr":"Santa Maria","ru":"Санта-Мария","uk":"Санта-Марія","pl":"Święta Maria","hi":"सांता मारिया","ar":"سانتا ماريا"},"wikiDataId":"Q50175"},{"id":154565,"name":"Santiago City","state_id":1313,"state_code":"ISA","state_name":"Isabela","country_id":174,"country_code":"PH","country_name":"Philippines","latitude":"16.69561490","longitude":"121.31157320","native":"Santiago City","type":"adm3","level":null,"parent_id":null,"population":null,"timezone":"Asia/Manila","translations":{"br":"Kêr Santiago","ko":"산티아고 시","pt-BR":"Cidade de Santiago","pt":"Cidade de Santiago","nl":"Santiago-stad","hr":"Grad Santiago","fa":"شهر سانتیاگو","de":"Santiago-Stadt","es":"Ciudad de Santiago","fr":"Ville de Santiago","ja":"サンティアゴ市","it":"Città di Santiago","zh-CN":"圣地亚哥市","tr":"Santiago Şehri","ru":"Сантьяго Сити","uk":"Сантьяго-Сіті","pl":"Miasto Santiago","hi":"सैंटियागो शहर","ar":"مدينة سانتياغو"},"wikiDataId":"Q50180"},{"id":154566,"name":"Santo Tomas","state_id":1313,"state_code":"ISA","state_name":"Isabela","country_id":174,"country_code":"PH","country_name":"Philippines","latitude":"17.38079660","longitude":"121.65984440","native":"Saint Tomas","type":"city","level":null,"parent_id":null,"population":44376,"timezone":"Asia/Manila","translations":{"br":"Sant Tomas","ko":"산토 토마스","pt-BR":"Santo Tomás","pt":"Santo Tomás","nl":"Santo Tomas","hr":"Sveti Tomas","fa":"سانتو توماس","de":"Santo Tomas","es":"Santo Tomás","fr":"Santo Tomas","ja":"サント・トーマス","it":"Santo Tomas","zh-CN":"圣托马斯","tr":"Aziz Tomas","ru":"Санто-Томас","uk":"Санто-Томас","pl":"Święty Tomasz","hi":"सैंटो टॉमस","ar":"سانتو توماس"},"wikiDataId":"Q50176"},{"id":145331,"name":"Tumauini","state_id":1313,"state_code":"ISA","state_name":"Isabela","country_id":174,"country_code":"PH","country_name":"Philippines","latitude":"17.28384930","longitude":"121.72021190","native":"Juffer","type":"adm3","level":null,"parent_id":null,"population":77153,"timezone":"Asia/Manila","translations":{"br":"Tumauini","ko":"투마우이니","pt-BR":"Tumauini","pt":"Tumauini","nl":"Tumauini","hr":"Tumauini","fa":"توماوینی","de":"Tumauini","es":"Tumauini","fr":"Tumauini","ja":"トゥマウイニ","it":"Tumauini","zh-CN":"图毛伊尼","tr":"Tumauini","ru":"Тумауини","uk":"Тумауіні","pl":"Tumauini","hi":"तुमाउइनी","ar":"توماويني"},"wikiDataId":"Q50177"}]