[{"id":144116,"name":"Asuncion","state_id":1319,"state_code":"DAV","state_name":"Davao del Norte","country_id":174,"country_code":"PH","country_name":"Philippines","latitude":"7.64215700","longitude":"125.64255040","native":"Asuncion","type":"city","level":null,"parent_id":null,"population":2936,"timezone":"Asia/Manila","translations":{"br":"Asuncion","ko":"아순시온","pt-BR":"Assunção","pt":"Assunção","nl":"Asunción","hr":"Asuncion","fa":"آسونسیون","de":"Asunción","es":"Asunción","fr":"Asunción","ja":"アスンシオン","it":"Asunción","zh-CN":"亚松森","tr":"Asuncion","ru":"Асунсьон","uk":"Асунсьйон","pl":"Asuncion","hi":"असंसियन","ar":"أسونسيون"},"wikiDataId":"Q314393"},{"id":154532,"name":"Braulio E. Dujali","state_id":1319,"state_code":"DAV","state_name":"Davao del Norte","country_id":174,"country_code":"PH","country_name":"Philippines","latitude":"7.45139940","longitude":"125.62497660","native":"Braulio E. Dujali","type":"city","level":null,"parent_id":null,"population":null,"timezone":"Asia/Manila","translations":{"br":"Braulio E. Dujali","ko":"브라울리오 E. 두잘리","pt-BR":"Braulio E. Dujali","pt":"Braulio E. Dujali","nl":"Braulio E. Dujali","hr":"Braulio E. Dujali","fa":"براولیو ای. دوجالی","de":"Braulio E. Dujali","es":"Braulio E. Dujali","fr":"Braulio E. Dujali","ja":"ブラウリオ・E・ドゥジャリ","it":"Braulio E. Dujali","zh-CN":"布劳利奥·E·杜贾利","tr":"Braulio E. Dujali","ru":"Браулио Э. Дуджали","uk":"Брауліо Е. Дуджалі","pl":"Braulio E. Dujali","hi":"ब्राउलियो ई. दुजाली","ar":"براوليو إي. دوجالي"},"wikiDataId":"Q314410"},{"id":154533,"name":"Carmen","state_id":1319,"state_code":"DAV","state_name":"Davao del Norte","country_id":174,"country_code":"PH","country_name":"Philippines","latitude":"7.36724970","longitude":"125.58138830","native":"Carmen","type":"city","level":null,"parent_id":null,"population":4610,"timezone":"Asia/Manila","translations":{"br":"Carmen","ko":"카르멘","pt-BR":"Carmen","pt":"Carmen","nl":"Carmen","hr":"Karmen","fa":"کارمن","de":"Carmen","es":"Carmen","fr":"Carmen","ja":"カルメン","it":"Carmen","zh-CN":"卡门","tr":"Karmen","ru":"Кармен","uk":"Кармен","pl":"Karmen","hi":"कारमेन","ar":"كارمن"},"wikiDataId":"NULL"},{"id":144955,"name":"Kapalong","state_id":1319,"state_code":"DAV","state_name":"Davao del Norte","country_id":174,"country_code":"PH","country_name":"Philippines","latitude":"7.69550200","longitude":"125.45471000","native":"Thickness","type":"adm3","level":null,"parent_id":null,"population":80731,"timezone":"Asia/Manila","translations":{"br":"Kapalong","ko":"카팔롱","pt-BR":"Kapalong","pt":"Kapalong","nl":"Kapalong","hr":"Kapalong","fa":"کاپالونگ","de":"Kapalong","es":"Kapalong","fr":"Kapalong","ja":"カパロン","it":"Kapalong","zh-CN":"卡帕隆","tr":"Kapalong","ru":"Капалонг","uk":"Капалонг","pl":"Kapalong","hi":"कपालोंग","ar":"كابالونج"},"wikiDataId":"Q314438"},{"id":144257,"name":"New Corella","state_id":1319,"state_code":"DAV","state_name":"Davao del Norte","country_id":174,"country_code":"PH","country_name":"Philippines","latitude":"7.60379860","longitude":"125.77778900","native":"New Corella","type":"adm3","level":null,"parent_id":null,"population":60454,"timezone":"Asia/Manila","translations":{"br":"Corella nevez","ko":"새로운 코렐라","pt-BR":"Nova Corella","pt":"Nova Corella","nl":"Nieuwe Corella","hr":"Nova Corella","fa":"کورلا جدید","de":"Neue Corella","es":"Nueva Corella","fr":"Nouvelle Corella","ja":"ニューコレラ","it":"Nuova Corella","zh-CN":"新科雷拉","tr":"Yeni Corella","ru":"Новая Корелла","uk":"Нова Корелла","pl":"Nowa Corella","hi":"न्यू कोरेला","ar":"كوريلا الجديدة"},"wikiDataId":"Q314452"},{"id":144266,"name":"Panabo","state_id":1319,"state_code":"DAV","state_name":"Davao del Norte","country_id":174,"country_code":"PH","country_name":"Philippines","latitude":"7.33656990","longitude":"125.56514340","native":"bailer","type":"city","level":null,"parent_id":null,"population":4610,"timezone":"Asia/Manila","translations":{"br":"Panabo","ko":"파나보","pt-BR":"Panabo","pt":"Panabo","nl":"Panabo","hr":"Panabo","fa":"پانابو","de":"Panabo","es":"Panabo","fr":"Panabo","ja":"パナボ","it":"Panabo","zh-CN":"帕纳博","tr":"Panabo","ru":"Панабо","uk":"Панабо","pl":"Panabo","hi":"पनाबो","ar":"بانابو"},"wikiDataId":"Q967367"},{"id":144274,"name":"Samal","state_id":1319,"state_code":"DAV","state_name":"Davao del Norte","country_id":174,"country_code":"PH","country_name":"Philippines","latitude":"7.04524630","longitude":"125.73004050","native":"Same","type":"city","level":null,"parent_id":null,"population":2356,"timezone":"Asia/Manila","translations":{"br":"Samal","ko":"사말","pt-BR":"Samal","pt":"Samal","nl":"Samal","hr":"Samal","fa":"سامال","de":"Samal","es":"Samal","fr":"Samal","ja":"サマル","it":"Samal","zh-CN":"萨马尔","tr":"Samal","ru":"Самал","uk":"Самал","pl":"Samal","hi":"सामल","ar":"سامال"},"wikiDataId":"Q1020674"},{"id":154534,"name":"San Isidro","state_id":1319,"state_code":"DAV","state_name":"Davao del Norte","country_id":174,"country_code":"PH","country_name":"Philippines","latitude":"7.38054000","longitude":"125.76432590","native":"San Isidro","type":"city","level":null,"parent_id":null,"population":8813,"timezone":"Asia/Manila","translations":{"br":"San Isidro","ko":"산 이시드로","pt-BR":"São Isidro","pt":"São Isidro","nl":"San Isidro","hr":"San Isidro","fa":"سان ایسیدرو","de":"San Isidro","es":"San Isidro","fr":"San Isidro","ja":"サン・イシドロ","it":"San Isidro","zh-CN":"圣伊西德罗","tr":"San Isidro","ru":"Сан-Исидро","uk":"Сан-Ісідро","pl":"Święty Izydor","hi":"सैन इसिड्रो","ar":"سان إيسيدرو"},"wikiDataId":"Q314468"},{"id":154535,"name":"Santo Tomas","state_id":1319,"state_code":"DAV","state_name":"Davao del Norte","country_id":174,"country_code":"PH","country_name":"Philippines","latitude":"7.51132860","longitude":"125.45598080","native":"Saint Tomas","type":"city","level":null,"parent_id":null,"population":44376,"timezone":"Asia/Manila","translations":{"br":"Sant Tomas","ko":"산토 토마스","pt-BR":"Santo Tomás","pt":"Santo Tomás","nl":"Santo Tomas","hr":"Sveti Tomas","fa":"سانتو توماس","de":"Santo Tomas","es":"Santo Tomás","fr":"Santo Tomas","ja":"サント・トーマス","it":"Santo Tomas","zh-CN":"圣托马斯","tr":"Aziz Tomas","ru":"Санто-Томас","uk":"Санто-Томас","pl":"Święty Tomasz","hi":"सैंटो टॉमस","ar":"سانتو توماس"},"wikiDataId":"Q314486"},{"id":145072,"name":"Tagum","state_id":1319,"state_code":"DAV","state_name":"Davao del Norte","country_id":174,"country_code":"PH","country_name":"Philippines","latitude":"7.42465880","longitude":"125.72609910","native":"Tagum","type":"city","level":null,"parent_id":null,"population":16539,"timezone":"Asia/Manila","translations":{"br":"Tagum","ko":"타굼","pt-BR":"Tagum","pt":"Tagum","nl":"Tagum","hr":"Tagum","fa":"تاگوم","de":"Tagum","es":"Tagum","fr":"Tagum","ja":"タグム","it":"Tagum","zh-CN":"塔古姆","tr":"Tagum","ru":"Тагум","uk":"Тагум","pl":"Tagum","hi":"टैगम","ar":"تاجوم"},"wikiDataId":"Q725168"},{"id":154536,"name":"Talaingod","state_id":1319,"state_code":"DAV","state_name":"Davao del Norte","country_id":174,"country_code":"PH","country_name":"Philippines","latitude":"7.67853800","longitude":"125.27227230","native":"Talaingod","type":"city","level":null,"parent_id":null,"population":null,"timezone":"Asia/Manila","translations":{"br":"Talaingod","ko":"탈라인고드","pt-BR":"Talaingod","pt":"Talaingod","nl":"Talaingod","hr":"Talaingod","fa":"تالاینگود","de":"Talaingod","es":"Talaingod","fr":"Talaingod","ja":"タラインゴッド","it":"Talaingod","zh-CN":"塔兰戈德","tr":"Talaingod","ru":"Талайнгод","uk":"Талаїнгод","pl":"Talaingod","hi":"तलैंगोड","ar":"تالينغود"},"wikiDataId":"Q314501"}]