[{"id":145794,"name":"Alilem","state_id":1321,"state_code":"ILS","state_name":"Ilocos Sur","country_id":174,"country_code":"PH","country_name":"Philippines","latitude":"16.89298940","longitude":"120.50868600","native":"Alive","type":"adm3","level":null,"parent_id":null,"population":7736,"timezone":"Asia/Manila","translations":{"br":"Alilem","ko":"알리렘","pt-BR":"Alilem","pt":"Alilem","nl":"Alilem","hr":"Alilem","fa":"آلیلم","de":"Alilem","es":"Alilem","fr":"Alilem","ja":"アリレム","it":"Alilem","zh-CN":"阿利勒姆","tr":"Alilem","ru":"Алилем","uk":"Алілем","pl":"Alilem","hi":"अलीलेम","ar":"عليم"},"wikiDataId":"Q12813"},{"id":145820,"name":"Banayoyo","state_id":1321,"state_code":"ILS","state_name":"Ilocos Sur","country_id":174,"country_code":"PH","country_name":"Philippines","latitude":"17.23901590","longitude":"120.45737430","native":"Banayoyo","type":"city","level":null,"parent_id":null,"population":2903,"timezone":"Asia/Manila","translations":{"br":"Banayoyo","ko":"바나요요","pt-BR":"Banayoyo","pt":"Banayoyo","nl":"Banayoyo","hr":"Banayoyo","fa":"بانایویو","de":"Banayoyo","es":"Banayoyo","fr":"Banayoyo","ja":"バナヨヨ","it":"Banayoyo","zh-CN":"巴纳约约","tr":"Banayoyo","ru":"Банайойо","uk":"Банайойо","pl":"Banayoyo","hi":"बनयोयो","ar":"بانايويو"},"wikiDataId":"Q12818"},{"id":145828,"name":"Bantay","state_id":1321,"state_code":"ILS","state_name":"Ilocos Sur","country_id":174,"country_code":"PH","country_name":"Philippines","latitude":"17.59949900","longitude":"120.36224660","native":"Guard","type":"city","level":null,"parent_id":null,"population":2455,"timezone":"Asia/Manila","translations":{"br":"Bantay","ko":"반타이","pt-BR":"Bantay","pt":"Bantay","nl":"Bantay","hr":"Bantay","fa":"بانتای","de":"Bantay","es":"Bantay","fr":"Bantay","ja":"バンタイ","it":"Bantay","zh-CN":"班泰","tr":"Bantay","ru":"Бантай","uk":"Бантай","pl":"Bantay","hi":"बंताय","ar":"بانتاي"},"wikiDataId":"Q12825"},{"id":154545,"name":"Burgos","state_id":1321,"state_code":"ILS","state_name":"Ilocos Sur","country_id":174,"country_code":"PH","country_name":"Philippines","latitude":"17.31831470","longitude":"120.47759230","native":"Burgos","type":"adm3","level":null,"parent_id":null,"population":3651,"timezone":"Asia/Manila","translations":{"br":"Burgos","ko":"부르고스","pt-BR":"Burgos","pt":"Burgos","nl":"Burgos","hr":"Burgos","fa":"بورگوس","de":"Burgos","es":"Burgos","fr":"Burgos","ja":"ブルゴス","it":"Burgos","zh-CN":"布尔戈斯","tr":"Burgos","ru":"Бургос","uk":"Бургос","pl":"Burgos","hi":"बर्गोस","ar":"بورغوس"},"wikiDataId":"Q12828"},{"id":81980,"name":"Cabugao","state_id":1321,"state_code":"ILS","state_name":"Ilocos Sur","country_id":174,"country_code":"PH","country_name":"Philippines","latitude":"17.78531330","longitude":"120.38042270","native":"Cabugao","type":"city","level":null,"parent_id":null,"population":38981,"timezone":"Asia/Manila","translations":{"br":"Cabugao","ko":"카부가오","pt-BR":"Cabugão","pt":"Cabugão","nl":"Cabugao","hr":"Cabugao","fa":"کابوگائو","de":"Cabugao","es":"Cabugao","fr":"Cabugao","ja":"カブガオ","it":"Cabugao","zh-CN":"卡布加奥","tr":"Cabugao","ru":"Кабугао","uk":"Кабугао","pl":"Cabugao","hi":"कैबुगाओ","ar":"كابوجاو"},"wikiDataId":"Q12832"},{"id":145881,"name":"Candon","state_id":1321,"state_code":"ILS","state_name":"Ilocos Sur","country_id":174,"country_code":"PH","country_name":"Philippines","latitude":"17.19090270","longitude":"120.39073340","native":"Candon","type":"city","level":null,"parent_id":null,"population":61315,"timezone":"Asia/Manila","translations":{"br":"Kandon","ko":"캔던","pt-BR":"Cândido","pt":"Cândido","nl":"Candon","hr":"Candon","fa":"کندون","de":"Candon","es":"Candón","fr":"Candon","ja":"カンドン","it":"Candon","zh-CN":"坎东","tr":"Candon","ru":"Кандон","uk":"Кандон","pl":"Candon","hi":"कैंडन","ar":"كاندون"},"wikiDataId":"Q205956"},{"id":145883,"name":"Caoayan","state_id":1321,"state_code":"ILS","state_name":"Ilocos Sur","country_id":174,"country_code":"PH","country_name":"Philippines","latitude":"17.52945980","longitude":"120.35232510","native":"Caoayan","type":"city","level":null,"parent_id":null,"population":19715,"timezone":"Asia/Manila","translations":{"br":"Caoayan","ko":"카오아얀","pt-BR":"Caoayan","pt":"Caoayan","nl":"Caoayan","hr":"Caoayan","fa":"کائویان","de":"Caoayan","es":"Caoyan","fr":"Caoyan","ja":"カオヤン","it":"Caoayan","zh-CN":"草阿岩","tr":"Caoayan","ru":"Каоаян","uk":"Caoayan","pl":"Caoayan","hi":"काओयान","ar":"كاوايان"},"wikiDataId":"Q12834"},{"id":145898,"name":"Cervantes","state_id":1321,"state_code":"ILS","state_name":"Ilocos Sur","country_id":174,"country_code":"PH","country_name":"Philippines","latitude":"16.99356150","longitude":"120.61344230","native":"Cervantes","type":"adm3","level":null,"parent_id":null,"population":20065,"timezone":"Asia/Manila","translations":{"br":"Cervantes","ko":"세르반테스","pt-BR":"Cervantes","pt":"Cervantes","nl":"Cervantes","hr":"Cervantes","fa":"سروانتس","de":"Cervantes","es":"Cervantes","fr":"Cervantès","ja":"セルバンテス","it":"Cervantes","zh-CN":"塞万提斯","tr":"Cervantes","ru":"Сервантес","uk":"Сервантес","pl":"Cervantes","hi":"Cervantes","ar":"سرفانتس"},"wikiDataId":"Q12835"},{"id":145926,"name":"Galimuyod","state_id":1321,"state_code":"ILS","state_name":"Ilocos Sur","country_id":174,"country_code":"PH","country_name":"Philippines","latitude":"17.18822410","longitude":"120.43551400","native":"Galimuyod","type":"adm3","level":null,"parent_id":null,"population":10263,"timezone":"Asia/Manila","translations":{"br":"Galimuyod","ko":"갈리무요드","pt-BR":"Galimuyod","pt":"Galimuyod","nl":"Galimuyod","hr":"Galimuyod","fa":"گالیمویود","de":"Galimuyod","es":"Galimuyod","fr":"Galimuyod","ja":"ガリムヨド","it":"Galimuyod","zh-CN":"加利穆约德","tr":"Galimuyod","ru":"Галимуйод","uk":"Галімуйод","pl":"Galimuyod","hi":"गैलिमुयोद","ar":"غاليمويود"},"wikiDataId":"Q12838"},{"id":145928,"name":"Gregorio del Pilar","state_id":1321,"state_code":"ILS","state_name":"Ilocos Sur","country_id":174,"country_code":"PH","country_name":"Philippines","latitude":"17.13548580","longitude":"120.56396380","native":"Gregorio del Pilar","type":"adm3","level":null,"parent_id":null,"population":4385,"timezone":"Asia/Manila","translations":{"br":"Gregorio del Pilar","ko":"그레고리오 델 필라르","pt-BR":"Gregório del Pilar","pt":"Gregório del Pilar","nl":"Gregorio del Pilar","hr":"Gregorio del Pilar","fa":"گرگوریو دل پیلار","de":"Gregorio del Pilar","es":"Gregorio del Pilar","fr":"Gregorio del Pilar","ja":"グレゴリオ・デル・ピラール","it":"Gregorio del Pilar","zh-CN":"格雷戈里奥·德尔皮拉尔","tr":"Gregorio del Pilar","ru":"Грегорио дель Пилар","uk":"Грегоріо дель Пілар","pl":"Grzegorz del Pilar","hi":"ग्रेगोरियो डेल पिलर","ar":"جريجوريو ديل بيلار"},"wikiDataId":"Q12840"},{"id":145948,"name":"Lidlidda","state_id":1321,"state_code":"ILS","state_name":"Ilocos Sur","country_id":174,"country_code":"PH","country_name":"Philippines","latitude":"17.25651570","longitude":"120.49342910","native":"Leddy","type":"city","level":null,"parent_id":null,"population":2219,"timezone":"Asia/Manila","translations":{"br":"Lidlidda","ko":"리들리다","pt-BR":"Lidlidda","pt":"Lidlidda","nl":"Lidlidda","hr":"Lidlidda","fa":"لیدلیدا","de":"Lidlidda","es":"Lidlidda","fr":"Lidlidda","ja":"リドリダ","it":"Lidlidda","zh-CN":"利德利达","tr":"Lidlidda","ru":"Лидлидда","uk":"Лідлідда","pl":"Lidlidda","hi":"लिडलिडा","ar":"ليدليدا"},"wikiDataId":"Q12843"},{"id":145970,"name":"Magsingal","state_id":1321,"state_code":"ILS","state_name":"Ilocos Sur","country_id":174,"country_code":"PH","country_name":"Philippines","latitude":"17.68311550","longitude":"120.35791900","native":"Magsingal","type":"adm3","level":null,"parent_id":null,"population":0,"timezone":"Asia/Manila","translations":{"br":"Magsingal","ko":"마징갈","pt-BR":"Magsingal","pt":"Magsingal","nl":"Magsingal","hr":"Magsingal","fa":"ماگزینگال","de":"Magsingal","es":"Magsingal","fr":"Magsingal","ja":"マグシンガル","it":"Magsingal","zh-CN":"马格辛加尔","tr":"Magsingal","ru":"Магсингал","uk":"Магсінгал","pl":"Magsingal","hi":"मैगसिंगल","ar":"ماغسينجال"},"wikiDataId":"Q12845"},{"id":145986,"name":"Nagbukel","state_id":1321,"state_code":"ILS","state_name":"Ilocos Sur","country_id":174,"country_code":"PH","country_name":"Philippines","latitude":"17.44484030","longitude":"120.50126450","native":"Nagbukel","type":"adm3","level":null,"parent_id":null,"population":5370,"timezone":"Asia/Manila","translations":{"br":"Nagbukel","ko":"나그부켈","pt-BR":"Nagbukel","pt":"Nagbukel","nl":"Nagbukel","hr":"Nagbukel","fa":"ناگبوکل","de":"Nagbukel","es":"Nagbukel","fr":"Nagbukel","ja":"ナグブケル","it":"Nagbukel","zh-CN":"纳格布克尔","tr":"Nagbukel","ru":"Нагбукель","uk":"Нагбукель","pl":"Nagbukel","hi":"नागबुकेल","ar":"ناجبوكيل"},"wikiDataId":"Q12848"},{"id":145995,"name":"Narvacan","state_id":1321,"state_code":"ILS","state_name":"Ilocos Sur","country_id":174,"country_code":"PH","country_name":"Philippines","latitude":"17.44599450","longitude":"120.41538270","native":"Narvacan","type":"city","level":null,"parent_id":null,"population":46265,"timezone":"Asia/Manila","translations":{"br":"Narvacan","ko":"나르바칸","pt-BR":"Narvacan","pt":"Narvacan","nl":"Narvacan","hr":"Narvacan","fa":"نارواکان","de":"Narvacan","es":"Narvacán","fr":"Narvacan","ja":"ナルバカン","it":"Narvacan","zh-CN":"纳尔瓦坎","tr":"Narvacan","ru":"Нарвакан","uk":"Нарвакан","pl":"Narvacan","hi":"नार्वाकन","ar":"نارفاكان"},"wikiDataId":"Q12850"},{"id":146038,"name":"Quirino","state_id":1321,"state_code":"ILS","state_name":"Ilocos Sur","country_id":174,"country_code":"PH","country_name":"Philippines","latitude":"17.12687730","longitude":"120.57833120","native":"Quirino","type":"adm3","level":null,"parent_id":null,"population":9460,"timezone":"Asia/Manila","translations":{"br":"Quirino","ko":"키리노","pt-BR":"Quirino","pt":"Quirino","nl":"Quirino","hr":"Quirino","fa":"کوئیرینو","de":"Quirino","es":"Quirino","fr":"Quirino","ja":"キリノ","it":"Quirino","zh-CN":"基里诺","tr":"Quirino","ru":"Квирино","uk":"Квіріно","pl":"Quirino","hi":"क़िरिनो","ar":"كيرينو"},"wikiDataId":"Q12853"},{"id":154546,"name":"Salcedo","state_id":1321,"state_code":"ILS","state_name":"Ilocos Sur","country_id":174,"country_code":"PH","country_name":"Philippines","latitude":"17.12263280","longitude":"120.45898730","native":"Salcedo","type":"adm3","level":null,"parent_id":null,"population":11196,"timezone":"Asia/Manila","translations":{"br":"Salcedo","ko":"살세도","pt-BR":"Salcedo","pt":"Salcedo","nl":"Salcedo","hr":"Salcedo","fa":"سالسدو","de":"Salcedo","es":"Salcedo","fr":"Salcedo","ja":"サルセド","it":"Salcedo","zh-CN":"萨尔塞多","tr":"Salcedo","ru":"Сальседо","uk":"Сальседо","pl":"Salcedo","hi":"साल्सेडो","ar":"سالسيدو"},"wikiDataId":"Q12856"},{"id":146053,"name":"San Emilio","state_id":1321,"state_code":"ILS","state_name":"Ilocos Sur","country_id":174,"country_code":"PH","country_name":"Philippines","latitude":"17.25301380","longitude":"120.53117360","native":"San Emilio","type":"adm3","level":null,"parent_id":null,"population":7513,"timezone":"Asia/Manila","translations":{"br":"San Emilio","ko":"산 에밀리오","pt-BR":"São Emílio","pt":"São Emílio","nl":"San Emilio","hr":"San Emilio","fa":"سن امیلیو","de":"San Emilio","es":"San Emilio","fr":"San Emilio","ja":"サン・エミリオ","it":"Sant'Emilio","zh-CN":"圣埃米利奥","tr":"San Emilio","ru":"Сан-Эмилио","uk":"Сан-Еміліо","pl":"Święty Emilio","hi":"सैन एमिलियो","ar":"سان إميليو"},"wikiDataId":"Q12859"},{"id":146054,"name":"San Esteban","state_id":1321,"state_code":"ILS","state_name":"Ilocos Sur","country_id":174,"country_code":"PH","country_name":"Philippines","latitude":"17.32839420","longitude":"120.41083220","native":"San Esteban","type":"adm3","level":null,"parent_id":null,"population":8621,"timezone":"Asia/Manila","translations":{"br":"San Esteban","ko":"산 에스테반","pt-BR":"Santo Estêvão","pt":"Santo Estêvão","nl":"San Esteban","hr":"San Esteban","fa":"سن استبان","de":"San Esteban","es":"San Esteban","fr":"San Esteban","ja":"サンエステバン","it":"San Esteban","zh-CN":"圣埃斯特万","tr":"San Esteban","ru":"Сан-Эстебан","uk":"Сан-Естебан","pl":"San Esteban","hi":"सैन एस्टेबन","ar":"سان استيبان"},"wikiDataId":"Q12863"},{"id":146061,"name":"San Ildefonso","state_id":1321,"state_code":"ILS","state_name":"Ilocos Sur","country_id":174,"country_code":"PH","country_name":"Philippines","latitude":"17.61666880","longitude":"120.37027450","native":"San Ildefonso","type":"adm3","level":null,"parent_id":null,"population":8213,"timezone":"Asia/Manila","translations":{"br":"San Ildefonso","ko":"산 일데폰소","pt-BR":"Santo Ildefonso","pt":"Santo Ildefonso","nl":"San Ildefonso","hr":"San Ildefonso","fa":"سن ایلدفونسو","de":"San Ildefonso","es":"San Ildefonso","fr":"Saint Ildefonso","ja":"サン・イルデフォンソ","it":"San Ildefonso","zh-CN":"圣伊尔德丰索","tr":"San Ildefonso","ru":"Сан-Ильдефонсо","uk":"Сан-Ільдефонсо","pl":"Święty Ildefons","hi":"सैन इल्डेफोन्सो","ar":"سان إلديفونسو"},"wikiDataId":"Q12864"},{"id":144854,"name":"San Juan","state_id":1321,"state_code":"ILS","state_name":"Ilocos Sur","country_id":174,"country_code":"PH","country_name":"Philippines","latitude":"17.73267790","longitude":"120.38811810","native":"San Juan","type":"adm3","level":null,"parent_id":null,"population":134312,"timezone":"Asia/Manila","translations":{"br":"San Juan","ko":"산후안","pt-BR":"São João","pt":"São João","nl":"San Juan","hr":"San Juan","fa":"سن خوان","de":"San Juan","es":"San Juan","fr":"San Juan","ja":"サンファン","it":"San Juan","zh-CN":"圣胡安","tr":"San Juan","ru":"Сан-Хуан","uk":"Сан-Хуан","pl":"San Juan","hi":"सहन जुआन","ar":"سان خوان"},"wikiDataId":"Q12867"},{"id":146073,"name":"San Vicente","state_id":1321,"state_code":"ILS","state_name":"Ilocos Sur","country_id":174,"country_code":"PH","country_name":"Philippines","latitude":"17.61093710","longitude":"120.34633580","native":"San Vicente","type":"adm3","level":null,"parent_id":null,"population":11774,"timezone":"Asia/Manila","translations":{"br":"San Visente","ko":"산 비센테","pt-BR":"São Vicente","pt":"São Vicente","nl":"San Vicente","hr":"San Vicente","fa":"سن ویسنته","de":"San Vicente","es":"San Vicente","fr":"Saint-Vincent","ja":"サン・ビセンテ","it":"San Vicente","zh-CN":"圣维森特","tr":"San Vicente","ru":"Сан-Висенте","uk":"Сан-Вісенте","pl":"Święty Wincenty","hi":"सैन विसेंट","ar":"سان فيسينتي"},"wikiDataId":"Q12868"},{"id":146075,"name":"Santa","state_id":1321,"state_code":"ILS","state_name":"Ilocos Sur","country_id":174,"country_code":"PH","country_name":"Philippines","latitude":"17.51189190","longitude":"120.40188710","native":"Santa","type":"city","level":null,"parent_id":null,"population":null,"timezone":"Asia/Manila","translations":{"br":"an Tad Nedeleg","ko":"산타","pt-BR":"Papai Noel","pt":"Papai Noel","nl":"Kerstman","hr":"Djed Mraz","fa":"سانتا","de":"Weihnachtsmann","es":"Papá Noel","fr":"Père Noël","ja":"サンタ","it":"Babbo Natale","zh-CN":"圣诞老人","tr":"Noel Baba","ru":"Санта","uk":"Санта","pl":"Święty Mikołaj","hi":"सांता","ar":"سانتا"},"wikiDataId":"Q12873"},{"id":146077,"name":"Santa Catalina","state_id":1321,"state_code":"ILS","state_name":"Ilocos Sur","country_id":174,"country_code":"PH","country_name":"Philippines","latitude":"17.58915460","longitude":"120.34016160","native":"Santa Catalina","type":"adm3","level":null,"parent_id":null,"population":14319,"timezone":"Asia/Manila","translations":{"br":"Santa Catalina","ko":"산타 카탈리나","pt-BR":"Santa Catalina","pt":"Santa Catalina","nl":"Santa Catalina","hr":"Santa Catalina","fa":"سانتا کاتالینا","de":"Santa Catalina","es":"Santa Catalina","fr":"Santa Catalina","ja":"サンタカタリナ","it":"Santa Catalina","zh-CN":"圣卡塔利娜","tr":"Santa Catalina","ru":"Санта-Каталина","uk":"Санта-Каталіна","pl":"Święta Catalina","hi":"सांता कैटालिना","ar":"سانتا كاتالينا"},"wikiDataId":"Q12875"},{"id":154547,"name":"Santa Cruz","state_id":1321,"state_code":"ILS","state_name":"Ilocos Sur","country_id":174,"country_code":"PH","country_name":"Philippines","latitude":"17.04288000","longitude":"120.42598540","native":"Santa Cruz","type":"adm3","level":null,"parent_id":null,"population":66647,"timezone":"Asia/Manila","translations":{"br":"Santa Cruz","ko":"산타크루즈","pt-BR":"Santa Cruz","pt":"Santa Cruz","nl":"Santa Cruz","hr":"Santa Cruz","fa":"سانتا کروز","de":"Santa Cruz","es":"Santa Cruz","fr":"Santa Cruz","ja":"サンタクルーズ","it":"Santa Cruz","zh-CN":"圣克鲁斯","tr":"Santa Cruz","ru":"Санта-Крус","uk":"Санта-Крус","pl":"Santa Cruz","hi":"सांताक्रूज","ar":"سانتا كروز"},"wikiDataId":"Q12880"},{"id":146079,"name":"Santa Lucia","state_id":1321,"state_code":"ILS","state_name":"Ilocos Sur","country_id":174,"country_code":"PH","country_name":"Philippines","latitude":"17.12492250","longitude":"120.39590970","native":"Santa Lucia","type":"city","level":null,"parent_id":null,"population":26200,"timezone":"Asia/Manila","translations":{"br":"Santa Lucia","ko":"산타 루시아","pt-BR":"Santa Lúcia","pt":"Santa Lúcia","nl":"Santa Lucia","hr":"Sveta Lucija","fa":"سانتا لوسیا","de":"Santa Lucia","es":"Santa Lucía","fr":"Sainte-Lucie","ja":"サンタ・ルチア","it":"Santa Lucia","zh-CN":"圣卢西亚","tr":"Santa Lucia","ru":"Санта Лючия","uk":"Санта-Люсія","pl":"Święta Łucja","hi":"सांता लूसिया","ar":"سانتا لوسيا"},"wikiDataId":"Q12882"},{"id":146080,"name":"Santa Maria","state_id":1321,"state_code":"ILS","state_name":"Ilocos Sur","country_id":174,"country_code":"PH","country_name":"Philippines","latitude":"17.36864540","longitude":"120.50081240","native":"Santa Maria","type":"adm3","level":null,"parent_id":null,"population":30076,"timezone":"Asia/Manila","translations":{"br":"Santa Maria","ko":"산타 마리아","pt-BR":"Santa Maria","pt":"Santa Maria","nl":"Santa Maria","hr":"Santa Maria","fa":"سانتا ماریا","de":"Santa Maria","es":"Santa María","fr":"Santa Maria","ja":"サンタマリア","it":"Santa Maria","zh-CN":"圣玛丽亚","tr":"Santa Maria","ru":"Санта-Мария","uk":"Санта-Марія","pl":"Święta Maria","hi":"सांता मारिया","ar":"سانتا ماريا"},"wikiDataId":"Q12692"},{"id":146083,"name":"Santiago","state_id":1321,"state_code":"ILS","state_name":"Ilocos Sur","country_id":174,"country_code":"PH","country_name":"Philippines","latitude":"17.27401620","longitude":"120.42240580","native":"Santiago","type":"adm3","level":null,"parent_id":null,"population":19771,"timezone":"Asia/Manila","translations":{"br":"Santiago","ko":"산티아고","pt-BR":"Santiago","pt":"Santiago","nl":"Santiago","hr":"Santiago","fa":"سانتیاگو","de":"Santiago","es":"Santiago","fr":"Santiago","ja":"サンティアゴ","it":"Santiago","zh-CN":"圣地亚哥","tr":"Santiago","ru":"Сантьяго","uk":"Сантьяго","pl":"Santiago","hi":"सेंटियागो","ar":"سانتياغو"},"wikiDataId":"Q12884"},{"id":146084,"name":"Santo Domingo","state_id":1321,"state_code":"ILS","state_name":"Ilocos Sur","country_id":174,"country_code":"PH","country_name":"Philippines","latitude":"17.64519710","longitude":"120.42664640","native":"Santo Domingo","type":"adm3","level":null,"parent_id":null,"population":4571,"timezone":"Asia/Manila","translations":{"br":"Santo Domingo","ko":"산토도밍고","pt-BR":"Santo Domingo","pt":"Santo Domingo","nl":"Santo Domingo","hr":"Santo Domingo","fa":"سانتو دومینگو","de":"Santo Domingo","es":"Santo Domingo","fr":"Saint-Domingue","ja":"サントドミンゴ","it":"Santo Domingo","zh-CN":"圣多明各","tr":"Santo Domingo","ru":"Санто-Доминго","uk":"Санто-Домінго","pl":"Santo Domingo","hi":"सैंटो डोमिंगो","ar":"سانتو دومينغو"},"wikiDataId":"Q12885"},{"id":146089,"name":"Sigay","state_id":1321,"state_code":"ILS","state_name":"Ilocos Sur","country_id":174,"country_code":"PH","country_name":"Philippines","latitude":"17.03796890","longitude":"120.51774110","native":"Sigay","type":"adm3","level":null,"parent_id":null,"population":2577,"timezone":"Asia/Manila","translations":{"br":"Sigay","ko":"시가이","pt-BR":"Sigay","pt":"Sigay","nl":"Sigay","hr":"Sigay","fa":"سیگای","de":"Sigay","es":"Sigay","fr":"Sigay","ja":"シガイ","it":"Sigay","zh-CN":"西盖","tr":"İmza","ru":"Сигай","uk":"Сігай","pl":"Sigay","hi":"सिगाय","ar":"سيجاي"},"wikiDataId":"Q12888"},{"id":146090,"name":"Sinait","state_id":1321,"state_code":"ILS","state_name":"Ilocos Sur","country_id":174,"country_code":"PH","country_name":"Philippines","latitude":"17.86199960","longitude":"120.40290490","native":"Sinait","type":"city","level":null,"parent_id":null,"population":26059,"timezone":"Asia/Manila","translations":{"br":"Sinait","ko":"시나이트","pt-BR":"Sinait","pt":"Sinait","nl":"Sinaï","hr":"Sinait","fa":"سینایت","de":"Sinait","es":"Sinaít","fr":"Sinaï","ja":"シナイト","it":"Sinait","zh-CN":"西奈特","tr":"Sinait","ru":"Синаит","uk":"Сінайт","pl":"Synaj","hi":"सिनाईट","ar":"سيناء"},"wikiDataId":"Q12891"},{"id":146097,"name":"Sugpon","state_id":1321,"state_code":"ILS","state_name":"Ilocos Sur","country_id":174,"country_code":"PH","country_name":"Philippines","latitude":"16.76605950","longitude":"120.48478210","native":"extension","type":"adm3","level":null,"parent_id":null,"population":4238,"timezone":"Asia/Manila","translations":{"br":"Kinnig","ko":"석폰","pt-BR":"Sugestão","pt":"Sugestão","nl":"Sugpon","hr":"Sugpon","fa":"ساگپون","de":"Sugpon","es":"Sugpon","fr":"Sugpon","ja":"サグポン","it":"Sugpon","zh-CN":"苏格蓬","tr":"Öneri","ru":"Сугпон","uk":"Сагпон","pl":"Sugpon","hi":"सुगपोन","ar":"سوغبون"},"wikiDataId":"Q12893"},{"id":146100,"name":"Suyo","state_id":1321,"state_code":"ILS","state_name":"Ilocos Sur","country_id":174,"country_code":"PH","country_name":"Philippines","latitude":"16.99372980","longitude":"120.47988970","native":"His","type":"adm3","level":null,"parent_id":null,"population":11051,"timezone":"Asia/Manila","translations":{"br":"Suyo","ko":"수요","pt-BR":"Suyo","pt":"Suyo","nl":"Suyo","hr":"Suyo","fa":"سویو","de":"Suyo","es":"Suyo","fr":"Suyo","ja":"スヨ","it":"Suyo","zh-CN":"苏约","tr":"Suyo","ru":"Суё","uk":"Суйо","pl":"Suyo","hi":"सुयो","ar":"سويو"},"wikiDataId":"Q12894"},{"id":146103,"name":"Tagudin","state_id":1321,"state_code":"ILS","state_name":"Ilocos Sur","country_id":174,"country_code":"PH","country_name":"Philippines","latitude":"16.94670050","longitude":"120.38011960","native":"Tagudin","type":"city","level":null,"parent_id":null,"population":41606,"timezone":"Asia/Manila","translations":{"br":"Tagudin","ko":"타구딘","pt-BR":"Tagudin","pt":"Tagudin","nl":"Tagudin","hr":"Tagudin","fa":"تاگودین","de":"Tagudin","es":"Tagudin","fr":"Tagudin","ja":"タグディン","it":"Tagudin","zh-CN":"塔古丁","tr":"Tagudin","ru":"Тагудин","uk":"Тагудін","pl":"Tagudin","hi":"तागुडिन","ar":"تاج الدين"},"wikiDataId":"Q12895"},{"id":146129,"name":"Vigan","state_id":1321,"state_code":"ILS","state_name":"Ilocos Sur","country_id":174,"country_code":"PH","country_name":"Philippines","latitude":"17.56365940","longitude":"120.31004050","native":"Vigan","type":"city","level":null,"parent_id":null,"population":null,"timezone":"Asia/Manila","translations":{"br":"Vigan","ko":"비간","pt-BR":"Vigan","pt":"Vigan","nl":"Vigan","hr":"Vigan","fa":"ویگان","de":"Vigan","es":"Vigan","fr":"Vigan","ja":"ビガン","it":"Vigan","zh-CN":"维甘","tr":"Vigan","ru":"Виган","uk":"Віган","pl":"Vigan","hi":"विगन","ar":"فيجان"},"wikiDataId":"Q235004"}]