[{"id":147979,"name":"Alugan","state_id":1322,"state_code":"08","state_name":"Eastern Visayas","country_id":174,"country_code":"PH","country_name":"Philippines","latitude":"12.21888889","longitude":"125.48083333","native":"Rent","type":"city","level":null,"parent_id":null,"population":2131,"timezone":"Asia/Manila","translations":{"br":"Alugan","ko":"알루간","pt-BR":"Alugan","pt":"Alugan","nl":"Alugan","hr":"Alugan","fa":"آلوگان","de":"Alugan","es":"Alugan","fr":"Alugan","ja":"アルガン","it":"Alugan","zh-CN":"阿卢甘","tr":"Alugan","ru":"Алуган","uk":"Алуган","pl":"Alugan","hi":"अलुगन","ar":"ألوغان"},"wikiDataId":"Q31465087"},{"id":147982,"name":"Anito","state_id":1322,"state_code":"08","state_name":"Eastern Visayas","country_id":174,"country_code":"PH","country_name":"Philippines","latitude":"12.44972222","longitude":"125.28861111","native":"Anito","type":"city","level":null,"parent_id":null,"population":2071,"timezone":"Asia/Manila","translations":{"br":"Anito","ko":"아니토","pt-BR":"Anito","pt":"Anito","nl":"Anito","hr":"Anito","fa":"آنیتو","de":"Anito","es":"Anito","fr":"Anito","ja":"アニト","it":"Anito","zh-CN":"阿尼托","tr":"Anito","ru":"Анито","uk":"Аніто","pl":"Anito","hi":"अनितो","ar":"أنيتو"},"wikiDataId":"Q31466823"},{"id":148066,"name":"Balagtas","state_id":1322,"state_code":"08","state_name":"Eastern Visayas","country_id":174,"country_code":"PH","country_name":"Philippines","latitude":"11.13333333","longitude":"124.51916667","native":"Balagtas","type":"city","level":null,"parent_id":null,"population":2293,"timezone":"Asia/Manila","translations":{"br":"Balagtas","ko":"발라그타스","pt-BR":"Balagtas","pt":"Balagtas","nl":"Balagtas","hr":"Balagtas","fa":"بالاگتاس","de":"Balagtas","es":"Balagtas","fr":"Balagtas","ja":"バラグタス","it":"Balagtas","zh-CN":"巴拉格塔斯","tr":"Balagtas","ru":"Балагтас","uk":"Балагтас","pl":"Balagtas","hi":"बालागटस","ar":"بالاغتاس"},"wikiDataId":"Q31477947"},{"id":148108,"name":"Balagui","state_id":1322,"state_code":"08","state_name":"Eastern Visayas","country_id":174,"country_code":"PH","country_name":"Philippines","latitude":"11.47527778","longitude":"124.53250000","native":"Balagui","type":"city","level":null,"parent_id":null,"population":2502,"timezone":"Asia/Manila","translations":{"br":"Balagui","ko":"발라기","pt-BR":"Balagui","pt":"Balagui","nl":"Balagui","hr":"Balagui","fa":"بالاگویی","de":"Balagui","es":"Balagui","fr":"Balagui","ja":"バラギ","it":"Balagui","zh-CN":"巴拉吉","tr":"Balagui","ru":"Балаги","uk":"Балагуй","pl":"Balagui","hi":"बालागुई","ar":"بالاجي"},"wikiDataId":"Q31477991"},{"id":148063,"name":"Balinsacayao","state_id":1322,"state_code":"08","state_name":"Eastern Visayas","country_id":174,"country_code":"PH","country_name":"Philippines","latitude":"10.68111111","longitude":"124.95944444","native":"Balinsacayao","type":"city","level":null,"parent_id":null,"population":2404,"timezone":"Asia/Manila","translations":{"br":"Balinsacayao","ko":"발린사카야오","pt-BR":"Balinsacayao","pt":"Balinsacayao","nl":"Balinsacayao","hr":"Balinsacayao","fa":"بالینساکایائو","de":"Balinsacayao","es":"Balinsacayao","fr":"Balinsacayao","ja":"バリンサカヤオ","it":"Balinsacayao","zh-CN":"巴林萨卡亚奥","tr":"Balinsacayao","ru":"Балинсакаяо","uk":"Балінсакаяо","pl":"Balinsacayao","hi":"Balinsasayao","ar":"بالينساكاياو"},"wikiDataId":"Q31480869"},{"id":148089,"name":"Balite","state_id":1322,"state_code":"08","state_name":"Eastern Visayas","country_id":174,"country_code":"PH","country_name":"Philippines","latitude":"11.19444444","longitude":"124.38583333","native":"Balite","type":"adm3","level":null,"parent_id":null,"population":3266,"timezone":"Asia/Manila","translations":{"br":"Balite","ko":"발리테","pt-BR":"Balite","pt":"Balite","nl":"Balite","hr":"Balit","fa":"بالیت","de":"Balit","es":"Balita","fr":"Balite","ja":"バリテ","it":"Balite","zh-CN":"巴利特","tr":"Balit","ru":"Балит","uk":"Баліт","pl":"Balita","hi":"बालिते","ar":"باليت"},"wikiDataId":"Q100298180"},{"id":148068,"name":"Balocawehay","state_id":1322,"state_code":"08","state_name":"Eastern Visayas","country_id":174,"country_code":"PH","country_name":"Philippines","latitude":"10.72222222","longitude":"124.96777778","native":"Balocawehay","type":"city","level":null,"parent_id":null,"population":3528,"timezone":"Asia/Manila","translations":{"br":"Balocawehay","ko":"발로카웨하이","pt-BR":"Balocawehay","pt":"Balocawehay","nl":"Balocawehay","hr":"Balocawehay","fa":"بالوکاوهای","de":"Balocawehay","es":"Balocawehay","fr":"Balocawehay","ja":"バロカウェハイ","it":"Balocawehay","zh-CN":"巴洛卡韦海","tr":"Balocawehay","ru":"Балокавехай","uk":"Балоковехай","pl":"Balocawehay","hi":"बालोकावेहे","ar":"بالوكاويهاي"},"wikiDataId":"Q31481484"},{"id":148106,"name":"Balogo","state_id":1322,"state_code":"08","state_name":"Eastern Visayas","country_id":174,"country_code":"PH","country_name":"Philippines","latitude":"10.88666667","longitude":"124.71055556","native":"Witches","type":"city","level":null,"parent_id":null,"population":6704,"timezone":"Asia/Manila","translations":{"br":"Balogo","ko":"발로고","pt-BR":"Balogo","pt":"Balogo","nl":"Balogo","hr":"Balogo","fa":"بالوگو","de":"Balogo","es":"Balogo","fr":"Balogo","ja":"バロゴ","it":"Balogo","zh-CN":"巴洛戈","tr":"Balogo","ru":"Балого","uk":"Балого","pl":"Balogo","hi":"बालोगो","ar":"بالوغو"},"wikiDataId":"Q31481592"},{"id":148058,"name":"Bantiqui","state_id":1322,"state_code":"08","state_name":"Eastern Visayas","country_id":174,"country_code":"PH","country_name":"Philippines","latitude":"10.92444444","longitude":"124.41527778","native":"Bantique","type":"city","level":null,"parent_id":null,"population":2026,"timezone":"Asia/Manila","translations":{"br":"Bantiqui","ko":"반티키","pt-BR":"Bantiqui","pt":"Bantiqui","nl":"Bantiqui","hr":"Bantiqui","fa":"بانتیکوی","de":"Bantiqui","es":"Bantiquí","fr":"Bantiqui","ja":"バンティキ","it":"Bantiqui","zh-CN":"班蒂基","tr":"Bantiqui","ru":"Бантики","uk":"Бантікі","pl":"Bantiqui","hi":"बैंटिक्वी","ar":"بانتيكوي"},"wikiDataId":"Q31485106"},{"id":148187,"name":"Basud","state_id":1322,"state_code":"08","state_name":"Eastern Visayas","country_id":174,"country_code":"PH","country_name":"Philippines","latitude":"11.36638889","longitude":"124.36305556","native":"Basud","type":"city","level":null,"parent_id":null,"population":2980,"timezone":"Asia/Manila","translations":{"br":"Basud","ko":"바수드","pt-BR":"Basud","pt":"Basud","nl":"Basud","hr":"Basud","fa":"باسود","de":"Basud","es":"Basud","fr":"Basud","ja":"バスド","it":"Basud","zh-CN":"巴苏德","tr":"Basud","ru":"Басуд","uk":"Басуд","pl":"Basud","hi":"बसुद","ar":"باسود"},"wikiDataId":"Q31489453"},{"id":148067,"name":"Bilwang","state_id":1322,"state_code":"08","state_name":"Eastern Visayas","country_id":174,"country_code":"PH","country_name":"Philippines","latitude":"10.88333333","longitude":"124.46666667","native":"Bilwang","type":"city","level":null,"parent_id":null,"population":2808,"timezone":"Asia/Manila","translations":{"br":"Bilwang","ko":"빌왕","pt-BR":"Bilwang","pt":"Bilwang","nl":"Bilwang","hr":"Bilwang","fa":"بیلوانگ","de":"Bilwang","es":"Bilwang","fr":"Bilwang","ja":"ビルワング","it":"Bilwang","zh-CN":"比尔旺","tr":"Bilwang","ru":"Бильванг","uk":"Більванг","pl":"Bilwang","hi":"बिलवांग","ar":"بيلوانغ"},"wikiDataId":"Q31501500"},{"id":148185,"name":"Bitanjuan","state_id":1322,"state_code":"08","state_name":"Eastern Visayas","country_id":174,"country_code":"PH","country_name":"Philippines","latitude":"10.59555556","longitude":"124.76638889","native":"Busananjuan","type":"city","level":null,"parent_id":null,"population":2841,"timezone":"Asia/Manila","translations":{"br":"Bitanjuan","ko":"비탄후안","pt-BR":"Bitanjuan","pt":"Bitanjuan","nl":"Bitanjuan","hr":"Bitanjuan","fa":"بیتانخوان","de":"Bitanjuan","es":"Bitanjuan","fr":"Bitanjuan","ja":"ビタンフアン","it":"Bitanjuan","zh-CN":"碧潭卷","tr":"Bitanjuan","ru":"Битанхуан","uk":"Бітанджуан","pl":"Bitanjuan","hi":"बिटानजुआन","ar":"بيتانجوان"},"wikiDataId":"Q31503918"},{"id":148075,"name":"Bugho","state_id":1322,"state_code":"08","state_name":"Eastern Visayas","country_id":174,"country_code":"PH","country_name":"Philippines","latitude":"10.79222222","longitude":"124.93638889","native":"Bugho","type":"city","level":null,"parent_id":null,"population":2948,"timezone":"Asia/Manila","translations":{"br":"Bugho","ko":"부고","pt-BR":"Bugho","pt":"Bugho","nl":"Bugho","hr":"Bugho","fa":"بوگو","de":"Bugho","es":"Bugho","fr":"Bugho","ja":"ブゴ","it":"Bugho","zh-CN":"布霍","tr":"Bugho","ru":"Бугхо","uk":"Буго","pl":"Bugho","hi":"बुघो","ar":"بوغو"},"wikiDataId":"Q31516584"},{"id":148120,"name":"Bugko","state_id":1322,"state_code":"08","state_name":"Eastern Visayas","country_id":174,"country_code":"PH","country_name":"Philippines","latitude":"12.53555556","longitude":"124.79222222","native":"Bugko","type":"city","level":null,"parent_id":null,"population":3120,"timezone":"Asia/Manila","translations":{"br":"Bugko","ko":"부코","pt-BR":"Bugko","pt":"Bugko","nl":"Bugko","hr":"Bugko","fa":"بوگکو","de":"Bugko","es":"Bugko","fr":"Bugko","ja":"バグコ","it":"Bugko","zh-CN":"布科","tr":"Bugko","ru":"Бугко","uk":"Бугко","pl":"Bugko","hi":"बुग्को","ar":"بوجكو"},"wikiDataId":"Q31516601"},{"id":148041,"name":"Bunga","state_id":1322,"state_code":"08","state_name":"Eastern Visayas","country_id":174,"country_code":"PH","country_name":"Philippines","latitude":"11.48388889","longitude":"124.59166667","native":"Flower","type":"city","level":null,"parent_id":null,"population":3775,"timezone":"Asia/Manila","translations":{"br":"Bunga","ko":"붕가","pt-BR":"Bunga","pt":"Bunga","nl":"Bunga","hr":"Bunga","fa":"بونگا","de":"Bunga","es":"Bunga","fr":"Bunga","ja":"ブンガ","it":"Bunga","zh-CN":"邦加","tr":"Çiçek","ru":"Бунга","uk":"Бунга","pl":"Bunga","hi":"टैग:","ar":"بونجا"},"wikiDataId":"Q31518572"},{"id":148045,"name":"Butazon","state_id":1322,"state_code":"08","state_name":"Eastern Visayas","country_id":174,"country_code":"PH","country_name":"Philippines","latitude":"11.30722222","longitude":"124.46194444","native":"Butazon","type":"city","level":null,"parent_id":null,"population":3232,"timezone":"Asia/Manila","translations":{"br":"Butazon","ko":"부타존","pt-BR":"Butazon","pt":"Butazon","nl":"Butazon","hr":"Butazon","fa":"بوتازون","de":"Butazon","es":"Butazón","fr":"Butazone","ja":"ブタゾン","it":"Butazon","zh-CN":"布塔松","tr":"Butazon","ru":"Бутазон","uk":"Бутазон","pl":"Butazon","hi":"बुटाज़ोन","ar":"بوتازون"},"wikiDataId":"Q31520695"},{"id":148132,"name":"Cabacuñgan","state_id":1322,"state_code":"08","state_name":"Eastern Visayas","country_id":174,"country_code":"PH","country_name":"Philippines","latitude":"10.93333333","longitude":"124.98166667","native":"Cabacuñgan","type":"city","level":null,"parent_id":null,"population":3048,"timezone":"Asia/Manila","translations":{"br":"Cabacuñgan","ko":"카바쿠간","pt-BR":"Cabacuñgan","pt":"Cabacuñgan","nl":"Cabacuñgan","hr":"Cabacuñgan","fa":"کاباکوئنگان","de":"Cabacuñgan","es":"Cabacuñgan","fr":"Cabacuñgan","ja":"カバクガン","it":"Cabacuñgan","zh-CN":"卡巴昆甘","tr":"Kabacuñgan","ru":"Кабакунган","uk":"Кабакуньган","pl":"Cabacuñgan","hi":"कैबाकुनगन","ar":"كاباكونيجان"},"wikiDataId":"Q31522390"},{"id":148121,"name":"Cabay","state_id":1322,"state_code":"08","state_name":"Eastern Visayas","country_id":174,"country_code":"PH","country_name":"Philippines","latitude":"11.44555556","longitude":"125.49333333","native":"Drunk","type":"city","level":null,"parent_id":null,"population":2297,"timezone":"Asia/Manila","translations":{"br":"Cabay","ko":"카베이","pt-BR":"Cabay","pt":"Cabay","nl":"Cabay","hr":"Cabay","fa":"کابای","de":"Cabay","es":"Cabaña","fr":"Cabay","ja":"カベイ","it":"Cabay","zh-CN":"卡贝","tr":"Cabay","ru":"Кабай","uk":"Кабай","pl":"Cabay","hi":"कैबे","ar":"كاباي"},"wikiDataId":"Q31523188"},{"id":147974,"name":"Cabodiongan","state_id":1322,"state_code":"08","state_name":"Eastern Visayas","country_id":174,"country_code":"PH","country_name":"Philippines","latitude":"12.66416667","longitude":"125.04555556","native":"Cabodiongan","type":"city","level":null,"parent_id":null,"population":3002,"timezone":"Asia/Manila","translations":{"br":"Cabodiongan","ko":"카보디온간","pt-BR":"Cabodiongan","pt":"Cabodiongan","nl":"Cabodiongan","hr":"Cabodiongan","fa":"کابودیونگان","de":"Cabodiongan","es":"Cabodiongan","fr":"Cabodiongan","ja":"カボディオンガン","it":"Cabodiongan","zh-CN":"卡博迪翁甘","tr":"Kabodiongan","ru":"Кабодионган","uk":"Кабодіонган","pl":"Cabodiongan","hi":"कैबोडियनगन","ar":"كابوديونجان"},"wikiDataId":"Q31523752"},{"id":148044,"name":"Cagamotan","state_id":1322,"state_code":"08","state_name":"Eastern Visayas","country_id":174,"country_code":"PH","country_name":"Philippines","latitude":"12.35583333","longitude":"125.28388889","native":"Cagamotan","type":"city","level":null,"parent_id":null,"population":2688,"timezone":"Asia/Manila","translations":{"br":"Cagamotan","ko":"카가모탄","pt-BR":"Cagamotan","pt":"Cagamotan","nl":"Cagamotan","hr":"Cagamotan","fa":"کاگاموتان","de":"Cagamotan","es":"Cagamotán","fr":"Cagamotan","ja":"カガモタン","it":"Cagamotan","zh-CN":"卡加莫坦","tr":"Cagamotan","ru":"Кагамотан","uk":"Кагамотан","pl":"Kagamotan","hi":"कैगामोटन","ar":"كاجاموتان"},"wikiDataId":"Q31525048"},{"id":148046,"name":"Calape","state_id":1322,"state_code":"08","state_name":"Eastern Visayas","country_id":174,"country_code":"PH","country_name":"Philippines","latitude":"11.94250000","longitude":"125.02138889","native":"Calape","type":"city","level":null,"parent_id":null,"population":2587,"timezone":"Asia/Manila","translations":{"br":"Calape","ko":"칼라페","pt-BR":"Calape","pt":"Calape","nl":"Calape","hr":"Calape","fa":"کالپه","de":"Calape","es":"Calape","fr":"Calape","ja":"カラペ","it":"Calape","zh-CN":"卡拉佩","tr":"Calape","ru":"Калапе","uk":"Калапе","pl":"Calape","hi":"कैलापे","ar":"كالاب"},"wikiDataId":"Q31527287"},{"id":148131,"name":"Calbayog","state_id":1322,"state_code":"08","state_name":"Eastern Visayas","country_id":174,"country_code":"PH","country_name":"Philippines","latitude":"12.06666667","longitude":"124.60000000","native":"Calbayog","type":"city","level":null,"parent_id":null,"population":67921,"timezone":"Asia/Manila","translations":{"br":"Calbayog","ko":"칼바요그","pt-BR":"Calbayog","pt":"Calbayog","nl":"Calbayog","hr":"Calbayog","fa":"کالبایگ","de":"Calbayog","es":"Calbayog","fr":"Calbayog","ja":"カルバヨグ","it":"Calbayog","zh-CN":"卡尔巴约格","tr":"Calbayog","ru":"Калбайог","uk":"Калбайог","pl":"Calbayog","hi":"कैल्बायोग","ar":"كالبايوج"},"wikiDataId":"Q577336"},{"id":147971,"name":"Canhandugan","state_id":1322,"state_code":"08","state_name":"Eastern Visayas","country_id":174,"country_code":"PH","country_name":"Philippines","latitude":"11.13500000","longitude":"124.77972222","native":"Canhandugan","type":"city","level":null,"parent_id":null,"population":2104,"timezone":"Asia/Manila","translations":{"br":"Canhandugan","ko":"칸한두간","pt-BR":"Canhandugan","pt":"Canhandugan","nl":"Canhandugan","hr":"Canhandugan","fa":"کان‌هندوگَن","de":"Canhandugan","es":"Canhandugan","fr":"Canhandugan","ja":"カンハンドゥガン","it":"Canhandugan","zh-CN":"坎汉杜甘","tr":"Canhandugan","ru":"Канхандуган","uk":"Канхандуган","pl":"Canhandugan","hi":"कैनहंडुगन","ar":"كانهاندوجان"},"wikiDataId":"Q31532002"},{"id":148042,"name":"Caraycaray","state_id":1322,"state_code":"08","state_name":"Eastern Visayas","country_id":174,"country_code":"PH","country_name":"Philippines","latitude":"11.55500000","longitude":"124.41500000","native":"Caraycaray","type":"city","level":null,"parent_id":null,"population":3174,"timezone":"Asia/Manila","translations":{"br":"Caraycaray","ko":"카레이카레이","pt-BR":"Caraycaray","pt":"Caraycaray","nl":"Caraycaray","hr":"Caraycaray","fa":"کارایکارای","de":"Caraycaray","es":"Caraycaray","fr":"Caraycaray","ja":"カライカライ","it":"Caraycaray","zh-CN":"卡拉卡雷","tr":"Caraycaray","ru":"Караякарай","uk":"Карайкарай","pl":"Caraycaray","hi":"कैरेकैरे","ar":"كارايكاراي"},"wikiDataId":"Q31534176"},{"id":148117,"name":"Caridad","state_id":1322,"state_code":"08","state_name":"Eastern Visayas","country_id":174,"country_code":"PH","country_name":"Philippines","latitude":"10.83138889","longitude":"124.75166667","native":"Charity","type":"city","level":null,"parent_id":null,"population":3688,"timezone":"Asia/Manila","translations":{"br":"Karidad","ko":"카리다드","pt-BR":"Caridade","pt":"Caridade","nl":"Liefde","hr":"Caridad","fa":"کاریداد","de":"Caridad","es":"Caridad","fr":"Charité","ja":"カリダッド","it":"Carità","zh-CN":"卡里达德","tr":"Caridad","ru":"Каридад","uk":"Карідад","pl":"Caridad","hi":"सेरिदाद","ar":"كاريداد"},"wikiDataId":"Q31534436"},{"id":148078,"name":"Cavite","state_id":1322,"state_code":"08","state_name":"Eastern Visayas","country_id":174,"country_code":"PH","country_name":"Philippines","latitude":"11.21472222","longitude":"124.82305556","native":"Cavite","type":"adm3","level":null,"parent_id":null,"population":4573884,"timezone":"Asia/Manila","translations":{"br":"Kavite","ko":"카비테","pt-BR":"Cavite","pt":"Cavite","nl":"Cavite","hr":"Cavite","fa":"کاویت","de":"Cavite","es":"Cavite","fr":"Cavite","ja":"カビテ","it":"Cavite","zh-CN":"甲米地省","tr":"Kavite","ru":"Кавите","uk":"Кавіте","pl":"Kawit","hi":"कैविटे","ar":"كافيت"},"wikiDataId":"Q100269522"},{"id":148192,"name":"Consuegra","state_id":1322,"state_code":"08","state_name":"Eastern Visayas","country_id":174,"country_code":"PH","country_name":"Philippines","latitude":"11.29750000","longitude":"124.51250000","native":"Consuegra","type":"city","level":null,"parent_id":null,"population":3337,"timezone":"Asia/Manila","translations":{"br":"Consuegra","ko":"콘수에그라","pt-BR":"Consuegra","pt":"Consuegra","nl":"Consuegra","hr":"Consuegra","fa":"کونسوئگرا","de":"Consuegra","es":"Consuegra","fr":"Consuegra","ja":"コンスエグラ","it":"Consuegra","zh-CN":"孔苏埃格拉","tr":"Tüketim","ru":"Консуэгра","uk":"Консуегра","pl":"Consuegra","hi":"कॉन्सुएग्रा","ar":"كونسويغرا"},"wikiDataId":"Q31551919"},{"id":148052,"name":"Culasian","state_id":1322,"state_code":"08","state_name":"Eastern Visayas","country_id":174,"country_code":"PH","country_name":"Philippines","latitude":"11.30694444","longitude":"124.61055556","native":"Culasian","type":"city","level":null,"parent_id":null,"population":2475,"timezone":"Asia/Manila","translations":{"br":"Culasian","ko":"쿨라시안","pt-BR":"Culasiano","pt":"Culasiano","nl":"Culasian","hr":"Culasian","fa":"کولاسیایی","de":"Culasian","es":"Culasiano","fr":"Culasien","ja":"クラシアン","it":"Culasiano","zh-CN":"库拉西亚","tr":"Culasian","ru":"Кулазийский","uk":"Куласіан","pl":"Culasian","hi":"कुलासियन","ar":"كولاسيان"},"wikiDataId":"Q31557088"},{"id":148128,"name":"Dapdap","state_id":1322,"state_code":"08","state_name":"Eastern Visayas","country_id":174,"country_code":"PH","country_name":"Philippines","latitude":"12.06194444","longitude":"125.48805556","native":"Indian coral tree","type":"city","level":null,"parent_id":null,"population":2127,"timezone":"Asia/Manila","translations":{"br":"Dapdap","ko":"다프다프","pt-BR":"Dapdap","pt":"Dapdap","nl":"Dapdap","hr":"Dapdap","fa":"داپداپ","de":"Dapdap","es":"Dapdap","fr":"Dapdap","ja":"ダップダップ","it":"Dapdap","zh-CN":"达普达普","tr":"Dapdap","ru":"Дапдап","uk":"Дапдап","pl":"Dapdap","hi":"डैपडैप","ar":"داداب"},"wikiDataId":"Q31561745"},{"id":148211,"name":"Doos","state_id":1322,"state_code":"08","state_name":"Eastern Visayas","country_id":174,"country_code":"PH","country_name":"Philippines","latitude":"10.46527778","longitude":"124.72944444","native":"Box","type":"city","level":null,"parent_id":null,"population":2744,"timezone":"Asia/Manila","translations":{"br":"Doos","ko":"두스","pt-BR":"Doos","pt":"Doos","nl":"Doos","hr":"Doos","fa":"دوس","de":"Doos","es":"Puertas","fr":"Boîtes","ja":"ドゥース","it":"Doos","zh-CN":"杜斯","tr":"Doos","ru":"Дус","uk":"Дус","pl":"Doos","hi":"डूस","ar":"دوس"},"wikiDataId":"Q31570463"},{"id":148191,"name":"Erenas","state_id":1322,"state_code":"08","state_name":"Eastern Visayas","country_id":174,"country_code":"PH","country_name":"Philippines","latitude":"12.42444444","longitude":"124.32388889","native":"Eren","type":"city","level":null,"parent_id":null,"population":2243,"timezone":"Asia/Manila","translations":{"br":"Erenas","ko":"에레나스","pt-BR":"Erenas","pt":"Erenas","nl":"Erenas","hr":"Erenas","fa":"ارناس","de":"Erenas","es":"Erenas","fr":"Érenas","ja":"エレナス","it":"Erenas","zh-CN":"埃雷纳斯","tr":"Erenas","ru":"Эренас","uk":"Еренас","pl":"Erenas","hi":"एरेनास","ar":"إيريناس"},"wikiDataId":"Q31578713"},{"id":148116,"name":"Gabas","state_id":1322,"state_code":"08","state_name":"Eastern Visayas","country_id":174,"country_code":"PH","country_name":"Philippines","latitude":"10.72972222","longitude":"124.79611111","native":"east","type":"city","level":null,"parent_id":null,"population":2255,"timezone":"Asia/Manila","translations":{"br":"Gabas","ko":"가바스","pt-BR":"Gabas","pt":"Gabas","nl":"Gabas","hr":"Gabas","fa":"گاباس","de":"Gabas","es":"Gabas","fr":"Gabas","ja":"ガバス","it":"Gabas","zh-CN":"加巴斯","tr":"Gabas","ru":"Габас","uk":"Габас","pl":"Gabas","hi":"गबास","ar":"غاباس"},"wikiDataId":"Q31796886"},{"id":148055,"name":"Ginabuyan","state_id":1322,"state_code":"08","state_name":"Eastern Visayas","country_id":174,"country_code":"PH","country_name":"Philippines","latitude":"11.23833333","longitude":"124.40472222","native":"Isolated","type":"city","level":null,"parent_id":null,"population":2391,"timezone":"Asia/Manila","translations":{"br":"Ginabuyan","ko":"지나부얀","pt-BR":"Ginabuyan","pt":"Ginabuyan","nl":"Ginabuyan","hr":"Ginabuyan","fa":"جینابویان","de":"Ginabuyan","es":"Ginabuyan","fr":"Ginabuyan","ja":"ギナブヤン","it":"Ginabuyan","zh-CN":"吉纳布延","tr":"Ginabuyan","ru":"Гинабуян","uk":"Гінабуян","pl":"Ginabuyan","hi":"गिनाबुयान","ar":"جينابويان"},"wikiDataId":"Q31457832"},{"id":148086,"name":"Gubang","state_id":1322,"state_code":"08","state_name":"Eastern Visayas","country_id":174,"country_code":"PH","country_name":"Philippines","latitude":"10.64000000","longitude":"124.86805556","native":"hurricane-damaged","type":"city","level":null,"parent_id":null,"population":0,"timezone":"Asia/Manila","translations":{"br":"Gubang","ko":"구방","pt-BR":"Gubang","pt":"Gubang","nl":"Gubang","hr":"Gubang","fa":"گوبانگ","de":"Gubang","es":"Gubang","fr":"Gubang","ja":"グバン","it":"Gubang","zh-CN":"古邦","tr":"Gubang","ru":"Губанг","uk":"Губанг","pl":"Gubang","hi":"गुबांग","ar":"جوبانج"},"wikiDataId":"Q102110656"},{"id":148125,"name":"Guindapunan","state_id":1322,"state_code":"08","state_name":"Eastern Visayas","country_id":174,"country_code":"PH","country_name":"Philippines","latitude":"11.30277778","longitude":"124.70583333","native":"Guindapunan","type":"city","level":null,"parent_id":null,"population":2279,"timezone":"Asia/Manila","translations":{"br":"Guindapunan","ko":"귄다푸난","pt-BR":"Guindapunan","pt":"Guindapunan","nl":"Guindapuna","hr":"Guindapunan","fa":"گوینداپونان","de":"Guindapunan","es":"Guindapunan","fr":"Guindapunan","ja":"ギンダプナン","it":"Guindapunan","zh-CN":"金达普南","tr":"Guindapunan","ru":"Гуиндапунан","uk":"Гвіндапунан","pl":"Guindapunan","hi":"गुइंडापुनन","ar":"غويندابونان"},"wikiDataId":"Q31811364"},{"id":147972,"name":"Guirang","state_id":1322,"state_code":"08","state_name":"Eastern Visayas","country_id":174,"country_code":"PH","country_name":"Philippines","latitude":"11.35000000","longitude":"125.11666667","native":"Guirang","type":"city","level":null,"parent_id":null,"population":2504,"timezone":"Asia/Manila","translations":{"br":"Guirang","ko":"귀랑","pt-BR":"Guirang","pt":"Guirang","nl":"Guirang","hr":"Guirang","fa":"گیرانگ","de":"Guirang","es":"Guirang","fr":"Guirang","ja":"ギラン","it":"Guirang","zh-CN":"桂让","tr":"Guirang","ru":"Гуйран","uk":"Гуйранг","pl":"Guirang","hi":"गुइरंग","ar":"غويرانج"},"wikiDataId":"Q31811378"},{"id":148122,"name":"Hingatungan","state_id":1322,"state_code":"08","state_name":"Eastern Visayas","country_id":174,"country_code":"PH","country_name":"Philippines","latitude":"10.58388889","longitude":"125.18527778","native":"Eager","type":"city","level":null,"parent_id":null,"population":2019,"timezone":"Asia/Manila","translations":{"br":"Hingatungan","ko":"힝가퉁안","pt-BR":"Hingatungan","pt":"Hingatungan","nl":"Hingatungan","hr":"Hingatungan","fa":"هینگاتونگان","de":"Hingatungan","es":"Hingatungan","fr":"Hingatungan","ja":"ヒンガトゥンガン","it":"Hingatungan","zh-CN":"欣加通甘","tr":"Hingatungan","ru":"Хингатунган","uk":"Хінгатунган","pl":"Hingatungan","hi":"हिंगतुंगन","ar":"هينجاتونجان"},"wikiDataId":"Q31811447"},{"id":148026,"name":"Hipadpad","state_id":1322,"state_code":"08","state_name":"Eastern Visayas","country_id":174,"country_code":"PH","country_name":"Philippines","latitude":"12.28555556","longitude":"125.23611111","native":"Hipadpad","type":"city","level":null,"parent_id":null,"population":3797,"timezone":"Asia/Manila","translations":{"br":"Hipadpad","ko":"히패드패드","pt-BR":"Hipadpad","pt":"Hipadpad","nl":"Heuppad","hr":"Hipadpad","fa":"هیپادپاد","de":"Hipadpad","es":"Hipadpad","fr":"Hipadpad","ja":"ヒパッドパッド","it":"Hipadpad","zh-CN":"嘻哈音乐垫","tr":"Hipadpad","ru":"Хипадпад","uk":"Гіпадпад","pl":"Hippadpad","hi":"हिपाडपैड","ar":"هيبادباد"},"wikiDataId":"Q31811449"},{"id":148048,"name":"Hipasngo","state_id":1322,"state_code":"08","state_name":"Eastern Visayas","country_id":174,"country_code":"PH","country_name":"Philippines","latitude":"10.66250000","longitude":"124.80861111","native":"Hipasngo","type":"city","level":null,"parent_id":null,"population":2314,"timezone":"Asia/Manila","translations":{"br":"Hipasngo","ko":"히파스응고","pt-BR":"Hipasngo","pt":"Hipasngo","nl":"Hipasngo","hr":"Hipasngo","fa":"هیپاسنگو","de":"Hipasngo","es":"Hipasngo","fr":"Hipasngo","ja":"ヒパスンゴ","it":"Hipasngo","zh-CN":"希帕桑戈","tr":"Hipasngo","ru":"Хипаснго","uk":"Гіпаснго","pl":"Hipasngo","hi":"हिपासन्गो","ar":"هيباسنجو"},"wikiDataId":"Q31811450"},{"id":148040,"name":"Ibarra","state_id":1322,"state_code":"08","state_name":"Eastern Visayas","country_id":174,"country_code":"PH","country_name":"Philippines","latitude":"10.12472222","longitude":"124.88416667","native":"Ibarra","type":"city","level":null,"parent_id":null,"population":3065,"timezone":"Asia/Manila","translations":{"br":"Ibarra","ko":"이바라","pt-BR":"Ibarra","pt":"Ibarra","nl":"Ibarra","hr":"Ibarra","fa":"ایبارا","de":"Ibarra","es":"Ibarra","fr":"Ibarra","ja":"イバラ","it":"Ibarra","zh-CN":"伊瓦拉","tr":"Ibarra","ru":"Ибарра","uk":"Ібарра","pl":"Ibarra","hi":"इबारा","ar":"إيبارا"},"wikiDataId":"Q31811464"},{"id":148051,"name":"Inangatan","state_id":1322,"state_code":"08","state_name":"Eastern Visayas","country_id":174,"country_code":"PH","country_name":"Philippines","latitude":"11.26013560","longitude":"124.39278670","native":"Inangatan","type":"city","level":null,"parent_id":null,"population":3215,"timezone":"Asia/Manila","translations":{"br":"Inangatan","ko":"이낭가탄","pt-BR":"Inangatan","pt":"Inangatan","nl":"Inangatan","hr":"Inangatan","fa":"اینانگاتان","de":"Inangatan","es":"Inangatan","fr":"Inangatan","ja":"イナンガタン","it":"Inangatan","zh-CN":"伊南加坦","tr":"İnangatan","ru":"Инангатан","uk":"Інангатан","pl":"Inangatan","hi":"इनांगटन","ar":"إنانغاتان"},"wikiDataId":"Q31811494"},{"id":148137,"name":"Ipil","state_id":1322,"state_code":"08","state_name":"Eastern Visayas","country_id":174,"country_code":"PH","country_name":"Philippines","latitude":"11.00010000","longitude":"124.52120000","native":"Ipil","type":"city","level":null,"parent_id":null,"population":2813,"timezone":"Asia/Manila","translations":{"br":"Ipil","ko":"이필","pt-BR":"Ipil","pt":"Ipil","nl":"Ipil","hr":"Ipil","fa":"ایپیل","de":"Ipil","es":"Ipil","fr":"Ipil","ja":"イピル","it":"Ipil","zh-CN":"伊皮尔","tr":"İpil","ru":"Ипил","uk":"Іпіл","pl":"Ipil","hi":"इपिल","ar":"إيبيل"},"wikiDataId":"Q31811511"},{"id":148028,"name":"Jubasan","state_id":1322,"state_code":"08","state_name":"Eastern Visayas","country_id":174,"country_code":"PH","country_name":"Philippines","latitude":"12.48444444","longitude":"124.28722222","native":"Jubasan","type":"city","level":null,"parent_id":null,"population":2328,"timezone":"Asia/Manila","translations":{"br":"Jubasan","ko":"주바산","pt-BR":"Jubasan","pt":"Jubasan","nl":"Jubasan","hr":"Jubasan","fa":"جوباسان","de":"Jubasan","es":"Jubasan","fr":"Jubasan","ja":"ジュバサン","it":"Jubasan","zh-CN":"朱巴桑","tr":"Jubasan","ru":"Джубасан","uk":"Джубасан","pl":"Jubasan","hi":"जुबासन","ar":"جوباسان"},"wikiDataId":"Q31811560"},{"id":148027,"name":"Kabuynan","state_id":1322,"state_code":"08","state_name":"Eastern Visayas","country_id":174,"country_code":"PH","country_name":"Philippines","latitude":"11.08055556","longitude":"125.02472222","native":"Kabynan","type":"city","level":null,"parent_id":null,"population":2569,"timezone":"Asia/Manila","translations":{"br":"Kabuynan","ko":"카부이난","pt-BR":"Kabuynan","pt":"Kabuynan","nl":"Kabuynan","hr":"Kabuynan","fa":"کابوینان","de":"Kabuynan","es":"Kabuynan","fr":"Kabuynan","ja":"カブイナン","it":"Kabuynan","zh-CN":"卡布伊南","tr":"Kabuynan","ru":"Кабуйнан","uk":"Кабуйнан","pl":"Kabuynan","hi":"काबुयनन","ar":"كابوينان"},"wikiDataId":"Q31811575"},{"id":148035,"name":"Kampokpok","state_id":1322,"state_code":"08","state_name":"Eastern Visayas","country_id":174,"country_code":"PH","country_name":"Philippines","latitude":"11.29611111","longitude":"124.40500000","native":"Robbery","type":"city","level":null,"parent_id":null,"population":5688,"timezone":"Asia/Manila","translations":{"br":"Kampokpok","ko":"캄폭폭","pt-BR":"Kampokpok","pt":"Kampokpok","nl":"Kampokpok","hr":"Kampokpok","fa":"کامپوکپوک","de":"Kampokpok","es":"Kampokpok","fr":"Kampokpok","ja":"カンポクポク","it":"Kampokpok","zh-CN":"甘榜蒲蒲","tr":"Kampokpok","ru":"Кампокпок","uk":"Кампокпок","pl":"Kampokpok","hi":"कम्पोकपोक","ar":"كامبوكبوك"},"wikiDataId":"Q31811602"},{"id":148143,"name":"Kilim","state_id":1322,"state_code":"08","state_name":"Eastern Visayas","country_id":174,"country_code":"PH","country_name":"Philippines","latitude":"10.71166667","longitude":"124.79666667","native":"Rug","type":"city","level":null,"parent_id":null,"population":3262,"timezone":"Asia/Manila","translations":{"br":"Kilim","ko":"킬림","pt-BR":"Kilim","pt":"Kilim","nl":"Kelim","hr":"Ćilim","fa":"گلیم","de":"Kelim","es":"Kilim","fr":"Kilim","ja":"キリム","it":"Kilim","zh-CN":"基里姆","tr":"Kilim","ru":"Килим","uk":"Килим","pl":"Kilim","hi":"किलिम","ar":"كليم"},"wikiDataId":"Q31811639"},{"id":148196,"name":"Lalauigan","state_id":1322,"state_code":"08","state_name":"Eastern Visayas","country_id":174,"country_code":"PH","country_name":"Philippines","latitude":"11.58916667","longitude":"125.46972222","native":"Thiege","type":"adm3","level":null,"parent_id":null,"population":2025,"timezone":"Asia/Manila","translations":{"br":"Lalauigan","ko":"라라우간","pt-BR":"Lalauigan","pt":"Lalauigan","nl":"Lalauigan","hr":"Lalauigan","fa":"لالاویگان","de":"Lalauigan","es":"Lalauigan","fr":"Lalauigan","ja":"ララウガン","it":"Lalauigan","zh-CN":"拉劳伊甘","tr":"Lalauigan","ru":"Лалауиган","uk":"Лалауїган","pl":"Lalauigan","hi":"लालाउइगन","ar":"لالاويجان"},"wikiDataId":"Q31811754"},{"id":148032,"name":"Lamak","state_id":1322,"state_code":"08","state_name":"Eastern Visayas","country_id":174,"country_code":"PH","country_name":"Philippines","latitude":"10.39972222","longitude":"124.73888889","native":"Launch","type":"city","level":null,"parent_id":null,"population":2201,"timezone":"Asia/Manila","translations":{"br":"Lamak","ko":"라막","pt-BR":"Lamak","pt":"Lamak","nl":"Lamak","hr":"Lamak","fa":"لاماک","de":"Lamak","es":"Llama","fr":"Lamak","ja":"ラマック","it":"Lamak","zh-CN":"拉马克","tr":"Lamak","ru":"Ламак","uk":"Ламак","pl":"Lamak","hi":"लामक","ar":"لاماك"},"wikiDataId":"Q31811757"},{"id":148197,"name":"Lao","state_id":1322,"state_code":"08","state_name":"Eastern Visayas","country_id":174,"country_code":"PH","country_name":"Philippines","latitude":"11.01906270","longitude":"124.55979780","native":"Lao","type":"city","level":null,"parent_id":null,"population":2154,"timezone":"Asia/Manila","translations":{"br":"Lao","ko":"라오어","pt-BR":"Laos","pt":"Laos","nl":"Laotiaans","hr":"Lao","fa":"لائو","de":"Lao","es":"Laosiano","fr":"Lao","ja":"ラオス","it":"Lao","zh-CN":"老挝","tr":"Lao","ru":"Лаосский","uk":"Лао","pl":"Laotański","hi":"लाओ","ar":"لاو"},"wikiDataId":"Q31811793"},{"id":148037,"name":"Libas","state_id":1322,"state_code":"08","state_name":"Eastern Visayas","country_id":174,"country_code":"PH","country_name":"Philippines","latitude":"10.93888889","longitude":"124.54500000","native":"Clothing","type":"city","level":null,"parent_id":null,"population":2056,"timezone":"Asia/Manila","translations":{"br":"Libas","ko":"리바스","pt-BR":"Libas","pt":"Libas","nl":"Weegschaal","hr":"Libas","fa":"لیباس","de":"Libas","es":"Libas","fr":"Libas","ja":"リバス","it":"Libas","zh-CN":"利巴斯","tr":"Libas","ru":"Либас","uk":"Лібас","pl":"Libas","hi":"लिबास","ar":"ليباس"},"wikiDataId":"Q31811846"},{"id":147968,"name":"Liberty","state_id":1322,"state_code":"08","state_name":"Eastern Visayas","country_id":174,"country_code":"PH","country_name":"Philippines","latitude":"10.87416667","longitude":"125.00250000","native":"Liberty","type":"city","level":null,"parent_id":null,"population":2323,"timezone":"Asia/Manila","translations":{"br":"Frankiz","ko":"자유","pt-BR":"Liberdade","pt":"Liberdade","nl":"Vrijheid","hr":"Sloboda","fa":"آزادی","de":"Freiheit","es":"Libertad","fr":"Liberté","ja":"自由","it":"Libertà","zh-CN":"自由","tr":"Özgürlük","ru":"Свобода","uk":"Свобода","pl":"Wolność","hi":"स्वतंत्रता","ar":"الحرية"},"wikiDataId":"Q31811862"},{"id":148112,"name":"Lim-oo","state_id":1322,"state_code":"08","state_name":"Eastern Visayas","country_id":174,"country_code":"PH","country_name":"Philippines","latitude":"11.15083333","longitude":"124.63083333","native":"Lim-yes","type":"city","level":null,"parent_id":null,"population":2137,"timezone":"Asia/Manila","translations":{"br":"Lim-oo","ko":"림우","pt-BR":"Lim-oo","pt":"Lim-oo","nl":"Lim-oo","hr":"Lim-oo","fa":"لیم-او","de":"Lim-oo","es":"Lim-oo","fr":"Lim-oo","ja":"リムウー","it":"Lim-oo","zh-CN":"林宇","tr":"Lim-oo","ru":"Лим-у","uk":"Лім-у","pl":"Lim-oo","hi":"लिम-ऊ","ar":"ليم-أو"},"wikiDataId":"Q31811882"},{"id":148036,"name":"Limon","state_id":1322,"state_code":"08","state_name":"Eastern Visayas","country_id":174,"country_code":"PH","country_name":"Philippines","latitude":"11.28888889","longitude":"124.56722222","native":"Limon","type":"city","level":null,"parent_id":null,"population":2495,"timezone":"Asia/Manila","translations":{"br":"Limon","ko":"리몬","pt-BR":"Limão","pt":"Limão","nl":"Citroen","hr":"Limun","fa":"لیمون","de":"Limon","es":"Limón","fr":"Citron","ja":"リモン","it":"Limone","zh-CN":"利蒙","tr":"Limon","ru":"Лимон","uk":"Лимон","pl":"Cytryna","hi":"लिमोन","ar":"ليمون"},"wikiDataId":"Q31811893"},{"id":148088,"name":"Lubi","state_id":1322,"state_code":"08","state_name":"Eastern Visayas","country_id":174,"country_code":"PH","country_name":"Philippines","latitude":"10.96666667","longitude":"124.78333333","native":"Likes","type":"city","level":null,"parent_id":null,"population":null,"timezone":"Asia/Manila","translations":{"br":"Lubi","ko":"루비","pt-BR":"Lubi","pt":"Lubi","nl":"Lubi","hr":"Lubi","fa":"لوبی","de":"Lubi","es":"Lubi","fr":"Lubi","ja":"ルビ","it":"Lubi","zh-CN":"卢比","tr":"Lubi","ru":"Люби","uk":"Любі","pl":"Lubi","hi":"लुबी","ar":"لوبي"},"wikiDataId":"Q100270807"},{"id":148076,"name":"Mahagnao","state_id":1322,"state_code":"08","state_name":"Eastern Visayas","country_id":174,"country_code":"PH","country_name":"Philippines","latitude":"10.98333000","longitude":"124.88333000","native":"Mahagnao","type":"adm3","level":null,"parent_id":null,"population":0,"timezone":"Asia/Manila","translations":{"br":"Mahagnao","ko":"마하냐오","pt-BR":"Mahagnao","pt":"Mahagnao","nl":"Mahagnao","hr":"Mahagnao","fa":"ماهاگناو","de":"Mahagnao","es":"Mahagnao","fr":"Mahagnao","ja":"マハニャオ","it":"Mahagnao","zh-CN":"马哈格诺","tr":"Mahagnao","ru":"Махагнао","uk":"Маганьяо","pl":"Mahagnao","hi":"महाग्नाओ","ar":"ماهاجناو"},"wikiDataId":"Q100268939"},{"id":148199,"name":"Makiwalo","state_id":1322,"state_code":"08","state_name":"Eastern Visayas","country_id":174,"country_code":"PH","country_name":"Philippines","latitude":"12.51000000","longitude":"124.70611111","native":"Makwilo","type":"city","level":null,"parent_id":null,"population":4614,"timezone":"Asia/Manila","translations":{"br":"Makiwalo","ko":"마키왈로","pt-BR":"Makiwalo","pt":"Makiwalo","nl":"Makiwalo","hr":"Makiwalo","fa":"ماکیوالو","de":"Makiwalo","es":"Makiwalo","fr":"Makiwalo","ja":"マキワロ","it":"Makiwalo","zh-CN":"马基瓦洛","tr":"Makiwalo","ru":"Макивало","uk":"Маківало","pl":"Makiwalo","hi":"मकीवालो","ar":"ماكيوالو"},"wikiDataId":"Q31812122"},{"id":148138,"name":"Malaga","state_id":1322,"state_code":"08","state_name":"Eastern Visayas","country_id":174,"country_code":"PH","country_name":"Philippines","latitude":"12.23694444","longitude":"124.37527778","native":"Malaga","type":"city","level":null,"parent_id":null,"population":2156,"timezone":"Asia/Manila","translations":{"br":"Malaga","ko":"말라가","pt-BR":"málaga","pt":"málaga","nl":"Malaga","hr":"Malaga","fa":"مالاگا","de":"Málaga","es":"málaga","fr":"Malaga","ja":"マラガ","it":"Malaga","zh-CN":"马拉加","tr":"Malaga","ru":"Малага","uk":"Малага","pl":"malaga","hi":"लाल रंग","ar":"مالقة"},"wikiDataId":"Q31812133"},{"id":148144,"name":"Malajog","state_id":1322,"state_code":"08","state_name":"Eastern Visayas","country_id":174,"country_code":"PH","country_name":"Philippines","latitude":"12.11027778","longitude":"124.47916667","native":"Malajog","type":"city","level":null,"parent_id":null,"population":2196,"timezone":"Asia/Manila","translations":{"br":"Malajog","ko":"말라조그","pt-BR":"Malajog","pt":"Malajog","nl":"Malajog","hr":"Malajog","fa":"مالاجوگ","de":"Malajog","es":"Malajog","fr":"Malajog","ja":"マラジョグ","it":"Malajog","zh-CN":"马拉约格","tr":"Malajog","ru":"Маладжог","uk":"Маладжог","pl":"Malajog","hi":"मालाजोग","ar":"مالاجوج"},"wikiDataId":"Q31812138"},{"id":148146,"name":"Mantang","state_id":1322,"state_code":"08","state_name":"Eastern Visayas","country_id":174,"country_code":"PH","country_name":"Philippines","latitude":"11.87000000","longitude":"125.42833333","native":"MANGANG","type":"city","level":null,"parent_id":null,"population":2081,"timezone":"Asia/Manila","translations":{"br":"Mantang","ko":"만탕","pt-BR":"Mantang","pt":"Mantang","nl":"Mantang","hr":"Mantang","fa":"مانتانگ","de":"Mantang","es":"Mantang","fr":"Mantang","ja":"マンタン","it":"Mantang","zh-CN":"满堂","tr":"Mantang","ru":"Мантанг","uk":"Мантанг","pl":"Mantang","hi":"मंतांग","ar":"مانتانغ"},"wikiDataId":"Q31812270"},{"id":148148,"name":"Margen","state_id":1322,"state_code":"08","state_name":"Eastern Visayas","country_id":174,"country_code":"PH","country_name":"Philippines","latitude":"11.01659780","longitude":"124.53054500","native":"Margin","type":"city","level":null,"parent_id":null,"population":2813,"timezone":"Asia/Manila","translations":{"br":"Margen","ko":"마르겐","pt-BR":"Margem","pt":"Margem","nl":"Margen","hr":"Margen","fa":"مارگن","de":"Margen","es":"Margen","fr":"Marge","ja":"マーゲン","it":"Margen","zh-CN":"玛根","tr":"Margen","ru":"Марген","uk":"Марген","pl":"Margen","hi":"मार्गेन","ar":"مارغن"},"wikiDataId":"Q31812299"},{"id":148030,"name":"Masarayao","state_id":1322,"state_code":"08","state_name":"Eastern Visayas","country_id":174,"country_code":"PH","country_name":"Philippines","latitude":"11.08972222","longitude":"124.61750000","native":"Masarayao","type":"city","level":null,"parent_id":null,"population":2085,"timezone":"Asia/Manila","translations":{"br":"Masarayao","ko":"마사라야오","pt-BR":"Masarayao","pt":"Masarayao","nl":"Masarayao","hr":"Masarayao","fa":"ماسارایائو","de":"Masarayao","es":"Masarayao","fr":"Masarayao","ja":"マサラヤオ","it":"Masarayao","zh-CN":"雅良雄","tr":"Masarayao","ru":"Масарайо","uk":"Масараяо","pl":"Masarayao","hi":"मासारायाओ","ar":"ماساراياو"},"wikiDataId":"Q31812319"},{"id":148194,"name":"Matlang","state_id":1322,"state_code":"08","state_name":"Eastern Visayas","country_id":174,"country_code":"PH","country_name":"Philippines","latitude":"10.89027778","longitude":"124.45527778","native":"In force","type":"city","level":null,"parent_id":null,"population":5840,"timezone":"Asia/Manila","translations":{"br":"Matlang","ko":"마틀랑","pt-BR":"Matlang","pt":"Matlang","nl":"Matlang","hr":"Matlang","fa":"ماتلانگ","de":"Matlang","es":"Matlang","fr":"Matlang","ja":"マトラン","it":"Matlang","zh-CN":"马特朗","tr":"Matlang","ru":"Матланг","uk":"Матланг","pl":"Matlang","hi":"मतलांग","ar":"ماتلانج"},"wikiDataId":"Q31812353"},{"id":148147,"name":"Maypangdan","state_id":1322,"state_code":"08","state_name":"Eastern Visayas","country_id":174,"country_code":"PH","country_name":"Philippines","latitude":"11.65194444","longitude":"125.45027778","native":"Sponsored","type":"city","level":null,"parent_id":null,"population":2342,"timezone":"Asia/Manila","translations":{"br":"Maypangdan","ko":"마이팡단","pt-BR":"Maypangdan","pt":"Maypangdan","nl":"Maypangdan","hr":"Maypangdan","fa":"مایپانگدان","de":"Maypangdan","es":"Maypangdan","fr":"Maypangdan","ja":"メイパンダン","it":"Maypangdan","zh-CN":"梅庞丹","tr":"Maypangdan","ru":"Майпангдан","uk":"Майпангдан","pl":"Majpangdan","hi":"मयपांगदान","ar":"مايبانغدان"},"wikiDataId":"Q31812377"},{"id":148024,"name":"Naghalin","state_id":1322,"state_code":"08","state_name":"Eastern Visayas","country_id":174,"country_code":"PH","country_name":"Philippines","latitude":"11.14555556","longitude":"124.56722222","native":"from","type":"city","level":null,"parent_id":null,"population":2977,"timezone":"Asia/Manila","translations":{"br":"Naghalin","ko":"나갈린","pt-BR":"Naghalin","pt":"Naghalin","nl":"Naghalin","hr":"Naghalin","fa":"ناغالین","de":"Naghalin","es":"Naghalin","fr":"Naghalin","ja":"ナガリン","it":"Naghalin","zh-CN":"纳哈林","tr":"Naghalin","ru":"Нагалин","uk":"Нагалін","pl":"Naghalin","hi":"नागहलिन","ar":"نغالين"},"wikiDataId":"Q31812527"},{"id":148169,"name":"Napuro","state_id":1322,"state_code":"08","state_name":"Eastern Visayas","country_id":174,"country_code":"PH","country_name":"Philippines","latitude":"12.02722222","longitude":"124.70833333","native":"Napuro","type":"city","level":null,"parent_id":null,"population":2507,"timezone":"Asia/Manila","translations":{"br":"Napuro","ko":"나푸로","pt-BR":"Napuro","pt":"Napuro","nl":"Napuro","hr":"Napuro","fa":"ناپورو","de":"Napuro","es":"Napuro","fr":"Napuro","ja":"ナプロ","it":"Napuro","zh-CN":"纳普罗","tr":"Napuro","ru":"Напуро","uk":"Напуро","pl":"Napuro","hi":"नापुरो","ar":"نابورو"},"wikiDataId":"Q31812586"},{"id":148205,"name":"Nena","state_id":1322,"state_code":"08","state_name":"Eastern Visayas","country_id":174,"country_code":"PH","country_name":"Philippines","latitude":"11.76583333","longitude":"125.41777778","native":"Nena","type":"city","level":null,"parent_id":null,"population":2276,"timezone":"Asia/Manila","translations":{"br":"Nena","ko":"네나","pt-BR":"Nena","pt":"Nena","nl":"Nena","hr":"Nena","fa":"ننا","de":"Nena","es":"Nena","fr":"Nena","ja":"ネーナ","it":"Nena","zh-CN":"妮娜","tr":"Nena","ru":"Нена","uk":"Нена","pl":"Nena","hi":"नेना","ar":"نينا"},"wikiDataId":"Q31812603"},{"id":148154,"name":"Nenita","state_id":1322,"state_code":"08","state_name":"Eastern Visayas","country_id":174,"country_code":"PH","country_name":"Philippines","latitude":"12.49166667","longitude":"124.80444444","native":"Nitaita","type":"city","level":null,"parent_id":null,"population":2551,"timezone":"Asia/Manila","translations":{"br":"Nenita","ko":"네니타","pt-BR":"Nenita","pt":"Nenita","nl":"Nenita","hr":"Nenita","fa":"ننیتا","de":"Nenita","es":"Nenita","fr":"Nenita","ja":"ネニータ","it":"Nenita","zh-CN":"内尼塔","tr":"Nenita","ru":"Ненита","uk":"Неніта","pl":"Nenita","hi":"नेनिता","ar":"نينيتا"},"wikiDataId":"Q31812604"},{"id":147998,"name":"Palanit","state_id":1322,"state_code":"08","state_name":"Eastern Visayas","country_id":174,"country_code":"PH","country_name":"Philippines","latitude":"12.32138889","longitude":"124.34333333","native":"Pieces","type":"city","level":null,"parent_id":null,"population":3358,"timezone":"Asia/Manila","translations":{"br":"Palanit","ko":"팔라닛","pt-BR":"Palanit","pt":"Palanit","nl":"Palanit","hr":"Palanit","fa":"پالانیت","de":"Palanit","es":"Palanit","fr":"Palanit","ja":"パラニット","it":"Palanit","zh-CN":"帕拉尼特","tr":"Palanit","ru":"Паланит","uk":"Паланіт","pl":"Palanit","hi":"पलानित","ar":"بالانيت"},"wikiDataId":"Q31458162"},{"id":148155,"name":"Palaroo","state_id":1322,"state_code":"08","state_name":"Eastern Visayas","country_id":174,"country_code":"PH","country_name":"Philippines","latitude":"11.40555556","longitude":"124.48305556","native":"Palaroo","type":"city","level":null,"parent_id":null,"population":2409,"timezone":"Asia/Manila","translations":{"br":"Palaroo","ko":"팔라루","pt-BR":"Palaroo","pt":"Palaroo","nl":"Palaroo","hr":"Palaroo","fa":"پالارو","de":"Palaroo","es":"Palaroo","fr":"Palaroo","ja":"パラルー","it":"Palaroo","zh-CN":"帕拉鲁","tr":"Palaro","ru":"Палару","uk":"Палару","pl":"Palaroo","hi":"पलारू","ar":"بالارو"},"wikiDataId":"Q31458200"},{"id":148015,"name":"Palhi","state_id":1322,"state_code":"08","state_name":"Eastern Visayas","country_id":174,"country_code":"PH","country_name":"Philippines","latitude":"10.64972222","longitude":"124.80611111","native":"Palhi","type":"city","level":null,"parent_id":null,"population":2185,"timezone":"Asia/Manila","translations":{"br":"Palhi","ko":"팔히","pt-BR":"Palhi","pt":"Palhi","nl":"Palhi","hr":"Palhi","fa":"پالی","de":"Palhi","es":"Palhi","fr":"Palhi","ja":"パルヒ","it":"Palhi","zh-CN":"帕尔希","tr":"Palhi","ru":"Палхи","uk":"Палхі","pl":"Palhi","hi":"पल्ही","ar":"بالهي"},"wikiDataId":"Q31458296"},{"id":148007,"name":"Panalanoy","state_id":1322,"state_code":"08","state_name":"Eastern Visayas","country_id":174,"country_code":"PH","country_name":"Philippines","latitude":"11.25111111","longitude":"125.00638889","native":"Flight","type":"city","level":null,"parent_id":null,"population":189090,"timezone":"Asia/Manila","translations":{"br":"Panalanoy","ko":"파날라노이","pt-BR":"Panalanoy","pt":"Panalanoy","nl":"Panalanoy","hr":"Panalanoy","fa":"پانالانوی","de":"Panalanoy","es":"Panalanoy","fr":"Panalanoy","ja":"パナラノイ","it":"Panalanoy","zh-CN":"帕纳拉诺伊","tr":"Panalanoy","ru":"Паналаной","uk":"Паналаной","pl":"Panalanoy","hi":"पनालानॉय","ar":"بانالانو"},"wikiDataId":"Q31461148"},{"id":148009,"name":"Pangdan","state_id":1322,"state_code":"08","state_name":"Eastern Visayas","country_id":174,"country_code":"PH","country_name":"Philippines","latitude":"11.79166667","longitude":"124.87722222","native":"Letband","type":"adm3","level":null,"parent_id":null,"population":4730,"timezone":"Asia/Manila","translations":{"br":"Pangdan","ko":"팡단","pt-BR":"Pangdan","pt":"Pangdan","nl":"Pangdan","hr":"Pangdan","fa":"پانگدان","de":"Pangdan","es":"Pangdan","fr":"Pangdan","ja":"パンダン","it":"Pangdan","zh-CN":"庞丹","tr":"Pangdan","ru":"Пангдан","uk":"Пангдан","pl":"Pangdan","hi":"पंगदान","ar":"بانجدان"},"wikiDataId":"Q15265299"},{"id":148204,"name":"Pangpang","state_id":1322,"state_code":"08","state_name":"Eastern Visayas","country_id":174,"country_code":"PH","country_name":"Philippines","latitude":"12.56916667","longitude":"125.07388889","native":"rock","type":"city","level":null,"parent_id":null,"population":2021,"timezone":"Asia/Manila","translations":{"br":"Pangpang","ko":"팡팡","pt-BR":"Pangpang","pt":"Pangpang","nl":"Pangpang","hr":"Pangpang","fa":"پانگ‌پانگ","de":"Pangpang","es":"Pangpang","fr":"Pangpang","ja":"パンパン","it":"Pangpang","zh-CN":"庞庞","tr":"Pangpang","ru":"Пангпанг","uk":"Пангпанг","pl":"Pangpang","hi":"पंगपांग","ar":"بانجبانج"},"wikiDataId":"Q31462037"},{"id":148091,"name":"Pasay","state_id":1322,"state_code":"08","state_name":"Eastern Visayas","country_id":174,"country_code":"PH","country_name":"Philippines","latitude":"10.11443000","longitude":"124.89563000","native":"Pasay","type":"city","level":null,"parent_id":null,"population":900,"timezone":"Asia/Manila","translations":{"br":"Pasay","ko":"파사이","pt-BR":"Pasay","pt":"Pasay","nl":"Pasay","hr":"Pasay","fa":"پاسای","de":"Pasay","es":"Pasay","fr":"Pasay","ja":"パサイ","it":"Pasay","zh-CN":"帕赛","tr":"Pasay","ru":"Пасай","uk":"Пасай","pl":"Pasay","hi":"पासाय","ar":"باساي"},"wikiDataId":"Q31812772"},{"id":148166,"name":"Patong","state_id":1322,"state_code":"08","state_name":"Eastern Visayas","country_id":174,"country_code":"PH","country_name":"Philippines","latitude":"12.33638889","longitude":"125.28527778","native":"Patong","type":"city","level":null,"parent_id":null,"population":2498,"timezone":"Asia/Manila","translations":{"br":"Patong","ko":"파통","pt-BR":"Patong","pt":"Patong","nl":"Patong","hr":"Patong","fa":"پاتونگ","de":"Patong","es":"Patong","fr":"Patong","ja":"パトン","it":"Patong","zh-CN":"芭东","tr":"Patong","ru":"Патонг","uk":"Патонг","pl":"Patong","hi":"पटोंग","ar":"باتونج"},"wikiDataId":"Q31464416"},{"id":148002,"name":"Pawing","state_id":1322,"state_code":"08","state_name":"Eastern Visayas","country_id":174,"country_code":"PH","country_name":"Philippines","latitude":"11.18000000","longitude":"125.00277778","native":"Pawing","type":"city","level":null,"parent_id":null,"population":3316,"timezone":"Asia/Manila","translations":{"br":"Paozañ","ko":"발톱질","pt-BR":"Patas","pt":"Patas","nl":"Handtastelijkheden","hr":"Šapanje","fa":"پارو زدن","de":"Scharren","es":"Manoseando","fr":"Coup de patte","ja":"前足で歩く","it":"Scalpitare","zh-CN":"爪子","tr":"Pençeleme","ru":"Лапание","uk":"Лапання","pl":"Łapanie","hi":"पंजे मारना","ar":"الخدش"},"wikiDataId":"Q31465382"},{"id":148151,"name":"Piña","state_id":1322,"state_code":"08","state_name":"Eastern Visayas","country_id":174,"country_code":"PH","country_name":"Philippines","latitude":"12.19083333","longitude":"124.40138889","native":"Piña","type":"city","level":null,"parent_id":null,"population":3137,"timezone":"Asia/Manila","translations":{"br":"Piña","ko":"피냐","pt-BR":"Piña","pt":"Piña","nl":"Piña","hr":"Piña","fa":"پینا","de":"Piña","es":"Piña","fr":"Piña","ja":"ピニャ","it":"Piña","zh-CN":"皮尼亚","tr":"Piña","ru":"Пинья","uk":"Піна","pl":"Piña","hi":"पिना","ar":"بينيا"},"wikiDataId":"Q31471724"},{"id":148165,"name":"Pinamopoan","state_id":1322,"state_code":"08","state_name":"Eastern Visayas","country_id":174,"country_code":"PH","country_name":"Philippines","latitude":"11.31472222","longitude":"124.57388889","native":"Pinamopoan","type":"city","level":null,"parent_id":null,"population":2769,"timezone":"Asia/Manila","translations":{"br":"Pinamopoan","ko":"피나모포아","pt-BR":"Pinamopoan","pt":"Pinamopoan","nl":"Pinamopoan","hr":"Pinamopoan","fa":"پیناموپوان","de":"Pinamopoan","es":"Pinamopoan","fr":"Pinamopoan","ja":"ピナモポアン","it":"Pinamopoan","zh-CN":"皮纳莫波安","tr":"Pinamopoan","ru":"Пинамопоан","uk":"Пінамопоан","pl":"Pinamopoan","hi":"पिनामोपोआन","ar":"بيناموبوان"},"wikiDataId":"Q31469029"},{"id":148087,"name":"Pinangomhan","state_id":1322,"state_code":"08","state_name":"Eastern Visayas","country_id":174,"country_code":"PH","country_name":"Philippines","latitude":"11.48944444","longitude":"124.46166667","native":"Censor","type":"adm3","level":null,"parent_id":null,"population":null,"timezone":"Asia/Manila","translations":{"br":"Pinangomhan","ko":"피낭고만","pt-BR":"Pinangomhan","pt":"Pinangomhan","nl":"Pinangomhan","hr":"Pinangomhan","fa":"پینانگومهان","de":"Pinangomhan","es":"Pinangomhan","fr":"Pinangomhan","ja":"ピナンゴムハン","it":"Pinangomhan","zh-CN":"槟城","tr":"Pinangomhan","ru":"Пинангомхан","uk":"Пінангомхан","pl":"Pinangomhan","hi":"पिनांगोमहान","ar":"بينانغومهان"},"wikiDataId":"Q100270442"},{"id":148152,"name":"Polahongon","state_id":1322,"state_code":"08","state_name":"Eastern Visayas","country_id":174,"country_code":"PH","country_name":"Philippines","latitude":"10.52888889","longitude":"124.96944444","native":"Polahongon","type":"city","level":null,"parent_id":null,"population":2730,"timezone":"Asia/Manila","translations":{"br":"Polahongon","ko":"폴라홍곤","pt-BR":"Polahongon","pt":"Polahongon","nl":"Polahongon","hr":"Polahongon","fa":"پولاهونگون","de":"Polahongon","es":"Polahongon","fr":"Polahongon","ja":"ポラホンゴン","it":"Polahongon","zh-CN":"波拉洪贡","tr":"Polahongon","ru":"Полахонгон","uk":"Полахонгон","pl":"Polahongon","hi":"पोलाहोंगोन","ar":"بولاهونغون"},"wikiDataId":"Q31473515"},{"id":148167,"name":"Polañge","state_id":1322,"state_code":"08","state_name":"Eastern Visayas","country_id":174,"country_code":"PH","country_name":"Philippines","latitude":"12.39666667","longitude":"124.63111111","native":"Polañge","type":"city","level":null,"parent_id":null,"population":2647,"timezone":"Asia/Manila","translations":{"br":"Polañge","ko":"폴란지","pt-BR":"Polañge","pt":"Polañge","nl":"Polañge","hr":"Polañge","fa":"پولانژ","de":"Polañge","es":"Polange","fr":"Polañge","ja":"ポランジェ","it":"Polañge","zh-CN":"波兰格","tr":"Polonyalı","ru":"Polañge","uk":"Поланге","pl":"Polañge","hi":"पोलांज","ar":"بولانج"},"wikiDataId":"Q31473623"},{"id":148011,"name":"Puerto Bello","state_id":1322,"state_code":"08","state_name":"Eastern Visayas","country_id":174,"country_code":"PH","country_name":"Philippines","latitude":"10.97333333","longitude":"124.53500000","native":"Puerto Bello","type":"city","level":null,"parent_id":null,"population":2887,"timezone":"Asia/Manila","translations":{"br":"Puerto Bello","ko":"푸에르토 벨로","pt-BR":"Porto Belo","pt":"Porto Belo","nl":"Puerto Bello","hr":"Puerto Bello","fa":"پورتو بلو","de":"Puerto Bello","es":"Puerto Bello","fr":"Puerto Bello","ja":"プエルトベロ","it":"Porto Bello","zh-CN":"波多贝罗","tr":"Porto Bello","ru":"Пуэрто-Белло","uk":"Пуерто-Белло","pl":"Puerto Bello","hi":"प्यूर्टो बेलो","ar":"بويرتو بيلو"},"wikiDataId":"Q31479195"},{"id":147988,"name":"Sabang","state_id":1322,"state_code":"08","state_name":"Eastern Visayas","country_id":174,"country_code":"PH","country_name":"Philippines","latitude":"12.07472222","longitude":"124.54138889","native":"Sabang","type":"city","level":null,"parent_id":null,"population":3522,"timezone":"Asia/Manila","translations":{"br":"Sabang","ko":"사방","pt-BR":"Sabang","pt":"Sabang","nl":"Sabang","hr":"Sabang","fa":"سابانگ","de":"Sabang","es":"Sabang","fr":"Sabang","ja":"サバン","it":"Sabang","zh-CN":"沙邦","tr":"Sabang","ru":"Сабанг","uk":"Сабанг","pl":"Sabang","hi":"सबंग","ar":"سابانج"},"wikiDataId":"Q31497225"},{"id":148170,"name":"Salvacion","state_id":1322,"state_code":"08","state_name":"Eastern Visayas","country_id":174,"country_code":"PH","country_name":"Philippines","latitude":"12.61500000","longitude":"125.03888889","native":"Salvacion","type":"city","level":null,"parent_id":null,"population":2519,"timezone":"Asia/Manila","translations":{"br":"Salvacion","ko":"구원","pt-BR":"Salvação","pt":"Salvação","nl":"Redding","hr":"Spasenje","fa":"رستگاری","de":"Rettung","es":"Salvación","fr":"Salut","ja":"サルバシオン","it":"Salvezza","zh-CN":"萨尔瓦西翁","tr":"Kurtuluş","ru":"Спасение","uk":"Спасіння","pl":"Zbawienie","hi":"साल्वेसियन","ar":"الخلاص"},"wikiDataId":"Q31500650"},{"id":148006,"name":"San Eduardo","state_id":1322,"state_code":"08","state_name":"Eastern Visayas","country_id":174,"country_code":"PH","country_name":"Philippines","latitude":"12.16777778","longitude":"125.45027778","native":"San Eduardo","type":"city","level":null,"parent_id":null,"population":2164,"timezone":"Asia/Manila","translations":{"br":"San Eduardo","ko":"산 에두아르도","pt-BR":"São Eduardo","pt":"São Eduardo","nl":"San Eduardo","hr":"San Eduardo","fa":"سن ادواردو","de":"San Eduardo","es":"San Eduardo","fr":"Saint Édouard","ja":"サン・エドゥアルド","it":"San Edoardo","zh-CN":"圣爱德华多","tr":"San Eduardo","ru":"Сан-Эдуардо","uk":"Сан-Едуардо","pl":"Święty Eduardo","hi":"सैन एडुआर्डो","ar":"سان إدواردو"},"wikiDataId":"Q31502928"},{"id":148092,"name":"San Policarpio","state_id":1322,"state_code":"08","state_name":"Eastern Visayas","country_id":174,"country_code":"PH","country_name":"Philippines","latitude":"12.06861111","longitude":"124.56944444","native":"San Polycarpi","type":"city","level":null,"parent_id":null,"population":5616,"timezone":"Asia/Manila","translations":{"br":"San Polikarpio","ko":"산 폴리카르피오","pt-BR":"São Policarpio","pt":"São Policarpio","nl":"San Policarpio","hr":"San Policarpio","fa":"سن پولیکارپیو","de":"San Policarpio","es":"San Policarpio","fr":"Saint Policarpio","ja":"サン・ポリカルピオ","it":"San Policarpio","zh-CN":"圣波利卡皮奥","tr":"San Policarpio","ru":"Сан-Поликарпио","uk":"Сан-Полікарпіо","pl":"Święty Policarpio","hi":"सैन पोलिकारपियो","ar":"سان بوليكاربيو"},"wikiDataId":"Q31507590"},{"id":147993,"name":"Siguinon","state_id":1322,"state_code":"08","state_name":"Eastern Visayas","country_id":174,"country_code":"PH","country_name":"Philippines","latitude":"10.94222222","longitude":"124.68055556","native":"To be","type":"city","level":null,"parent_id":null,"population":2211,"timezone":"Asia/Manila","translations":{"br":"Siguinon","ko":"시기논","pt-BR":"Siguinon","pt":"Siguinon","nl":"Siguinon","hr":"Siguinón","fa":"سیگوینون","de":"Siguinon","es":"Siguinón","fr":"Siguinon","ja":"シギノン","it":"Siguinon","zh-CN":"西吉农","tr":"Siguinon","ru":"Сигинон","uk":"Сігінон","pl":"Siguinon","hi":"सिगुइनोन","ar":"سيجوينون"},"wikiDataId":"Q31519590"},{"id":148181,"name":"Silanga","state_id":1322,"state_code":"08","state_name":"Eastern Visayas","country_id":174,"country_code":"PH","country_name":"Philippines","latitude":"11.81805556","longitude":"124.84305556","native":"Silanga","type":"city","level":null,"parent_id":null,"population":2350,"timezone":"Asia/Manila","translations":{"br":"Silanga","ko":"실랑가","pt-BR":"Silanga","pt":"Silanga","nl":"Silanga","hr":"Silanga","fa":"سیلانگا","de":"Silanga","es":"Silanga","fr":"Silanga","ja":"シランガ","it":"Silanga","zh-CN":"西兰加","tr":"Silanga","ru":"Силанга","uk":"Сіланга","pl":"Silanga","hi":"सिलंगा","ar":"سيلانجا"},"wikiDataId":"Q31519749"},{"id":147992,"name":"Sulangan","state_id":1322,"state_code":"08","state_name":"Eastern Visayas","country_id":174,"country_code":"PH","country_name":"Philippines","latitude":"10.93611111","longitude":"125.82638889","native":"Sulangan","type":"city","level":null,"parent_id":null,"population":3034,"timezone":"Asia/Manila","translations":{"br":"Sulangan","ko":"술랑간","pt-BR":"Sulangan","pt":"Sulangan","nl":"Sulangan","hr":"Sulangan","fa":"سولنگان","de":"Sulangan","es":"Sulangan","fr":"Sulangan","ja":"スランガン","it":"Sulangan","zh-CN":"苏兰甘","tr":"Sulangan","ru":"Суланган","uk":"Суланган","pl":"Sulangan","hi":"सुलंगन","ar":"سولانجان"},"wikiDataId":"Q31536931"},{"id":148206,"name":"Tabing","state_id":1322,"state_code":"08","state_name":"Eastern Visayas","country_id":174,"country_code":"PH","country_name":"Philippines","latitude":"11.35900970","longitude":"124.36048650","native":"Veil","type":"city","level":null,"parent_id":null,"population":2345,"timezone":"Asia/Manila","translations":{"br":"Tabañ","ko":"테이빙","pt-BR":"Tabulação","pt":"Tabulação","nl":"Tabing","hr":"Tabiranje","fa":"تبینگ","de":"Tabing","es":"Tabulación","fr":"Tabulation","ja":"タビング","it":"Tabing","zh-CN":"制表","tr":"Tabing","ru":"Табинг","uk":"Табінг","pl":"Tabing","hi":"टैबिंग","ar":"التبويب"},"wikiDataId":"Q31540984"},{"id":148207,"name":"Tagbubungang Diot","state_id":1322,"state_code":"08","state_name":"Eastern Visayas","country_id":174,"country_code":"PH","country_name":"Philippines","latitude":"11.12583333","longitude":"124.40277778","native":"Tagbubungg I say","type":"city","level":null,"parent_id":null,"population":2489,"timezone":"Asia/Manila","translations":{"br":"Tagbubungang Diot","ko":"타그부붕강 디오트","pt-BR":"Tagbubungang Diot","pt":"Tagbubungang Diot","nl":"Tagbubungang Diot","hr":"Tagbubungang Diot","fa":"تاگبوبونگانگ دیوت","de":"Tagbubungang Diot","es":"Tagbubungang Diot","fr":"Tagbubungang Diot","ja":"タグブブンガン・ディオット","it":"Tagbubungang Diot","zh-CN":"塔布邦冈·迪奥特","tr":"Tagbubungang Diot","ru":"Tagbubungang Diot","uk":"Тагбубунганг Діот","pl":"Tagbubungang Diot","hi":"Tagbubungang Diot","ar":"تاجبوبونغانغ ديوت"},"wikiDataId":"Q31542217"},{"id":148081,"name":"Tibur","state_id":1322,"state_code":"08","state_name":"Eastern Visayas","country_id":174,"country_code":"PH","country_name":"Philippines","latitude":"11.17560000","longitude":"124.38690000","native":"Tibor","type":"adm3","level":null,"parent_id":null,"population":3266,"timezone":"Asia/Manila","translations":{"br":"Tibur","ko":"티부르","pt-BR":"Tibur","pt":"Tibur","nl":"Tibur","hr":"Tibur","fa":"تیبور","de":"Tibur","es":"Tíbur","fr":"Tibur","ja":"ティバール","it":"Tibur","zh-CN":"蒂布尔","tr":"Tibur","ru":"Тибур","uk":"Тібур","pl":"Tibur","hi":"तिबुर","ar":"تيبور"},"wikiDataId":"Q100268189"},{"id":148174,"name":"Tinambacan","state_id":1322,"state_code":"08","state_name":"Eastern Visayas","country_id":174,"country_code":"PH","country_name":"Philippines","latitude":"12.09416667","longitude":"124.50250000","native":"Tinambacan","type":"city","level":null,"parent_id":null,"population":4555,"timezone":"Asia/Manila","translations":{"br":"Tinambacan","ko":"티남바칸","pt-BR":"Tinambacan","pt":"Tinambacan","nl":"Tinambacan","hr":"Tinambacan","fa":"تینامباکان","de":"Tinambacan","es":"Tinambacán","fr":"Tinambacan","ja":"ティナンバカン","it":"Tinambacan","zh-CN":"蒂南巴坎","tr":"Tinambacan","ru":"Тинамбакан","uk":"Тінамбакан","pl":"Tinambacan","hi":"तिनम्बाकन","ar":"تينامباكان"},"wikiDataId":"Q31556764"},{"id":148180,"name":"Tucdao","state_id":1322,"state_code":"08","state_name":"Eastern Visayas","country_id":174,"country_code":"PH","country_name":"Philippines","latitude":"11.70111111","longitude":"124.47194444","native":"Tucdao","type":"city","level":null,"parent_id":null,"population":2424,"timezone":"Asia/Manila","translations":{"br":"Tucdao","ko":"투다오","pt-BR":"Tucdao","pt":"Tucdao","nl":"Tucdao","hr":"Tucdao","fa":"توکدائو","de":"Tucdao","es":"Tucdao","fr":"Tucdao","ja":"トゥクダオ","it":"Tucdao","zh-CN":"图岛","tr":"Tucdao","ru":"Тудао","uk":"Тукдао","pl":"Tucdao","hi":"तुकदाओ","ar":"توكداو"},"wikiDataId":"Q31562669"},{"id":148172,"name":"Tugbong","state_id":1322,"state_code":"08","state_name":"Eastern Visayas","country_id":174,"country_code":"PH","country_name":"Philippines","latitude":"11.01666667","longitude":"124.60000000","native":"Rug","type":"city","level":null,"parent_id":null,"population":2636,"timezone":"Asia/Manila","translations":{"br":"Tugbong","ko":"투그봉","pt-BR":"Tugbong","pt":"Tugbong","nl":"Tugbong","hr":"Tugbong","fa":"توگبونگ","de":"Tugbong","es":"Tira y afloja","fr":"Remorqueur","ja":"タグボン","it":"Rimorchiatore","zh-CN":"塔格邦","tr":"Tugbong","ru":"Тугбонг","uk":"Тугбонг","pl":"Holownik","hi":"तुगबोंग","ar":"توغبونغ"},"wikiDataId":"Q31563055"},{"id":147990,"name":"Tutubigan","state_id":1322,"state_code":"08","state_name":"Eastern Visayas","country_id":174,"country_code":"PH","country_name":"Philippines","latitude":"11.83972222","longitude":"125.06138889","native":"Watch","type":"city","level":null,"parent_id":null,"population":2030,"timezone":"Asia/Manila","translations":{"br":"Tutubigan","ko":"투투비간","pt-BR":"Tutubigan","pt":"Tutubigan","nl":"Tutubigan","hr":"Tutubigan","fa":"توتوبیگان","de":"Tutubigan","es":"Tutubigan","fr":"Tutubigan","ja":"トゥトゥビガン","it":"Tutubigan","zh-CN":"图图比根","tr":"Tutubigan","ru":"Тутубиган","uk":"Тутубіган","pl":"Tutubigan","hi":"टूटूबिगन","ar":"توتوبيجان"},"wikiDataId":"Q31565602"},{"id":148210,"name":"Umaganhan","state_id":1322,"state_code":"08","state_name":"Eastern Visayas","country_id":174,"country_code":"PH","country_name":"Philippines","latitude":"11.32916667","longitude":"124.37694444","native":"Saughohanhan","type":"city","level":null,"parent_id":null,"population":2032,"timezone":"Asia/Manila","translations":{"br":"Umaganhan","ko":"우마간한","pt-BR":"Umaganhan","pt":"Umaganhan","nl":"Umaganhan","hr":"Umaganhan","fa":"اوماگانهان","de":"Umaganhan","es":"Umaganhan","fr":"Umaganhan","ja":"ウマガンハン","it":"Umaganhan","zh-CN":"乌马甘汉","tr":"Umaganhan","ru":"Умаганхан","uk":"Умаганхан","pl":"Umaganhan","hi":"उमागनहन","ar":"أوماغانهان"},"wikiDataId":"Q31567618"},{"id":147989,"name":"Viriato","state_id":1322,"state_code":"08","state_name":"Eastern Visayas","country_id":174,"country_code":"PH","country_name":"Philippines","latitude":"12.29027778","longitude":"124.35333333","native":"Viriato","type":"city","level":null,"parent_id":null,"population":2241,"timezone":"Asia/Manila","translations":{"br":"Viriato","ko":"비리아토","pt-BR":"Viriato","pt":"Viriato","nl":"Viriato","hr":"Viriato","fa":"ویریاتو","de":"Viriato","es":"Viriato","fr":"Viriato","ja":"ヴィリアト","it":"Viriato","zh-CN":"维里亚托","tr":"Viriato","ru":"Вириато","uk":"Віріато","pl":"Viriato","hi":"विरियाटो","ar":"فيرياتو"},"wikiDataId":"Q31573865"},{"id":148175,"name":"Wright","state_id":1322,"state_code":"08","state_name":"Eastern Visayas","country_id":174,"country_code":"PH","country_name":"Philippines","latitude":"11.77027778","longitude":"125.02194444","native":"Wright","type":"city","level":null,"parent_id":null,"population":4703,"timezone":"Asia/Manila","translations":{"br":"Wright","ko":"라이트","pt-BR":"Wright","pt":"Wright","nl":"Wright","hr":"Wright","fa":"رایت","de":"Wright","es":"Wright","fr":"Wright","ja":"ライト","it":"Wright","zh-CN":"赖特","tr":"Wright","ru":"Райт","uk":"Райт","pl":"Wright","hi":"राइट","ar":"رايت"},"wikiDataId":"Q31593711"}]