[{"id":81365,"name":"Bacolod","state_id":1327,"state_code":"LAN","state_name":"Lanao del Norte","country_id":174,"country_code":"PH","country_name":"Philippines","latitude":"8.13884430","longitude":"123.98303210","native":"Bacolod","type":"city","level":null,"parent_id":null,"population":24963,"timezone":"Asia/Manila","translations":{"br":"Bacolod","ko":"바콜로드","pt-BR":"Bacolod","pt":"Bacolod","nl":"Bacolod","hr":"Bacolod","fa":"باکولود","de":"Bacolod","es":"Bacolod","fr":"Bacolod","ja":"バコロド","it":"Bacolod","zh-CN":"巴科洛德","tr":"Bacolod","ru":"Баколод","uk":"Баколод","pl":"Bacolod","hi":"बैकोलोड","ar":"باكولود"},"wikiDataId":"Q274150"},{"id":154663,"name":"Baloi","state_id":1327,"state_code":"LAN","state_name":"Lanao del Norte","country_id":174,"country_code":"PH","country_name":"Philippines","latitude":"8.09752910","longitude":"124.13224300","native":"Ball","type":"adm3","level":null,"parent_id":null,"population":0,"timezone":"Asia/Manila","translations":{"br":"Baloi","ko":"발로이","pt-BR":"Baloi","pt":"Baloi","nl":"Baloi","hr":"Baloi","fa":"بالوئی","de":"Baloi","es":"Baloi","fr":"Baloi","ja":"バロイ","it":"Baloi","zh-CN":"巴洛伊","tr":"Baloi","ru":"Балой","uk":"Балой","pl":"Baloi","hi":"बालोइ","ar":"بالوي"},"wikiDataId":"Q274164"},{"id":81585,"name":"Baroy","state_id":1327,"state_code":"LAN","state_name":"Lanao del Norte","country_id":174,"country_code":"PH","country_name":"Philippines","latitude":"7.97983380","longitude":"123.73422460","native":"Bar","type":"city","level":null,"parent_id":null,"population":2485,"timezone":"Asia/Manila","translations":{"br":"Baroy","ko":"바로이","pt-BR":"Baroy","pt":"Baroy","nl":"Baroy","hr":"Baroy","fa":"باروی","de":"Baroy","es":"Baroy","fr":"Baroy","ja":"バロイ","it":"Baroy","zh-CN":"巴罗伊","tr":"Baroy","ru":"Барой","uk":"Барой","pl":"Baroy","hi":"बरोय","ar":"باروي"},"wikiDataId":"Q274173"},{"id":82727,"name":"Iligan City","state_id":1327,"state_code":"LAN","state_name":"Lanao del Norte","country_id":174,"country_code":"PH","country_name":"Philippines","latitude":"8.16332480","longitude":"124.04307530","native":"Iligan City","type":"city","level":null,"parent_id":null,"population":null,"timezone":"Asia/Manila","translations":{"br":"Kêr Iligan","ko":"일리간 시","pt-BR":"Cidade de Iligan","pt":"Cidade de Iligan","nl":"Iligan Stad","hr":"Iligan City","fa":"شهر ایلیگان","de":"Iligan-Stadt","es":"Ciudad de Iligan","fr":"Ville d'Iligan","ja":"イリガン市","it":"Città di Iligan","zh-CN":"伊利甘市","tr":"Iligan Şehri","ru":"Город Илиган","uk":"Іліган-Сіті","pl":"Miasto Iligan","hi":"इलिगन शहर","ar":"مدينة إيليجان"},"wikiDataId":"Q285488"},{"id":82868,"name":"Kapatagan","state_id":1327,"state_code":"LAN","state_name":"Lanao del Norte","country_id":174,"country_code":"PH","country_name":"Philippines","latitude":"7.87773310","longitude":"123.65184850","native":"plains","type":"city","level":null,"parent_id":null,"population":72762,"timezone":"Asia/Manila","translations":{"br":"Kapatagan","ko":"카파타간","pt-BR":"Kapatagan","pt":"Kapatagan","nl":"Kapatagan","hr":"Kapatagan","fa":"کاپاتاگان","de":"Kapatagan","es":"Kapatagan","fr":"Capitaine","ja":"カパタガン","it":"Kapatagan","zh-CN":"卡帕塔甘","tr":"Kapatagan","ru":"Капатаган","uk":"Капатаган","pl":"Kapatagan","hi":"कपाटगन","ar":"كاباتاجان"},"wikiDataId":"Q274186"},{"id":82886,"name":"Kauswagan","state_id":1327,"state_code":"LAN","state_name":"Lanao del Norte","country_id":174,"country_code":"PH","country_name":"Philippines","latitude":"8.16896730","longitude":"124.05334620","native":"PROGRESS","type":"adm3","level":null,"parent_id":null,"population":25515,"timezone":"Asia/Manila","translations":{"br":"Kauswagan","ko":"카우스와간","pt-BR":"Kauswagan","pt":"Kauswagan","nl":"Kauswagan","hr":"Kauswagan","fa":"کاوسوگان","de":"Kauswagan","es":"Kauswagan","fr":"Kauswagan","ja":"カウスワガン","it":"Kauswagan","zh-CN":"考斯瓦甘","tr":"Kauswagan","ru":"Каусваган","uk":"Каусваган","pl":"Kauswagan","hi":"कौसवागन","ar":"كاوسواجان"},"wikiDataId":"Q274197"},{"id":82922,"name":"Kolambugan","state_id":1327,"state_code":"LAN","state_name":"Lanao del Norte","country_id":174,"country_code":"PH","country_name":"Philippines","latitude":"8.09197830","longitude":"123.79982350","native":"Kolambugan","type":"city","level":null,"parent_id":null,"population":3187,"timezone":"Asia/Manila","translations":{"br":"Kolambugan","ko":"콜람부간","pt-BR":"Kolambugan","pt":"Kolambugan","nl":"Kolambugan","hr":"Kolambugan","fa":"کولامبوگان","de":"Kolambugan","es":"Kolambugan","fr":"Kolambugan","ja":"コラムブガン","it":"Kolambugan","zh-CN":"科兰布甘","tr":"Kolambugan","ru":"Коламбуган","uk":"Коламбуган","pl":"Kolambugan","hi":"कोलाम्बुगन","ar":"كولامبوجان"},"wikiDataId":"Q274205"},{"id":82987,"name":"Lala","state_id":1327,"state_code":"LAN","state_name":"Lanao del Norte","country_id":174,"country_code":"PH","country_name":"Philippines","latitude":"7.94842580","longitude":"123.68193490","native":"Lala","type":"city","level":null,"parent_id":null,"population":3473,"timezone":"Asia/Manila","translations":{"br":"Lala","ko":"라라","pt-BR":"Lala","pt":"Lala","nl":"Lala","hr":"Lala","fa":"لالا","de":"Lala","es":"Lala","fr":"Lala","ja":"ララ","it":"Lala","zh-CN":"拉拉","tr":"Lala","ru":"Лала","uk":"Лала","pl":"Lala","hi":"लाला","ar":"لالا"},"wikiDataId":"Q274215"},{"id":83131,"name":"Linamon","state_id":1327,"state_code":"LAN","state_name":"Lanao del Norte","country_id":174,"country_code":"PH","country_name":"Philippines","latitude":"8.16888340","longitude":"124.11784740","native":"Smade","type":"city","level":null,"parent_id":null,"population":3137,"timezone":"Asia/Manila","translations":{"br":"Linamon","ko":"리나몬","pt-BR":"Linamon","pt":"Linamon","nl":"Linamon","hr":"Linamon","fa":"لینامون","de":"Linamon","es":"Linamón","fr":"Linamon","ja":"リナモン","it":"Linamon","zh-CN":"亚麻酸","tr":"Linamon","ru":"Линамон","uk":"Лінамон","pl":"Linamon","hi":"लिनामोन","ar":"لينامون"},"wikiDataId":"Q274230"},{"id":154664,"name":"Magsaysay","state_id":1327,"state_code":"LAN","state_name":"Lanao del Norte","country_id":174,"country_code":"PH","country_name":"Philippines","latitude":"8.02816150","longitude":"123.83681370","native":"Magsaysay","type":"city","level":null,"parent_id":null,"population":37084,"timezone":"Asia/Manila","translations":{"br":"Magsaysay","ko":"막사이사이","pt-BR":"Magsaysay","pt":"Magsaysay","nl":"Magsaysay","hr":"Magsaysay","fa":"مگسایسای","de":"Magsaysay","es":"Magsaysay","fr":"Magsaysay","ja":"マグサイサイ","it":"Magsaysay","zh-CN":"马格塞塞","tr":"Magsaysay","ru":"Магсайсай","uk":"Магсайсай","pl":"Magsaysay","hi":"मैग्सेसे","ar":"ماجسايساي"},"wikiDataId":"Q274243"},{"id":83365,"name":"Maigo","state_id":1327,"state_code":"LAN","state_name":"Lanao del Norte","country_id":174,"country_code":"PH","country_name":"Philippines","latitude":"8.09996150","longitude":"123.89478690","native":"hit","type":"city","level":null,"parent_id":null,"population":2427,"timezone":"Asia/Manila","translations":{"br":"Maigo","ko":"마이고","pt-BR":"Maigo","pt":"Maigo","nl":"Maigo","hr":"Maigo","fa":"مایگو","de":"Maigo","es":"Maigo","fr":"Maigo","ja":"マイゴ","it":"Maigo","zh-CN":"麦吾","tr":"Maigo","ru":"Майго","uk":"Майго","pl":"Maigo","hi":"माइगो","ar":"مايجو"},"wikiDataId":"Q274260"},{"id":83633,"name":"Matungao","state_id":1327,"state_code":"LAN","state_name":"Lanao del Norte","country_id":174,"country_code":"PH","country_name":"Philippines","latitude":"8.11649500","longitude":"124.12096190","native":"Match","type":"adm3","level":null,"parent_id":null,"population":0,"timezone":"Asia/Manila","translations":{"br":"Matungao","ko":"마퉁가오","pt-BR":"Matungao","pt":"Matungao","nl":"Matungao","hr":"Matungao","fa":"ماتونگائو","de":"Matungao","es":"Matungao","fr":"Matungao","ja":"マトゥンガオ","it":"Matungao","zh-CN":"马通奥","tr":"Matungao","ru":"Матунгао","uk":"Матунгао","pl":"Matungao","hi":"माटुंगाओ","ar":"ماتونجاو"},"wikiDataId":"Q274272"},{"id":83723,"name":"Munai","state_id":1327,"state_code":"LAN","state_name":"Lanao del Norte","country_id":174,"country_code":"PH","country_name":"Philippines","latitude":"7.95875410","longitude":"124.00881840","native":"NU","type":"adm3","level":null,"parent_id":null,"population":36449,"timezone":"Asia/Manila","translations":{"br":"Munai","ko":"무나이","pt-BR":"Munai","pt":"Munai","nl":"Munai","hr":"Munai","fa":"مونای","de":"Munai","es":"Munai","fr":"Munai","ja":"ムナイ","it":"Munai","zh-CN":"穆奈","tr":"Munai","ru":"Мунай","uk":"Мунай","pl":"Munai","hi":"मुनाई","ar":"موناي"},"wikiDataId":"Q274287"},{"id":154665,"name":"Nunungan","state_id":1327,"state_code":"LAN","state_name":"Lanao del Norte","country_id":174,"country_code":"PH","country_name":"Philippines","latitude":"7.80530320","longitude":"123.77124560","native":"Nunungan","type":"city","level":null,"parent_id":null,"population":19036,"timezone":"Asia/Manila","translations":{"br":"Nunungan","ko":"누눙간","pt-BR":"Nunungan","pt":"Nunungan","nl":"Nunungan","hr":"Nunungan","fa":"نونونگان","de":"Nunungan","es":"Nunungan","fr":"Nunungan","ja":"ヌヌンガン","it":"Nunungan","zh-CN":"努农甘","tr":"Nunungan","ru":"Нунунган","uk":"Нунунган","pl":"Nunungan","hi":"नुनुंगन","ar":"نونونجان"},"wikiDataId":"Q274299"},{"id":154666,"name":"Pantao Ragat","state_id":1327,"state_code":"LAN","state_name":"Lanao del Norte","country_id":174,"country_code":"PH","country_name":"Philippines","latitude":"8.05848800","longitude":"123.92900520","native":"Human Ragat","type":"city","level":null,"parent_id":null,"population":32557,"timezone":"Asia/Manila","translations":{"br":"Pantao Ragat","ko":"판타오 라갓","pt-BR":"Pantao Ragat","pt":"Pantao Ragat","nl":"Pantao Ragat","hr":"Pantao Ragat","fa":"پانتائو راگات","de":"Pantao Ragat","es":"Pantao Ragat","fr":"Pantao Ragat","ja":"パンタオ・ラガット","it":"Pantao Ragat","zh-CN":"潘塔奥·拉加特","tr":"Pantao Ragat","ru":"Пантао Рагат","uk":"Пантао Рагат","pl":"Pantao Ragat","hi":"पैंटाओ रागाट","ar":"بانتاو راغات"},"wikiDataId":"Q274313"},{"id":84001,"name":"Pantar","state_id":1327,"state_code":"LAN","state_name":"Lanao del Norte","country_id":174,"country_code":"PH","country_name":"Philippines","latitude":"8.06867590","longitude":"124.13971010","native":"Order","type":"city","level":null,"parent_id":null,"population":2571,"timezone":"Asia/Manila","translations":{"br":"Pantar","ko":"판타르","pt-BR":"Pantar","pt":"Pantar","nl":"Pantar","hr":"Pantar","fa":"پانتار","de":"Pantar","es":"Pantar","fr":"Pantar","ja":"パンタル","it":"Pantar","zh-CN":"潘塔尔","tr":"Pantar","ru":"Пантар","uk":"Пантар","pl":"Pantar","hi":"पन्तार","ar":"بانتار"},"wikiDataId":"Q274329"},{"id":154667,"name":"Poona Piagapo","state_id":1327,"state_code":"LAN","state_name":"Lanao del Norte","country_id":174,"country_code":"PH","country_name":"Philippines","latitude":"8.09370330","longitude":"123.98845250","native":"In view of the pigs","type":"city","level":null,"parent_id":null,"population":null,"timezone":"Asia/Manila","translations":{"br":"Poona Piagapo","ko":"푸나 피아가포","pt-BR":"Poona Piagapo","pt":"Poona Piagapo","nl":"Poona Piagapo","hr":"Poona Piagapo","fa":"پونا پیاگاپو","de":"Poona Piagapo","es":"Poona Piagapo","fr":"Poona Piagapo","ja":"プーナ・ピアガポ","it":"Poona Piagapo","zh-CN":"普纳·皮亚加波","tr":"Poona Piagapo","ru":"Пуна Пиагапо","uk":"Пуна Піагапо","pl":"Poona Piagapo","hi":"पूना पियागापो","ar":"بونا بياجابو"},"wikiDataId":"Q274343"},{"id":84423,"name":"Salvador","state_id":1327,"state_code":"LAN","state_name":"Lanao del Norte","country_id":174,"country_code":"PH","country_name":"Philippines","latitude":"7.91304230","longitude":"123.82051160","native":"Salvador","type":"city","level":null,"parent_id":null,"population":34053,"timezone":"Asia/Manila","translations":{"br":"Salvador","ko":"살바도르","pt-BR":"Salvador","pt":"Salvador","nl":"Salvador","hr":"Salvador","fa":"سالوادور","de":"Salvador","es":"el Salvador","fr":"Salvador","ja":"サルバドール","it":"Salvatore","zh-CN":"萨尔瓦多","tr":"Salvador","ru":"Сальвадор","uk":"Сальвадор","pl":"Salvador","hi":"सल्वाडोर","ar":"سلفادور"},"wikiDataId":"Q274357"},{"id":84740,"name":"Sapad","state_id":1327,"state_code":"LAN","state_name":"Lanao del Norte","country_id":174,"country_code":"PH","country_name":"Philippines","latitude":"7.83217270","longitude":"123.79364380","native":"Sapad","type":"city","level":null,"parent_id":null,"population":24826,"timezone":"Asia/Manila","translations":{"br":"Sapad","ko":"사파드","pt-BR":"Sapad","pt":"Sapad","nl":"Sapad","hr":"Sapad","fa":"ساپاد","de":"Sapad","es":"Sapad","fr":"Sapad","ja":"サパド","it":"Sapad","zh-CN":"萨帕德","tr":"Sapad","ru":"Сапад","uk":"Сапад","pl":"Sapad","hi":"सपाद","ar":"ساباد"},"wikiDataId":"Q274369"},{"id":154668,"name":"Sultan Naga Dimaporo","state_id":1327,"state_code":"LAN","state_name":"Lanao del Norte","country_id":174,"country_code":"PH","country_name":"Philippines","latitude":"7.78949100","longitude":"123.56617730","native":"Sultan Naga Dimaporo","type":"city","level":null,"parent_id":null,"population":65656,"timezone":"Asia/Manila","translations":{"br":"Sultan Naga Dimaporo","ko":"술탄 나가 디마포로","pt-BR":"Sultão Naga Dimaporo","pt":"Sultão Naga Dimaporo","nl":"Sultan Naga Dimaporo","hr":"Sultan Naga Dimaporo","fa":"سلطان ناگا دیماپورو","de":"Sultan Naga Dimaporo","es":"Sultán Naga Dimaporo","fr":"Sultan Naga Dimaporo","ja":"スルタン・ナガ・ディマポロ","it":"Sultan Naga Dimaporo","zh-CN":"苏丹纳迦迪马波罗","tr":"Sultan Naga Dimaporo","ru":"Султан Нага Димапоро","uk":"Султан Нага Дімапоро","pl":"Sułtan Naga Dimaporo","hi":"सुल्तान नागा दीमापोरो","ar":"سلطان ناغا ديمابورو"},"wikiDataId":"Q274387"},{"id":84945,"name":"Tagoloan","state_id":1327,"state_code":"LAN","state_name":"Lanao del Norte","country_id":174,"country_code":"PH","country_name":"Philippines","latitude":"8.14677810","longitude":"124.22926150","native":"Tagoloan","type":"city","level":null,"parent_id":null,"population":7700,"timezone":"Asia/Manila","translations":{"br":"Tagoloan","ko":"타골로안","pt-BR":"Tagoloan","pt":"Tagoloan","nl":"Tagoloan","hr":"Tagoloanski","fa":"تاگولو","de":"Tagoloan","es":"Tagoloan","fr":"Tagoloan","ja":"タゴロアン","it":"Tagoloan","zh-CN":"塔戈洛安","tr":"Tagoloan","ru":"тагольский","uk":"Таголоан","pl":"Tagoloański","hi":"टैगोलोन","ar":"تاغولوان"},"wikiDataId":"Q274406"},{"id":154669,"name":"Tangcal","state_id":1327,"state_code":"LAN","state_name":"Lanao del Norte","country_id":174,"country_code":"PH","country_name":"Philippines","latitude":"7.95867730","longitude":"123.89390180","native":"Tangcal","type":"city","level":null,"parent_id":null,"population":17247,"timezone":"Asia/Manila","translations":{"br":"Tankal","ko":"탕칼","pt-BR":"Tangcal","pt":"Tangcal","nl":"Tangcal","hr":"Tangcal","fa":"تنگکال","de":"Tangcal","es":"Tangcal","fr":"Tangcal","ja":"タンカル","it":"Tangcal","zh-CN":"唐卡尔","tr":"Tangcal","ru":"Тангкал","uk":"Танкал","pl":"Tangcal","hi":"तांगकल","ar":"تانغكال"},"wikiDataId":"Q274427"},{"id":85196,"name":"Tubod","state_id":1327,"state_code":"LAN","state_name":"Lanao del Norte","country_id":174,"country_code":"PH","country_name":"Philippines","latitude":"7.99802050","longitude":"123.78557280","native":"spring","type":"city","level":null,"parent_id":null,"population":3195,"timezone":"Asia/Manila","translations":{"br":"Tubod","ko":"투보드","pt-BR":"Tubod","pt":"Tubod","nl":"Tubod","hr":"Tubod","fa":"توبود","de":"Tubod","es":"Tubod","fr":"Tubod","ja":"トゥボド","it":"Tubod","zh-CN":"图博德","tr":"Tubod","ru":"Тубод","uk":"Тубод","pl":"Tubod","hi":"टुबोड","ar":"توبود"},"wikiDataId":"Q274439"}]