[{"id":81232,"name":"Altavas","state_id":1331,"state_code":"AKL","state_name":"Aklan","country_id":174,"country_code":"PH","country_name":"Philippines","latitude":"11.51937220","longitude":"122.38395760","native":"Altavas","type":"city","level":null,"parent_id":null,"population":2600,"timezone":"Asia/Manila","translations":{"br":"Altavas","ko":"알타바스","pt-BR":"Altavas","pt":"Altavas","nl":"Altavas","hr":"Altavas","fa":"آلتاوا","de":"Altavas","es":"Altavas","fr":"Altavas","ja":"アルタヴァス","it":"Altavas","zh-CN":"阿尔塔瓦斯","tr":"Altavalar","ru":"Альтавас","uk":"Альтавас","pl":"Altavas","hi":"अल्तावास","ar":"ألتافاس"},"wikiDataId":"Q434743"},{"id":81462,"name":"Balete","state_id":1331,"state_code":"AKL","state_name":"Aklan","country_id":174,"country_code":"PH","country_name":"Philippines","latitude":"11.52259720","longitude":"122.29336200","native":"Balete","type":"adm3","level":null,"parent_id":null,"population":24202,"timezone":"Asia/Manila","translations":{"br":"Balete","ko":"발레테","pt-BR":"Balete","pt":"Balete","nl":"Balete","hr":"Balete","fa":"بالت","de":"Balete","es":"Balete","fr":"Balete","ja":"バレテ","it":"Balete","zh-CN":"巴莱特","tr":"Balete","ru":"Балете","uk":"Балете","pl":"Baletka","hi":"बालेते","ar":"باليتي"},"wikiDataId":"Q626586"},{"id":81522,"name":"Banga","state_id":1331,"state_code":"AKL","state_name":"Aklan","country_id":174,"country_code":"PH","country_name":"Philippines","latitude":"11.59926330","longitude":"122.29023350","native":"Banga","type":"city","level":null,"parent_id":null,"population":2070,"timezone":"Asia/Manila","translations":{"br":"Banga","ko":"방가","pt-BR":"Banga","pt":"Banga","nl":"Banga","hr":"Banga","fa":"بانگا","de":"Banga","es":"Banga","fr":"Banga","ja":"バンガ","it":"Banga","zh-CN":"班加","tr":"Banga","ru":"Банга","uk":"Банга","pl":"Banga","hi":"बंगा","ar":"بانجا"},"wikiDataId":"Q569215"},{"id":81613,"name":"Batan","state_id":1331,"state_code":"AKL","state_name":"Aklan","country_id":174,"country_code":"PH","country_name":"Philippines","latitude":"11.56991310","longitude":"122.31240560","native":"YOUNG","type":"city","level":null,"parent_id":null,"population":2121,"timezone":"Asia/Manila","translations":{"br":"Batan","ko":"바탄","pt-BR":"Batan","pt":"Batan","nl":"Batan","hr":"Batan","fa":"باتان","de":"Batan","es":"Batán","fr":"Batan","ja":"バタン","it":"Batan","zh-CN":"巴坦","tr":"Batan","ru":"Батан","uk":"Батан","pl":"Batan","hi":"बटन","ar":"باتان"},"wikiDataId":"Q626645"},{"id":81914,"name":"Buruanga","state_id":1331,"state_code":"AKL","state_name":"Aklan","country_id":174,"country_code":"PH","country_name":"Philippines","latitude":"11.82986870","longitude":"121.84434010","native":"Birde","type":"adm3","level":null,"parent_id":null,"population":19878,"timezone":"Asia/Manila","translations":{"br":"Buruanga","ko":"부루앙가","pt-BR":"Buruanga","pt":"Buruanga","nl":"Buruanga","hr":"Buruanga","fa":"بوروانگا","de":"Buruanga","es":"Buruanga","fr":"Buruanga","ja":"ブルアンガ","it":"Buruanga","zh-CN":"布鲁安加","tr":"Buruanga","ru":"Буруанга","uk":"Буруанга","pl":"Buruanga","hi":"बुरुंगा","ar":"بوروانجا"},"wikiDataId":"Q576805"},{"id":82709,"name":"Ibajay","state_id":1331,"state_code":"AKL","state_name":"Aklan","country_id":174,"country_code":"PH","country_name":"Philippines","latitude":"11.73394600","longitude":"122.07758510","native":"Ibajay","type":"adm3","level":null,"parent_id":null,"population":53399,"timezone":"Asia/Manila","translations":{"br":"Ibajay","ko":"이바자이","pt-BR":"Ibajay","pt":"Ibajay","nl":"Ibajay","hr":"Ibajay","fa":"ایباجی","de":"Ibajay","es":"Ibajay","fr":"Ibajay","ja":"イバジェイ","it":"Ibajay","zh-CN":"伊巴杰","tr":"Ibajay","ru":"Ибаджай","uk":"Ібаджай","pl":"Ibajay","hi":"इबाजय","ar":"إيباجاي"},"wikiDataId":"Q626695"},{"id":154475,"name":"Kalibo","state_id":1331,"state_code":"AKL","state_name":"Aklan","country_id":174,"country_code":"PH","country_name":"Philippines","latitude":"11.69854460","longitude":"122.33619590","native":"Kalibo","type":"city","level":null,"parent_id":null,"population":2136,"timezone":"Asia/Manila","translations":{"br":"Kalibo","ko":"칼리보","pt-BR":"Kalibo","pt":"Kalibo","nl":"Kalibo","hr":"Kalibo","fa":"کالیبو","de":"Kalibo","es":"Kalibo","fr":"Kalibo","ja":"カリボ","it":"Kalibo","zh-CN":"卡利博","tr":"Kalibo","ru":"Калибо","uk":"Калібо","pl":"Kalibo","hi":"कालिबो","ar":"كاليبو"},"wikiDataId":"Q626721"},{"id":154476,"name":"Lezo","state_id":1331,"state_code":"AKL","state_name":"Aklan","country_id":174,"country_code":"PH","country_name":"Philippines","latitude":"11.68036010","longitude":"122.27302710","native":"Those","type":"city","level":null,"parent_id":null,"population":16200,"timezone":"Asia/Manila","translations":{"br":"Lezo","ko":"레조","pt-BR":"Lezo","pt":"Lezo","nl":"Lezo","hr":"Lezo","fa":"لزو","de":"Lezo","es":"Lezo","fr":"Lezo","ja":"レゾ","it":"Lezo","zh-CN":"莱佐","tr":"Lezo","ru":"Лезо","uk":"Лезо","pl":"Lezo","hi":"लेज़ो","ar":"ليزو"},"wikiDataId":"Q626746"},{"id":83075,"name":"Libacao","state_id":1331,"state_code":"AKL","state_name":"Aklan","country_id":174,"country_code":"PH","country_name":"Philippines","latitude":"11.41467410","longitude":"122.20092380","native":"Libacao","type":"city","level":null,"parent_id":null,"population":28525,"timezone":"Asia/Manila","translations":{"br":"Libacao","ko":"리바카오","pt-BR":"Libação","pt":"Libação","nl":"Libacao","hr":"Libacão","fa":"لیباکائو","de":"Libacao","es":"Libacao","fr":"Libacao","ja":"リバカオ","it":"Libacao","zh-CN":"利巴考","tr":"Libacao","ru":"Либакао","uk":"Лібакао","pl":"Libacao","hi":"लिबाकाओ","ar":"ليباكاو"},"wikiDataId":"Q626786"},{"id":83308,"name":"Madalag","state_id":1331,"state_code":"AKL","state_name":"Aklan","country_id":174,"country_code":"PH","country_name":"Philippines","latitude":"11.44121480","longitude":"122.07375060","native":"yellow","type":"city","level":null,"parent_id":null,"population":19043,"timezone":"Asia/Manila","translations":{"br":"Madalag","ko":"마달라그","pt-BR":"Madalag","pt":"Madalag","nl":"Madalag","hr":"Madalag","fa":"مادالاگ","de":"Madalag","es":"Madalag","fr":"malgache","ja":"マダラグ","it":"Madalag","zh-CN":"马达拉格","tr":"Madalya","ru":"Мадалаг","uk":"Мадалаг","pl":"Madalag","hi":"मदालाग","ar":"مادالاج"},"wikiDataId":"Q626820"},{"id":83376,"name":"Makato","state_id":1331,"state_code":"AKL","state_name":"Aklan","country_id":174,"country_code":"PH","country_name":"Philippines","latitude":"11.71366850","longitude":"122.18036730","native":"Deductions","type":"city","level":null,"parent_id":null,"population":2221,"timezone":"Asia/Manila","translations":{"br":"Makato","ko":"마카토","pt-BR":"Makato","pt":"Makato","nl":"Makato","hr":"Makato","fa":"ماکاتو","de":"Makato","es":"Makato","fr":"Makato","ja":"マカト","it":"Makato","zh-CN":"真人","tr":"Makato","ru":"Макато","uk":"Макато","pl":"Makato","hi":"मकाटो","ar":"ماكاتو"},"wikiDataId":"Q626873"},{"id":83415,"name":"Malay","state_id":1331,"state_code":"AKL","state_name":"Aklan","country_id":174,"country_code":"PH","country_name":"Philippines","latitude":"11.91246850","longitude":"121.86493950","native":"Malay","type":"adm3","level":null,"parent_id":null,"population":null,"timezone":"Asia/Manila","translations":{"br":"Maleeg","ko":"말레이 사람","pt-BR":"malaio","pt":"malaio","nl":"Maleis","hr":"malajski","fa":"مالایی","de":"malaiisch","es":"malayo","fr":"malais","ja":"マレー語","it":"malese","zh-CN":"马来语","tr":"Malay","ru":"малайский","uk":"Малайська","pl":"malajski","hi":"मलायी","ar":"الملايو"},"wikiDataId":"Q626905"},{"id":83434,"name":"Malinao","state_id":1331,"state_code":"AKL","state_name":"Aklan","country_id":174,"country_code":"PH","country_name":"Philippines","latitude":"11.60513720","longitude":"122.15049950","native":"Malinao","type":"city","level":null,"parent_id":null,"population":49570,"timezone":"Asia/Manila","translations":{"br":"Malinao","ko":"말리나오","pt-BR":"Malinao","pt":"Malinao","nl":"Malinao","hr":"Malinao","fa":"مالینائو","de":"Malinao","es":"Malinao","fr":"Malinao","ja":"マリナオ","it":"Malinao","zh-CN":"马利瑙","tr":"Malinao","ru":"Малинао","uk":"Малінао","pl":"Malinao","hi":"मालिनाओ","ar":"ماليناو"},"wikiDataId":"Q626935"},{"id":83736,"name":"Nabas","state_id":1331,"state_code":"AKL","state_name":"Aklan","country_id":174,"country_code":"PH","country_name":"Philippines","latitude":"11.85230360","longitude":"121.95579400","native":"Navel","type":"city","level":null,"parent_id":null,"population":41568,"timezone":"Asia/Manila","translations":{"br":"Nabas","ko":"나바스","pt-BR":"Nabas","pt":"Nabas","nl":"Nabas","hr":"Nabas","fa":"نباس","de":"Nabas","es":"Nabas","fr":"Nabas","ja":"ナバス","it":"Nabas","zh-CN":"纳巴斯","tr":"Nabas","ru":"Набас","uk":"Набас","pl":"Nabas","hi":"नबास","ar":"ناباس"},"wikiDataId":"Q626959"},{"id":83813,"name":"New Washington","state_id":1331,"state_code":"AKL","state_name":"Aklan","country_id":174,"country_code":"PH","country_name":"Philippines","latitude":"11.63431580","longitude":"122.34151430","native":"New Washington","type":"city","level":null,"parent_id":null,"population":49204,"timezone":"Asia/Manila","translations":{"br":"New Washington","ko":"뉴 워싱턴","pt-BR":"Nova Washington","pt":"Nova Washington","nl":"Nieuw Washington","hr":"Novi Washington","fa":"نیو واشنگتن","de":"Neues Washington","es":"Nuevo Washington","fr":"Nouveau Washington","ja":"ニューワシントン","it":"Nuovo Washington","zh-CN":"新华盛顿","tr":"Yeni Washington","ru":"Нью-Вашингтон","uk":"Нью-Вашингтон","pl":"Nowy Waszyngton","hi":"न्यू वाशिंगटन","ar":"نيو واشنطن"},"wikiDataId":"Q626992"},{"id":83831,"name":"Numancia","state_id":1331,"state_code":"AKL","state_name":"Aklan","country_id":174,"country_code":"PH","country_name":"Philippines","latitude":"11.71329610","longitude":"122.29263690","native":"Numancia","type":"adm3","level":null,"parent_id":null,"population":3035,"timezone":"Asia/Manila","translations":{"br":"Numancia","ko":"누만시아","pt-BR":"Numância","pt":"Numância","nl":"Numancia","hr":"Numancia","fa":"نومانسیا","de":"Numancia","es":"Numancia","fr":"Numance","ja":"ヌマンシア","it":"Numancia","zh-CN":"努曼西亚","tr":"Numancia","ru":"Нумансия","uk":"Нумансія","pl":"Numancia","hi":"नूमान्सिया","ar":"نومانسيا"},"wikiDataId":"Q627008"},{"id":85035,"name":"Tangalan","state_id":1331,"state_code":"AKL","state_name":"Aklan","country_id":174,"country_code":"PH","country_name":"Philippines","latitude":"11.73931560","longitude":"122.16096950","native":"Tangalan","type":"adm3","level":null,"parent_id":null,"population":2654,"timezone":"Asia/Manila","translations":{"br":"Tangalan","ko":"탕갈란","pt-BR":"Tangalan","pt":"Tangalan","nl":"Tangalaans","hr":"Tangalan","fa":"تنگالان","de":"Tangalan","es":"Tangalán","fr":"Tangalan","ja":"タンガラン語","it":"Tangalan","zh-CN":"坦加兰","tr":"Tangalan","ru":"Тангалан","uk":"Тангалан","pl":"Tangalski","hi":"तांगालान","ar":"التنغالانية"},"wikiDataId":"Q627028"}]