[{"id":144793,"name":"Calanasan","state_id":1334,"state_code":"APA","state_name":"Apayao","country_id":174,"country_code":"PH","country_name":"Philippines","latitude":"18.25797860","longitude":"120.71187320","native":"Calanasan","type":"adm3","level":null,"parent_id":null,"population":12176,"timezone":"Asia/Manila","translations":{"br":"Calanasan","ko":"칼라나산","pt-BR":"Calanasan","pt":"Calanasan","nl":"Calanasan","hr":"Calanasan","fa":"کالاناسان","de":"Calanasan","es":"Calanasán","fr":"Calanasan","ja":"カラナサン","it":"Calanasan","zh-CN":"卡拉纳桑","tr":"Kalanasan","ru":"Каланасан","uk":"Каланасан","pl":"Calanasan","hi":"कैलानासन","ar":"كالاناسان"},"wikiDataId":"Q29018"},{"id":144795,"name":"Conner","state_id":1334,"state_code":"APA","state_name":"Apayao","country_id":174,"country_code":"PH","country_name":"Philippines","latitude":"17.77495440","longitude":"121.09925090","native":"Conner","type":"city","level":null,"parent_id":null,"population":28360,"timezone":"Asia/Manila","translations":{"br":"Conner","ko":"코너","pt-BR":"Conner","pt":"Conner","nl":"Conner","hr":"Conner","fa":"کانر","de":"Conner","es":"Conner","fr":"Conner","ja":"コナー","it":"Conner","zh-CN":"康纳","tr":"Conner","ru":"Коннер","uk":"Коннер","pl":"Conner","hi":"कोनर","ar":"كونر"},"wikiDataId":"Q30033"},{"id":144801,"name":"Flora","state_id":1334,"state_code":"APA","state_name":"Apayao","country_id":174,"country_code":"PH","country_name":"Philippines","latitude":"18.11880180","longitude":"121.24518720","native":"Flora","type":"city","level":null,"parent_id":null,"population":18271,"timezone":"Asia/Manila","translations":{"br":"Flora","ko":"플로라","pt-BR":"Flora","pt":"Flora","nl":"Flora","hr":"Flora","fa":"فلورا","de":"Flora","es":"Flora","fr":"Flore","ja":"フローラ","it":"Flora","zh-CN":"弗洛拉","tr":"Flora","ru":"Флора","uk":"Флора","pl":"Flora","hi":"फ्लोरा","ar":"النباتات"},"wikiDataId":"Q30042"},{"id":144810,"name":"Kabugao","state_id":1334,"state_code":"APA","state_name":"Apayao","country_id":174,"country_code":"PH","country_name":"Philippines","latitude":"18.02643240","longitude":"120.82603070","native":"Kabugao","type":"city","level":null,"parent_id":null,"population":16425,"timezone":"Asia/Manila","translations":{"br":"Kabugao","ko":"카부가오","pt-BR":"Kabugao","pt":"Kabugao","nl":"Kabugao","hr":"Kabugao","fa":"کابوگائو","de":"Kabugao","es":"Kabugao","fr":"Kabugao","ja":"カブガオ","it":"Kabugao","zh-CN":"卡布高","tr":"Kabugao","ru":"Кабугао","uk":"Кабугао","pl":"Kabugao","hi":"कबुगाओ","ar":"كابوجاو"},"wikiDataId":"Q30053"},{"id":144829,"name":"Luna","state_id":1334,"state_code":"APA","state_name":"Apayao","country_id":174,"country_code":"PH","country_name":"Philippines","latitude":"18.34990020","longitude":"121.09053910","native":"Luna","type":"adm3","level":null,"parent_id":null,"population":21015,"timezone":"Asia/Manila","translations":{"br":"Luna","ko":"루나","pt-BR":"Lua","pt":"Lua","nl":"Maan","hr":"Luna","fa":"لونا","de":"Luna","es":"Luna","fr":"Lune","ja":"ルナ","it":"Luna","zh-CN":"露娜","tr":"Ay","ru":"Луна","uk":"Луна","pl":"Księżyc","hi":"लूना","ar":"لونا"},"wikiDataId":"Q801777"},{"id":144845,"name":"Pudtol","state_id":1334,"state_code":"APA","state_name":"Apayao","country_id":174,"country_code":"PH","country_name":"Philippines","latitude":"18.13808910","longitude":"121.15094510","native":"Pudtol","type":"adm3","level":null,"parent_id":null,"population":15676,"timezone":"Asia/Manila","translations":{"br":"Pudtol","ko":"푸트톨","pt-BR":"Pudtol","pt":"Pudtol","nl":"Pudtol","hr":"Pudtol","fa":"پودتول","de":"Pudtol","es":"Pudtol","fr":"Pudtol","ja":"パドトル","it":"Pudtol","zh-CN":"普托尔","tr":"Pudtol","ru":"Пудтол","uk":"Пудтол","pl":"Pudtol","hi":"पुडटोल","ar":"بودتول"},"wikiDataId":"Q30062"},{"id":144857,"name":"Santa Marcela","state_id":1334,"state_code":"APA","state_name":"Apayao","country_id":174,"country_code":"PH","country_name":"Philippines","latitude":"18.29320640","longitude":"121.39907490","native":"Santa Marcela","type":"adm3","level":null,"parent_id":null,"population":14049,"timezone":"Asia/Manila","translations":{"br":"Santa Marcela","ko":"산타 마르셀라","pt-BR":"Santa Marcela","pt":"Santa Marcela","nl":"Santa Marcela","hr":"Santa Marcela","fa":"سانتا مارسلا","de":"Santa Marcela","es":"Santa Marcela","fr":"Santa Marcela","ja":"サンタ・マルセラ","it":"Santa Marcela","zh-CN":"圣马塞拉","tr":"Santa Marcela","ru":"Санта-Марсела","uk":"Санта-Марсела","pl":"Święta Marcela","hi":"सांता मार्सेला","ar":"سانتا مارسيلا"},"wikiDataId":"Q30073"}]