[{"id":154487,"name":"Akbar","state_id":1346,"state_code":"BAS","state_name":"Basilan","country_id":174,"country_code":"PH","country_name":"Philippines","latitude":"6.63622070","longitude":"122.13063910","native":"Akbar","type":"adm3","level":null,"parent_id":null,"population":6114,"timezone":"Asia/Manila","translations":{"br":"Akbar","ko":"아크바르","pt-BR":"Akbar","pt":"Akbar","nl":"Akbar","hr":"Akbar","fa":"اکبر","de":"Akbar","es":"Akbar","fr":"Akbar","ja":"アクバル","it":"Akbar","zh-CN":"阿克巴","tr":"Ekber","ru":"Акбар","uk":"Акбар","pl":"Akbar","hi":"अकबर","ar":"أكبر"},"wikiDataId":"Q42589"},{"id":154488,"name":"Al-Barka","state_id":1346,"state_code":"BAS","state_name":"Basilan","country_id":174,"country_code":"PH","country_name":"Philippines","latitude":"6.48418650","longitude":"122.11105890","native":"Al-Barka","type":"adm3","level":null,"parent_id":null,"population":null,"timezone":"Asia/Manila","translations":{"br":"Al-Barka","ko":"알바르카","pt-BR":"Al-Barka","pt":"Al-Barka","nl":"Al-Barka","hr":"Al-Barka","fa":"البرکه","de":"Al-Barka","es":"Al-Barka","fr":"Al-Barka","ja":"アル・バルカ","it":"Al-Barka","zh-CN":"阿尔·巴尔卡","tr":"El-Barka","ru":"Аль-Барка","uk":"Аль-Барка","pl":"Al-Barka","hi":"अल-बरका","ar":"البركة"},"wikiDataId":"Q41999"},{"id":154489,"name":"Hadji Mohammad Ajul","state_id":1346,"state_code":"BAS","state_name":"Basilan","country_id":174,"country_code":"PH","country_name":"Philippines","latitude":"6.62700220","longitude":"122.19440060","native":"Hadji Mohammad Ajul","type":"city","level":null,"parent_id":null,"population":null,"timezone":"Asia/Manila","translations":{"br":"Hadji Mohammad Ajul","ko":"하지 모하마드 아줄","pt-BR":"Hadji Mohammad Ajul","pt":"Hadji Mohammad Ajul","nl":"Hadji Mohammed Ajul","hr":"Hadži Mohammad Ajul","fa":"حاجی محمد اجول","de":"Hadji Mohammad Ajul","es":"Hadji Mohammad Ajul","fr":"Hadji Mohammed Ajul","ja":"ハジ・モハマド・アジュル","it":"Hadji Mohammad Ajul","zh-CN":"哈吉·穆罕默德·阿朱尔","tr":"Hacı Muhammed Ajul","ru":"Хаджи Мохаммад Аджул","uk":"Хаджі Мохаммед Аджул","pl":"Hadji Mohammad Ajul","hi":"हाजी मोहम्मद अजुल","ar":"حاجي محمد عجول"},"wikiDataId":"Q41998"},{"id":154490,"name":"Hadji Muhtamad","state_id":1346,"state_code":"BAS","state_name":"Basilan","country_id":174,"country_code":"PH","country_name":"Philippines","latitude":"6.66221160","longitude":"121.58636210","native":"Hadji Muhtamad","type":"city","level":null,"parent_id":null,"population":null,"timezone":"Asia/Manila","translations":{"br":"Hadji Muhtamad","ko":"하지 무타마드","pt-BR":"Hadji Muhtamad","pt":"Hadji Muhtamad","nl":"Hadji Muhtamad","hr":"Hadži Muhtamad","fa":"حاجی محمد","de":"Hadji Muhtamad","es":"Hadji Muhtamad","fr":"Hadji Muhtamad","ja":"ハジ・ムフタマド","it":"Hadji Muhtamad","zh-CN":"哈吉·穆赫塔玛德","tr":"Hacı Muhtamad","ru":"Хаджи Мухтамад","uk":"Хаджі Мухтамад","pl":"Hadji Muhtamad","hi":"हाजी मुहतमद","ar":"حاجي محمد"},"wikiDataId":"Q802075"},{"id":144530,"name":"Isabela","state_id":1346,"state_code":"BAS","state_name":"Basilan","country_id":174,"country_code":"PH","country_name":"Philippines","latitude":"6.66855650","longitude":"121.90652440","native":"Isabela","type":"adm2","level":null,"parent_id":null,"population":65399,"timezone":"Asia/Manila","translations":{"br":"Isabela","ko":"이사벨라","pt-BR":"Isabela","pt":"Isabela","nl":"Isabela","hr":"Izabela","fa":"ایزابلا","de":"Isabela","es":"Isabela","fr":"Isabelle","ja":"イザベラ","it":"Isabella","zh-CN":"伊莎贝拉","tr":"Isabela","ru":"Изабела","uk":"Ізабела","pl":"Izabela","hi":"इसाबेला","ar":"إيزابيلا"},"wikiDataId":"Q1710"},{"id":144558,"name":"Lamitan","state_id":1346,"state_code":"BAS","state_name":"Basilan","country_id":174,"country_code":"PH","country_name":"Philippines","latitude":"6.65077910","longitude":"122.03653650","native":"Lamitan","type":"city","level":null,"parent_id":null,"population":116652,"timezone":"Asia/Manila","translations":{"br":"Lamitan","ko":"라미탄","pt-BR":"Lamitan","pt":"Lamitan","nl":"Lamitan","hr":"Lamitan","fa":"لامیتان","de":"Lamitan","es":"Lamitan","fr":"Lamitan","ja":"ラミタン","it":"Lamitan","zh-CN":"拉米坦","tr":"Lamitan","ru":"Ламитан","uk":"Ламітан","pl":"Lamitan","hi":"लैमिटन","ar":"لاميتان"},"wikiDataId":"Q1714"},{"id":154491,"name":"Lantawan","state_id":1346,"state_code":"BAS","state_name":"Basilan","country_id":174,"country_code":"PH","country_name":"Philippines","latitude":"6.63870380","longitude":"121.84030780","native":"battlements","type":"city","level":null,"parent_id":null,"population":null,"timezone":"Asia/Manila","translations":{"br":"Lantawan","ko":"란타완","pt-BR":"Lantawan","pt":"Lantawan","nl":"Lantawan","hr":"Lantawan","fa":"لانتاوان","de":"Lantawan","es":"Lantawan","fr":"Lantawan","ja":"ランタワン","it":"Lantawan","zh-CN":"兰塔万","tr":"Lantawan","ru":"Лантаван","uk":"Лантаван","pl":"Lantawan","hi":"लांतावान","ar":"لانتاوان"},"wikiDataId":"Q802107"},{"id":144584,"name":"Maluso","state_id":1346,"state_code":"BAS","state_name":"Basilan","country_id":174,"country_code":"PH","country_name":"Philippines","latitude":"6.52229870","longitude":"121.85485740","native":"Skills","type":"city","level":null,"parent_id":null,"population":null,"timezone":"Asia/Manila","translations":{"br":"Maluso","ko":"말루소","pt-BR":"Maluso","pt":"Maluso","nl":"Maluso","hr":"Maluso","fa":"مالوسو","de":"Maluso","es":"Maluso","fr":"Maluso","ja":"マルーソ","it":"Maluso","zh-CN":"马卢索","tr":"Maluso","ru":"Малусо","uk":"Малузо","pl":"Maluso","hi":"मालुसो","ar":"مالوسو"},"wikiDataId":"Q802142"},{"id":144732,"name":"Sumisip","state_id":1346,"state_code":"BAS","state_name":"Basilan","country_id":174,"country_code":"PH","country_name":"Philippines","latitude":"6.49197520","longitude":"121.91873390","native":"Sumisip","type":"adm3","level":null,"parent_id":null,"population":55778,"timezone":"Asia/Manila","translations":{"br":"Sumisip","ko":"수미십","pt-BR":"Sumisip","pt":"Sumisip","nl":"Sumisip","hr":"Sumisip","fa":"سومیسیپ","de":"Sumisip","es":"Sumisip","fr":"Sumisip","ja":"スミシップ","it":"Riassunto","zh-CN":"苏米西普","tr":"Sumisip","ru":"Сумисип","uk":"Сумісіп","pl":"Sumisip","hi":"सुमिसिप","ar":"سوميسيب"},"wikiDataId":"Q802171"},{"id":154492,"name":"Tabuan-Lasa","state_id":1346,"state_code":"BAS","state_name":"Basilan","country_id":174,"country_code":"PH","country_name":"Philippines","latitude":"6.33806560","longitude":"121.90364910","native":"Headline","type":"city","level":null,"parent_id":null,"population":null,"timezone":"Asia/Manila","translations":{"br":"Tabuan-Lasa","ko":"타부안-라사","pt-BR":"Tabuan-Lasa","pt":"Tabuan-Lasa","nl":"Tabuan-Lasa","hr":"Tabuan-Lasa","fa":"تابوان-لاسا","de":"Tabuan-Lasa","es":"Tabuan-Lasa","fr":"Tabuan-Lasa","ja":"タブアン・ラサ","it":"Tabuan-Lasa","zh-CN":"塔布安-拉萨","tr":"Tabuan-Lasa","ru":"Табуан-Ласа","uk":"Табуан-Ласа","pl":"Tabuan-Lasa","hi":"तबुआन-लासा","ar":"تابوان لاسا"},"wikiDataId":"Q802202"},{"id":144750,"name":"Tipo-Tipo","state_id":1346,"state_code":"BAS","state_name":"Basilan","country_id":174,"country_code":"PH","country_name":"Philippines","latitude":"6.51074450","longitude":"122.12117930","native":"Type-type","type":"adm3","level":null,"parent_id":null,"population":32734,"timezone":"Asia/Manila","translations":{"br":"Tipo-Tipo","ko":"티포티포","pt-BR":"Tipo-Tipo","pt":"Tipo-Tipo","nl":"Tipo-Tipo","hr":"Tipo-Tipo","fa":"تیپو-تیپو","de":"Tipo-Tipo","es":"Tipo-Tipo","fr":"Type-Type","ja":"ティポティポ","it":"Tipo-Tipo","zh-CN":"蒂波蒂波","tr":"Tipo-Tipo","ru":"Типо-Типо","uk":"Тіпо-Тіпо","pl":"Tipo-Tipo","hi":"टिपो-टिपो","ar":"تيبو تيبو"},"wikiDataId":"Q667595"},{"id":144754,"name":"Tuburan","state_id":1346,"state_code":"BAS","state_name":"Basilan","country_id":174,"country_code":"PH","country_name":"Philippines","latitude":"6.59669650","longitude":"122.17114350","native":"fountain","type":"adm3","level":null,"parent_id":null,"population":2981,"timezone":"Asia/Manila","translations":{"br":"Tuburan","ko":"투부란","pt-BR":"Tuburan","pt":"Tuburan","nl":"Tuburan","hr":"Tuburan","fa":"توبوران","de":"Tuburan","es":"Tuburan","fr":"Tuburan","ja":"トゥブラン","it":"Tuburan","zh-CN":"图布兰","tr":"Tuburan","ru":"Тубуран","uk":"Тубуран","pl":"Tuburan","hi":"टुबुरान","ar":"توبوران"},"wikiDataId":"Q630096"},{"id":154493,"name":"Ungkaya Pukan","state_id":1346,"state_code":"BAS","state_name":"Basilan","country_id":174,"country_code":"PH","country_name":"Philippines","latitude":"6.50141960","longitude":"122.02509960","native":"Share Pukan","type":"city","level":null,"parent_id":null,"population":2477,"timezone":"Asia/Manila","translations":{"br":"Ungkaya Pukan","ko":"웅카야 푸칸","pt-BR":"Ungkaya Pukan","pt":"Ungkaya Pukan","nl":"Ungkaya Pukan","hr":"Ungkaya Pukan","fa":"اونگکایا پوکان","de":"Ungkaya Pukan","es":"Ungkaya Pukan","fr":"Ungkaya Pukan","ja":"ウンカヤ・プカン","it":"Ungkaya Pukan","zh-CN":"翁卡亚·普坎","tr":"Ungkaya Pukan","ru":"Унгкая Пукан","uk":"Унгкая Пукан","pl":"Ungkaya Pukan","hi":"उंगकाया पुकन","ar":"أونغكايا بوكان"},"wikiDataId":"Q204771"}]