[{"id":81224,"name":"Allen","state_id":1349,"state_code":"NSA","state_name":"Northern Samar","country_id":174,"country_code":"PH","country_name":"Philippines","latitude":"12.52978630","longitude":"124.24781400","native":"Allen","type":"adm3","level":null,"parent_id":null,"population":26527,"timezone":"Asia/Manila","translations":{"br":"Allen","ko":"앨런","pt-BR":"Allen","pt":"Allen","nl":"Allen","hr":"Allen","fa":"آلن","de":"Allen","es":"Allen","fr":"Allen","ja":"アレン","it":"Allen","zh-CN":"艾伦","tr":"Allen","ru":"Аллен","uk":"Аллен","pl":"Allen","hi":"एलन","ar":"ألين"},"wikiDataId":"Q174784"},{"id":81736,"name":"Biri","state_id":1349,"state_code":"NSA","state_name":"Northern Samar","country_id":174,"country_code":"PH","country_name":"Philippines","latitude":"12.65401400","longitude":"124.32008350","native":"One","type":"adm3","level":null,"parent_id":null,"population":11005,"timezone":"Asia/Manila","translations":{"br":"Biri","ko":"비리","pt-BR":"Biri","pt":"Biri","nl":"Biri","hr":"Biri","fa":"بیری","de":"Biri","es":"Biri","fr":"Biri","ja":"ビリ","it":"Biri","zh-CN":"比里","tr":"Biri","ru":"Бири","uk":"Бірі","pl":"Biri","hi":"बीरी","ar":"بيري"},"wikiDataId":"Q174801"},{"id":81754,"name":"Bobon","state_id":1349,"state_code":"NSA","state_name":"Northern Samar","country_id":174,"country_code":"PH","country_name":"Philippines","latitude":"12.41771900","longitude":"124.44076140","native":"Bobon","type":"city","level":null,"parent_id":null,"population":27266,"timezone":"Asia/Manila","translations":{"br":"Bobon","ko":"보본","pt-BR":"Bobon","pt":"Bobon","nl":"Bobon","hr":"Bobon","fa":"بوبون","de":"Bobon","es":"Bobón","fr":"Bobon","ja":"ボボン","it":"Bobon","zh-CN":"波本","tr":"Bobon","ru":"Бобон","uk":"Бобон","pl":"Bobon","hi":"बोबोन","ar":"بوبون"},"wikiDataId":"Q174822"},{"id":82142,"name":"Capul","state_id":1349,"state_code":"NSA","state_name":"Northern Samar","country_id":174,"country_code":"PH","country_name":"Philippines","latitude":"12.43233530","longitude":"124.12289040","native":"Head","type":"adm3","level":null,"parent_id":null,"population":null,"timezone":"Asia/Manila","translations":{"br":"Capul","ko":"카풀","pt-BR":"Capul","pt":"Capul","nl":"Capul","hr":"Kapul","fa":"کاپول","de":"Capul","es":"Capul","fr":"Capul","ja":"カプル","it":"Capul","zh-CN":"卡普尔","tr":"Capul","ru":"Капул","uk":"Капул","pl":"Capul","hi":"कैपुल","ar":"كابول"},"wikiDataId":"Q174871"},{"id":154736,"name":"Catarman","state_id":1349,"state_code":"NSA","state_name":"Northern Samar","country_id":174,"country_code":"PH","country_name":"Philippines","latitude":"12.41141030","longitude":"124.57800460","native":"Catarman","type":"city","level":null,"parent_id":null,"population":97738,"timezone":"Asia/Manila","translations":{"br":"Katarman","ko":"카타르만","pt-BR":"Catarman","pt":"Catarman","nl":"Catarman","hr":"Katarman","fa":"کاتامان","de":"Katarmann","es":"Catarmán","fr":"Catarman","ja":"カタルマン","it":"Catarman","zh-CN":"卡塔曼","tr":"Catarman","ru":"Катарман","uk":"Катарман","pl":"Catarman","hi":"कैटरमैन","ar":"كاتارمان"},"wikiDataId":"Q174886"},{"id":82218,"name":"Catubig","state_id":1349,"state_code":"NSA","state_name":"Northern Samar","country_id":174,"country_code":"PH","country_name":"Philippines","latitude":"12.38924370","longitude":"124.91989910","native":"Catubig","type":"adm3","level":null,"parent_id":null,"population":32688,"timezone":"Asia/Manila","translations":{"br":"Catubig","ko":"카투빅","pt-BR":"Catubig","pt":"Catubig","nl":"Catubig","hr":"Catubig","fa":"کاتوبیگ","de":"Catubig","es":"Catubig","fr":"Catubig","ja":"カトゥビグ","it":"Catubig","zh-CN":"卡图比格","tr":"Catubig","ru":"Катубиг","uk":"Катубіг","pl":"Catubig","hi":"कैटुबिग","ar":"كاتوبيج"},"wikiDataId":"Q174906"},{"id":82555,"name":"Gamay","state_id":1349,"state_code":"NSA","state_name":"Northern Samar","country_id":174,"country_code":"PH","country_name":"Philippines","latitude":"12.40600320","longitude":"125.17615870","native":"small","type":"city","level":null,"parent_id":null,"population":21546,"timezone":"Asia/Manila","translations":{"br":"Gamay","ko":"가메이","pt-BR":"Gamay","pt":"Gamay","nl":"Gamay","hr":"Gamay","fa":"گامای","de":"Gamay","es":"Gamay","fr":"Gamay","ja":"ガメイ","it":"Gamay","zh-CN":"佳美","tr":"Gamay","ru":"Гаме","uk":"Гаме","pl":"Gamay","hi":"गमय","ar":"جاماي"},"wikiDataId":"Q174919"},{"id":83028,"name":"Laoang","state_id":1349,"state_code":"NSA","state_name":"Northern Samar","country_id":174,"country_code":"PH","country_name":"Philippines","latitude":"12.56805190","longitude":"124.94634690","native":"Laoang","type":"adm3","level":null,"parent_id":null,"population":60980,"timezone":"Asia/Manila","translations":{"br":"Laoang","ko":"라오앙","pt-BR":"Laoang","pt":"Laoang","nl":"Laoang","hr":"Laoang","fa":"لائونگ","de":"Laoang","es":"Laoang","fr":"Laoang","ja":"ラオアン","it":"Laoang","zh-CN":"劳昂","tr":"Laoang","ru":"Лаоанг","uk":"Лаоанг","pl":"Laoang","hi":"लाओआंग","ar":"لاوانج"},"wikiDataId":"Q174940"},{"id":83033,"name":"Lapinig","state_id":1349,"state_code":"NSA","state_name":"Northern Samar","country_id":174,"country_code":"PH","country_name":"Philippines","latitude":"12.30600350","longitude":"125.20220830","native":"small wasps","type":"city","level":null,"parent_id":null,"population":11908,"timezone":"Asia/Manila","translations":{"br":"Lapinig","ko":"라피니그","pt-BR":"Lapinig","pt":"Lapinig","nl":"Lapinig","hr":"Lapinig","fa":"لاپینیگ","de":"Lapinig","es":"Lapinig","fr":"Lapin","ja":"ラピニグ","it":"Lapinig","zh-CN":"拉皮尼格","tr":"Lapinig","ru":"Лапиниг","uk":"Лапініг","pl":"Lapinig","hi":"लैपिनिग","ar":"لابينيج"},"wikiDataId":"Q174962"},{"id":83044,"name":"Las Navas","state_id":1349,"state_code":"NSA","state_name":"Northern Samar","country_id":174,"country_code":"PH","country_name":"Philippines","latitude":"12.31420060","longitude":"124.87470930","native":"Las Navas","type":"adm3","level":null,"parent_id":null,"population":37425,"timezone":"Asia/Manila","translations":{"br":"Las Navas","ko":"라스 나바스","pt-BR":"Las Navas","pt":"Las Navas","nl":"Las Navas","hr":"Las Navas","fa":"لاس ناواس","de":"Las Navas","es":"Las Navas","fr":"Las Navas","ja":"ラス・ナバス","it":"Las Navas","zh-CN":"拉斯纳瓦斯","tr":"Las Navas","ru":"Лас-Навас","uk":"Лас-Навас","pl":"Las Navas","hi":"लास नवास","ar":"لاس نافاس"},"wikiDataId":"Q174987"},{"id":83052,"name":"Lavezares","state_id":1349,"state_code":"NSA","state_name":"Northern Samar","country_id":174,"country_code":"PH","country_name":"Philippines","latitude":"12.55164820","longitude":"124.26279140","native":"Lavezares","type":"adm3","level":null,"parent_id":null,"population":29801,"timezone":"Asia/Manila","translations":{"br":"Lavezares","ko":"라베자레스","pt-BR":"Lavezares","pt":"Lavezares","nl":"Lavezares","hr":"Lavezares","fa":"لاوزارس","de":"Lavezares","es":"Lavezares","fr":"Lavezares","ja":"ラベザレス","it":"Lavatori","zh-CN":"拉韦萨雷斯","tr":"Lavezares","ru":"Лавесарес","uk":"Лавезарес","pl":"Lavezares","hi":"लावेज़ारेस","ar":"لافيزاريس"},"wikiDataId":"Q175008"},{"id":83176,"name":"Lope de Vega","state_id":1349,"state_code":"NSA","state_name":"Northern Samar","country_id":174,"country_code":"PH","country_name":"Philippines","latitude":"12.30136700","longitude":"124.58281110","native":"Lope de Vega","type":"city","level":null,"parent_id":null,"population":15779,"timezone":"Asia/Manila","translations":{"br":"Lope de Vega","ko":"로페 데 베가","pt-BR":"Lope de Vega","pt":"Lope de Vega","nl":"Lope de Vega","hr":"Lope de Vega","fa":"لوپه دِ وگا","de":"Lope de Vega","es":"Lope de Vega","fr":"Lope de Vega","ja":"ロペ・デ・ベガ","it":"Lope de Vega","zh-CN":"洛佩·德·维加","tr":"Lope de Vega","ru":"Лопе де Вега","uk":"Лопе де Вега","pl":"Lope de Vega","hi":"लोप डी वेगा","ar":"لوبي دي فيغا"},"wikiDataId":"Q175031"},{"id":83550,"name":"Mapanas","state_id":1349,"state_code":"NSA","state_name":"Northern Samar","country_id":174,"country_code":"PH","country_name":"Philippines","latitude":"12.45160030","longitude":"125.12281490","native":"Mangas","type":"city","level":null,"parent_id":null,"population":14858,"timezone":"Asia/Manila","translations":{"br":"Mapanas","ko":"마파나스","pt-BR":"Mapanas","pt":"Mapanas","nl":"Mapanas","hr":"Mapanas","fa":"مپانا","de":"Mapanas","es":"Mapanas","fr":"Cartes","ja":"マパナス","it":"Mapanas","zh-CN":"马帕纳斯","tr":"Mapanalar","ru":"Мапанас","uk":"Мапанас","pl":"Mapanas","hi":"मपनास","ar":"ماباناس"},"wikiDataId":"Q175054"},{"id":83701,"name":"Mondragon","state_id":1349,"state_code":"NSA","state_name":"Northern Samar","country_id":174,"country_code":"PH","country_name":"Philippines","latitude":"12.41050200","longitude":"124.59339920","native":"Mondragon","type":"city","level":null,"parent_id":null,"population":43116,"timezone":"Asia/Manila","translations":{"br":"Mondragon","ko":"몬드라곤","pt-BR":"Mondragón","pt":"Mondragón","nl":"Mondragon","hr":"Mondragon","fa":"موندراگون","de":"Mondragon","es":"Mondragón","fr":"Mondragon","ja":"モンドラゴン","it":"Mondragon","zh-CN":"蒙德拉贡","tr":"Mondragon","ru":"Мондрагон","uk":"Мондрагон","pl":"Mondragon","hi":"मोंड्रेगन","ar":"موندراجون"},"wikiDataId":"Q175082"},{"id":83915,"name":"Palapag","state_id":1349,"state_code":"NSA","state_name":"Northern Samar","country_id":174,"country_code":"PH","country_name":"Philippines","latitude":"12.52819270","longitude":"124.96732060","native":"Floor","type":"adm3","level":null,"parent_id":null,"population":34954,"timezone":"Asia/Manila","translations":{"br":"Palapag","ko":"팔라파그","pt-BR":"Palapag","pt":"Palapag","nl":"Palapag","hr":"Palapag","fa":"پالاپاگ","de":"Palapag","es":"Palapag","fr":"Palapag","ja":"パラパグ","it":"Palapag","zh-CN":"帕拉帕格","tr":"Palapag","ru":"Палапаг","uk":"Палапаг","pl":"Palapag","hi":"पलापाग","ar":"بالاباج"},"wikiDataId":"Q175100"},{"id":83937,"name":"Pambujan","state_id":1349,"state_code":"NSA","state_name":"Northern Samar","country_id":174,"country_code":"PH","country_name":"Philippines","latitude":"12.47638550","longitude":"124.83249260","native":"Clearing","type":"city","level":null,"parent_id":null,"population":3976,"timezone":"Asia/Manila","translations":{"br":"Pambujan","ko":"팜부잔","pt-BR":"Pambujan","pt":"Pambujan","nl":"Pambujan","hr":"Pambujan","fa":"پامبوجان","de":"Pambujan","es":"Pambujan","fr":"Pambujan","ja":"パンブジャン","it":"Pambujan","zh-CN":"潘布詹","tr":"Pambujan","ru":"Памбужан","uk":"Памбуджан","pl":"Pambudżan","hi":"पंबुजन","ar":"بامبوجان"},"wikiDataId":"Q175115"},{"id":154737,"name":"Rosario","state_id":1349,"state_code":"NSA","state_name":"Northern Samar","country_id":174,"country_code":"PH","country_name":"Philippines","latitude":"12.51302520","longitude":"124.35857850","native":"Rosario","type":"adm3","level":null,"parent_id":null,"population":58797,"timezone":"Asia/Manila","translations":{"br":"Rosario","ko":"로사리오","pt-BR":"Rosário","pt":"Rosário","nl":"Rosario","hr":"Rosario","fa":"روزاریو","de":"Rosario","es":"Rosario","fr":"Rosario","ja":"ロザリオ","it":"Rosario","zh-CN":"罗萨里奥","tr":"Rosario","ru":"Росарио","uk":"Росаріо","pl":"Rosario","hi":"रोसारियो","ar":"روزاريو"},"wikiDataId":"Q175136"},{"id":84447,"name":"San Antonio","state_id":1349,"state_code":"NSA","state_name":"Northern Samar","country_id":174,"country_code":"PH","country_name":"Philippines","latitude":"12.41029060","longitude":"124.22198190","native":"San Antonio","type":"adm3","level":null,"parent_id":null,"population":84958,"timezone":"Asia/Manila","translations":{"br":"San Antonio","ko":"샌안토니오","pt-BR":"Santo Antônio","pt":"Santo Antônio","nl":"San Antonio","hr":"San Antonio","fa":"سن آنتونیو","de":"San Antonio","es":"San Antonio","fr":"San Antonio","ja":"サンアントニオ","it":"San Antonio","zh-CN":"圣安东尼奥","tr":"San Antonio","ru":"Сан-Антонио","uk":"Сан-Антоніо","pl":"San Antonio","hi":"सेन एंटोनियो","ar":"سان أنطونيو"},"wikiDataId":"Q175163"},{"id":154738,"name":"San Isidro","state_id":1349,"state_code":"NSA","state_name":"Northern Samar","country_id":174,"country_code":"PH","country_name":"Philippines","latitude":"12.34861670","longitude":"124.31162910","native":"San Isidro","type":"adm3","level":null,"parent_id":null,"population":8813,"timezone":"Asia/Manila","translations":{"br":"San Isidro","ko":"산 이시드로","pt-BR":"São Isidro","pt":"São Isidro","nl":"San Isidro","hr":"San Isidro","fa":"سان ایسیدرو","de":"San Isidro","es":"San Isidro","fr":"San Isidro","ja":"サン・イシドロ","it":"San Isidro","zh-CN":"圣伊西德罗","tr":"San Isidro","ru":"Сан-Исидро","uk":"Сан-Ісідро","pl":"Święty Izydor","hi":"सैन इसिड्रो","ar":"سان إيسيدرو"},"wikiDataId":"Q175183"},{"id":154739,"name":"San Jose","state_id":1349,"state_code":"NSA","state_name":"Northern Samar","country_id":174,"country_code":"PH","country_name":"Philippines","latitude":"12.50954490","longitude":"124.40728740","native":"San Jose","type":"city","level":null,"parent_id":null,"population":18301,"timezone":"Asia/Manila","translations":{"br":"San Jose","ko":"산호세","pt-BR":"São José","pt":"São José","nl":"San José","hr":"San Jose","fa":"سن خوزه","de":"San José","es":"San José","fr":"San José","ja":"サンノゼ","it":"San José","zh-CN":"圣何塞","tr":"San Jose","ru":"Сан-Хосе","uk":"Сан-Хосе","pl":"San Jose","hi":"सैन होज़े","ar":"سان خوسيه"},"wikiDataId":"Q175203"},{"id":84609,"name":"San Roque","state_id":1349,"state_code":"NSA","state_name":"Northern Samar","country_id":174,"country_code":"PH","country_name":"Philippines","latitude":"12.45473180","longitude":"124.80228020","native":"San Roque","type":"adm3","level":null,"parent_id":null,"population":4930,"timezone":"Asia/Manila","translations":{"br":"San Roque","ko":"산 로케","pt-BR":"São Roque","pt":"São Roque","nl":"San Roque","hr":"San Roke","fa":"سن روکه","de":"San Roque","es":"San Roque","fr":"San Roque","ja":"サンロケ","it":"San Rocco","zh-CN":"圣罗克","tr":"San Roque","ru":"Сан-Роке","uk":"Сан-Роке","pl":"San Roque","hi":"सैन रोके","ar":"سان روكي"},"wikiDataId":"Q175230"},{"id":154740,"name":"San Vicente","state_id":1349,"state_code":"NSA","state_name":"Northern Samar","country_id":174,"country_code":"PH","country_name":"Philippines","latitude":"12.33217930","longitude":"123.97779060","native":"San Vicente","type":"adm3","level":null,"parent_id":null,"population":11774,"timezone":"Asia/Manila","translations":{"br":"San Visente","ko":"산 비센테","pt-BR":"São Vicente","pt":"São Vicente","nl":"San Vicente","hr":"San Vicente","fa":"سن ویسنته","de":"San Vicente","es":"San Vicente","fr":"Saint-Vincent","ja":"サン・ビセンテ","it":"San Vicente","zh-CN":"圣维森特","tr":"San Vicente","ru":"Сан-Висенте","uk":"Сан-Вісенте","pl":"Święty Wincenty","hi":"सैन विसेंट","ar":"سان فيسينتي"},"wikiDataId":"Q175247"},{"id":84797,"name":"Silvino Lobos","state_id":1349,"state_code":"NSA","state_name":"Northern Samar","country_id":174,"country_code":"PH","country_name":"Philippines","latitude":"12.30367240","longitude":"124.69352070","native":"Silvino Lobos","type":"city","level":null,"parent_id":null,"population":15512,"timezone":"Asia/Manila","translations":{"br":"Silvino Lobos","ko":"실비노 로보스","pt-BR":"Silvino Lobos","pt":"Silvino Lobos","nl":"Silvino Lobos","hr":"Silvino Lobos","fa":"سیلوینو لوبوس","de":"Silvino Lobos","es":"Silvino Lobos","fr":"Silvino Lobos","ja":"シルヴィーノ・ロボス","it":"Silvino Lobos","zh-CN":"西尔维诺·洛博斯","tr":"Silvino Lobos","ru":"Сильвино Лобос","uk":"Сільвіно Лобос","pl":"Silvino Lobos","hi":"सिल्विनो लोबोस","ar":"سيلفينو لوبوس"},"wikiDataId":"Q175267"},{"id":154741,"name":"Victoria","state_id":1349,"state_code":"NSA","state_name":"Northern Samar","country_id":174,"country_code":"PH","country_name":"Philippines","latitude":"12.41128970","longitude":"124.22119440","native":"Victoria","type":"adm3","level":null,"parent_id":null,"population":52215,"timezone":"Asia/Manila","translations":{"br":"Victoria","ko":"빅토리아","pt-BR":"Vitória","pt":"Vitória","nl":"Victoria","hr":"Viktorija","fa":"ویکتوریا","de":"Viktoria","es":"Victoria","fr":"Victoria","ja":"ビクトリア","it":"Vittoria","zh-CN":"维多利亚","tr":"Victoria","ru":"Виктория","uk":"Вікторія","pl":"Wiktoria","hi":"विक्टोरिया","ar":"فيكتوريا"},"wikiDataId":"Q175283"}]