[{"id":81132,"name":"Aborlan","state_id":1361,"state_code":"PLW","state_name":"Palawan","country_id":174,"country_code":"PH","country_name":"Philippines","latitude":"9.50252080","longitude":"118.28831960","native":"Aborlan","type":"city","level":null,"parent_id":null,"population":39972,"timezone":"Asia/Manila","translations":{"br":"Aborlan","ko":"아보를란","pt-BR":"Aborlan","pt":"Aborlan","nl":"Aborlan","hr":"Aborlan","fa":"ابورلان","de":"Aborlan","es":"Aborlan","fr":"Aborlan","ja":"アボルラン","it":"Aborlan","zh-CN":"阿博兰","tr":"Aborlan","ru":"Аборлан","uk":"Аборлан","pl":"Aborlan","hi":"अबोरलान","ar":"أبورلان"},"wikiDataId":"Q111338"},{"id":81173,"name":"Agutaya","state_id":1361,"state_code":"PLW","state_name":"Palawan","country_id":174,"country_code":"PH","country_name":"Philippines","latitude":"11.29341430","longitude":"120.60209410","native":"Plain","type":"city","level":null,"parent_id":null,"population":null,"timezone":"Asia/Manila","translations":{"br":"Agutaya","ko":"아구타야","pt-BR":"Agutaya","pt":"Agutaya","nl":"Agutaya","hr":"Agutaya","fa":"آگوتایا","de":"Agutaya","es":"Agutaya","fr":"Agutaya","ja":"アグタヤ","it":"Agutaya","zh-CN":"阿古塔亚","tr":"Agutaya","ru":"Агутайя","uk":"Агутая","pl":"Agutaya","hi":"अगुताया","ar":"أغوتايا"},"wikiDataId":"Q111351"},{"id":81303,"name":"Araceli","state_id":1361,"state_code":"PLW","state_name":"Palawan","country_id":174,"country_code":"PH","country_name":"Philippines","latitude":"10.60574930","longitude":"119.70705160","native":"Araceli","type":"adm3","level":null,"parent_id":null,"population":null,"timezone":"Asia/Manila","translations":{"br":"Araceli","ko":"아라셀리","pt-BR":"Araceli","pt":"Araceli","nl":"Araceli","hr":"Araceli","fa":"آراسلی","de":"Araceli","es":"Araceli","fr":"Araceli","ja":"アラセリ","it":"Araceli","zh-CN":"阿拉塞利","tr":"Araceli","ru":"Арасели","uk":"Араселі","pl":"Araceli","hi":"एरासेलि","ar":"أراسيلي"},"wikiDataId":"Q111360"},{"id":81429,"name":"Balabac","state_id":1361,"state_code":"PLW","state_name":"Palawan","country_id":174,"country_code":"PH","country_name":"Philippines","latitude":"7.92713130","longitude":"116.80648880","native":"Balabac","type":"city","level":null,"parent_id":null,"population":null,"timezone":"Asia/Manila","translations":{"br":"Balabac","ko":"발라박","pt-BR":"Balabac","pt":"Balabac","nl":"Balabac","hr":"Balabac","fa":"بالاباک","de":"Balabac","es":"Balabac","fr":"Balabac","ja":"バラバク","it":"Balabac","zh-CN":"巴拉巴克","tr":"Balabak","ru":"Балабак","uk":"Балабак","pl":"Balabac","hi":"बालाबाक","ar":"بالاباك"},"wikiDataId":"Q111372"},{"id":154751,"name":"Bataraza","state_id":1361,"state_code":"PLW","state_name":"Palawan","country_id":174,"country_code":"PH","country_name":"Philippines","latitude":"8.56298460","longitude":"117.09839910","native":"Bataraza","type":"city","level":null,"parent_id":null,"population":87384,"timezone":"Asia/Manila","translations":{"br":"Bataraza","ko":"바타라자","pt-BR":"Bataraza","pt":"Bataraza","nl":"Bataraza","hr":"Bataraza","fa":"باتارازا","de":"Bataraza","es":"Bataraza","fr":"Bataraza","ja":"バタラザ","it":"Bataraza","zh-CN":"巴塔拉扎","tr":"Bataraza","ru":"Батараза","uk":"Батараза","pl":"Bataraza","hi":"बतराज़ा","ar":"باتارازا"},"wikiDataId":"Q111378"},{"id":154752,"name":"Brooke's Point","state_id":1361,"state_code":"PLW","state_name":"Palawan","country_id":174,"country_code":"PH","country_name":"Philippines","latitude":"8.83377580","longitude":"117.68484400","native":"Brooke's Point","type":"city","level":null,"parent_id":null,"population":76715,"timezone":"Asia/Manila","translations":{"br":"Poent Brooke","ko":"브룩스 포인트","pt-BR":"Ponto de Brooke","pt":"Ponto de Brooke","nl":"Brooke's punt","hr":"Brooke's Point","fa":"نقطه بروک","de":"Brookes Punkt","es":"Punto de Brooke","fr":"Pointe de Brooke","ja":"ブルックスポイント","it":"Punto di Brooke","zh-CN":"布鲁克角","tr":"Brooke'un Noktası","ru":"Брукс-Пойнт","uk":"Брукз-Пойнт","pl":"Punkt Brooke'a","hi":"ब्रुक पॉइंट","ar":"نقطة بروك"},"wikiDataId":"Q111386"},{"id":154753,"name":"Busuanga","state_id":1361,"state_code":"PLW","state_name":"Palawan","country_id":174,"country_code":"PH","country_name":"Philippines","latitude":"12.16039270","longitude":"119.75769810","native":"Busuanga","type":"city","level":null,"parent_id":null,"population":null,"timezone":"Asia/Manila","translations":{"br":"Busuanga","ko":"부수앙가","pt-BR":"Busuanga","pt":"Busuanga","nl":"Busuanga","hr":"Busuanga","fa":"بوسوانگا","de":"Busuanga","es":"Busuanga","fr":"Busuanga","ja":"ブスアンガ","it":"Busuanga","zh-CN":"布桑加","tr":"Busuanga","ru":"Бусуанга","uk":"Бусуанга","pl":"Busuanga","hi":"बुसुआंगा","ar":"بوسوانجا"},"wikiDataId":"Q111393"},{"id":81995,"name":"Cagayancillo","state_id":1361,"state_code":"PLW","state_name":"Palawan","country_id":174,"country_code":"PH","country_name":"Philippines","latitude":"9.23938220","longitude":"119.89799210","native":"Cagayancillo","type":"city","level":null,"parent_id":null,"population":7164,"timezone":"Asia/Manila","translations":{"br":"Cagayancillo","ko":"카가얀실로","pt-BR":"Cagayancillo","pt":"Cagayancillo","nl":"Cagayancillo","hr":"Cagayancillo","fa":"کاگایانچیلو","de":"Cagayancillo","es":"Cagayancillo","fr":"Cagayancillo","ja":"カガヤンシージョ","it":"Cagayancillo","zh-CN":"卡加延西略","tr":"Cagayancillo","ru":"Кагаянсильо","uk":"Кагаянсільо","pl":"Cagayancillo","hi":"कैगायांसिलो","ar":"كاجايانسيلو"},"wikiDataId":"Q111402"},{"id":82295,"name":"Coron","state_id":1361,"state_code":"PLW","state_name":"Palawan","country_id":174,"country_code":"PH","country_name":"Philippines","latitude":"12.01855290","longitude":"119.88497880","native":"Coron","type":"city","level":null,"parent_id":null,"population":null,"timezone":"Asia/Manila","translations":{"br":"Coron","ko":"코론","pt-BR":"Coroa","pt":"Coroa","nl":"Coron","hr":"Koron","fa":"کرونا","de":"Coron","es":"Coron","fr":"Coron","ja":"コロン","it":"Coron","zh-CN":"科隆岛","tr":"Koron","ru":"Корон","uk":"Корон","pl":"Korona","hi":"कोरोन","ar":"كورون"},"wikiDataId":"Q111414"},{"id":154754,"name":"Culion","state_id":1361,"state_code":"PLW","state_name":"Palawan","country_id":174,"country_code":"PH","country_name":"Philippines","latitude":"11.82205900","longitude":"119.82726380","native":"Culion","type":"city","level":null,"parent_id":null,"population":null,"timezone":"Asia/Manila","translations":{"br":"Culion","ko":"쿨리온","pt-BR":"Culião","pt":"Culião","nl":"Culion","hr":"Culion","fa":"کولیون","de":"Culion","es":"Culión","fr":"Culion","ja":"キュリオン","it":"Culion","zh-CN":"库利翁","tr":"Culion","ru":"Кулион","uk":"Куліон","pl":"Kulion","hi":"क्यूलियन","ar":"كوليون"},"wikiDataId":"Q111427"},{"id":82325,"name":"Cuyo","state_id":1361,"state_code":"PLW","state_name":"Palawan","country_id":174,"country_code":"PH","country_name":"Philippines","latitude":"11.01952820","longitude":"120.51823740","native":"Whose","type":"city","level":null,"parent_id":null,"population":null,"timezone":"Asia/Manila","translations":{"br":"Cuyo","ko":"쿠요","pt-BR":"Cuyo","pt":"Cuyo","nl":"Cuyo","hr":"Cuyo","fa":"کویو","de":"Cuyo","es":"Cuyo","fr":"Cuyo","ja":"クヨ","it":"Cuyo","zh-CN":"库约","tr":"Cuyo","ru":"Куйо","uk":"Куйо","pl":"Cuyo","hi":"कुयो","ar":"كويو"},"wikiDataId":"Q111438"},{"id":82490,"name":"Dumaran","state_id":1361,"state_code":"PLW","state_name":"Palawan","country_id":174,"country_code":"PH","country_name":"Philippines","latitude":"10.53529660","longitude":"119.37102440","native":"Dumaran","type":"city","level":null,"parent_id":null,"population":23795,"timezone":"Asia/Manila","translations":{"br":"Dumaran","ko":"두마란","pt-BR":"Dumaran","pt":"Dumaran","nl":"Dumaran","hr":"Dumaran","fa":"دوماران","de":"Dumaran","es":"Dumarán","fr":"Dumaran","ja":"ドゥマラン","it":"Dumaran","zh-CN":"杜马兰","tr":"Dumaran","ru":"Думаран","uk":"Думаран","pl":"Dumaran","hi":"डुमरन","ar":"دوماران"},"wikiDataId":"Q111468"},{"id":82505,"name":"El Nido","state_id":1361,"state_code":"PLW","state_name":"Palawan","country_id":174,"country_code":"PH","country_name":"Philippines","latitude":"11.20503190","longitude":"119.24127200","native":"The nest","type":"city","level":null,"parent_id":null,"population":null,"timezone":"Asia/Manila","translations":{"br":"El Nido","ko":"엘니도","pt-BR":"El Nido","pt":"El Nido","nl":"El Nido","hr":"El Nido","fa":"ال نیدو","de":"El Nido","es":"El Nido","fr":"El Nido","ja":"エルニド","it":"El Nido","zh-CN":"爱妮岛","tr":"El Nido","ru":"Эль Нидо","uk":"Ель-Нідо","pl":"El Nido","hi":"एल नीडो","ar":"إل نيدو"},"wikiDataId":"Q111483"},{"id":154755,"name":"Kalayaan","state_id":1361,"state_code":"PLW","state_name":"Palawan","country_id":174,"country_code":"PH","country_name":"Philippines","latitude":"8.99841890","longitude":"112.59879290","native":"Freedom","type":"city","level":null,"parent_id":null,"population":25243,"timezone":"Asia/Manila","translations":{"br":"Kalayaan","ko":"칼라얀","pt-BR":"Kalayaan","pt":"Kalayaan","nl":"Kalayaan","hr":"Kalayaan","fa":"کالایان","de":"Kalayaan","es":"Kalayaan","fr":"Kalayaan","ja":"カラヤーン","it":"Kalayaan","zh-CN":"卡拉延","tr":"Kalayaan","ru":"Калайян","uk":"Калаяан","pl":"Kalayaan","hi":"कल्याण","ar":"كالايان"},"wikiDataId":"Q111495"},{"id":154756,"name":"Linapacan","state_id":1361,"state_code":"PLW","state_name":"Palawan","country_id":174,"country_code":"PH","country_name":"Philippines","latitude":"11.44156670","longitude":"119.57873480","native":"Linapacan","type":"city","level":null,"parent_id":null,"population":16782,"timezone":"Asia/Manila","translations":{"br":"Linapacan","ko":"리나파칸","pt-BR":"Linapacan","pt":"Linapacan","nl":"Linapacan","hr":"Linapačan","fa":"لیناپاکان","de":"Linapacan","es":"Linapacán","fr":"Linapacan","ja":"リナパカン","it":"Linapacan","zh-CN":"利纳帕坎","tr":"Linapacan","ru":"Линапакан","uk":"Лінапакан","pl":"Linapacan","hi":"लिनापाकन","ar":"ليناباكان"},"wikiDataId":"Q111506"},{"id":154757,"name":"Magsaysay","state_id":1361,"state_code":"PLW","state_name":"Palawan","country_id":174,"country_code":"PH","country_name":"Philippines","latitude":"10.89437450","longitude":"120.69693690","native":"Magsaysay","type":"city","level":null,"parent_id":null,"population":37084,"timezone":"Asia/Manila","translations":{"br":"Magsaysay","ko":"막사이사이","pt-BR":"Magsaysay","pt":"Magsaysay","nl":"Magsaysay","hr":"Magsaysay","fa":"مگسایسای","de":"Magsaysay","es":"Magsaysay","fr":"Magsaysay","ja":"マグサイサイ","it":"Magsaysay","zh-CN":"马格塞塞","tr":"Magsaysay","ru":"Магсайсай","uk":"Магсайсай","pl":"Magsaysay","hi":"मैग्सेसे","ar":"ماجسايساي"},"wikiDataId":"Q111521"},{"id":83781,"name":"Narra","state_id":1361,"state_code":"PLW","state_name":"Palawan","country_id":174,"country_code":"PH","country_name":"Philippines","latitude":"9.28076150","longitude":"117.96314330","native":"Narra","type":"city","level":null,"parent_id":null,"population":80572,"timezone":"Asia/Manila","translations":{"br":"Narra","ko":"나라","pt-BR":"Narra","pt":"Narra","nl":"Narra","hr":"Narra","fa":"نارا","de":"Narra","es":"Narra","fr":"Narra","ja":"ナラ","it":"Narra","zh-CN":"纳拉","tr":"Narra","ru":"Нарра","uk":"Нарра","pl":"Narra","hi":"नर्रा","ar":"نارا"},"wikiDataId":"Q111535"},{"id":84260,"name":"Puerto Princesa","state_id":1361,"state_code":"PLW","state_name":"Palawan","country_id":174,"country_code":"PH","country_name":"Philippines","latitude":"9.91262530","longitude":"118.44389050","native":"Puerto Princesa","type":"city","level":null,"parent_id":null,"population":null,"timezone":"Asia/Manila","translations":{"br":"Puerto Princesa","ko":"푸에르토 프린세사","pt-BR":"Porto Princesa","pt":"Porto Princesa","nl":"Puerto Princesa","hr":"Puerto Princesa","fa":"پورتو پرنسس","de":"Puerto Princesa","es":"Puerto Princesa","fr":"Puerto Princesa","ja":"プエルト・プリンセサ","it":"Porto Principe","zh-CN":"普林塞萨港","tr":"Puerto Princesa","ru":"Пуэрто-Принцеса","uk":"Пуерто-Принцеса","pl":"Puerto Princesa","hi":"प्यूर्टो प्रिंसेसा","ar":"بويرتو برينسيسا"},"wikiDataId":"Q111739"},{"id":154758,"name":"Quezon","state_id":1361,"state_code":"PLW","state_name":"Palawan","country_id":174,"country_code":"PH","country_name":"Philippines","latitude":"9.27650520","longitude":"117.69698230","native":"Quezon","type":"city","level":null,"parent_id":null,"population":28376,"timezone":"Asia/Manila","translations":{"br":"Quezon","ko":"케존","pt-BR":"Quezon","pt":"Quezon","nl":"Quezon","hr":"Quezón","fa":"کزون","de":"Quezon","es":"Quezón","fr":"Quezon","ja":"ケソン","it":"Quezon","zh-CN":"奎松","tr":"Quezon","ru":"Кесон","uk":"Кесон","pl":"Quezon","hi":"क्यूज़ोन","ar":"كيزون"},"wikiDataId":"Q111662"},{"id":154759,"name":"Rizal","state_id":1361,"state_code":"PLW","state_name":"Palawan","country_id":174,"country_code":"PH","country_name":"Philippines","latitude":"8.79380800","longitude":"117.20730680","native":"Rizal","type":"city","level":null,"parent_id":null,"population":18864,"timezone":"Asia/Manila","translations":{"br":"Rizal","ko":"리잘","pt-BR":"Rizal","pt":"Rizal","nl":"Rizal","hr":"Rizal","fa":"ریزال","de":"Rizal","es":"Rizal","fr":"Rizal","ja":"リサール","it":"Rizal","zh-CN":"黎刹","tr":"Rizal","ru":"Рисаль","uk":"Різал","pl":"Rizal","hi":"रिज़ल","ar":"ريزال"},"wikiDataId":"Q111677"},{"id":154760,"name":"Roxas","state_id":1361,"state_code":"PLW","state_name":"Palawan","country_id":174,"country_code":"PH","country_name":"Philippines","latitude":"10.29022220","longitude":"118.98672170","native":"Roxas","type":"city","level":null,"parent_id":null,"population":58428,"timezone":"Asia/Manila","translations":{"br":"Roxas","ko":"록사스","pt-BR":"Roxas","pt":"Roxas","nl":"Roxas","hr":"Roxas","fa":"روکساس","de":"Roxas","es":"Roxas","fr":"Roxas","ja":"ロハス","it":"Roxas","zh-CN":"罗哈斯","tr":"Roxas","ru":"Рохас","uk":"Рохас","pl":"Roksas","hi":"रॉक्सास","ar":"روكساس"},"wikiDataId":"Q111689"},{"id":154761,"name":"San Vicente","state_id":1361,"state_code":"PLW","state_name":"Palawan","country_id":174,"country_code":"PH","country_name":"Philippines","latitude":"10.50320500","longitude":"118.84592290","native":"San Vicente","type":"city","level":null,"parent_id":null,"population":11774,"timezone":"Asia/Manila","translations":{"br":"San Visente","ko":"산 비센테","pt-BR":"São Vicente","pt":"São Vicente","nl":"San Vicente","hr":"San Vicente","fa":"سن ویسنته","de":"San Vicente","es":"San Vicente","fr":"Saint-Vincent","ja":"サン・ビセンテ","it":"San Vicente","zh-CN":"圣维森特","tr":"San Vicente","ru":"Сан-Висенте","uk":"Сан-Вісенте","pl":"Święty Wincenty","hi":"सैन विसेंट","ar":"سان فيسينتي"},"wikiDataId":"Q111707"},{"id":154762,"name":"Sofronio Española","state_id":1361,"state_code":"PLW","state_name":"Palawan","country_id":174,"country_code":"PH","country_name":"Philippines","latitude":"9.04032540","longitude":"117.84174250","native":"Spanish Sofronio","type":"city","level":null,"parent_id":null,"population":null,"timezone":"Asia/Manila","translations":{"br":"Sofronio Spañola","ko":"소프로니오 에스파뇰라","pt-BR":"Sofronio Espanhola","pt":"Sofronio Espanhola","nl":"Sofronio Española","hr":"Sofronio Española","fa":"سوفرونیو اسپانیایی","de":"Sofronio Española","es":"Sofronio Española","fr":"Sofronio espagnol","ja":"ソフロニオ・エスパニョーラ","it":"Sofronio Española","zh-CN":"西班牙索弗罗尼奥","tr":"Sofronio Española","ru":"Софронио Эспаньола","uk":"Софроніо Еспаньола","pl":"Sofronio Española","hi":"सोफ्रोनियो एस्पानोला","ar":"سوفرونيو إسبانيولا"},"wikiDataId":"Q111719"},{"id":85077,"name":"Taytay","state_id":1361,"state_code":"PLW","state_name":"Palawan","country_id":174,"country_code":"PH","country_name":"Philippines","latitude":"10.86069400","longitude":"119.15181280","native":"Taytay","type":"city","level":null,"parent_id":null,"population":85258,"timezone":"Asia/Manila","translations":{"br":"Taytay","ko":"타이타이","pt-BR":"Taytay","pt":"Taytay","nl":"Taytay","hr":"Taytay","fa":"تایتای","de":"Taytay","es":"Taytay","fr":"Taytay","ja":"タイタイ","it":"Taytay","zh-CN":"泰泰","tr":"Taytay","ru":"Тайтай","uk":"Тайтай","pl":"Taytay","hi":"तय्ये","ar":"تايتاي"},"wikiDataId":"Q111730"}]