[{"id":57446,"name":"Bet Dagan","state_id":1367,"state_code":"M","state_name":"Central","country_id":106,"country_code":"IL","country_name":"Israel","latitude":"32.00191000","longitude":"34.82977000","native":"בית דגן","type":"city","level":null,"parent_id":null,"population":7099,"timezone":"Asia/Jerusalem","translations":{"br":"Bet Dagan","ko":"베트 다간","pt-BR":"Bet Dagan","pt":"Bet Dagan","nl":"Bet Dagan","hr":"Bet Dagan","fa":"بت داگان","de":"Bet Dagan","es":"Bet Dagan","fr":"Bet Dagan","ja":"ベット・ダガン","it":"Scommetti Dagan","zh-CN":"贝特·达甘","tr":"Bet Dagan","ru":"Бет Даган","uk":"Бет Даган","pl":"Zakład Dagan","hi":"बेट डेगन","ar":"بيت داغان"},"wikiDataId":"Q814900"},{"id":57449,"name":"Bet Yiẕẖaq","state_id":1367,"state_code":"M","state_name":"Central","country_id":106,"country_code":"IL","country_name":"Israel","latitude":"32.32751000","longitude":"34.88878000","native":"בית יעחק","type":"city","level":null,"parent_id":null,"population":13826,"timezone":"Asia/Jerusalem","translations":{"br":"Bet Yiẕẖaq","ko":"베트 이아크","pt-BR":"Bet Yiẕẖaq","pt":"Bet Yiẕẖaq","nl":"Bet Yiẕẖaq","hr":"Bet Yiẕẖaq","fa":"بت یحاق","de":"Bet Yiẕẖaq","es":"Bet Yiẕẖaq","fr":"Bet Yiẕẖaq","ja":"ベット・イエアク","it":"Bet Yiẕẖaq","zh-CN":"贝特伊扎格","tr":"Bet Yiẕẖaq","ru":"Бет Йихак","uk":"Бет-Йіаак","pl":"Bet Yiẕẖaq","hi":"Bet Yiẕẖaq","ar":"بيت ييصاق"},"wikiDataId":"Q2920289"},{"id":57450,"name":"Bnei Ayish","state_id":1367,"state_code":"M","state_name":"Central","country_id":106,"country_code":"IL","country_name":"Israel","latitude":"31.78333000","longitude":"34.75000000","native":"בני עייש","type":"city","level":null,"parent_id":null,"population":998,"timezone":"Asia/Jerusalem","translations":{"br":"Bnei Ayish","ko":"브네이 아이쉬","pt-BR":"Bnei Ayish","pt":"Bnei Ayish","nl":"Bnei Ayish","hr":"Bnei Ayish","fa":"بنی آییش","de":"Bnei Ayish","es":"Bnei Ayish","fr":"Bnei Ayish","ja":"ブネイ・アイシュ","it":"Bnei Ayish","zh-CN":"贝内·阿伊什","tr":"Bnei Ayiş","ru":"Бней Айиш","uk":"Бней-Аїш","pl":"Bnei Ayish","hi":"बनी आयिश","ar":"بني عايش"},"wikiDataId":"Q2915758"},{"id":57463,"name":"Elyakhin","state_id":1367,"state_code":"M","state_name":"Central","country_id":106,"country_code":"IL","country_name":"Israel","latitude":"32.40793000","longitude":"34.92433000","native":"אליכין","type":"city","level":null,"parent_id":null,"population":3415,"timezone":"Asia/Jerusalem","translations":{"br":"Elyakhin","ko":"엘리아킨","pt-BR":"Elyakhin","pt":"Elyakhin","nl":"Eljachin","hr":"Eljakhin","fa":"الیاخین","de":"Eljachin","es":"Elyakhin","fr":"Élyakhine","ja":"エリアキン","it":"Eljakhin","zh-CN":"叶利亚欣","tr":"Elyakhin","ru":"Эляхин","uk":"Еляхін","pl":"Elyachin","hi":"एलियाखिन","ar":"إلياخين"},"wikiDataId":"Q2920239"},{"id":57467,"name":"Eṭ Ṭaiyiba","state_id":1367,"state_code":"M","state_name":"Central","country_id":106,"country_code":"IL","country_name":"Israel","latitude":"32.26616000","longitude":"35.00893000","native":"אית'אייבה","type":"city","level":null,"parent_id":null,"population":43957,"timezone":"Asia/Jerusalem","translations":{"br":"Eṭ Ṭaiyiba","ko":"Eṭ Ṭaiyiba","pt-BR":"Eṭ Ṭaiyiba","pt":"Eṭ Ṭaiyiba","nl":"Eṭ Ṭaiyiba","hr":"Eṭ Ṭaiyiba","fa":"ایتی طیبه","de":"Eṭ Ṭaiyiba","es":"Eṭ Ṭaiyiba","fr":"Et ṭ Ṭaiyiba","ja":"Eṭ Ṭaiyiba","it":"Eṭ Ṭaiyiba","zh-CN":"埃塔伊伊巴","tr":"Eṭ Ṭaiyiba","ru":"Eṭ Ṭaiyiba","uk":"Ет Тайіба","pl":"Eṭ Ṭaiyiba","hi":"Eṭ Ṭaiyiba","ar":"Eṭ Ṭaiyiba"},"wikiDataId":"Q1022481"},{"id":57466,"name":"Even Yehuda","state_id":1367,"state_code":"M","state_name":"Central","country_id":106,"country_code":"IL","country_name":"Israel","latitude":"32.26959000","longitude":"34.88759000","native":"אבן יהודה","type":"city","level":null,"parent_id":null,"population":13700,"timezone":"Asia/Jerusalem","translations":{"br":"Yehuda zoken","ko":"예후다조차도","pt-BR":"Até Yehuda","pt":"Até Yehuda","nl":"Zelfs Yehuda","hr":"Čak i Jehuda","fa":"حتی یهودا","de":"Sogar Yehuda","es":"Incluso Yehuda","fr":"Même Yehuda","ja":"イェフダでさえ","it":"Anche Yehuda","zh-CN":"埃文·耶胡达","tr":"Yehuda bile","ru":"Даже Иегуда","uk":"Навіть Єгуда","pl":"Nawet Jehuda","hi":"यहाँ तक कि यहूदा भी","ar":"حتى يهودا"},"wikiDataId":"Q2915760"},{"id":57468,"name":"Gan Yavne","state_id":1367,"state_code":"M","state_name":"Central","country_id":106,"country_code":"IL","country_name":"Israel","latitude":"31.78737000","longitude":"34.70659000","native":"גן יבנה","type":"city","level":null,"parent_id":null,"population":23869,"timezone":"Asia/Jerusalem","translations":{"br":"Gan Yavne","ko":"간 야브네","pt-BR":"Gan Yavne","pt":"Gan Yavne","nl":"Gan Yavne","hr":"Gan Yavne","fa":"گان یاونه","de":"Gan Jawne","es":"Gan Yavne","fr":"Gan Yavné","ja":"ガン・ヤヴネ","it":"Gan Yavne","zh-CN":"甘·亚夫内","tr":"Gan Yavne","ru":"Ган Явне","uk":"Ган Явне","pl":"Gan Jawne","hi":"गण यावने","ar":"غان يافني"},"wikiDataId":"Q924849"},{"id":57469,"name":"Ganei Tikva","state_id":1367,"state_code":"M","state_name":"Central","country_id":106,"country_code":"IL","country_name":"Israel","latitude":"32.05971000","longitude":"34.87320000","native":"גני תקווה","type":"city","level":null,"parent_id":null,"population":20398,"timezone":"Asia/Jerusalem","translations":{"br":"Ganei Tikva","ko":"가네이 티크바","pt-BR":"Ganei Tikva","pt":"Ganei Tikva","nl":"Ganei Tikva","hr":"Ganei Tikva","fa":"گانی تیکوا","de":"Ganei Tikva","es":"Ganei Tikva","fr":"Ganei Tikva","ja":"ガネイ・ティクヴァ","it":"Ganei Tikva","zh-CN":"加内蒂克瓦","tr":"Ganei Tikva","ru":"Ганей-Тиква","uk":"Ганей Тіква","pl":"Ganei Tikva","hi":"गनेई टिकवा","ar":"جاني تكفا"},"wikiDataId":"Q2920123"},{"id":57470,"name":"Gedera","state_id":1367,"state_code":"M","state_name":"Central","country_id":106,"country_code":"IL","country_name":"Israel","latitude":"31.81456000","longitude":"34.77998000","native":"גדרה","type":"city","level":null,"parent_id":null,"population":26217,"timezone":"Asia/Jerusalem","translations":{"br":"Gedera","ko":"게데라","pt-BR":"Gedera","pt":"Gedera","nl":"Gedera","hr":"Gedera","fa":"گدرا","de":"Gedera","es":"Gedera","fr":"Guedera","ja":"ゲデラ","it":"Gedera","zh-CN":"格德拉","tr":"Gedera","ru":"Гедера","uk":"Гедера","pl":"Gedera","hi":"गेडेरा","ar":"جيديرا"},"wikiDataId":"Q921505"},{"id":57478,"name":"Hod HaSharon","state_id":1367,"state_code":"M","state_name":"Central","country_id":106,"country_code":"IL","country_name":"Israel","latitude":"32.15934000","longitude":"34.89320000","native":"הוד השרון","type":"city","level":null,"parent_id":null,"population":63175,"timezone":"Asia/Jerusalem","translations":{"br":"Hod HaSharon","ko":"호드 하샤론","pt-BR":"Hod HaSharon","pt":"Hod HaSharon","nl":"Hod Hasjaron","hr":"Hod HaSharon","fa":"هود هشارون","de":"Hod haScharon","es":"Hod HaSharon","fr":"Hod HaSharon","ja":"ホド・ハシャロン","it":"Hod HaSharon","zh-CN":"霍德·哈沙隆","tr":"Hod HaSharon","ru":"Ход ха-Шарон","uk":"Ход-ха-Шарон","pl":"Hod HaSharon","hi":"होड हाशरोन","ar":"هود هاشارون"},"wikiDataId":"Q152379"},{"id":57483,"name":"Jaljūlya","state_id":1367,"state_code":"M","state_name":"Central","country_id":106,"country_code":"IL","country_name":"Israel","latitude":"32.15470000","longitude":"34.95372000","native":"ג'לג'וליה","type":"city","level":null,"parent_id":null,"population":10148,"timezone":"Asia/Jerusalem","translations":{"br":"Jaljūlya","ko":"잘줄리아","pt-BR":"Jaljulya","pt":"Jaljulya","nl":"Jaljūlya","hr":"Jaljulya","fa":"جلجولیا","de":"Jaljūlya","es":"Jaljūlya","fr":"Jaljulya","ja":"ジャルジュリヤ","it":"Jaljūlya","zh-CN":"贾尔朱利亚","tr":"Jaljūlya","ru":"Джалджулия","uk":"Джальджулія","pl":"Jaljūlya","hi":"जलजुल्य","ar":"جلجوليا"},"wikiDataId":"Q180294"},{"id":57491,"name":"Kafr Qāsim","state_id":1367,"state_code":"M","state_name":"Central","country_id":106,"country_code":"IL","country_name":"Israel","latitude":"32.11406000","longitude":"34.97624000","native":"כפר קאסם","type":"city","level":null,"parent_id":null,"population":22743,"timezone":"Asia/Jerusalem","translations":{"br":"Kafr Qāsim","ko":"카프르 카심","pt-BR":"Kafr Qāsim","pt":"Kafr Qāsim","nl":"Kafr Qāsim","hr":"Kafr Kasim","fa":"کفر قاسم","de":"Kafr Qāsim","es":"Kafr Qāsim","fr":"Kafr Qāsim","ja":"カフル・カシム","it":"Kafr Qāsim","zh-CN":"卡西姆村","tr":"Kafr Qāsim","ru":"Кафр Касим","uk":"Кафр-Касім","pl":"Kafr Qāsim","hi":"कफ़र क़ासिम","ar":"كفر قاسم"},"wikiDataId":"Q152659"},{"id":57494,"name":"Kefar H̱abad","state_id":1367,"state_code":"M","state_name":"Central","country_id":106,"country_code":"IL","country_name":"Israel","latitude":"31.98793000","longitude":"34.85160000","native":"כפר חבאד","type":"city","level":null,"parent_id":null,"population":6598,"timezone":"Asia/Jerusalem","translations":{"br":"Kefar H̱abad","ko":"케파르 하바드","pt-BR":"Kefar H̱abad","pt":"Kefar H̱abad","nl":"Kefar H̱abad","hr":"Kefar Habad","fa":"کفر حَباد","de":"Kefar H̱abad","es":"Kefar Habad","fr":"Kefar H̱abad","ja":"ケファル・ハバード","it":"Kefar H̱abad","zh-CN":"凯法尔·哈巴德","tr":"Kefar H̱abad","ru":"Кфар Хабад","uk":"Кефар Хабад","pl":"Kefar H̱abad","hi":"केफर हाबाद","ar":"كفار حباد"},"wikiDataId":"Q2570492"},{"id":57499,"name":"Kefar Yona","state_id":1367,"state_code":"M","state_name":"Central","country_id":106,"country_code":"IL","country_name":"Israel","latitude":"32.31669000","longitude":"34.93507000","native":"כפר יונה","type":"city","level":null,"parent_id":null,"population":24778,"timezone":"Asia/Jerusalem","translations":{"br":"Kefar Yona","ko":"케파르 요나","pt-BR":"Kefar Yona","pt":"Kefar Yona","nl":"Kefar Yona","hr":"Kefar Yona","fa":"کفار یونا","de":"Kefar Yona","es":"Kefar Yona","fr":"Kefar Yona","ja":"ケファー・ヨナ","it":"Kefar Yona","zh-CN":"卡法尔·约纳","tr":"Kefar Yona","ru":"Кфар Йона","uk":"Кефар Йона","pl":"Kefar Yona","hi":"केफर योना","ar":"كفار يونا"},"wikiDataId":"Q2640074"},{"id":57500,"name":"Kfar Saba","state_id":1367,"state_code":"M","state_name":"Central","country_id":106,"country_code":"IL","country_name":"Israel","latitude":"32.17500000","longitude":"34.90694000","native":"כפר סבא","type":"city","level":null,"parent_id":null,"population":101432,"timezone":"Asia/Jerusalem","translations":{"br":"Kfar Saba","ko":"크파르 사바","pt-BR":"Kfar Saba","pt":"Kfar Saba","nl":"Kfar Saba","hr":"Kfar Saba","fa":"کفر سابا","de":"Kfar Saba","es":"Kfar Saba","fr":"Kfar Saba","ja":"クファル・サバ","it":"Kfar Saba","zh-CN":"卡法尔萨巴","tr":"Kfar Saba","ru":"Кфар-Саба","uk":"Кфар-Саба","pl":"Kfar Saba","hi":"कफ़र सबा","ar":"كفار سابا"},"wikiDataId":"Q152436"},{"id":57503,"name":"Lapid","state_id":1367,"state_code":"M","state_name":"Central","country_id":106,"country_code":"IL","country_name":"Israel","latitude":"31.91764000","longitude":"35.03222000","native":"לפיד","type":"city","level":null,"parent_id":null,"population":2394,"timezone":"Asia/Jerusalem","translations":{"br":"Lapid","ko":"라피드","pt-BR":"Lapid","pt":"Lapid","nl":"Lapid","hr":"Lapid","fa":"لاپید","de":"Lapid","es":"Lapid","fr":"Lapid","ja":"ラピッド","it":"Lapid","zh-CN":"拉皮德","tr":"Lapid","ru":"Лапид","uk":"Лапід","pl":"Lapid","hi":"लैपिड","ar":"لبيد"},"wikiDataId":"Q2509463"},{"id":57505,"name":"Lod","state_id":1367,"state_code":"M","state_name":"Central","country_id":106,"country_code":"IL","country_name":"Israel","latitude":"31.94670000","longitude":"34.89030000","native":"לוד","type":"city","level":null,"parent_id":null,"population":75700,"timezone":"Asia/Jerusalem","translations":{"br":"Lod","ko":"로드","pt-BR":"Lod","pt":"Lod","nl":"Lod","hr":"Lod","fa":"لود","de":"Lod","es":"Lod","fr":"Lod","ja":"ロッド","it":"Lod","zh-CN":"罗德","tr":"Lod","ru":"Лод","uk":"Лод","pl":"Lod","hi":"लोद","ar":"اللد"},"wikiDataId":"Q207540"},{"id":57507,"name":"Mazkeret Batya","state_id":1367,"state_code":"M","state_name":"Central","country_id":106,"country_code":"IL","country_name":"Israel","latitude":"31.85357000","longitude":"34.84646000","native":"מזכרת בתיה","type":"city","level":null,"parent_id":null,"population":12698,"timezone":"Asia/Jerusalem","translations":{"br":"Mazkeret Batya","ko":"마즈케레트 바티아","pt-BR":"Mazkeret Batya","pt":"Mazkeret Batya","nl":"Mazkeret Batya","hr":"Mazkeret Batya","fa":"مازکرت باتیا","de":"Mazkeret Batya","es":"Mazkeret Batya","fr":"Mazkeret Batya","ja":"マズケレト・バティア","it":"Mazkeret Batya","zh-CN":"马兹凯雷特·巴蒂亚","tr":"Mazkeret Batya","ru":"Мазкерет Батья","uk":"Мазкерет Батя","pl":"Mazkeret Batya","hi":"मज़केरेट बट्या","ar":"مزكيرت باتيا"},"wikiDataId":"Q1914736"},{"id":57515,"name":"Modi‘in Makkabbim Re‘ut","state_id":1367,"state_code":"M","state_name":"Central","country_id":106,"country_code":"IL","country_name":"Israel","latitude":"31.89385000","longitude":"35.01504000","native":"מודיעין מכבים רעות","type":"city","level":null,"parent_id":null,"population":93277,"timezone":"Asia/Jerusalem","translations":{"br":"Modi‘in Makkabbim Re‘ut","ko":"모디인 마카빔 로이트","pt-BR":"Modi‘in Makkabbim Re‘ut","pt":"Modi‘in Makkabbim Re‘ut","nl":"Modi‘in Makkabbim Re‘ut","hr":"Modi'in Makkabbim Re'ut","fa":"مودیعین مکابیم رعوت","de":"Modi‘in Makkabbim Re‘ut","es":"Modi‘in Makkabbim Re‘ut","fr":"Modi‘in Makkabbim Re‘ut","ja":"モディイン・マッカビム・レウト","it":"Modi‘in Makkabbim Re‘ut","zh-CN":"莫迪因·麦加比·雷乌特","tr":"Modi‘in Makkabbim Re‘ut","ru":"Модиин Маккабим Реут","uk":"Модіїн Маккаббім Реут","pl":"Modi‘in Makkabbim Re‘ut","hi":"मोदी‘इन मक्काब्बिम रे‘उत","ar":"موديعين مكابيم رعوت"},"wikiDataId":"Q168140"},{"id":57525,"name":"Neẖalim","state_id":1367,"state_code":"M","state_name":"Central","country_id":106,"country_code":"IL","country_name":"Israel","latitude":"32.06012000","longitude":"34.91069000","native":"נחלים","type":"city","level":null,"parent_id":null,"population":1788,"timezone":"Asia/Jerusalem","translations":{"br":"Neẖalim","ko":"네잘림","pt-BR":"Neẖalim","pt":"Neẖalim","nl":"Neẖalim","hr":"Nehalim","fa":"نهالیم","de":"Neẖalim","es":"Nezalim","fr":"Neẖalim","ja":"ネアリム","it":"Neẖalim","zh-CN":"尼察利姆","tr":"Neẖalim","ru":"Нехалим","uk":"Нехалім","pl":"Neẖalim","hi":"नेआलिम","ar":"نحاليم"},"wikiDataId":"Q2614192"},{"id":57522,"name":"Ness Ziona","state_id":1367,"state_code":"M","state_name":"Central","country_id":106,"country_code":"IL","country_name":"Israel","latitude":"31.92933000","longitude":"34.79868000","native":"נס ציונה","type":"city","level":null,"parent_id":null,"population":50200,"timezone":"Asia/Jerusalem","translations":{"br":"Ness Ziona","ko":"네스 지오나","pt-BR":"Ness Ziona","pt":"Ness Ziona","nl":"Ness Ziona","hr":"Ness Ziona","fa":"نس زیونا","de":"Ness Ziona","es":"Ness Ziona","fr":"Ness Ziona","ja":"ネス・ジオナ","it":"Ness Ziona","zh-CN":"内斯·齐奥纳","tr":"Ness Ziona","ru":"Несс-Циона","uk":"Несс Ціона","pl":"Ness Ziona","hi":"नेस ज़िओना","ar":"نيس زيونا"},"wikiDataId":"Q168162"},{"id":57523,"name":"Netanya","state_id":1367,"state_code":"M","state_name":"Central","country_id":106,"country_code":"IL","country_name":"Israel","latitude":"32.33291000","longitude":"34.85992000","native":"נתניה","type":"city","level":null,"parent_id":null,"population":217200,"timezone":"Asia/Jerusalem","translations":{"br":"Netanya","ko":"네타냐","pt-BR":"Netanya","pt":"Netanya","nl":"Netanja","hr":"Netanja","fa":"نتانیا","de":"Netanja","es":"Netanya","fr":"Netanya","ja":"ネタニヤ","it":"Netanya","zh-CN":"内坦亚","tr":"Netanya","ru":"Нетания","uk":"Нетанія","pl":"Netanja","hi":"नेतन्या","ar":"نتانيا"},"wikiDataId":"Q192225"},{"id":57526,"name":"Nirit","state_id":1367,"state_code":"M","state_name":"Central","country_id":106,"country_code":"IL","country_name":"Israel","latitude":"32.14677000","longitude":"34.98622000","native":"נירית","type":"city","level":null,"parent_id":null,"population":952,"timezone":"Asia/Jerusalem","translations":{"br":"Nirit","ko":"니릿","pt-BR":"Nirit","pt":"Nirit","nl":"Nirit","hr":"Nirit","fa":"نیریت","de":"Nirit","es":"Nirit","fr":"Nirit","ja":"ニリット","it":"Nirit","zh-CN":"尼里特","tr":"Nirit","ru":"Нирит","uk":"Ніріт","pl":"Nirit","hi":"निरित","ar":"نيريت"},"wikiDataId":"Q2614192"},{"id":57527,"name":"Nof Ayalon","state_id":1367,"state_code":"M","state_name":"Central","country_id":106,"country_code":"IL","country_name":"Israel","latitude":"31.87111000","longitude":"34.99081000","native":"נוף איילון","type":"city","level":null,"parent_id":null,"population":2128,"timezone":"Asia/Jerusalem","translations":{"br":"Nof Ayalon","ko":"노프 아얄론","pt-BR":"Nof Ayalon","pt":"Nof Ayalon","nl":"Nof Ayalon","hr":"Nof Ayalon","fa":"نوف آیالون","de":"Nof Ayalon","es":"Nof Ayalon","fr":"Nof Ayalon","ja":"ノフ・アヤロン","it":"Nof Ayalon","zh-CN":"诺夫·阿亚隆","tr":"Nof Ayalon","ru":"Ноф Аялон","uk":"Ноф Аялон","pl":"Nof Ayalon","hi":"नोफ अयालोन","ar":"نوف أيالون"},"wikiDataId":"Q2614192"},{"id":57528,"name":"Nordiyya","state_id":1367,"state_code":"M","state_name":"Central","country_id":106,"country_code":"IL","country_name":"Israel","latitude":"32.31470000","longitude":"34.89617000","native":"נורדיה","type":"city","level":null,"parent_id":null,"population":1950,"timezone":"Asia/Jerusalem","translations":{"br":"Nordiyya","ko":"노르디야","pt-BR":"Nordiyya","pt":"Nordiyya","nl":"Noord-Ierland","hr":"Nordiyya","fa":"نوردیه","de":"Nordiyya","es":"Nordiyya","fr":"Nordiyya","ja":"ノルディヤ","it":"Nordiyya","zh-CN":"诺迪亚","tr":"Nordiyya","ru":"Нордийя","uk":"Нордія","pl":"Nordiyya","hi":"नॉर्डिया","ar":"نوردييا"},"wikiDataId":"Q2920311"},{"id":57531,"name":"Pardesiyya","state_id":1367,"state_code":"M","state_name":"Central","country_id":106,"country_code":"IL","country_name":"Israel","latitude":"32.30577000","longitude":"34.90911000","native":"פרדסיה","type":"city","level":null,"parent_id":null,"population":5930,"timezone":"Asia/Jerusalem","translations":{"br":"Pardesiyya","ko":"파르데시야","pt-BR":"Pardesiyya","pt":"Pardesiyya","nl":"Pardesiyya","hr":"Pardesiyya","fa":"پردیسیه","de":"Pardesien","es":"Pardesiyya","fr":"Pardesiyya","ja":"パルデシヤ","it":"Pardesiyya","zh-CN":"帕尔德西亚","tr":"Pardesiyya","ru":"Пардесия","uk":"Пардесія","pl":"Pardesiyya","hi":"परदेसिया","ar":"بارديسيا"},"wikiDataId":"Q1018875"},{"id":57533,"name":"Petaẖ Tiqwa","state_id":1367,"state_code":"M","state_name":"Central","country_id":106,"country_code":"IL","country_name":"Israel","latitude":"32.08707000","longitude":"34.88747000","native":"פתח תקווה","type":"city","level":null,"parent_id":null,"population":null,"timezone":"Asia/Jerusalem","translations":{"br":"Petaẖ Tiqwa","ko":"페타티크와","pt-BR":"Petaẖ Tiqwa","pt":"Petaẖ Tiqwa","nl":"Petaẖ Tiqwa","hr":"Petah Tikva","fa":"پتاه تیکوا","de":"Petaẖ Tiqwa","es":"Petaj Tiqwa","fr":"Petaẖ Tiqwa","ja":"ペタ・ティクワ","it":"Petaẖ Tiqwa","zh-CN":"Petaẖ Tiqwa","tr":"Petaẖ Tiqwa","ru":"Петах-Тиква","uk":"Петах-Тіква","pl":"Petaẖ Tiqwa","hi":"Petaẖ Tiqwa","ar":"بتاح تكفا"},"wikiDataId":"Q190828"},{"id":57534,"name":"Qalansuwa","state_id":1367,"state_code":"M","state_name":"Central","country_id":106,"country_code":"IL","country_name":"Israel","latitude":"32.28493000","longitude":"34.98106000","native":"קלנסווה","type":"city","level":null,"parent_id":null,"population":16898,"timezone":"Asia/Jerusalem","translations":{"br":"Qalansuwa","ko":"칼란수와","pt-BR":"Qalansuwa","pt":"Qalansuwa","nl":"Qalansuwa","hr":"Qalansuwa","fa":"قلانسوا","de":"Qalansuwa","es":"Qalansuwa","fr":"Qalansuwa","ja":"カランスワ","it":"Qalansuwa","zh-CN":"卡兰苏瓦","tr":"Kalansuva","ru":"Калансува","uk":"Калансува","pl":"Qalansuwa","hi":"कलानसुवा","ar":"قلنسوة"},"wikiDataId":"Q190828"},{"id":57541,"name":"Ra'anana","state_id":1367,"state_code":"M","state_name":"Central","country_id":106,"country_code":"IL","country_name":"Israel","latitude":"32.18360000","longitude":"34.87386000","native":"רעננה","type":"city","level":null,"parent_id":null,"population":74000,"timezone":"Asia/Jerusalem","translations":{"br":"Ra'anana","ko":"라아나나","pt-BR":"Ra'anana","pt":"Ra'anana","nl":"Ra'anana","hr":"Ra'anana","fa":"رعانانا","de":"Ra'anana","es":"Ra'anana","fr":"Raanana","ja":"ラアナナ","it":"Ra'anana","zh-CN":"拉阿纳纳","tr":"Ra'anana","ru":"Раанана","uk":"Раанана","pl":"Ra'anana","hi":"रा'आनाना","ar":"رعنانا"},"wikiDataId":"Q309164"},{"id":57546,"name":"Ramla","state_id":1367,"state_code":"M","state_name":"Central","country_id":106,"country_code":"IL","country_name":"Israel","latitude":"31.92923000","longitude":"34.86563000","native":"רמלה","type":"adm1","level":null,"parent_id":null,"population":75500,"timezone":"Asia/Jerusalem","translations":{"br":"Ramla","ko":"람라","pt-BR":"Ramla","pt":"Ramla","nl":"Ramla","hr":"Ramla","fa":"رملا","de":"Ramla","es":"Ramla","fr":"Ramla","ja":"ラムラ","it":"Ramla","zh-CN":"拉姆拉","tr":"Ramla","ru":"Рамла","uk":"Рамла","pl":"Ramla","hi":"रामला","ar":"الرملة"},"wikiDataId":"Q221447"},{"id":57548,"name":"Reẖovot","state_id":1367,"state_code":"M","state_name":"Central","country_id":106,"country_code":"IL","country_name":"Israel","latitude":"31.89421000","longitude":"34.81199000","native":"רחבות","type":"city","level":null,"parent_id":null,"population":141600,"timezone":"Asia/Jerusalem","translations":{"br":"Reẖovot","ko":"레아보봇","pt-BR":"Reẖovot","pt":"Reẖovot","nl":"Reẖovot","hr":"Reẖovot","fa":"رهووت","de":"Reẖovot","es":"Rejovot","fr":"Reẖovot","ja":"レアヴォット","it":"Reẖovot","zh-CN":"雷察沃特","tr":"Reẖovot","ru":"Реховот","uk":"Реховот","pl":"Reẖovot","hi":"रेओवोट","ar":"ريوفوت"},"wikiDataId":"Q207350"},{"id":57549,"name":"Rishon LeẔiyyon","state_id":1367,"state_code":"M","state_name":"Central","country_id":106,"country_code":"IL","country_name":"Israel","latitude":"31.97102000","longitude":"34.78939000","native":"ראשון לציון","type":"city","level":null,"parent_id":null,"population":null,"timezone":"Asia/Jerusalem","translations":{"br":"Rishon LeẔiyyon","ko":"리숀 레지욘","pt-BR":"Rishon LeẔiyyon","pt":"Rishon LeẔiyyon","nl":"Rishon LeẔiyyon","hr":"Rišon le-Cijon","fa":"ریشون لییون","de":"Rishon LeẔiyyon","es":"Rishon LeẔiyyon","fr":"Rishon LeZion","ja":"リション・レアヨン","it":"Rishon LeẔiyyon","zh-CN":"里雄莱锡永","tr":"Rishon LeẔiyyon","ru":"Ришон ле-Цион","uk":"Рішон-ле-Ціон","pl":"Rishon LeẔiyyon","hi":"रिशोन लेईय्योन","ar":"ريشون ليزيون"},"wikiDataId":"Q201051"},{"id":57550,"name":"Rosh Ha‘Ayin","state_id":1367,"state_code":"M","state_name":"Central","country_id":106,"country_code":"IL","country_name":"Israel","latitude":"32.09556000","longitude":"34.95664000","native":"ראש העין","type":"city","level":null,"parent_id":null,"population":72881,"timezone":"Asia/Jerusalem","translations":{"br":"Rosh Ha‘Ayin","ko":"로쉬 하아인","pt-BR":"Rosh Ha'Ayin","pt":"Rosh Ha'Ayin","nl":"Rosh Ha'Ayin","hr":"Roš Ha'Ajin","fa":"روش هاعین","de":"Rosch haAjin","es":"Rosh HaAyin","fr":"Roch HaAyin","ja":"ロシュ・ハアイン","it":"Rosh Ha‘Ayin","zh-CN":"罗什艾因","tr":"Roş Ha‘Ayin","ru":"Рош ха-Аин","uk":"Рош ха-Аїн","pl":"Rosz Ha’Ajin","hi":"रोश हा‘आयिन","ar":"رأس السنة الميلادية"},"wikiDataId":"Q168202"},{"id":57556,"name":"Savyon","state_id":1367,"state_code":"M","state_name":"Central","country_id":106,"country_code":"IL","country_name":"Israel","latitude":"32.04966000","longitude":"34.87770000","native":"סביון","type":"city","level":null,"parent_id":null,"population":4051,"timezone":"Asia/Jerusalem","translations":{"br":"Savyon","ko":"사비온","pt-BR":"Savyon","pt":"Savyon","nl":"Savyon","hr":"Savyon","fa":"ساویون","de":"Savyon","es":"Savyon","fr":"Savyon","ja":"サヴィオン","it":"Savyon","zh-CN":"萨维翁","tr":"Savyon","ru":"Савьон","uk":"Савйон","pl":"Savyon","hi":"सेवियन","ar":"سافيون"},"wikiDataId":"Q592526"},{"id":57560,"name":"Shoham","state_id":1367,"state_code":"M","state_name":"Central","country_id":106,"country_code":"IL","country_name":"Israel","latitude":"31.99866000","longitude":"34.94559000","native":"שוהם","type":"city","level":null,"parent_id":null,"population":20403,"timezone":"Asia/Jerusalem","translations":{"br":"Shoham","ko":"쇼함","pt-BR":"Shoham","pt":"Shoham","nl":"Shoham","hr":"Šoham","fa":"شوهام","de":"Schoham","es":"Shoham","fr":"Shoham","ja":"ショハム","it":"Shoham","zh-CN":"肖汉姆","tr":"Şoham","ru":"Шохам","uk":"Шохам","pl":"Szoham","hi":"शोहम","ar":"شوهام"},"wikiDataId":"Q304448"},{"id":57565,"name":"Tel Mond","state_id":1367,"state_code":"M","state_name":"Central","country_id":106,"country_code":"IL","country_name":"Israel","latitude":"32.24995000","longitude":"34.91737000","native":"תל מונד","type":"city","level":null,"parent_id":null,"population":11941,"timezone":"Asia/Jerusalem","translations":{"br":"Tel Mond","ko":"텔 몬드","pt-BR":"Tel Mond","pt":"Tel Mond","nl":"Tel Mond","hr":"Tel Mond","fa":"تل موند","de":"Tel Mond","es":"Tel Mond","fr":"Tel Mond","ja":"テル・モンド","it":"Tel Mond","zh-CN":"特尔蒙德","tr":"Tel Pazartesi","ru":"Тель Монд","uk":"Тель Монд","pl":"Tel Mond","hi":"तेल मोंड","ar":"تل موند"},"wikiDataId":"Q2304754"},{"id":57568,"name":"Tirah","state_id":1367,"state_code":"M","state_name":"Central","country_id":106,"country_code":"IL","country_name":"Israel","latitude":"32.23410000","longitude":"34.95023000","native":"טירה","type":"city","level":null,"parent_id":null,"population":26552,"timezone":"Asia/Jerusalem","translations":{"br":"Tirah","ko":"티라","pt-BR":"Tirah","pt":"Tirah","nl":"Tirah","hr":"Tirah","fa":"تیره","de":"Tirah","es":"Tirah","fr":"Tirah","ja":"ティラ","it":"Tirah","zh-CN":"蒂拉赫","tr":"Tirah","ru":"Тирах","uk":"Тірах","pl":"Tirah","hi":"तिराह","ar":"تيراه"},"wikiDataId":"Q167594"},{"id":57573,"name":"Yavné","state_id":1367,"state_code":"M","state_name":"Central","country_id":106,"country_code":"IL","country_name":"Israel","latitude":"31.87808000","longitude":"34.73983000","native":"יבנה","type":"city","level":null,"parent_id":null,"population":46700,"timezone":"Asia/Jerusalem","translations":{"br":"Yavné","ko":"야브네","pt-BR":"Yavné","pt":"Yavné","nl":"Yavné","hr":"Yavne","fa":"یاونه","de":"Jawne","es":"Yavne","fr":"Yavné","ja":"ヤヴネ","it":"Yavné","zh-CN":"亚夫内","tr":"Yavné","ru":"Явне","uk":"Явне","pl":"Jawné","hi":"यावने","ar":"يافني"},"wikiDataId":"Q167677"},{"id":57574,"name":"Yehud","state_id":1367,"state_code":"M","state_name":"Central","country_id":106,"country_code":"IL","country_name":"Israel","latitude":"32.03317000","longitude":"34.89091000","native":"יהוד","type":"city","level":null,"parent_id":null,"population":29146,"timezone":"Asia/Jerusalem","translations":{"br":"Yehud","ko":"예후드","pt-BR":"Yehud","pt":"Yehud","nl":"Jehoed","hr":"Jehud","fa":"یهود","de":"Jehud","es":"Yehud","fr":"Yehud","ja":"ユド","it":"Yehud","zh-CN":"耶胡德","tr":"Yehud","ru":"Йехуд","uk":"Єгуд","pl":"Jehud","hi":"येहुद","ar":"يهود"},"wikiDataId":"Q1000887"},{"id":57580,"name":"Ẕur Moshe","state_id":1367,"state_code":"M","state_name":"Central","country_id":106,"country_code":"IL","country_name":"Israel","latitude":"32.29819000","longitude":"34.91313000","native":"צור משה","type":"city","level":null,"parent_id":null,"population":null,"timezone":"Asia/Jerusalem","translations":{"br":"Ẕur Moshe","ko":"우르 모셰","pt-BR":"Nosso Moshe","pt":"Nosso Moshe","nl":"Ẕur Moshe","hr":"Ẕur Moshe","fa":"زور موشه","de":"Ẕur Moshe","es":"Ur Moshe","fr":"Ẕur Moshe","ja":"ウル・モシェ","it":"Ẕur Moshe","zh-CN":"胡尔·摩西","tr":"Ẕur Moshe","ru":"Цур Моше","uk":"Цур Моше","pl":"Ẕur Moshe","hi":"Ẕur Moshe","ar":"Ẕur Moshe"},"wikiDataId":"Q2888680"}]