[{"id":57440,"name":"Atlit","state_id":1369,"state_code":"HA","state_name":"Haifa","country_id":106,"country_code":"IL","country_name":"Israel","latitude":"32.68889000","longitude":"34.94236000","native":"עתלית","type":"city","level":null,"parent_id":null,"population":10474,"timezone":"Asia/Jerusalem","translations":{"br":"Atlit","ko":"아틀릿","pt-BR":"Atlit","pt":"Atlit","nl":"Atlit","hr":"Atlit","fa":"آتلیت","de":"Atlit","es":"Atlit","fr":"Atlit","ja":"アトリット","it":"Atlit","zh-CN":"阿特利特","tr":"Atlit","ru":"Атлит","uk":"Атліт","pl":"Atlit","hi":"एटलिट","ar":"أتليت"},"wikiDataId":"Q757398"},{"id":57455,"name":"Caesarea","state_id":1369,"state_code":"HA","state_name":"Haifa","country_id":106,"country_code":"IL","country_name":"Israel","latitude":"32.51888000","longitude":"34.90459000","native":"קיסריה","type":"city","level":null,"parent_id":null,"population":5343,"timezone":"Asia/Jerusalem","translations":{"br":"Kezarea","ko":"카이사레아","pt-BR":"Cesareia","pt":"Cesareia","nl":"Caesarea","hr":"Cezareja","fa":"قیصریه","de":"Caesarea","es":"Cesarea","fr":"Césarée","ja":"カイサリア","it":"Cesarea","zh-CN":"凯撒利亚","tr":"Sezariye","ru":"Кесария","uk":"Кесарія","pl":"Cezarea","hi":"कैसरिया","ar":"قيصرية"},"wikiDataId":"Q1615560"},{"id":57457,"name":"Daliyat al Karmel","state_id":1369,"state_code":"HA","state_name":"Haifa","country_id":106,"country_code":"IL","country_name":"Israel","latitude":"32.69383000","longitude":"35.04686000","native":"דאליית אל כרמל","type":"city","level":null,"parent_id":null,"population":25000,"timezone":"Asia/Jerusalem","translations":{"br":"Daliyat al Karmel","ko":"달리야트 알 카르멜","pt-BR":"Daliyat al Karmel","pt":"Daliyat al Karmel","nl":"Daliyat al Karmel","hr":"Daliyat al Karmel","fa":"دالیات الکرمل","de":"Daliyat al Karmel","es":"Daliyat al Karmel","fr":"Daliyat al Karmel","ja":"ダリヤット・アル・カルメル","it":"Daliyat al Karmel","zh-CN":"达利亚特·阿尔·卡梅尔","tr":"Daliyat al Karmel","ru":"Далият аль Кармель","uk":"Даліят аль-Кармель","pl":"Daliyat al Karmel","hi":"दलीयत अल करमेल","ar":"دالية الكرمل"},"wikiDataId":"Q1026821"},{"id":57461,"name":"El Fureidīs","state_id":1369,"state_code":"HA","state_name":"Haifa","country_id":106,"country_code":"IL","country_name":"Israel","latitude":"32.59812000","longitude":"34.95153000","native":"אל פוריידיס","type":"city","level":null,"parent_id":null,"population":13247,"timezone":"Asia/Jerusalem","translations":{"br":"El Fureidīs","ko":"엘 푸레이디스","pt-BR":"El Fureidīs","pt":"El Fureidīs","nl":"El Fureidīs","hr":"El Fureidīs","fa":"الفریدیس","de":"El Fureidīs","es":"El Fureidīs","fr":"El Fureidīs","ja":"エル・フレイディス","it":"El Fureidīs","zh-CN":"埃尔·弗雷迪斯","tr":"El Fureidīs","ru":"Эль Фурейдис","uk":"Ель-Фуреїдіс","pl":"El Fureidīs","hi":"एल फ़्यूरीडीस","ar":"الفريديس"},"wikiDataId":"Q1011538"},{"id":57473,"name":"Hadera","state_id":1369,"state_code":"HA","state_name":"Haifa","country_id":106,"country_code":"IL","country_name":"Israel","latitude":"32.44192000","longitude":"34.90390000","native":"חדרה","type":"city","level":null,"parent_id":null,"population":100630,"timezone":"Asia/Jerusalem","translations":{"br":"Hadera","ko":"하데라","pt-BR":"Hadera","pt":"Hadera","nl":"Hadera","hr":"Hadera","fa":"هادرا","de":"Chadera","es":"Hadera","fr":"Hadera","ja":"ハデラ","it":"Hadera","zh-CN":"哈德拉","tr":"Hadera","ru":"Хадера","uk":"Хадера","pl":"Hadera","hi":"हदेरा","ar":"الخضيرة"},"wikiDataId":"Q471886"},{"id":57474,"name":"Haifa","state_id":1369,"state_code":"HA","state_name":"Haifa","country_id":106,"country_code":"IL","country_name":"Israel","latitude":"32.81841000","longitude":"34.98850000","native":"חיפה","type":"adm1","level":null,"parent_id":null,"population":284560,"timezone":"Asia/Jerusalem","translations":{"br":"Haifa","ko":"하이파","pt-BR":"Haifa","pt":"Haifa","nl":"Haifa","hr":"Haifa","fa":"حیفا","de":"Haifa","es":"Haifa","fr":"Haïfa","ja":"ハイファ","it":"Haifa","zh-CN":"海法","tr":"Hayfa","ru":"Хайфа","uk":"Хайфа","pl":"Hajfa","hi":"हाइफ़ा","ar":"حيفا"},"wikiDataId":"Q41621"},{"id":57480,"name":"Ibṭīn","state_id":1369,"state_code":"HA","state_name":"Haifa","country_id":106,"country_code":"IL","country_name":"Israel","latitude":"32.76150000","longitude":"35.11402000","native":"איבטין","type":"city","level":null,"parent_id":null,"population":2835,"timezone":"Asia/Jerusalem","translations":{"br":"Ibṭīn","ko":"이빈","pt-BR":"Ibṭīn","pt":"Ibṭīn","nl":"Ibṭīn","hr":"Ibtin","fa":"ابتین","de":"Ibṭīn","es":"Ibṭīn","fr":"Ibṭīn","ja":"イブティン","it":"Ibṭīn","zh-CN":"伊宾","tr":"Ibṭīn","ru":"Ибтин","uk":"Ібтін","pl":"Ibṭīn","hi":"इब्तिन","ar":"إبْن"},"wikiDataId":"Q2889270"},{"id":57521,"name":"Nesher","state_id":1369,"state_code":"HA","state_name":"Haifa","country_id":106,"country_code":"IL","country_name":"Israel","latitude":"32.76622000","longitude":"35.04425000","native":"נשר","type":"city","level":null,"parent_id":null,"population":24000,"timezone":"Asia/Jerusalem","translations":{"br":"Nesher","ko":"네셔","pt-BR":"Nesher","pt":"Nesher","nl":"Nesher","hr":"Nešer","fa":"نشر","de":"Nesher","es":"Nesher","fr":"Nesher","ja":"ネシャー","it":"Nesher","zh-CN":"内舍尔","tr":"Neşer","ru":"Нешер","uk":"Нешер","pl":"Nesher","hi":"तेल अविव","ar":"نيشر"},"wikiDataId":"Q135432"},{"id":57535,"name":"Qiryat Ata","state_id":1369,"state_code":"HA","state_name":"Haifa","country_id":106,"country_code":"IL","country_name":"Israel","latitude":"32.81149000","longitude":"35.11323000","native":"קריית אתא","type":"city","level":null,"parent_id":null,"population":59030,"timezone":"Asia/Jerusalem","translations":{"br":"Qiryat Ata","ko":"키리아트 아타","pt-BR":"Qiryat Ata","pt":"Qiryat Ata","nl":"Qiryat Ata","hr":"Kirjat Ata","fa":"قیریات آتا","de":"Kirjat Ata","es":"Qiryat Ata","fr":"Qiryat Ata","ja":"キリヤト・アタ","it":"Qiryat Ata","zh-CN":"基里亚特阿塔","tr":"Kiryat Ata","ru":"Кирьят-Ата","uk":"Кір'ят-Ата","pl":"Qiryat Ata","hi":"क़िर्यात अता","ar":"كريات آتا"},"wikiDataId":"Q152602"},{"id":57536,"name":"Qiryat Bialik","state_id":1369,"state_code":"HA","state_name":"Haifa","country_id":106,"country_code":"IL","country_name":"Israel","latitude":"32.82750000","longitude":"35.08583000","native":"קריית ביאליק","type":"city","level":null,"parent_id":null,"population":43955,"timezone":"Asia/Jerusalem","translations":{"br":"Qiryat Bialik","ko":"키리야트 비알릭","pt-BR":"Qiryat Bialik","pt":"Qiryat Bialik","nl":"Qiryat Bialik","hr":"Kirjat Bialik","fa":"قیریات بیالیک","de":"Kirjat Bialik","es":"Qiryat Bialik","fr":"Qiryat Bialik","ja":"キリヤト・ビアリク","it":"Qiryat Bialik","zh-CN":"比亚利克镇","tr":"Kiryat Bialik","ru":"Кирьят-Бялик","uk":"Кір'ят-Бялік","pl":"Qiryat Bialik","hi":"क़िर्यात बियालिक","ar":"كريات بياليك"},"wikiDataId":"Q152374"},{"id":57538,"name":"Qiryat Moẕqin","state_id":1369,"state_code":"HA","state_name":"Haifa","country_id":106,"country_code":"IL","country_name":"Israel","latitude":"32.83706000","longitude":"35.07760000","native":"קריית מואצקין","type":"city","level":null,"parent_id":null,"population":null,"timezone":"Asia/Jerusalem","translations":{"br":"Qiryat Moẕqin","ko":"키리야트 모아친","pt-BR":"Qiryat Moẕqin","pt":"Qiryat Moẕqin","nl":"Qiryat Moẕqin","hr":"Qiryat Moẕqin","fa":"قریات موقن","de":"Kirjat Moẕqin","es":"Qiryat Moẕqin","fr":"Qiryat Moẕqin","ja":"キリヤット・モキン","it":"Qiryat Moẕqin","zh-CN":"莫钦镇","tr":"Qiryat Moẕqin","ru":"Кирьят-Мукин","uk":"Кір'ят-Моакін","pl":"Qiryat Moẕqin","hi":"क़िर्यात मोक़िन","ar":"كريات موكين"},"wikiDataId":"Q152567"},{"id":57540,"name":"Qiryat Yam","state_id":1369,"state_code":"HA","state_name":"Haifa","country_id":106,"country_code":"IL","country_name":"Israel","latitude":"32.84966000","longitude":"35.06973000","native":"קריית ים","type":"city","level":null,"parent_id":null,"population":39897,"timezone":"Asia/Jerusalem","translations":{"br":"Qiryat Yam","ko":"키리야트 얌","pt-BR":"Qiryat Yam","pt":"Qiryat Yam","nl":"Qiryat Yam","hr":"Kirjat Jam","fa":"قیریات یام","de":"Kirjat Jam","es":"Qiryat Yam","fr":"Qiryat Yam","ja":"キリヤット・ヤム","it":"Qiryat Yam","zh-CN":"基里亚特亚姆","tr":"Kiryat Yam","ru":"Кирьят-Ям","uk":"Кір'ят-Ям","pl":"Qiryat Yam","hi":"क़िर्यात यम","ar":"كريات يام"},"wikiDataId":"Q152387"},{"id":57547,"name":"Rekhasim","state_id":1369,"state_code":"HA","state_name":"Haifa","country_id":106,"country_code":"IL","country_name":"Israel","latitude":"32.74907000","longitude":"35.09901000","native":"רקסים","type":"city","level":null,"parent_id":null,"population":12668,"timezone":"Asia/Jerusalem","translations":{"br":"Rekhasim","ko":"레카심","pt-BR":"Rekhasim","pt":"Rekhasim","nl":"Rekhasim","hr":"Rekhasim","fa":"رخاسم","de":"Rekhasim","es":"Rekhasim","fr":"Rekhasim","ja":"レカシム","it":"Rekhasim","zh-CN":"雷卡西姆","tr":"Rekhasim","ru":"Рехасим","uk":"Рехасім","pl":"Rekhasim","hi":"रेखासिम","ar":"رخاسيم"},"wikiDataId":"Q135485"},{"id":57569,"name":"Tirat Karmel","state_id":1369,"state_code":"HA","state_name":"Haifa","country_id":106,"country_code":"IL","country_name":"Israel","latitude":"32.76021000","longitude":"34.97183000","native":"טירת כרמל","type":"city","level":null,"parent_id":null,"population":27822,"timezone":"Asia/Jerusalem","translations":{"br":"Tirat Karmel","ko":"티라트 카르멜","pt-BR":"Tirat Karmel","pt":"Tirat Karmel","nl":"Tirat Karmel","hr":"Tirat Karmel","fa":"تیرات کارمل","de":"Tirat Karmel","es":"Tirat Karmel","fr":"Tirat Karmel","ja":"ティラト・カルメル","it":"Tirat Karmel","zh-CN":"蒂拉特·卡梅尔","tr":"Tirat Karmel","ru":"Тират Кармель","uk":"Тірат Кармель","pl":"Tirat Karmel","hi":"तिरत कार्मेल","ar":"طيرة الكرمل"},"wikiDataId":"Q168215"},{"id":57570,"name":"Umm el Faḥm","state_id":1369,"state_code":"HA","state_name":"Haifa","country_id":106,"country_code":"IL","country_name":"Israel","latitude":"32.51725000","longitude":"35.15349000","native":"אום אל פאחם","type":"city","level":null,"parent_id":null,"population":56109,"timezone":"Asia/Jerusalem","translations":{"br":"Umm el Faḥm","ko":"움 엘 파암","pt-BR":"Umm el Faḥm","pt":"Umm el Faḥm","nl":"Umm el Faḥm","hr":"Umm el Fahm","fa":"ام الفهم","de":"Umm el Faḥm","es":"Umm el Faḥm","fr":"Umm el Faḥm","ja":"ウム・エル・ファム","it":"Umm el Faḥm","zh-CN":"乌姆法赫姆","tr":"Umm el Faḥm","ru":"Умм-эль-Фахм","uk":"Умм-ель-Фахм","pl":"Umm el Faḥm","hi":"उम्म अल फ़हम","ar":"أم الفحم"},"wikiDataId":"Q168245"}]