[{"id":80007,"name":"Buena Vista","state_id":1386,"state_code":"3","state_name":"Colón","country_id":170,"country_code":"PA","country_name":"Panama","latitude":"9.27356000","longitude":"-79.69551000","native":"Buena Vista","type":"adm3","level":null,"parent_id":null,"population":4077,"timezone":"America/Panama","translations":{"ar":"بوينا فيستا","br":"Buena Vista","de":"Buena Vista","es":"Buena Vista","fa":"بوئنا ویستا","fr":"Buena Vista","hi":"अच्छा दृश्य","hr":"Buena Vista","it":"Buona Vista","ja":"ブエナ・ビスタ","ko":"부에나 비스타","nl":"Goed uitzicht","pl":"Buena Vista","pt":"Boa Vista","pt-BR":"Boa Vista","ru":"Буэна-Виста","tr":"Güzel Manzara","uk":"Буена-Віста","zh-CN":"布埃纳维斯塔"},"wikiDataId":"Q804144"},{"id":80035,"name":"Cativá","state_id":1386,"state_code":"3","state_name":"Colón","country_id":170,"country_code":"PA","country_name":"Panama","latitude":"9.36218000","longitude":"-79.83232000","native":"Capiva","type":"adm3","level":null,"parent_id":null,"population":29607,"timezone":"America/Panama","translations":{"ar":"كاتيفا","br":"Cativa","de":"Cativá","es":"Cativa","fa":"کاتیوا","fr":"Cativá","hi":"कैटिवा","hr":"Cativá","it":"Cativá","ja":"カティヴァ","ko":"카티바","nl":"Cativa","pl":"Cativá","pt":"Cativá","pt-BR":"Cativá","ru":"Катива","tr":"Cativá","uk":"Катіва","zh-CN":"卡蒂瓦"},"wikiDataId":"Q804144"},{"id":80072,"name":"Coclé del Norte","state_id":1386,"state_code":"3","state_name":"Colón","country_id":170,"country_code":"PA","country_name":"Panama","latitude":"9.07540000","longitude":"-80.57177000","native":"Coclé del Norte","type":"adm3","level":null,"parent_id":null,"population":388,"timezone":"America/Panama","translations":{"ar":"كوكلي ديل نورتي","br":"Koc'h an Norzh","de":"Coclé del Norte","es":"Coclé del Norte","fa":"کوکله دل نورته","fr":"Coclé du Nord","hi":"कोक्ले डेल नॉर्टे","hr":"Coclé del Norte","it":"Coclé del Norte","ja":"コクレ・デル・ノルテ","ko":"코클레 델 노르테","nl":"Coclé del Norte","pl":"Coclé del Norte","pt":"Coclé del Norte","pt-BR":"Coclé del Norte","ru":"Кокле-дель-Норте","tr":"Coclé del Norte","uk":"Кокле-дель-Норте","zh-CN":"北科克莱"},"wikiDataId":"Q34795886"},{"id":80073,"name":"Colón","state_id":1386,"state_code":"3","state_name":"Colón","country_id":170,"country_code":"PA","country_name":"Panama","latitude":"9.35451000","longitude":"-79.90011000","native":"Colon","type":"adm1","level":null,"parent_id":null,"population":76643,"timezone":"America/Panama","translations":{"ar":"كولون","br":"Colón","de":"Doppelpunkt","es":"Colon","fa":"کولون","fr":"Côlon","hi":"कोलन","hr":"Debelo crijevo","it":"Colon","ja":"結腸","ko":"콜론","nl":"Dubbele punt","pl":"Okrężnica","pt":"Cólon","pt-BR":"Cólon","ru":"Колон","tr":"Kolon","uk":"Колон","zh-CN":"冒号"},"wikiDataId":"Q627852"},{"id":80078,"name":"Cristóbal","state_id":1386,"state_code":"3","state_name":"Colón","country_id":170,"country_code":"PA","country_name":"Panama","latitude":"9.35222000","longitude":"-79.90444000","native":"Cristóbal","type":"city","level":null,"parent_id":null,"population":2366,"timezone":"America/Panama","translations":{"ar":"كريستوبال","br":"Cristóbal","de":"Cristóbal","es":"Cristóbal","fa":"کریستوبال","fr":"Christophe","hi":"क्रिस्टोबल","hr":"Cristóbal","it":"Cristoforo","ja":"クリストバル","ko":"크리스토발","nl":"Cristóbal","pl":"Cristóbal","pt":"Cristóbal","pt-BR":"Cristóbal","ru":"Кристобаль","tr":"Cristóbal","uk":"Крістобаль","zh-CN":"克里斯托瓦尔"},"wikiDataId":"Q80777"},{"id":80099,"name":"Distrito de Chagres","state_id":1386,"state_code":"3","state_name":"Colón","country_id":170,"country_code":"PA","country_name":"Panama","latitude":"9.12300000","longitude":"-80.11841000","native":"Distrito de Chagres","type":"adm3","level":null,"parent_id":null,"population":11342,"timezone":"America/Panama","translations":{"ar":"منطقة شاغريس","br":"Distrito de Chagres","de":"Distrito de Chagres","es":"Distrito de Chagres","fa":"توزیع‌کننده‌ی چاگرس","fr":"District de Chagres","hi":"डिस्ट्रिटो डे चाग्रेस","hr":"Distrito de Chagres","it":"Distretto di Chagres","ja":"チャグレス地区","ko":"디스트리토 데 샤그레스","nl":"Distrito de Chagres","pl":"Dystrykt Chagres","pt":"Distrito de Chagres","pt-BR":"Distrito de Chagres","ru":"Distrito de Chagres","tr":"Chagres Bölgesi","uk":"Дистрито-де-Чагрес","zh-CN":"查格雷斯区"},"wikiDataId":"Q2786644"},{"id":80106,"name":"Distrito de Colón","state_id":1386,"state_code":"3","state_name":"Colón","country_id":170,"country_code":"PA","country_name":"Panama","latitude":"9.24313000","longitude":"-79.79463000","native":"Distrito de Colón","type":"city","level":null,"parent_id":null,"population":1960,"timezone":"America/Panama","translations":{"ar":"منطقة كولون","br":"Distrito de Colón","de":"Distrito de Colón","es":"Distrito de Colón","fa":"توزیع‌کننده کولون","fr":"District de Colón","hi":"डिस्ट्रिटो डी कोलोन","hr":"Distrito de Colón","it":"Distretto di Colón","ja":"コロン地区","ko":"콜론 지구","nl":"Distrito de Colón","pl":"Dystrykt Colón","pt":"Distrito de Colón","pt-BR":"Distrito de Colón","ru":"Distrito de Colón","tr":"Colón Bölgesi","uk":"Дистрито де Колон","zh-CN":"科隆区"},"wikiDataId":"Q2071684"},{"id":80109,"name":"Distrito de Donoso","state_id":1386,"state_code":"3","state_name":"Colón","country_id":170,"country_code":"PA","country_name":"Panama","latitude":"9.01999000","longitude":"-80.42967000","native":"Distrito de Donoso","type":"adm3","level":null,"parent_id":null,"population":14798,"timezone":"America/Panama","translations":{"ar":"منطقة دونوسو","br":"Distrito de Donoso","de":"Distrito de Donoso","es":"Distrito de Donoso","fa":"توزیع‌کننده‌ی دونوسو","fr":"District de Donoso","hi":"डिस्ट्रिटो डी डोनोसो","hr":"Distrito de Donoso","it":"Distretto di Donoso","ja":"ドノソ地区","ko":"도노소 지구","nl":"Distrito de Donoso","pl":"Dystrykt Donoso","pt":"Distrito de Donoso","pt-BR":"Distrito de Donoso","ru":"Distrito de Donoso","tr":"Donoso Bölgesi","uk":"Дистрито-де-Доносо","zh-CN":"多诺索区"},"wikiDataId":"Q2217007"},{"id":80131,"name":"Distrito de Portobelo","state_id":1386,"state_code":"3","state_name":"Colón","country_id":170,"country_code":"PA","country_name":"Panama","latitude":"9.49748000","longitude":"-79.60730000","native":"Distrito de Portobelo","type":"city","level":null,"parent_id":null,"population":575,"timezone":"America/Panama","translations":{"ar":"منطقة بورتوبيلو","br":"Distrito de Portobelo","de":"Distrito de Portobelo","es":"Distrito de Portobelo","fa":"توزیع‌کننده‌ی پورتوبلو","fr":"District de Portobelo","hi":"डिस्ट्रिटो डी पोर्टोबेलो","hr":"Okrug Portobelo","it":"Distretto di Portobelo","ja":"ポルトベロ地区","ko":"포르토벨로 지구","nl":"Distrito de Portobelo","pl":"Dystrykt Portobelo","pt":"Distrito de Portobelo","pt-BR":"Distrito de Portobelo","ru":"Distrito de Portobelo","tr":"Portobelo Bölgesi","uk":"Дистрито-де-Портобело","zh-CN":"波托韦洛区"},"wikiDataId":"Q1650732"},{"id":80140,"name":"Distrito de Santa Isabel","state_id":1386,"state_code":"3","state_name":"Colón","country_id":170,"country_code":"PA","country_name":"Panama","latitude":"9.48333000","longitude":"-79.31667000","native":"Distrito de Santa Isabel","type":"city","level":null,"parent_id":null,"population":3436,"timezone":"America/Panama","translations":{"ar":"منطقة سانتا إيزابيل","br":"Distrito de Santa Isabel","de":"Distrito de Santa Isabel","es":"Distrito de Santa Isabel","fa":"توزیع‌کننده سانتا ایزابل","fr":"District de Santa Isabel","hi":"डिस्ट्रिटो डे सांता इसाबेल","hr":"Okrug Santa Isabel","it":"Distretto di Santa Isabel","ja":"サンタ・イサベル地区","ko":"산타 이사벨 지구","nl":"Distrito de Santa Isabel","pl":"Dystrykt Santa Isabel","pt":"Distrito de Santa Isabel","pt-BR":"Distrito de Santa Isabel","ru":"Distrito de Santa Isabel","tr":"Santa Isabel Bölgesi","uk":"Дистрито де Санта-Ізабель","zh-CN":"圣伊莎贝尔区"},"wikiDataId":"Q3585237"},{"id":80174,"name":"El Giral","state_id":1386,"state_code":"3","state_name":"Colón","country_id":170,"country_code":"PA","country_name":"Panama","latitude":"9.24509000","longitude":"-79.69266000","native":"El Giral","type":"city","level":null,"parent_id":null,"population":1522,"timezone":"America/Panama","translations":{"ar":"الجيرال","br":"El Giral","de":"El Giral","es":"El Giral","fa":"ال گیرال","fr":"Le Giral","hi":"एल गिराल","hr":"El Giral","it":"Il Giral","ja":"エル・ヒラル","ko":"엘 지랄","nl":"El Giral","pl":"El Giral","pt":"O Giral","pt-BR":"O Giral","ru":"Эль-Хираль","tr":"El Giral","uk":"Ель-Хіраль","zh-CN":"埃尔吉拉尔"},"wikiDataId":"Q2216393"},{"id":80175,"name":"El Guabo","state_id":1386,"state_code":"3","state_name":"Colón","country_id":170,"country_code":"PA","country_name":"Panama","latitude":"9.07842000","longitude":"-80.08316000","native":"El Guabo","type":"adm3","level":null,"parent_id":null,"population":359,"timezone":"America/Panama","translations":{"ar":"إل جوابو","br":"El Guabo","de":"El Guabo","es":"El Guabo","fa":"ال گوابو","fr":"Le Guabo","hi":"एल गुआबो","hr":"El Guabo","it":"Il Guabo","ja":"エル・グアボ","ko":"엘 구아보","nl":"De Guabo","pl":"El Guabo","pt":"El Guabo","pt-BR":"El Guabo","ru":"Эль Гуабо","tr":"El Guabo","uk":"Ель-Гуабо","zh-CN":"埃尔瓜沃"},"wikiDataId":"Q2216393"},{"id":80206,"name":"El Valle de la Unión","state_id":1386,"state_code":"3","state_name":"Colón","country_id":170,"country_code":"PA","country_name":"Panama","latitude":"9.23630000","longitude":"-79.65986000","native":"El Valle de la Unión","type":"city","level":null,"parent_id":null,"population":1081,"timezone":"America/Panama","translations":{"ar":"وادي الاتحاد","br":"Traoñienn an Unaniezh","de":"El Valle de la Unión","es":"El Valle de la Unión","fa":"ال واله د لا یونیون","fr":"La Vallée de l'Union","hi":"एल वैले डे ला यूनियन","hr":"Dolina Unije","it":"El Valle de la Unión","ja":"エル・バジェ・デ・ラ・ウニオン","ko":"엘 발레 데 라 유니온","nl":"De Vallei van de Unie","pl":"El Valle de la Union","pt":"O Vale da União","pt-BR":"O Vale da União","ru":"El Valle de la Unión","tr":"El Valle de la Union","uk":"Ель-Вальє-де-ла-Уніон","zh-CN":"联合谷"},"wikiDataId":"Q5352312"},{"id":80208,"name":"Escobal","state_id":1386,"state_code":"3","state_name":"Colón","country_id":170,"country_code":"PA","country_name":"Panama","latitude":"9.14373000","longitude":"-79.96439000","native":"Escobal","type":"adm3","level":null,"parent_id":null,"population":1790,"timezone":"America/Panama","translations":{"ar":"إسكوبال","br":"Escobal","de":"Escobal","es":"Escobal","fa":"اسکوبال","fr":"Escobal","hi":"एस्कोबाल","hr":"Escobal","it":"Escobal","ja":"エスコバル","ko":"에스코발","nl":"Escobal","pl":"Escobal","pt":"Escobal","pt-BR":"Escobal","ru":"Эскобаль","tr":"Escobal","uk":"Ескобаль","zh-CN":"埃斯科瓦尔"},"wikiDataId":"Q5352312"},{"id":80214,"name":"Gatún","state_id":1386,"state_code":"3","state_name":"Colón","country_id":170,"country_code":"PA","country_name":"Panama","latitude":"9.28922000","longitude":"-79.77204000","native":"Gatthe","type":"city","level":null,"parent_id":null,"population":1553,"timezone":"America/Panama","translations":{"ar":"جاتون","br":"Gatún","de":"Gatún","es":"Gatún","fa":"گاتون","fr":"Gatún","hi":"Gatun","hr":"Gatún","it":"Gatún","ja":"ガトゥン","ko":"가툰","nl":"Gatún","pl":"Gatún","pt":"Gatún","pt-BR":"Gatún","ru":"Гатун","tr":"Gatún","uk":"Гатун","zh-CN":"加通"},"wikiDataId":"Q5352312"},{"id":80213,"name":"Gatuncillo","state_id":1386,"state_code":"3","state_name":"Colón","country_id":170,"country_code":"PA","country_name":"Panama","latitude":"9.24346000","longitude":"-79.64856000","native":"Gatuncillo","type":"city","level":null,"parent_id":null,"population":4605,"timezone":"America/Panama","translations":{"ar":"جاتونسيلو","br":"Gatuncillo","de":"Gatuncillo","es":"Gatuncillo","fa":"گاتونچیلو","fr":"Gatuncillo","hi":"गैटुनसिल्लो","hr":"Gatuncillo","it":"Gatuncillo","ja":"ガトゥンシージョ","ko":"가툰실요","nl":"Gatuncillo","pl":"Gatuncillo","pt":"Gatuncillo","pt-BR":"Gatuncillo","ru":"Гатунчилло","tr":"Gatuncillo","uk":"Гатунсільо","zh-CN":"加通西略"},"wikiDataId":"Q5352312"},{"id":80297,"name":"Las Margaritas","state_id":1386,"state_code":"3","state_name":"Colón","country_id":170,"country_code":"PA","country_name":"Panama","latitude":"9.32603000","longitude":"-79.89028000","native":"Las Margaritas","type":"adm3","level":null,"parent_id":null,"population":null,"timezone":"America/Panama","translations":{"ar":"لاس مارغريتاس","br":"Las Margaritas","de":"Las Margaritas","es":"Las Margaritas","fa":"لاس مارگاریتاس","fr":"Las Margaritas","hi":"लास मार्गारीटास","hr":"Las Margaritas","it":"Las Margaritas","ja":"ラス・マルガリータス","ko":"라스 마가리타스","nl":"Las Margaritas","pl":"Las Margaritas","pt":"As Margaritas","pt-BR":"As Margaritas","ru":"Лас Маргаритас","tr":"Las Margaritas","uk":"Лас-Маргаритас","zh-CN":"玛格丽塔"},"wikiDataId":"Q3916792"},{"id":80350,"name":"María Chiquita","state_id":1386,"state_code":"3","state_name":"Colón","country_id":170,"country_code":"PA","country_name":"Panama","latitude":"9.43991000","longitude":"-79.75455000","native":"María Chiquita","type":"adm3","level":null,"parent_id":null,"population":1146,"timezone":"America/Panama","translations":{"ar":"ماريا تشيكيتا","br":"María Chiquita","de":"María Chiquita","es":"María Chiquita","fa":"ماریا چیکیتا","fr":"María Chiquita","hi":"मारिया चिक्विटा","hr":"María Chiquita","it":"Maria Chiquita","ja":"マリア・チキータ","ko":"마리아 치키타","nl":"Maria Chiquita","pl":"Maria Chiquita","pt":"Maria Chiquita","pt-BR":"Maria Chiquita","ru":"Мария Чикита","tr":"Maria Çikita","uk":"Марія Чікіта","zh-CN":"玛丽亚·奇基塔"},"wikiDataId":"Q3711142"},{"id":80368,"name":"Nombre de Dios","state_id":1386,"state_code":"3","state_name":"Colón","country_id":170,"country_code":"PA","country_name":"Panama","latitude":"9.57937000","longitude":"-79.47109000","native":"Nombre de Dios","type":"adm3","level":null,"parent_id":null,"population":872,"timezone":"America/Panama","translations":{"ar":"Nombre de Dios","br":"Anv Doue","de":"Nombre de Dios","es":"Nombre de Dios","fa":"نام خدا","fr":"Nombre de Dieu","hi":"देवताओं का नाम","hr":"Božje ime","it":"Nome di Dio","ja":"神の名","ko":"신의 이름","nl":"Naam van God","pl":"Imię Boga","pt":"Nome de Deus","pt-BR":"Nome de Deus","ru":"Имя Бога","tr":"Tanrının Adı","uk":"Ім'я Бога","zh-CN":"上帝之名"},"wikiDataId":"Q3544851"},{"id":80376,"name":"Nuevo Chagres","state_id":1386,"state_code":"3","state_name":"Colón","country_id":170,"country_code":"PA","country_name":"Panama","latitude":"9.23979000","longitude":"-80.08267000","native":"Nuevo Chagres","type":"adm2","level":null,"parent_id":null,"population":410,"timezone":"America/Panama","translations":{"ar":"نويفو تشاجريس","br":"Chagres Nevez","de":"Nuevo Chagres","es":"Nuevo Chagres","fa":"نوئوو چاگرس","fr":"Nouveau Chagres","hi":"नुएवो चाग्रेस","hr":"Nuevo Chagres","it":"Nuevo Chagres","ja":"ヌエボ・チャグレス","ko":"누에보 차그레스","nl":"Nieuwe Chagres","pl":"Nowy Chagres","pt":"Novo Chagres","pt-BR":"Novo Chagres","ru":"Нуэво Чагрес","tr":"Yeni Chagres","uk":"Нуево-Чагрес","zh-CN":"新查格雷斯"},"wikiDataId":"Q7068660"},{"id":80379,"name":"Nuevo San Juan","state_id":1386,"state_code":"3","state_name":"Colón","country_id":170,"country_code":"PA","country_name":"Panama","latitude":"9.22205000","longitude":"-79.66602000","native":"Nuevo San Juan","type":"adm3","level":null,"parent_id":null,"population":1494,"timezone":"America/Panama","translations":{"ar":"نويفو سان خوان","br":"Nuevo San Juan","de":"Nuevo San Juan","es":"Nuevo San Juan","fa":"نوئوو سن خوان","fr":"Nouveau San Juan","hi":"नुएवो सैन जुआन","hr":"Novi San Juan","it":"Nuovo San Juan","ja":"ヌエボ・サン・フアン","ko":"누에보 산 후안","nl":"Nieuw San Juan","pl":"Nowy San Juan","pt":"Novo San Juan","pt-BR":"Novo San Juan","ru":"Нуэво-Сан-Хуан","tr":"Yeni San Juan","uk":"Нуево-Сан-Хуан","zh-CN":"新圣胡安"},"wikiDataId":"Q7068690"},{"id":80380,"name":"Nuevo Vigía","state_id":1386,"state_code":"3","state_name":"Colón","country_id":170,"country_code":"PA","country_name":"Panama","latitude":"9.24263000","longitude":"-79.60756000","native":"Nuevo Vigía","type":"city","level":null,"parent_id":null,"population":2163,"timezone":"America/Panama","translations":{"ar":"نويفو فيجيا","br":"Nuevo Vigía","de":"Nuevo Vigía","es":"Nuevo Vigía","fa":"نوئوو ویخا","fr":"Nuevo Vigía","hi":"नुएवो विगिया","hr":"Nuevo Vigía","it":"Nuevo Vigía","ja":"ヌエボ・ビヒア","ko":"누에보 비히아","nl":"Nuevo Vigía","pl":"Nuevo Vigía","pt":"Nova Vigía","pt-BR":"Nova Vigía","ru":"Нуэво Вихия","tr":"Yeni Vigía","uk":"Нуево-Вігіа","zh-CN":"新维吉亚"},"wikiDataId":"Q7068690"},{"id":80388,"name":"Palenque","state_id":1386,"state_code":"3","state_name":"Colón","country_id":170,"country_code":"PA","country_name":"Panama","latitude":"9.56970000","longitude":"-79.36341000","native":"Palenque","type":"adm2","level":null,"parent_id":null,"population":355,"timezone":"America/Panama","translations":{"ar":"بالينكي","br":"Palenque","de":"Palenque","es":"Palenque","fa":"پالنکه","fr":"Palenque","hi":"Palenque","hr":"Palenque","it":"Palenque","ja":"パレンケ","ko":"팔렌케","nl":"Palenque","pl":"Palenque","pt":"Palenque","pt-BR":"Palenque","ru":"Паленке","tr":"Palenque","uk":"Паленке","zh-CN":"帕伦克"},"wikiDataId":"Q1985435"},{"id":80389,"name":"Palmas Bellas","state_id":1386,"state_code":"3","state_name":"Colón","country_id":170,"country_code":"PA","country_name":"Panama","latitude":"9.22838000","longitude":"-80.08503000","native":"Palmas Bellas","type":"adm3","level":null,"parent_id":null,"population":1337,"timezone":"America/Panama","translations":{"ar":"بالماس بيلاس","br":"Palmas Bellas","de":"Palmas Bellas","es":"Palmas Bellas","fa":"پالماس بلاس","fr":"Palmas Bellas","hi":"पाल्मास बेलास","hr":"Palmas Bellas","it":"Palmas Bellas","ja":"パルマス・ベラス","ko":"팔마스 벨라스","nl":"Palmas Bellas","pl":"Palmas Bellas","pt":"Palmas Bellas","pt-BR":"Palmas Bellas","ru":"Пальмас Беллас","tr":"Palmas Bellas","uk":"Пальмас-Беллас","zh-CN":"帕尔马斯贝拉斯"},"wikiDataId":"Q1985435"},{"id":80415,"name":"Playa Chiquita","state_id":1386,"state_code":"3","state_name":"Colón","country_id":170,"country_code":"PA","country_name":"Panama","latitude":"9.56620000","longitude":"-79.29185000","native":"Playa Chiquita","type":"adm3","level":null,"parent_id":null,"population":105,"timezone":"America/Panama","translations":{"ar":"بلايا تشيكيتا","br":"Playa Chiquita","de":"Playa Chiquita","es":"Playa Chiquita","fa":"پلایا چیکیتا","fr":"Plage Chiquita","hi":"प्लाया चिक्विटा","hr":"Plaža Chiquita","it":"Playa Chiquita","ja":"プラヤ・チキータ","ko":"플라야 치키타","nl":"Playa Chiquita","pl":"Plaża Chiquita","pt":"Praia Chiquita","pt-BR":"Praia Chiquita","ru":"Плайя Чикита","tr":"Çikita Plajı","uk":"Плайя-Чікіта","zh-CN":"奇基塔海滩"},"wikiDataId":"Q654169"},{"id":80423,"name":"Portobelo","state_id":1386,"state_code":"3","state_name":"Colón","country_id":170,"country_code":"PA","country_name":"Panama","latitude":"9.55303000","longitude":"-79.65693000","native":"Portobelo","type":"adm3","level":null,"parent_id":null,"population":1393,"timezone":"America/Panama","translations":{"ar":"بورتوبيلو","br":"Portobelo","de":"Portobelo","es":"Portobelo","fa":"پورتوبلو","fr":"Portobelo","hi":"पोर्टोबेलो","hr":"Portobelo","it":"Portobello","ja":"ポルトベロ","ko":"포르토벨로","nl":"Portobelo","pl":"Portobelo","pt":"Portobelo","pt-BR":"Portobelo","ru":"Портобело","tr":"Portobelo","uk":"Портобело","zh-CN":"波托韦洛"},"wikiDataId":"Q797147"},{"id":80433,"name":"Puerto Escondido","state_id":1386,"state_code":"3","state_name":"Colón","country_id":170,"country_code":"PA","country_name":"Panama","latitude":"9.19333000","longitude":"-80.08833000","native":"Puerto Escondido","type":"city","level":null,"parent_id":null,"population":12371,"timezone":"America/Panama","translations":{"ar":"بويرتو إسكونديدو","br":"Puerto Escondido","de":"Puerto Escondido","es":"Puerto Escondido","fa":"پورتو اسکندیدو","fr":"Puerto Escondido","hi":"प्यूर्टो एस्कोन्डिडो","hr":"Puerto Escondido","it":"Porto Escondido","ja":"プエルト・エスコンディード","ko":"푸에르토 에스콘디도","nl":"Puerto Escondido","pl":"Port Escondido","pt":"Puerto Escondido","pt-BR":"Puerto Escondido","ru":"Пуэрто-Эскондидо","tr":"Puerto Escondido","uk":"Пуерто-Ескондідо","zh-CN":"埃斯孔迪多港"},"wikiDataId":"Q3130855"},{"id":80435,"name":"Puerto Pilón","state_id":1386,"state_code":"3","state_name":"Colón","country_id":170,"country_code":"PA","country_name":"Panama","latitude":"9.36316000","longitude":"-79.79333000","native":"Puerto Pilón","type":"adm3","level":null,"parent_id":null,"population":8754,"timezone":"America/Panama","translations":{"ar":"بويرتو بيلون","br":"Puerto Pilón","de":"Puerto Pilón","es":"Puerto Pilón","fa":"پورتو پیلون","fr":"Puerto Pilón","hi":"प्यूर्टो पिलोन","hr":"Puerto Pilón","it":"Puerto Pilón","ja":"プエルト・ピロン","ko":"푸에르토 필론","nl":"Puerto Pilón","pl":"Port Pilón","pt":"Porto Pilón","pt-BR":"Porto Pilón","ru":"Пуэрто Пилон","tr":"Puerto Pilón","uk":"Пуерто-Пілон","zh-CN":"皮隆港"},"wikiDataId":"Q3130855"},{"id":80443,"name":"Quebrada Bonita Adentro","state_id":1386,"state_code":"3","state_name":"Colón","country_id":170,"country_code":"PA","country_name":"Panama","latitude":"9.29662000","longitude":"-79.70606000","native":"Quebrada Bonita Adentro","type":"city","level":null,"parent_id":null,"population":2229,"timezone":"America/Panama","translations":{"ar":"Quebrada Bonita Adentro","br":"Quebrada Bonita Adentro","de":"Quebrada Bonita Adentro","es":"Quebrada Bonita Adentro","fa":"کوئبرادا بونیتا آدنترو","fr":"Quebrada Bonita Adentro","hi":"Quebrada Bonita Adentro","hr":"Quebrada Bonita Adentro","it":"Quebrada Bonita Adentro","ja":"ケブラーダ・ボニータ・アデントロ","ko":"케브라다 보니타 아덴트로","nl":"Quebrada Bonita Adentro","pl":"Quebrada Bonita Adentro","pt":"Quebrada Bonita Adentro","pt-BR":"Quebrada Bonita Adentro","ru":"Quebrada Bonita Adentro","tr":"Quebrada Bonita Adentro","uk":"Кебрада Боніта Адентро","zh-CN":"克夫拉达·博尼塔·阿登特罗"},"wikiDataId":"Q3130855"},{"id":80457,"name":"Río Alejandro","state_id":1386,"state_code":"3","state_name":"Colón","country_id":170,"country_code":"PA","country_name":"Panama","latitude":"9.37149000","longitude":"-79.78809000","native":"Río Alejandro","type":"section","level":null,"parent_id":null,"population":3084,"timezone":"America/Panama","translations":{"ar":"ريو أليخاندرو","br":"Río Alejandro","de":"Río Alejandro","es":"Río Alejandro","fa":"ریو آلخاندرو","fr":"Rivière Alejandro","hi":"रियो एलेजांद्रो","hr":"Río Alejandro","it":"Río Alejandro","ja":"リオ・アレハンドロ","ko":"리오 알레한드로","nl":"Rio Alejandro","pl":"Rio Alejandro","pt":"Rio Alejandro","pt-BR":"Rio Alejandro","ru":"Рио Алехандро","tr":"Rio Alejandro","uk":"Ріо-Алехандро","zh-CN":"里奥·亚历杭德罗"},"wikiDataId":"Q3130855"},{"id":80459,"name":"Río Duque","state_id":1386,"state_code":"3","state_name":"Colón","country_id":170,"country_code":"PA","country_name":"Panama","latitude":"9.25688000","longitude":"-79.67937000","native":"Río Duque","type":"city","level":null,"parent_id":null,"population":1374,"timezone":"America/Panama","translations":{"ar":"ريو دوكي","br":"Río Duque","de":"Río Duque","es":"Río Duque","fa":"ریو دوکه","fr":"Río Duque","hi":"रियो ड्यूक","hr":"Río Duque","it":"Río Duque","ja":"リオ・ドゥケ","ko":"리오 두케","nl":"Río Duque","pl":"Río Duque","pt":"Rio Duque","pt-BR":"Rio Duque","ru":"Рио Дуке","tr":"Rio Duque","uk":"Ріо-Дуке","zh-CN":"里奥杜克"},"wikiDataId":"Q3130855"},{"id":80464,"name":"Río Rita","state_id":1386,"state_code":"3","state_name":"Colón","country_id":170,"country_code":"PA","country_name":"Panama","latitude":"9.30296000","longitude":"-79.79234000","native":"Río Rita","type":"city","level":null,"parent_id":null,"population":1222,"timezone":"America/Panama","translations":{"ar":"ريو ريتا","br":"Río Rita","de":"Río Rita","es":"Río Rita","fa":"ریو ریتا","fr":"Rivière Rita","hi":"रियो रीटा","hr":"Río Rita","it":"Río Rita","ja":"リオ・リタ","ko":"리오 리타","nl":"Río Rita","pl":"Rio Rita","pt":"Rio Rita","pt-BR":"Rio Rita","ru":"Рио-Рита","tr":"Rio Rita","uk":"Ріо-Ріта","zh-CN":"里奥丽塔"},"wikiDataId":"Q7386394"},{"id":80469,"name":"Sabanitas","state_id":1386,"state_code":"3","state_name":"Colón","country_id":170,"country_code":"PA","country_name":"Panama","latitude":"9.34269000","longitude":"-79.80961000","native":"Sabanitas","type":"adm3","level":null,"parent_id":null,"population":15577,"timezone":"America/Panama","translations":{"ar":"سابانيتاس","br":"Sabanitas","de":"Sabanitas","es":"Sabanitas","fa":"سابانیتا","fr":"Sabanitas","hi":"सबनिटास","hr":"Sabanitas","it":"Sabanitas","ja":"サバニタス","ko":"사바니타스","nl":"Sabanitas","pl":"Sabanitas","pt":"Sabanitas","pt-BR":"Sabanitas","ru":"Сабанитас","tr":"Sabanitas","uk":"Сабанітас","zh-CN":"萨巴尼塔斯"},"wikiDataId":"Q7386411"},{"id":80502,"name":"Santa Isabel","state_id":1386,"state_code":"3","state_name":"Colón","country_id":170,"country_code":"PA","country_name":"Panama","latitude":"9.53922000","longitude":"-79.19570000","native":"Santa Isabel","type":"adm3","level":null,"parent_id":null,"population":256,"timezone":"America/Panama","translations":{"ar":"سانتا إيزابيل","br":"Tad-kozh Izabel","de":"Santa Isabel","es":"Santa Isabel","fa":"سانتا ایزابل","fr":"Santa Isabel","hi":"सांता इसाबेल","hr":"Santa Isabel","it":"Santa Isabel","ja":"サンタ・イザベル","ko":"산타 이사벨","nl":"Sint Isabel","pl":"Święta Izabela","pt":"Santa Isabel","pt-BR":"Santa Isabel","ru":"Санта-Исабель","tr":"Santa Isabel","uk":"Санта-Ізабель","zh-CN":"圣伊莎贝尔"},"wikiDataId":"Q5620819"},{"id":80506,"name":"Santa Rita Arriba","state_id":1386,"state_code":"3","state_name":"Colón","country_id":170,"country_code":"PA","country_name":"Panama","latitude":"9.33032000","longitude":"-79.79363000","native":"Santa Rita Arriba","type":"city","level":null,"parent_id":null,"population":1960,"timezone":"America/Panama","translations":{"ar":"سانتا ريتا أريبا","br":"Santa Rita Arriba","de":"Santa Rita Arriba","es":"Santa Rita Arriba","fa":"سانتا ریتا آریبا","fr":"Santa Rita Arriba","hi":"सांता रीटा अरीबा","hr":"Santa Rita Arriba","it":"Santa Rita Arriba","ja":"サンタ・リタ・アリバ","ko":"산타 리타 아리바","nl":"Santa Rita Arriba","pl":"Święta Rita Arriba","pt":"Santa Rita Arriba","pt-BR":"Santa Rita Arriba","ru":"Санта-Рита-Арриба","tr":"Santa Rita Arriba","uk":"Санта-Ріта Арріба","zh-CN":"圣丽塔阿里巴"},"wikiDataId":"Q2124870"},{"id":80541,"name":"Viento Frío","state_id":1386,"state_code":"3","state_name":"Colón","country_id":170,"country_code":"PA","country_name":"Panama","latitude":"9.58263000","longitude":"-79.40690000","native":"Viento Frío","type":"adm3","level":null,"parent_id":null,"population":387,"timezone":"America/Panama","translations":{"ar":"فينتو فريو","br":"Viento Frío","de":"Viento Frío","es":"Viento frío","fa":"وینتو فریو","fr":"Vent froid","hi":"विएंतो फ्रिओ","hr":"Viento Frío","it":"Viento Frío","ja":"ビエント・フリオ","ko":"비엔토 프리오","nl":"Viento Frio","pl":"Viento Frío","pt":"Vento Frio","pt-BR":"Vento Frio","ru":"Вьенто Фрио","tr":"Viento Frio","uk":"В'єнто-Фріо","zh-CN":"维恩托弗里奥"},"wikiDataId":"Q3254645"}]