[{"id":79956,"name":"Aguadulce","state_id":1387,"state_code":"2","state_name":"Coclé","country_id":170,"country_code":"PA","country_name":"Panama","latitude":"8.24183000","longitude":"-80.54609000","native":"Aguadulce","type":"adm2","level":null,"parent_id":null,"population":8501,"timezone":"America/Panama","translations":{"ar":"أجوادولسي","br":"Aguadulce","de":"Aguadulce","es":"Aguadulce","fa":"آگوادولس","fr":"Aguadulce","hi":"अगुआडुल्से","hr":"Aguadulce","it":"Aguadulce","ja":"アグアドゥルセ","ko":"아과둘세","nl":"Aguadulce","pl":"Aguadulce","pt":"Aguadulce","pt-BR":"Aguadulce","ru":"Агуадульсе","tr":"Aguadulce","uk":"Агуадульсе","zh-CN":"阿瓜杜尔塞"},"wikiDataId":"Q1956983"},{"id":79957,"name":"Aguas Blancas","state_id":1387,"state_code":"2","state_name":"Coclé","country_id":170,"country_code":"PA","country_name":"Panama","latitude":"8.50351000","longitude":"-80.31169000","native":"Aguas Blancas","type":"city","level":null,"parent_id":null,"population":1053,"timezone":"America/Panama","translations":{"ar":"أغواس بلانكاس","br":"Aguas Blancas","de":"Aguas Blancas","es":"Aguas Blancas","fa":"آگواس بلانکاس","fr":"Aguas Blancas","hi":"अगुआस ब्लैंकास","hr":"Aguas Blancas","it":"Aguas Blancas","ja":"アグアスブランカス","ko":"아과스 블랑카스","nl":"Watervallen","pl":"Białe wody","pt":"Águas Brancas","pt-BR":"Águas Brancas","ru":"Агуас Бланкас","tr":"Beyaz Aguas","uk":"Агуас Бланкас","zh-CN":"阿瓜斯布兰卡斯"},"wikiDataId":"Q1956983"},{"id":79965,"name":"Alto de La Estancia","state_id":1387,"state_code":"2","state_name":"Coclé","country_id":170,"country_code":"PA","country_name":"Panama","latitude":"8.58792000","longitude":"-80.18443000","native":"Alto de La Estancia","type":"city","level":null,"parent_id":null,"population":1081,"timezone":"America/Panama","translations":{"ar":"ألتو دي لا إستانسيا","br":"Alto de La Estancia","de":"Alto de La Estancia","es":"Alto de La Estancia","fa":"آلتو د لا استانسیا","fr":"Alto de La Estancia","hi":"ऑल्टो डे ला एस्टानिया","hr":"Alto de La Estancia","it":"Alto de La Estancia","ja":"アルト・デ・ラ・エスタンシア","ko":"알토 데 라 에스탄시아","nl":"Alto de La Estancia","pl":"Alto de La Estancia","pt":"Alto de La Estância","pt-BR":"Alto de La Estância","ru":"Альто-де-ла-Эстансия","tr":"Alto de La Estancia","uk":"Альто-де-ла-Естансія","zh-CN":"阿尔托·德拉埃斯坦西亚"},"wikiDataId":"Q1956983"},{"id":79969,"name":"Antón","state_id":1387,"state_code":"2","state_name":"Coclé","country_id":170,"country_code":"PA","country_name":"Panama","latitude":"8.39733000","longitude":"-80.26063000","native":"Hormiga","type":"adm2","level":null,"parent_id":null,"population":6851,"timezone":"America/Panama","translations":{"ar":"أنطون","br":"Antón","de":"Anton","es":"Antón","fa":"آنتون","fr":"Antón","hi":"एंटोन","hr":"Anton","it":"Antón","ja":"アントン","ko":"안톤","nl":"Antón","pl":"Anton","pt":"Antón","pt-BR":"Antón","ru":"Антон","tr":"Anton","uk":"Антон","zh-CN":"安东"},"wikiDataId":"Q1956983"},{"id":79984,"name":"Barranco Colorado","state_id":1387,"state_code":"2","state_name":"Coclé","country_id":170,"country_code":"PA","country_name":"Panama","latitude":"8.38937000","longitude":"-80.63546000","native":"Barranco Colorado","type":"adm3","level":null,"parent_id":null,"population":52,"timezone":"America/Panama","translations":{"ar":"بارانكو كولورادو","br":"Barranco Colorado","de":"Barranco Colorado","es":"Barranco Colorado","fa":"بارانکو، کلرادو","fr":"Barranco, Colorado","hi":"बैरेंको कोलोराडो","hr":"Barranco, Colorado","it":"Barranco Colorado","ja":"バランコ・コロラド","ko":"바랑코 콜로라도","nl":"Barranco Colorado","pl":"Barranco Kolorado","pt":"Barranco Colorado","pt-BR":"Barranco Colorado","ru":"Барранко Колорадо","tr":"Barranco Colorado","uk":"Барранко, Колорадо","zh-CN":"巴兰科科罗拉多"},"wikiDataId":"Q1956983"},{"id":80013,"name":"Caballero","state_id":1387,"state_code":"2","state_name":"Coclé","country_id":170,"country_code":"PA","country_name":"Panama","latitude":"8.54343000","longitude":"-80.19769000","native":"Caballero","type":"adm3","level":null,"parent_id":null,"population":114,"timezone":"America/Panama","translations":{"ar":"كاباليرو","br":"Caballero","de":"Caballero","es":"Caballero","fa":"کابالرو","fr":"Caballero","hi":"Caballero","hr":"Caballero","it":"Cavaliere","ja":"カバジェロ","ko":"카발레로","nl":"Caballero","pl":"Caballero","pt":"Cavaleiro","pt-BR":"Cavaleiro","ru":"Кабальеро","tr":"Caballero","uk":"Кабальєро","zh-CN":"卡瓦列罗"},"wikiDataId":"Q804144"},{"id":80015,"name":"Cabuya","state_id":1387,"state_code":"2","state_name":"Coclé","country_id":170,"country_code":"PA","country_name":"Panama","latitude":"8.54703000","longitude":"-80.16756000","native":"Cabuya","type":"adm3","level":null,"parent_id":null,"population":93,"timezone":"America/Panama","translations":{"ar":"كابويا","br":"Cabuya","de":"Cabuya","es":"Cabuya","fa":"کابویا","fr":"Cabuya","hi":"कैबुया","hr":"Cabuya","it":"Cabuya","ja":"カブヤ","ko":"카부야","nl":"Cabuya","pl":"Cabuya","pt":"Cabuya","pt-BR":"Cabuya","ru":"Кабуя","tr":"Cabuya","uk":"Кабуя","zh-CN":"卡布亚"},"wikiDataId":"Q804144"},{"id":80039,"name":"Cañaveral","state_id":1387,"state_code":"2","state_name":"Coclé","country_id":170,"country_code":"PA","country_name":"Panama","latitude":"8.51700000","longitude":"-80.42916000","native":"Cañaveral","type":"adm3","level":null,"parent_id":null,"population":827,"timezone":"America/Panama","translations":{"ar":"كانيافيرال","br":"Cañaveral","de":"Cañaveral","es":"Cañaveral","fa":"کاناورال","fr":"Cañaveral","hi":"कैनावेरल","hr":"Cañaveral","it":"Cañaveral","ja":"カニャベラル","ko":"카냐베랄","nl":"Cañaveral","pl":"Cañaveral","pt":"Cañaveral","pt-BR":"Cañaveral","ru":"Канаверал","tr":"Cañaveral","uk":"Каньяверал","zh-CN":"卡纳维拉尔"},"wikiDataId":"Q804144"},{"id":80032,"name":"Capellanía","state_id":1387,"state_code":"2","state_name":"Coclé","country_id":170,"country_code":"PA","country_name":"Panama","latitude":"8.29858000","longitude":"-80.55480000","native":"Capellanía","type":"adm3","level":null,"parent_id":null,"population":2252,"timezone":"America/Panama","translations":{"ar":"كابيلانيا","br":"Capellanía","de":"Capellanía","es":"Capellanía","fa":"کاپلانیا","fr":"Chapelle","hi":"कैपेलानिया","hr":"Capellanía","it":"Capellanía","ja":"カペラニア","ko":"카펠라니아","nl":"Capellania","pl":"Capellanía","pt":"Capellanía","pt-BR":"Capellanía","ru":"Капеллания","tr":"Capellanía","uk":"Капелланія","zh-CN":"卡佩拉尼亚"},"wikiDataId":"Q804144"},{"id":80058,"name":"Chigoré","state_id":1387,"state_code":"2","state_name":"Coclé","country_id":170,"country_code":"PA","country_name":"Panama","latitude":"8.53035000","longitude":"-80.35117000","native":"Quigoroso","type":"city","level":null,"parent_id":null,"population":2899,"timezone":"America/Panama","translations":{"ar":"شيغوري","br":"Chigoré","de":"Chigoré","es":"Chigoré","fa":"چیگوره","fr":"Chigoré","hi":"चिगोरे","hr":"Chigoré","it":"Chigoré","ja":"チゴレ","ko":"치고레","nl":"Chigoré","pl":"Chigoré","pt":"Chigoré","pt-BR":"Chigoré","ru":"Чигоре","tr":"Chigoré","uk":"Чігоре","zh-CN":"奇戈雷"},"wikiDataId":"Q804144"},{"id":80059,"name":"Chiguirí Arriba","state_id":1387,"state_code":"2","state_name":"Coclé","country_id":170,"country_code":"PA","country_name":"Panama","latitude":"8.67187000","longitude":"-80.18975000","native":"Chiguirí Arriba","type":"adm3","level":null,"parent_id":null,"population":509,"timezone":"America/Panama","translations":{"ar":"تشيغويري أريبا","br":"Chiguirí Arriba","de":"Chiguirí Arriba","es":"Chiguirí Arriba","fa":"چیگوئری آریبا","fr":"Chiguirí Arriba","hi":"चिगुइरी अरीबा","hr":"Chiguiří Arriba","it":"Chiguirí Arriba","ja":"チギリ・アリバ","ko":"치귀리 아리바","nl":"Chiguirí Arriba","pl":"Chiguirí Arriba","pt":"Chiguirí Arriba","pt-BR":"Chiguirí Arriba","ru":"Чигири Арриба","tr":"Chiguirí Arriba","uk":"Чігірі Арріба","zh-CN":"奇吉里·阿里巴"},"wikiDataId":"Q804144"},{"id":80067,"name":"Churuquita Chiquita","state_id":1387,"state_code":"2","state_name":"Coclé","country_id":170,"country_code":"PA","country_name":"Panama","latitude":"8.57555000","longitude":"-80.27161000","native":"Churuquita Chiquita","type":"adm3","level":null,"parent_id":null,"population":1142,"timezone":"America/Panama","translations":{"ar":"تشوروكيتا تشيكيتا","br":"Churuquita Chiquita","de":"Churuquita Chiquita","es":"Churuquita Chiquita","fa":"چوروکیتا","fr":"Churuquita Chiquita","hi":"चुरुक्विटा चिक्विटा","hr":"Churuquita Chiquita","it":"Churuquita Chiquita","ja":"チュルキータ チキータ","ko":"추루키타 치키타","nl":"Churuquita Chiquita","pl":"Churuquita Chiquita","pt":"Churuquita Chiquita","pt-BR":"Churuquita Chiquita","ru":"Чурукита Чикита","tr":"Çuruquita Çiquita","uk":"Чурукіта Чікіта","zh-CN":"丘鲁基塔·奇基塔"},"wikiDataId":"Q5118336"},{"id":80068,"name":"Churuquita Grande","state_id":1387,"state_code":"2","state_name":"Coclé","country_id":170,"country_code":"PA","country_name":"Panama","latitude":"8.59449000","longitude":"-80.27182000","native":"Grande","type":"city","level":null,"parent_id":null,"population":1518,"timezone":"America/Panama","translations":{"ar":"تشوروكيتا غراندي","br":"Churuquita Grande","de":"Churuquita Grande","es":"Churuquita Grande","fa":"چوروکیتا گراند","fr":"Churuquita Grande","hi":"चुरुक्विटा ग्रांडे","hr":"Churuquita Grande","it":"Churuquita Grande","ja":"チュルキータ・グランデ","ko":"추루키타 그란데","nl":"Churuquita Grande","pl":"Churuquita Grande","pt":"Churuquita Grande","pt-BR":"Churuquita Grande","ru":"Чурукита Гранде","tr":"Churuquita Grande","uk":"Чурукіта Гранде","zh-CN":"丘鲁基塔格兰德"},"wikiDataId":"Q5118336"},{"id":80071,"name":"Coclé","state_id":1387,"state_code":"2","state_name":"Coclé","country_id":170,"country_code":"PA","country_name":"Panama","latitude":"8.45601000","longitude":"-80.42899000","native":"Coclé","type":"city","level":null,"parent_id":null,"population":803,"timezone":"America/Panama","translations":{"ar":"كوكلي","br":"Coclé","de":"Coclé","es":"Coclé","fa":"کوکله","fr":"Coclé","hi":"कोक्ले","hr":"Coclé","it":"Coclé","ja":"コクレ","ko":"코클레","nl":"Coclé","pl":"Coclé","pt":"Coclé","pt-BR":"Coclé","ru":"Кокле","tr":"Coclé","uk":"Кокле","zh-CN":"科克莱"},"wikiDataId":"Q34795886"},{"id":80086,"name":"Distrito de Aguadulce","state_id":1387,"state_code":"2","state_name":"Coclé","country_id":170,"country_code":"PA","country_name":"Panama","latitude":"8.21270000","longitude":"-80.61441000","native":"Distrito de Aguadulce","type":"adm3","level":null,"parent_id":null,"population":989,"timezone":"America/Panama","translations":{"ar":"منطقة أجوادولسي","br":"Distrito de Aguadulce","de":"Distrito de Aguadulce","es":"Distrito de Aguadulce","fa":"توزیع‌کننده‌ی آگوادولس","fr":"District d'Aguadulce","hi":"डिस्ट्रिटो डी अगुआडुल्से","hr":"Okrug Aguadulce","it":"Distretto di Aguadulce","ja":"アグアドゥルセ地区","ko":"아과둘세 지구","nl":"Distrito de Aguadulce","pl":"Dystrykt Aguadulce","pt":"Distrito de Aguadulce","pt-BR":"Distrito de Aguadulce","ru":"Distrito de Aguadulce","tr":"Aguadulce Bölgesi","uk":"Дистрито де Агуадульсе","zh-CN":"阿瓜杜尔塞区"},"wikiDataId":"Q2216595"},{"id":80088,"name":"Distrito de Antón","state_id":1387,"state_code":"2","state_name":"Coclé","country_id":170,"country_code":"PA","country_name":"Panama","latitude":"8.45394000","longitude":"-80.18361000","native":"Distrito de Antón","type":"adm3","level":null,"parent_id":null,"population":0,"timezone":"America/Panama","translations":{"ar":"منطقة أنطون","br":"Distrito de Anton","de":"Distrito de Antón","es":"Distrito de Antón","fa":"توزیع‌کننده آنتون","fr":"District d'Antón","hi":"डिस्ट्रिटो डी एंटोन","hr":"Okrug Antón","it":"Distretto di Antón","ja":"アントン地区","ko":"안톤 지구","nl":"Distrito de Antón","pl":"Distrito de Antón","pt":"Distrito de Antón","pt-BR":"Distrito de Antón","ru":"Distrito de Antón","tr":"Antón Bölgesi","uk":"Дистрито-де-Антон","zh-CN":"安东区"},"wikiDataId":"Q2216997"},{"id":80114,"name":"Distrito de La Pintada","state_id":1387,"state_code":"2","state_name":"Coclé","country_id":170,"country_code":"PA","country_name":"Panama","latitude":"8.71801000","longitude":"-80.53946000","native":"Distrito de La Pintada","type":"adm3","level":null,"parent_id":null,"population":25639,"timezone":"America/Panama","translations":{"ar":"منطقة لا بينتادا","br":"Distrito de La Pintada","de":"Distrito de La Pintada","es":"Distrito de La Pintada","fa":"توزیع‌کننده‌ی لا پینتادا","fr":"District de La Pintada","hi":"डिस्ट्रिटो डे ला पिंटाडा","hr":"Okrug La Pintada","it":"Distrito de La Pintada","ja":"ラ・ピンタダ地区","ko":"라 핀타다 지구","nl":"Distrito de La Pintada","pl":"Dystrykt La Pintada","pt":"Distrito de La Pintada","pt-BR":"Distrito de La Pintada","ru":"Distrito de La Pintada","tr":"La Pintada Bölgesi","uk":"Дистрито-де-Ла-Пінтада","zh-CN":"拉皮塔达区"},"wikiDataId":"Q2215435"},{"id":80122,"name":"Distrito de Natá","state_id":1387,"state_code":"2","state_name":"Coclé","country_id":170,"country_code":"PA","country_name":"Panama","latitude":"8.34416000","longitude":"-80.60934000","native":"Distrito de Natá","type":"adm3","level":null,"parent_id":null,"population":18465,"timezone":"America/Panama","translations":{"ar":"منطقة ناتا","br":"Distrito de Natá","de":"Distrito de Natá","es":"Distrito de Natá","fa":"توزیع‌کننده ناتا","fr":"District de Natá","hi":"डिस्ट्रिटो डी नाटा","hr":"Distrito de Natá","it":"Distrito de Natá","ja":"ナタ地区","ko":"디스트리토 데 나타","nl":"Distrito de Natá","pl":"Distrito de Natá","pt":"Distrito de Natá","pt-BR":"Distrito de Natá","ru":"Distrito de Natá","tr":"Natá Bölgesi","uk":"Дистрито-де-Ната","zh-CN":"纳塔区"},"wikiDataId":"Q2215891"},{"id":80124,"name":"Distrito de Olá","state_id":1387,"state_code":"2","state_name":"Coclé","country_id":170,"country_code":"PA","country_name":"Panama","latitude":"8.48053000","longitude":"-80.65324000","native":"Hola Distrito","type":"adm3","level":null,"parent_id":null,"population":5875,"timezone":"America/Panama","translations":{"ar":"منطقة أولا","br":"Distrito de Olá","de":"Distrito de Olá","es":"Distrito de Olá","fa":"توزیع‌کننده اولا","fr":"District d'Olá","hi":"डिस्ट्रिटो डी ओला","hr":"Okrug Olá","it":"Distretto di Olá","ja":"オラ地区","ko":"올라 지구","nl":"Distrito de Olá","pl":"Distrito de Olá","pt":"Distrito de Olá","pt-BR":"Distrito de Olá","ru":"Distrito de Olá","tr":"Olá Bölgesi","uk":"Дистрито-де-Ола","zh-CN":"奥拉区"},"wikiDataId":"Q2217017"},{"id":80085,"name":"Distrito Penonomé","state_id":1387,"state_code":"2","state_name":"Coclé","country_id":170,"country_code":"PA","country_name":"Panama","latitude":"8.63000000","longitude":"-80.28333000","native":"Distrito Penonomé","type":"city","level":null,"parent_id":null,"population":799,"timezone":"America/Panama","translations":{"ar":"منطقة بينونومي","br":"Distrito Penonomé","de":"Distrito Penonomé","es":"Distrito Penonomé","fa":"توزیع‌کننده پنونوم","fr":"District de Penonomé","hi":"डिस्ट्रिटो पेनोनोमे","hr":"Distrito Penonomé","it":"Distrito Penonomé","ja":"ペノノメ地区","ko":"디스트리토 페노노메","nl":"Distrito Penonomé","pl":"Dystrykt Penonomé","pt":"Distrito Penonomé","pt-BR":"Distrito Penonomé","ru":"Distrito Penonomé","tr":"Distrito Penonomé","uk":"Дистрито Пенономе","zh-CN":"佩诺诺梅区"},"wikiDataId":"Q2216569"},{"id":80157,"name":"El Caño","state_id":1387,"state_code":"2","state_name":"Coclé","country_id":170,"country_code":"PA","country_name":"Panama","latitude":"8.40195000","longitude":"-80.51791000","native":"El Caño","type":"adm3","level":null,"parent_id":null,"population":1129,"timezone":"America/Panama","translations":{"ar":"إل كانيو","br":"El Caño","de":"El Caño","es":"El Caño","fa":"ال کانو","fr":"Le Caño","hi":"एल कानो","hr":"El Caño","it":"El Caño","ja":"エル・カノ","ko":"엘 카뇨","nl":"El Caño","pl":"El Caño","pt":"El Caño","pt-BR":"El Caño","ru":"Эль Каньо","tr":"El Caño","uk":"Ель-Каньо","zh-CN":"埃尔卡诺"},"wikiDataId":"Q2216393"},{"id":80159,"name":"El Chirú","state_id":1387,"state_code":"2","state_name":"Coclé","country_id":170,"country_code":"PA","country_name":"Panama","latitude":"8.39876000","longitude":"-80.18721000","native":"El Chirú","type":"adm3","level":null,"parent_id":null,"population":531,"timezone":"America/Panama","translations":{"ar":"إل تشيرو","br":"El Chirú","de":"El Chirú","es":"El Chirú","fa":"ال چیرو","fr":"Le Chirú","hi":"एल चिरु","hr":"El Chirú","it":"El Chirú","ja":"エル・チル","ko":"엘 치루","nl":"El Chirú","pl":"El Chirú","pt":"El Chirú","pt-BR":"El Chirú","ru":"Эль Чиру","tr":"El Chirú","uk":"Ель-Чіру","zh-CN":"埃尔奇鲁"},"wikiDataId":"Q2216393"},{"id":80165,"name":"El Copé","state_id":1387,"state_code":"2","state_name":"Coclé","country_id":170,"country_code":"PA","country_name":"Panama","latitude":"8.62036000","longitude":"-80.58433000","native":"El Copé","type":"city","level":null,"parent_id":null,"population":1176,"timezone":"America/Panama","translations":{"ar":"إل كوبيه","br":"El Copé","de":"El Copé","es":"El Copé","fa":"ال کوپه","fr":"El Copé","hi":"एल कोपे","hr":"El Copé","it":"El Copé","ja":"エル・コペ","ko":"엘 코페","nl":"El Copé","pl":"El Copé","pt":"El Copé","pt-BR":"El Copé","ru":"Эль Копе","tr":"El Copé","uk":"Ель Копе","zh-CN":"埃尔科佩"},"wikiDataId":"Q2216393"},{"id":80166,"name":"El Cortezo","state_id":1387,"state_code":"2","state_name":"Coclé","country_id":170,"country_code":"PA","country_name":"Panama","latitude":"8.34556000","longitude":"-80.58721000","native":"El Cortezo","type":"city","level":null,"parent_id":null,"population":1157,"timezone":"America/Panama","translations":{"ar":"إل كورتيزو","br":"El Cortezo","de":"El Cortezo","es":"El Cortezo","fa":"ال کورتزو","fr":"Le Cortezo","hi":"एल कॉर्टेज़ो","hr":"El Cortezo","it":"El Cortezo","ja":"エル・コルテソ","ko":"엘 코르테소","nl":"El Cortezo","pl":"El Cortezo","pt":"El Cortezo","pt-BR":"El Cortezo","ru":"Эль Кортесо","tr":"El Cortezo","uk":"Ель Кортесо","zh-CN":"埃尔科尔特索"},"wikiDataId":"Q2216393"},{"id":80168,"name":"El Cristo","state_id":1387,"state_code":"2","state_name":"Coclé","country_id":170,"country_code":"PA","country_name":"Panama","latitude":"8.25071000","longitude":"-80.62093000","native":"El Cristo","type":"adm3","level":null,"parent_id":null,"population":989,"timezone":"America/Panama","translations":{"ar":"إل كريستو","br":"El Cristo","de":"El Cristo","es":"El Cristo","fa":"ال کریستو","fr":"Le Christ","hi":"एल क्रिस्टो","hr":"El Cristo","it":"El Cristo","ja":"エル・クリスト","ko":"엘 크리스토","nl":"El Cristo","pl":"Chrystus","pt":"O Cristo","pt-BR":"O Cristo","ru":"Эль Кристо","tr":"El Mesih","uk":"Ель-Крісто","zh-CN":"埃尔克里斯托"},"wikiDataId":"Q2216393"},{"id":80198,"name":"El Retiro","state_id":1387,"state_code":"2","state_name":"Coclé","country_id":170,"country_code":"PA","country_name":"Panama","latitude":"8.48014000","longitude":"-80.15426000","native":"El Retiro","type":"adm3","level":null,"parent_id":null,"population":450,"timezone":"America/Panama","translations":{"ar":"إل ريتيرو","br":"El Retiro","de":"El Retiro","es":"El Retiro","fa":"ال رتیرو","fr":"Le Retiro","hi":"एल रेटिरो","hr":"El Retiro","it":"Il Ritiro","ja":"エル・レティーロ","ko":"엘 레티로","nl":"Het Retiro","pl":"El Retiro","pt":"O Retiro","pt-BR":"O Retiro","ru":"Эль-Ретиро","tr":"El Retiro","uk":"Ель-Ретіро","zh-CN":"丽池公园"},"wikiDataId":"Q1018577"},{"id":80201,"name":"El Roble","state_id":1387,"state_code":"2","state_name":"Coclé","country_id":170,"country_code":"PA","country_name":"Panama","latitude":"8.16850000","longitude":"-80.65897000","native":"El Roble","type":"adm3","level":null,"parent_id":null,"population":1648,"timezone":"America/Panama","translations":{"ar":"الروبل","br":"El Roble","de":"El Roble","es":"El Roble","fa":"ال روبل","fr":"Le Roble","hi":"एल रोबल","hr":"El Roble","it":"El Roble","ja":"エル・ロブレ","ko":"엘 로블레","nl":"El Roble","pl":"El Roble","pt":"O Roble","pt-BR":"O Roble","ru":"Эль Робле","tr":"El Roble","uk":"Ель-Робле","zh-CN":"埃尔罗布莱"},"wikiDataId":"Q1018577"},{"id":80207,"name":"Entradero","state_id":1387,"state_code":"2","state_name":"Coclé","country_id":170,"country_code":"PA","country_name":"Panama","latitude":"8.56880000","longitude":"-80.20743000","native":"Entradero","type":"city","level":null,"parent_id":null,"population":1049,"timezone":"America/Panama","translations":{"ar":"إنتراديرو","br":"Entradero","de":"Eingang","es":"Entrada","fa":"انترادرو","fr":"Entradero","hi":"एंट्राडेरो","hr":"Entradero","it":"Entradero","ja":"エントラデロ","ko":"엔트라데로","nl":"Entradero","pl":"Wchodzić","pt":"Entradero","pt-BR":"Entradero","ru":"Энтрадеро","tr":"Giriş","uk":"Ентрадеро","zh-CN":"恩特拉德罗"},"wikiDataId":"Q5352312"},{"id":80209,"name":"Farallón","state_id":1387,"state_code":"2","state_name":"Coclé","country_id":170,"country_code":"PA","country_name":"Panama","latitude":"8.35658000","longitude":"-80.13723000","native":"Farallón","type":"city","level":null,"parent_id":null,"population":1967,"timezone":"America/Panama","translations":{"ar":"فارالون","br":"Farallón","de":"Farallón","es":"Farallón","fa":"فارالون","fr":"Farallón","hi":"फ़रालोन","hr":"Farallón","it":"Farallón","ja":"ファラロン","ko":"파랄론","nl":"Farallón","pl":"Farallón","pt":"Farallón","pt-BR":"Farallón","ru":"Фаральон","tr":"Farallón","uk":"Фаральон","zh-CN":"法拉隆"},"wikiDataId":"Q5352312"},{"id":80228,"name":"Guzman","state_id":1387,"state_code":"2","state_name":"Coclé","country_id":170,"country_code":"PA","country_name":"Panama","latitude":"8.51969000","longitude":"-80.58405000","native":"Guzmán","type":"adm3","level":null,"parent_id":null,"population":228,"timezone":"America/Panama","translations":{"ar":"جوزمان","br":"Guzman","de":"Guzman","es":"Guzmán","fa":"گوزمن","fr":"Guzman","hi":"गुज़मान","hr":"Guzmán","it":"Guzmán","ja":"グスマン","ko":"구즈만","nl":"Guzman","pl":"Guzman","pt":"Guzmán","pt-BR":"Guzmán","ru":"Гусман","tr":"Guzman","uk":"Гусман","zh-CN":"古兹曼"},"wikiDataId":"Q2437057"},{"id":80275,"name":"La Pintada","state_id":1387,"state_code":"2","state_name":"Coclé","country_id":170,"country_code":"PA","country_name":"Panama","latitude":"8.59299000","longitude":"-80.44349000","native":"La Pintada","type":"adm2","level":null,"parent_id":null,"population":1917,"timezone":"America/Panama","translations":{"ar":"لا بينتادا","br":"La Pintada","de":"La Pintada","es":"La Pintada","fa":"لا پینتادا","fr":"La Pintada","hi":"ला पिंटाडा","hr":"La Pintada","it":"La Pintada","ja":"ラ・ピンターダ","ko":"라 핀타다","nl":"La Pintada","pl":"La Pintada","pt":"La Pintada","pt-BR":"La Pintada","ru":"Ла Пинтада","tr":"La Pintada","uk":"Ла Пінтада","zh-CN":"拉·平塔达"},"wikiDataId":"Q10315061"},{"id":80293,"name":"Las Huacas del Quije","state_id":1387,"state_code":"2","state_name":"Coclé","country_id":170,"country_code":"PA","country_name":"Panama","latitude":"8.46702000","longitude":"-80.75089000","native":"Las Huacas del Quije","type":"adm3","level":null,"parent_id":null,"population":451,"timezone":"America/Panama","translations":{"ar":"لاس هواكاس ديل كويجي","br":"Las Huacas del Quije","de":"Las Huacas del Quije","es":"Las Huacas del Quije","fa":"لاس اواکاس دل کیخه","fr":"Les Huacas del Quije","hi":"लास हुआकास डेल क्विजे","hr":"Las Huacas del Quije","it":"Las Huacas del Quije","ja":"ラス ワカス デル キヘ","ko":"라스 우아카스 델 키헤","nl":"Las Huacas del Quije","pl":"Las Huacas del Quije","pt":"Las Huacas del Quije","pt-BR":"Las Huacas del Quije","ru":"Лас-Уакас-дель-Кихе","tr":"Las Huacas del Quije","uk":"Лас-Уакас-дель-Кіхе","zh-CN":"拉斯瓦卡斯德尔基耶"},"wikiDataId":"Q3916792"},{"id":80299,"name":"Las Marias","state_id":1387,"state_code":"2","state_name":"Coclé","country_id":170,"country_code":"PA","country_name":"Panama","latitude":"8.88809000","longitude":"-80.21893000","native":"Las Marias","type":"adm3","level":null,"parent_id":null,"population":71,"timezone":"America/Panama","translations":{"ar":"لاس مارياس","br":"Las Marias","de":"Las Marias","es":"Las Marías","fa":"لاس ماریاس","fr":"Las Marias","hi":"लास मारियास","hr":"Las Marias","it":"Las Marias","ja":"ラス・マリアス","ko":"라스 마리아스","nl":"Las Marias","pl":"Las Marias","pt":"Las Marias","pt-BR":"Las Marias","ru":"Лас-Мариас","tr":"Las Marias","uk":"Лас-Маріас","zh-CN":"拉斯玛丽亚斯"},"wikiDataId":"Q3916792"},{"id":80300,"name":"Las Minas","state_id":1387,"state_code":"2","state_name":"Coclé","country_id":170,"country_code":"PA","country_name":"Panama","latitude":"8.64118000","longitude":"-80.39432000","native":"Las Minas","type":"adm3","level":null,"parent_id":null,"population":548,"timezone":"America/Panama","translations":{"ar":"لاس ميناس","br":"Las Minas","de":"Las Minas","es":"Las Minas","fa":"لاس میناس","fr":"Las Minas","hi":"लास मिनास","hr":"Las Minas","it":"Las Minas","ja":"ラス・ミナス","ko":"라스 미나스","nl":"Las Minas","pl":"Las Minas","pt":"Las Minas","pt-BR":"Las Minas","ru":"Лас Минас","tr":"Las Minas","uk":"Лас-Мінас","zh-CN":"拉斯米纳斯"},"wikiDataId":"Q3916792"},{"id":80305,"name":"Las Sabanas","state_id":1387,"state_code":"2","state_name":"Coclé","country_id":170,"country_code":"PA","country_name":"Panama","latitude":"8.58141000","longitude":"-80.67978000","native":"Las Sabanas","type":"adm3","level":null,"parent_id":null,"population":88,"timezone":"America/Panama","translations":{"ar":"لاس ساباناس","br":"Las Sabanas","de":"Las Sabanas","es":"Las Sabanas","fa":"لاس ساباناس","fr":"Las Sabanas","hi":"लास सबानास","hr":"Las Sabanas","it":"Las Sabanas","ja":"ラス・サバナス","ko":"라스 사바나스","nl":"Las Sabanas","pl":"Las Sabanas","pt":"Las Sabanas","pt-BR":"Las Sabanas","ru":"Лас-Сабанас","tr":"Las Sabanas","uk":"Лас-Сабанас","zh-CN":"拉斯萨巴纳斯"},"wikiDataId":"Q3916792"},{"id":80315,"name":"Llano Grande","state_id":1387,"state_code":"2","state_name":"Coclé","country_id":170,"country_code":"PA","country_name":"Panama","latitude":"8.63817000","longitude":"-80.43848000","native":"Llano Grande","type":"adm3","level":null,"parent_id":null,"population":438,"timezone":"America/Panama","translations":{"ar":"لانو غراندي","br":"Llano Grande","de":"Llano Grande","es":"Llano Grande","fa":"لانو گرانده","fr":"Llano Grande","hi":"लानो ग्रांडे","hr":"Llano Grande","it":"Llano Grande","ja":"リャノグランデ","ko":"라노 그란데","nl":"Llano Grande","pl":"Llano Grande","pt":"Llano Grande","pt-BR":"Llano Grande","ru":"Льяно-Гранде","tr":"Llano Grande","uk":"Льяно-Гранде","zh-CN":"大利亚诺"},"wikiDataId":"Q2712890"},{"id":80320,"name":"Llano Marín","state_id":1387,"state_code":"2","state_name":"Coclé","country_id":170,"country_code":"PA","country_name":"Panama","latitude":"8.47696000","longitude":"-80.32499000","native":"Llano Marín","type":"city","level":null,"parent_id":null,"population":1757,"timezone":"America/Panama","translations":{"ar":"يانو مارين","br":"Llano Marín","de":"Llano Marín","es":"Llano Marín","fa":"لانو مارین","fr":"Llano Marín","hi":"लानो मारिन","hr":"Llano Marín","it":"Llano Marín","ja":"リャノ・マリン","ko":"라노 마린","nl":"Llano Marín","pl":"Llano Marín","pt":"Llano Marín","pt-BR":"Llano Marín","ru":"Льяно Марин","tr":"Llano Marín","uk":"Льяно Марін","zh-CN":"亚诺马林"},"wikiDataId":"Q2712890"},{"id":80340,"name":"Los Pollos","state_id":1387,"state_code":"2","state_name":"Coclé","country_id":170,"country_code":"PA","country_name":"Panama","latitude":"8.39898000","longitude":"-80.15731000","native":"Los Pollos","type":"city","level":null,"parent_id":null,"population":1419,"timezone":"America/Panama","translations":{"ar":"لوس بولوس","br":"Los Pollos","de":"Los Pollos","es":"Los Pollos","fa":"لوس پولوس","fr":"Les Pollos","hi":"लॉस पोलोस","hr":"Los Pollos","it":"Los Pollos","ja":"ロス・ポジョス","ko":"로스 폴로스","nl":"Los Pollos","pl":"Los Pollos","pt":"Os Pollos","pt-BR":"Os Pollos","ru":"Лос Поллос","tr":"Los Pollos","uk":"Лос-Польос","zh-CN":"洛斯波洛斯"},"wikiDataId":"Q2712890"},{"id":80366,"name":"Natá","state_id":1387,"state_code":"2","state_name":"Coclé","country_id":170,"country_code":"PA","country_name":"Panama","latitude":"8.33209000","longitude":"-80.51969000","native":"Crema","type":"adm2","level":null,"parent_id":null,"population":5470,"timezone":"America/Panama","translations":{"ar":"ناتا","br":"Natá","de":"Natá","es":"Natá","fa":"ناتا","fr":"Natá","hi":"Nata","hr":"Nata","it":"Natá","ja":"ナタ","ko":"나타","nl":"Natá","pl":"Natá","pt":"Natá","pt-BR":"Natá","ru":"Ната","tr":"Nata","uk":"Ната","zh-CN":"纳塔"},"wikiDataId":"Q3544851"},{"id":80370,"name":"Nuestro Amo","state_id":1387,"state_code":"2","state_name":"Coclé","country_id":170,"country_code":"PA","country_name":"Panama","latitude":"8.44485000","longitude":"-80.58934000","native":"Nuestro Amo","type":"adm3","level":null,"parent_id":null,"population":235,"timezone":"America/Panama","translations":{"ar":"حبنا","br":"Nuestro Amo","de":"Nuestro Amo","es":"Nuestro Amo","fa":"نوئسترو آمو","fr":"Notre amour","hi":"नुएस्ट्रो अमो","hr":"Naša ljubav","it":"Nuestro Amo","ja":"私たちの愛","ko":"Nuestro Amo","nl":"Onze liefde","pl":"Nasza miłość","pt":"Nosso Amor","pt-BR":"Nosso Amor","ru":"Нуэстро Амо","tr":"Bizim Aşkımız","uk":"Наша любов","zh-CN":"我们的爱"},"wikiDataId":"Q3544851"},{"id":80383,"name":"Olá","state_id":1387,"state_code":"2","state_name":"Coclé","country_id":170,"country_code":"PA","country_name":"Panama","latitude":"8.41807000","longitude":"-80.65123000","native":"Hola","type":"adm2","level":null,"parent_id":null,"population":384,"timezone":"America/Panama","translations":{"ar":"أولا","br":"Olá","de":"Olá","es":"Hola","fa":"اولا","fr":"Olá","hi":"ओला","hr":"Olá","it":"Olá","ja":"オラ","ko":"올라","nl":"Olá","pl":"Olá","pt":"Olá","pt-BR":"Olá","ru":"Ола","tr":"Olá","uk":"Ола","zh-CN":"奥拉"},"wikiDataId":"Q7068690"},{"id":80406,"name":"Penonomé","state_id":1387,"state_code":"2","state_name":"Coclé","country_id":170,"country_code":"PA","country_name":"Panama","latitude":"8.51889000","longitude":"-80.35727000","native":"Penonomé","type":"adm1","level":null,"parent_id":null,"population":16250,"timezone":"America/Panama","translations":{"ar":"بينونومي","br":"Penonomé","de":"Penonomé","es":"Penonomé","fa":"پنونومه","fr":"Penonomé","hi":"पेनोनोमे","hr":"Penonomé","it":"Penonomé","ja":"ペノノメ","ko":"페노노메","nl":"Penonomé","pl":"Penonomé","pt":"Penonomé","pt-BR":"Penonomé","ru":"Пенономе","tr":"Penonomé","uk":"Пенономе","zh-CN":"佩诺诺梅"},"wikiDataId":"Q654169"},{"id":80419,"name":"Pocrí","state_id":1387,"state_code":"2","state_name":"Coclé","country_id":170,"country_code":"PA","country_name":"Panama","latitude":"8.25814000","longitude":"-80.55000000","native":"Agujeros","type":"adm3","level":null,"parent_id":null,"population":12304,"timezone":"America/Panama","translations":{"ar":"بوكري","br":"Pocrí","de":"Pocrí","es":"Pocrí","fa":"پوچی","fr":"Pocrí","hi":"पोक्री","hr":"Pocrí","it":"Pocrí","ja":"ポクリ","ko":"포크리","nl":"Pocrí","pl":"Pocrí","pt":"Pocrí","pt-BR":"Pocrí","ru":"Покри","tr":"Pocri","uk":"Покрі","zh-CN":"波克里"},"wikiDataId":"Q654169"},{"id":80462,"name":"Río Hato","state_id":1387,"state_code":"2","state_name":"Coclé","country_id":170,"country_code":"PA","country_name":"Panama","latitude":"8.37940000","longitude":"-80.16621000","native":"Río Hato","type":"city","level":null,"parent_id":null,"population":5615,"timezone":"America/Panama","translations":{"ar":"ريو هاتو","br":"Río Hato","de":"Río Hato","es":"Río Hato","fa":"ریو هاتو","fr":"Rivière Hato","hi":"रियो हाटो","hr":"Río Hato","it":"Río Hato","ja":"リオ・ハト","ko":"리오 하토","nl":"Río Hato","pl":"Río Hato","pt":"Rio Hato","pt-BR":"Rio Hato","ru":"Рио-Ато","tr":"Rio Hato","uk":"Ріо-Ато","zh-CN":"里奥阿托"},"wikiDataId":"Q6115163"},{"id":80486,"name":"San Juan de Dios","state_id":1387,"state_code":"2","state_name":"Coclé","country_id":170,"country_code":"PA","country_name":"Panama","latitude":"8.55119000","longitude":"-80.22623000","native":"San Juan de Dios","type":"adm3","level":null,"parent_id":null,"population":400,"timezone":"America/Panama","translations":{"ar":"سان خوان دي ديوس","br":"San Juan de Dios","de":"San Juan de Dios","es":"San Juan de Dios","fa":"سن خوان د دیوس","fr":"Saint Jean de Dieu","hi":"सैन जुआन डे डिओस","hr":"San Juan de Dios","it":"San Juan de Dios","ja":"サン・ファン・デ・ディオス","ko":"산 후안 데 디오스","nl":"San Juan de Dios","pl":"San Juan de Dios","pt":"São João de Deus","pt-BR":"São João de Deus","ru":"Сан-Хуан-де-Диос","tr":"San Juan de Dios","uk":"Сан-Хуан-де-Діос","zh-CN":"圣胡安德迪奥斯"},"wikiDataId":"Q7386411"},{"id":80522,"name":"Toabré","state_id":1387,"state_code":"2","state_name":"Coclé","country_id":170,"country_code":"PA","country_name":"Panama","latitude":"8.65131000","longitude":"-80.32017000","native":"Toabré","type":"adm3","level":null,"parent_id":null,"population":603,"timezone":"America/Panama","translations":{"ar":"توابري","br":"Toabré","de":"Toabré","es":"Toabré","fa":"توبره","fr":"Toabré","hi":"टोब्रे","hr":"Toabré","it":"Toabré","ja":"トアブレ","ko":"토아브레","nl":"Toabré","pl":"Toabré","pt":"Toabré","pt-BR":"Toabré","ru":"Тоабре","tr":"Toabré","uk":"Тоабре","zh-CN":"托阿布雷"},"wikiDataId":"Q685509"},{"id":80528,"name":"Toza","state_id":1387,"state_code":"2","state_name":"Coclé","country_id":170,"country_code":"PA","country_name":"Panama","latitude":"8.34542000","longitude":"-80.64012000","native":"Limpio","type":"adm3","level":null,"parent_id":null,"population":253,"timezone":"America/Panama","translations":{"ar":"توزا","br":"Toza","de":"Toza","es":"Toza","fa":"توزا","fr":"Toza","hi":"टोज़ा","hr":"Toza","it":"Toza","ja":"トザ","ko":"토자","nl":"Toza","pl":"Toza","pt":"Toza","pt-BR":"Toza","ru":"Тоза","tr":"Toza","uk":"Тоза","zh-CN":"托扎"},"wikiDataId":"Q186116"}]