[{"id":79954,"name":"Achutupo","state_id":1388,"state_code":"KY","state_name":"Guna","country_id":170,"country_code":"PA","country_name":"Panama","latitude":"9.19827000","longitude":"-77.98729000","native":"Achutupo","type":"city","level":null,"parent_id":null,"population":1753,"timezone":"America/Panama","translations":{"ar":"أتشوتوبو","br":"Achutupo","de":"Achutupo","es":"Achutupo","fa":"آچوتوپو","fr":"Achutupo","hi":"अचुतुपो","hr":"Achutupo","it":"Achutupo","ja":"アチュトゥポ","ko":"아추투포","nl":"Achutupo","pl":"Achutupo","pt":"Achutupo","pt-BR":"Achutupo","ru":"Ачутупо","tr":"Achutupo","uk":"Ачутупо","zh-CN":"阿楚图波"},"wikiDataId":"Q1956983"},{"id":79958,"name":"Ailigandí","state_id":1388,"state_code":"KY","state_name":"Guna","country_id":170,"country_code":"PA","country_name":"Panama","latitude":"9.22810000","longitude":"-78.02778000","native":"Alexandí","type":"city","level":null,"parent_id":null,"population":1652,"timezone":"America/Panama","translations":{"ar":"أيليجاندي","br":"Ailigandí","de":"Ailigandí","es":"Ailigandí","fa":"آیلیگاندی","fr":"Ailigandí","hi":"ऐलिगंडी","hr":"Ailigandí","it":"Ailigandí","ja":"アイリガンディ","ko":"아이리간디","nl":"Ailigandí","pl":"Ailigandi","pt":"Ailigandí","pt-BR":"Ailigandí","ru":"Айлиганди","tr":"Ailigandi","uk":"Айліганді","zh-CN":"艾利甘迪"},"wikiDataId":"Q1956983"},{"id":80034,"name":"Cartí Sugdup","state_id":1388,"state_code":"KY","state_name":"Guna","country_id":170,"country_code":"PA","country_name":"Panama","latitude":"9.46460000","longitude":"-78.95931000","native":"Cartí Sugdup","type":"city","level":null,"parent_id":null,"population":1050,"timezone":"America/Panama","translations":{"ar":"Cartí Sugdup","br":"Cartí Sugdup","de":"Cartí Sugdup","es":"Cartí Sugdup","fa":"کارتی سوگدوپ","fr":"Cartí Sugdup","hi":"Cartí Sugdup","hr":"Cartí Sugdup","it":"Cartí Sugdup","ja":"カルティ・スグドゥプ","ko":"카르티 수그둡","nl":"Cartí Sugdup","pl":"Cartí Sugdup","pt":"Cartí Sugdup","pt-BR":"Cartí Sugdup","ru":"Cartí Sugdup","tr":"Cartí Sugdup","uk":"Карті Сугдуп","zh-CN":"卡蒂·苏格杜普"},"wikiDataId":"Q804144"},{"id":80363,"name":"Mulatupo","state_id":1388,"state_code":"KY","state_name":"Guna","country_id":170,"country_code":"PA","country_name":"Panama","latitude":"8.94672000","longitude":"-77.75080000","native":"Molarpe","type":"city","level":null,"parent_id":null,"population":1303,"timezone":"America/Panama","translations":{"ar":"مولاتوبو","br":"Mulatupo","de":"Mulatupo","es":"Mulatupo","fa":"مولاتوپو","fr":"Mulatupo","hi":"मुलातुपो","hr":"Mulatupo","it":"Mulatupo","ja":"ムラトゥポ","ko":"물라투포","nl":"Mulatupo","pl":"Mulatupo","pt":"Mulatupo","pt-BR":"Mulatupo","ru":"Мулатупо","tr":"Melez","uk":"Мулатупо","zh-CN":"穆拉图波"},"wikiDataId":"Q14225928"},{"id":80365,"name":"Narganá","state_id":1388,"state_code":"KY","state_name":"Guna","country_id":170,"country_code":"PA","country_name":"Panama","latitude":"9.44394000","longitude":"-78.58666000","native":"Nargana","type":"city","level":null,"parent_id":null,"population":1090,"timezone":"America/Panama","translations":{"ar":"نارغانا","br":"Narganá","de":"Narganá","es":"Narganá","fa":"نارگانا","fr":"Narganá","hi":"नारगाना","hr":"Narganá","it":"Nargana","ja":"ナルガナ","ko":"나르가나","nl":"Narganá","pl":"Narganá","pt":"Narganá","pt-BR":"Narganá","ru":"Наргана","tr":"Narganá","uk":"Наргана","zh-CN":"纳尔加纳"},"wikiDataId":"Q14225928"},{"id":80417,"name":"Playón Chico","state_id":1388,"state_code":"KY","state_name":"Guna","country_id":170,"country_code":"PA","country_name":"Panama","latitude":"9.31128000","longitude":"-78.23270000","native":"Playón Chico","type":"city","level":null,"parent_id":null,"population":2042,"timezone":"America/Panama","translations":{"ar":"بلايون تشيكو","br":"Playón Chico","de":"Playón Chico","es":"Playón Chico","fa":"پلیون چیکو","fr":"Playón Chico","hi":"प्लेयोन चिको","hr":"Playón Chico","it":"Playón Chico","ja":"プラヨン・チコ","ko":"플라욘 치코","nl":"Playón Chico","pl":"Playón Chico","pt":"Playón Chico","pt-BR":"Playón Chico","ru":"Playón Chico","tr":"Playón Chico","uk":"Плайон-Чіко","zh-CN":"普莱翁·奇科"},"wikiDataId":"Q654169"},{"id":80434,"name":"Puerto Obaldía","state_id":1388,"state_code":"KY","state_name":"Guna","country_id":170,"country_code":"PA","country_name":"Panama","latitude":"8.66632000","longitude":"-77.41922000","native":"Puerto Obaldía","type":"adm3","level":null,"parent_id":null,"population":533,"timezone":"America/Panama","translations":{"ar":"بويرتو أوبالديا","br":"Puerto Obaldía","de":"Puerto Obaldía","es":"Puerto Obaldía","fa":"پورتو اوبالدیا","fr":"Puerto Obaldía","hi":"प्यूर्टो ओबाल्डिया","hr":"Puerto Obaldía","it":"Porto Obaldía","ja":"プエルト・オバルディア","ko":"푸에르토 오발디아","nl":"Puerto Obaldía","pl":"Puerto Obaldía","pt":"Puerto Obaldía","pt-BR":"Puerto Obaldía","ru":"Пуэрто-Обалдиа","tr":"Puerto Obaldía","uk":"Пуерто-Обальдія","zh-CN":"奥巴尔迪亚港"},"wikiDataId":"Q3130855"},{"id":80479,"name":"San Ignacio de Tupile","state_id":1388,"state_code":"KY","state_name":"Guna","country_id":170,"country_code":"PA","country_name":"Panama","latitude":"9.28905000","longitude":"-78.15206000","native":"San Ignacio de Tupile","type":"city","level":null,"parent_id":null,"population":1429,"timezone":"America/Panama","translations":{"ar":"سان إغناسيو دي توبيلي","br":"San Ignacio de Tupile","de":"San Ignacio de Tupile","es":"San Ignacio de Tupile","fa":"سن ایگناسیو د توپیل","fr":"Saint Ignace de Tupile","hi":"सैन इग्नासियो डे टुपाइल","hr":"San Ignacio de Tupile","it":"San Ignacio de Tupile","ja":"サン・イグナシオ・デ・トゥピレ","ko":"산 이그나시오 데 투필레","nl":"San Ignacio de Tupile","pl":"San Ignacio de Tupile","pt":"Santo Inácio de Tupile","pt-BR":"Santo Inácio de Tupile","ru":"Сан-Игнасио-де-Тупиле","tr":"San Ignacio de Tupile","uk":"Сан-Ігнасіо-де-Тупіле","zh-CN":"圣伊格纳西奥·德·图皮莱"},"wikiDataId":"Q7386411"},{"id":80530,"name":"Tubualá","state_id":1388,"state_code":"KY","state_name":"Guna","country_id":170,"country_code":"PA","country_name":"Panama","latitude":"9.51667000","longitude":"-79.03333000","native":"Pata","type":"city","level":null,"parent_id":null,"population":1061,"timezone":"America/Panama","translations":{"ar":"توبوالا","br":"Tubualá","de":"Tubualá","es":"Tubualá","fa":"توبوآلا","fr":"Tubualá","hi":"ट्यूबुआला","hr":"Tubualá","it":"Tubualá","ja":"トゥブアラ","ko":"투부알라","nl":"Tubualá","pl":"Tubualá","pt":"Tubualá","pt-BR":"Tubualá","ru":"Тубуала","tr":"Tubualá","uk":"Тубуала","zh-CN":"图布阿拉"},"wikiDataId":"Q186116"},{"id":80534,"name":"Ustupo","state_id":1388,"state_code":"KY","state_name":"Guna","country_id":170,"country_code":"PA","country_name":"Panama","latitude":"9.13112000","longitude":"-77.92620000","native":"Liberar","type":"city","level":null,"parent_id":null,"population":2514,"timezone":"America/Panama","translations":{"ar":"أوستوبو","br":"Ustupo","de":"Ustupo","es":"Ústupo","fa":"اوستوپو","fr":"Ustupo","hi":"उस्तुपो","hr":"Ustupo","it":"Ustupo","ja":"ウストゥポ","ko":"우스투포","nl":"Ustupo","pl":"Ustupo","pt":"Ustupo","pt-BR":"Ustupo","ru":"Уступо","tr":"Ustupo","uk":"Уступо","zh-CN":"乌斯图波"},"wikiDataId":"Q3254645"}]