[{"id":79977,"name":"Bahía Azul","state_id":1391,"state_code":"NB","state_name":"Ngöbe-Buglé Comarca","country_id":170,"country_code":"PA","country_name":"Panama","latitude":"9.14176000","longitude":"-81.89425000","native":"Bahía Azul","type":"adm3","level":null,"parent_id":null,"population":379,"timezone":"America/Panama","translations":{"ar":"باهيا أزول","br":"Bahía Azul","de":"Bahía Azul","es":"Bahía Azul","fa":"باهیا آزول","fr":"Bahía Azul","hi":"बाहिया अज़ुल","hr":"Bahía Azul","it":"Bahía Azul","ja":"バイア・アスール","ko":"바이아 아줄","nl":"Bahía Azul","pl":"Bahía Azul","pt":"Baía Azul","pt-BR":"Baía Azul","ru":"Баия-Асуль","tr":"Bahía Azul","uk":"Баїя-Азул","zh-CN":"蓝湾"},"wikiDataId":"Q1956983"},{"id":79991,"name":"Besiko","state_id":1391,"state_code":"NB","state_name":"Ngöbe-Buglé Comarca","country_id":170,"country_code":"PA","country_name":"Panama","latitude":"8.54863000","longitude":"-82.08980000","native":"La costumbre","type":"adm2","level":null,"parent_id":null,"population":null,"timezone":"America/Panama","translations":{"ar":"بيسيكو","br":"Besiko","de":"Besiko","es":"Besiko","fa":"بسیکو","fr":"Besiko","hi":"बेसिको","hr":"Besiko","it":"Besiko","ja":"ベシコ","ko":"베시코","nl":"Besiko","pl":"Besiko","pt":"Besiko","pt-BR":"Besiko","ru":"Бесико","tr":"Beşiko","uk":"Бесіко","zh-CN":"贝西科"},"wikiDataId":"Q1956983"},{"id":79993,"name":"Bisira","state_id":1391,"state_code":"NB","state_name":"Ngöbe-Buglé Comarca","country_id":170,"country_code":"PA","country_name":"Panama","latitude":"8.89553000","longitude":"-81.85352000","native":"Bisira","type":"adm2","level":null,"parent_id":null,"population":1383,"timezone":"America/Panama","translations":{"ar":"بصيرة","br":"Bisira","de":"Bisira","es":"Bisira","fa":"بیصیرا","fr":"Bisira","hi":"बिसिरा","hr":"Bisira","it":"Bisira","ja":"ビシラ","ko":"비시라","nl":"Bisira","pl":"Bisira","pt":"Bisira","pt-BR":"Bisira","ru":"Бисира","tr":"Bisira","uk":"Бісіра","zh-CN":"比西拉"},"wikiDataId":"Q1956983"},{"id":79996,"name":"Boca de Balsa","state_id":1391,"state_code":"NB","state_name":"Ngöbe-Buglé Comarca","country_id":170,"country_code":"PA","country_name":"Panama","latitude":"8.52995000","longitude":"-82.03132000","native":"Boca de Balsa","type":"adm3","level":null,"parent_id":null,"population":304,"timezone":"America/Panama","translations":{"ar":"بوكا دي بالسا","br":"Boca de Balsa","de":"Boca de Balsa","es":"Boca de Balsa","fa":"بوکا د بالسا","fr":"Boca de Balsa","hi":"बोका डे बाल्सा","hr":"Boca de Balsa","it":"Boca de Balsa","ja":"ボカ・デ・バルサ","ko":"보카 데 발사","nl":"Boca de Balsa","pl":"Boca de Balsa","pt":"Boca de Balsa","pt-BR":"Boca de Balsa","ru":"Бока-де-Бальса","tr":"Boca de Balsa","uk":"Бока-де-Бальса","zh-CN":"博卡德巴尔萨"},"wikiDataId":"Q1956983"},{"id":80008,"name":"Buenos Aires","state_id":1391,"state_code":"NB","state_name":"Ngöbe-Buglé Comarca","country_id":170,"country_code":"PA","country_name":"Panama","latitude":"8.41384000","longitude":"-81.48440000","native":"Buenos Aires","type":"adm2","level":null,"parent_id":null,"population":400,"timezone":"America/Panama","translations":{"ar":"بوينس آيرس","br":"Buenos Aires","de":"Buenos Aires","es":"Buenos Aires","fa":"بوئنوس آیرس","fr":"Buenos Aires","hi":"ब्यूनस आयर्स","hr":"Buenos Aires","it":"Buenos Aires","ja":"ブエノスアイレス","ko":"부에노스 아이레스","nl":"Buenos Aires","pl":"Buenos Aires","pt":"Buenos Aires","pt-BR":"Buenos Aires","ru":"Буэнос-Айрес","tr":"Buenos Aires","uk":"Буенос-Айрес","zh-CN":"布宜诺斯艾利斯"},"wikiDataId":"Q804144"},{"id":80028,"name":"Camarón Arriba","state_id":1391,"state_code":"NB","state_name":"Ngöbe-Buglé Comarca","country_id":170,"country_code":"PA","country_name":"Panama","latitude":"8.38324000","longitude":"-81.99345000","native":"Camarón Arriba","type":"adm3","level":null,"parent_id":null,"population":515,"timezone":"America/Panama","translations":{"ar":"كامارون أريبا","br":"Camarón Arriba","de":"Camarón Arriba","es":"Camarón Arriba","fa":"کامارون آریبا","fr":"Camarón Arriba","hi":"कैमरोन अरीबा","hr":"Camarón Arriba","it":"Camarón Arriba","ja":"カマロン・アリバ","ko":"카마론 아리바","nl":"Camarón Arriba","pl":"Camarón Arriba","pt":"Camarón Arriba","pt-BR":"Camarón Arriba","ru":"Камарон Арриба","tr":"Camarón Arriba","uk":"Камарон Арріба","zh-CN":"卡马龙·阿里巴"},"wikiDataId":"Q804144"},{"id":80046,"name":"Cerro Banco","state_id":1391,"state_code":"NB","state_name":"Ngöbe-Buglé Comarca","country_id":170,"country_code":"PA","country_name":"Panama","latitude":"8.45797000","longitude":"-82.03081000","native":"Cerro Banco","type":"adm3","level":null,"parent_id":null,"population":487,"timezone":"America/Panama","translations":{"ar":"سيرو بانكو","br":"Cerro Banco","de":"Cerro Banco","es":"Cerro Banco","fa":"سرو بانکو","fr":"Cerro Banco","hi":"सेरो बैंको","hr":"Cerro Banco","it":"Cerro Banco","ja":"セロ・バンコ","ko":"세로 방코","nl":"Cerro Banco","pl":"Cerro Banco","pt":"Cerro Banco","pt-BR":"Cerro Banco","ru":"Серро Банко","tr":"Cerro Banco","uk":"Серро Банко","zh-CN":"塞罗班科"},"wikiDataId":"Q804144"},{"id":80048,"name":"Cerro Caña","state_id":1391,"state_code":"NB","state_name":"Ngöbe-Buglé Comarca","country_id":170,"country_code":"PA","country_name":"Panama","latitude":"8.35174000","longitude":"-81.61050000","native":"Cerro Caña","type":"adm3","level":null,"parent_id":null,"population":319,"timezone":"America/Panama","translations":{"ar":"سيرو كانيا","br":"Cerro Caña","de":"Cerro Caña","es":"Cerro Caña","fa":"سرو کانیا","fr":"Cerro Caña","hi":"सेरो कैना","hr":"Cerro Caña","it":"Cerro Caña","ja":"セロ・カーニャ","ko":"세로 카냐","nl":"Cerro Caña","pl":"Cerro Caña","pt":"Cerro Caña","pt-BR":"Cerro Caña","ru":"Серро Канья","tr":"Cerro Caña","uk":"Серро-Канья","zh-CN":"塞罗卡尼亚"},"wikiDataId":"Q804144"},{"id":80050,"name":"Cerro Plata","state_id":1391,"state_code":"NB","state_name":"Ngöbe-Buglé Comarca","country_id":170,"country_code":"PA","country_name":"Panama","latitude":"8.47733000","longitude":"-81.54585000","native":"Cerro Plata","type":"adm3","level":null,"parent_id":null,"population":162,"timezone":"America/Panama","translations":{"ar":"سيرو بلاتا","br":"Cerro Plata","de":"Cerro Plata","es":"Cerro Plata","fa":"سرو پلاتا","fr":"Cerro Plata","hi":"सेरो प्लाटा","hr":"Cerro Plata","it":"Cerro Plata","ja":"セロプラタ","ko":"세로 플라타","nl":"Cerro Plata","pl":"Cerro Plata","pt":"Cerro Plata","pt-BR":"Cerro Plata","ru":"Серро Плата","tr":"Cerro Plata","uk":"Серро-Плата","zh-CN":"塞罗普拉塔"},"wikiDataId":"Q804144"},{"id":80057,"name":"Chichica","state_id":1391,"state_code":"NB","state_name":"Ngöbe-Buglé Comarca","country_id":170,"country_code":"PA","country_name":"Panama","latitude":"8.35885000","longitude":"-81.66582000","native":"Chichica","type":"adm2","level":null,"parent_id":null,"population":1026,"timezone":"America/Panama","translations":{"ar":"تشيتشيكا","br":"Chichica","de":"Chichica","es":"Chichica","fa":"چیچیکا","fr":"Chichica","hi":"चिचिका","hr":"Čičica","it":"Chichica","ja":"チチカ","ko":"치치카","nl":"Chicchica","pl":"Chichica","pt":"Chichica","pt-BR":"Chichica","ru":"Чичика","tr":"Çiçika","uk":"Чічіка","zh-CN":"奇奇卡"},"wikiDataId":"Q804144"},{"id":80230,"name":"Hato Chami","state_id":1391,"state_code":"NB","state_name":"Ngöbe-Buglé Comarca","country_id":170,"country_code":"PA","country_name":"Panama","latitude":"8.44281000","longitude":"-81.77196000","native":"Hato Chami","type":"adm2","level":null,"parent_id":null,"population":641,"timezone":"America/Panama","translations":{"ar":"هاتو شامي","br":"Hato Chami","de":"Hato Chami","es":"Hato Chami","fa":"هاتو چامی","fr":"Hato Chami","hi":"हातो चामी","hr":"Hato Chami","it":"Hato Chami","ja":"ハト・チャミ","ko":"하토 차미","nl":"Hato Chami","pl":"Hato Chami","pt":"Hato Chami","pt-BR":"Hato Chami","ru":"Хато Чами","tr":"Hato Chami","uk":"Хато Чамі","zh-CN":"哈托·查米"},"wikiDataId":"Q2437057"},{"id":80231,"name":"Hato Corotú","state_id":1391,"state_code":"NB","state_name":"Ngöbe-Buglé Comarca","country_id":170,"country_code":"PA","country_name":"Panama","latitude":"8.33516000","longitude":"-81.97030000","native":"Hato Corotú","type":"adm3","level":null,"parent_id":null,"population":303,"timezone":"America/Panama","translations":{"ar":"هاتو كوروتو","br":"Hato Corotú","de":"Hato Corotú","es":"Hato Corotú","fa":"هاتو کوروتو","fr":"Hato Corotú","hi":"हातो कोरोटू","hr":"Hato Corotú","it":"Hato Corotú","ja":"ハト・コロトゥ","ko":"하토 코로투","nl":"Hato Corotú","pl":"Hato Corotú","pt":"Hato Corotú","pt-BR":"Hato Corotú","ru":"Хато Короту","tr":"Hato Corotú","uk":"Ато Короту","zh-CN":"哈托·科罗图"},"wikiDataId":"Q2437057"},{"id":80239,"name":"Kankintú","state_id":1391,"state_code":"NB","state_name":"Ngöbe-Buglé Comarca","country_id":170,"country_code":"PA","country_name":"Panama","latitude":"8.89503000","longitude":"-81.85750000","native":"Tortura","type":"city","level":null,"parent_id":null,"population":1218,"timezone":"America/Panama","translations":{"ar":"كانكينتو","br":"Kankintú","de":"Kankintú","es":"Kankintú","fa":"کانکینتو","fr":"Kankintu","hi":"कांकिंटु","hr":"Kankintú","it":"Kankintú","ja":"カンキントゥ","ko":"칸킨투","nl":"Kankintú","pl":"Kankintú","pt":"Kankintú","pt-BR":"Kankintú","ru":"Канкинту","tr":"Kankintú","uk":"Канкінту","zh-CN":"坎金图"},"wikiDataId":"Q2437057"},{"id":80240,"name":"Kusapín","state_id":1391,"state_code":"NB","state_name":"Ngöbe-Buglé Comarca","country_id":170,"country_code":"PA","country_name":"Panama","latitude":"9.17119000","longitude":"-81.89621000","native":"Kusapín","type":"adm2","level":null,"parent_id":null,"population":1408,"timezone":"America/Panama","translations":{"ar":"كوسابين","br":"Kusapín","de":"Kusapín","es":"Kusapín","fa":"کوساپین","fr":"Kusapín","hi":"कुसापिन","hr":"Kusapín","it":"Kusapín","ja":"クサピン","ko":"쿠사핀","nl":"Kusapín","pl":"Kusapín","pt":"Kusapín","pt-BR":"Kusapín","ru":"Кусапин","tr":"Kusapín","uk":"Кусапін","zh-CN":"库萨平"},"wikiDataId":"Q751010"},{"id":80285,"name":"Lajero Arriba","state_id":1391,"state_code":"NB","state_name":"Ngöbe-Buglé Comarca","country_id":170,"country_code":"PA","country_name":"Panama","latitude":"8.29060000","longitude":"-81.77047000","native":"Lajero Arriba","type":"adm3","level":null,"parent_id":null,"population":617,"timezone":"America/Panama","translations":{"ar":"لاجيرو أريبا","br":"Lajero Arriba","de":"Lajero Arriba","es":"Lajero Arriba","fa":"لاخرو آریبا","fr":"Lajero Arriba","hi":"लाजेरो अरीबा","hr":"Lajero Arriba","it":"Lajero Arriba","ja":"ラジェロ・アリバ","ko":"라헤로 아리바","nl":"Lajero Arriba","pl":"Lajero Arriba","pt":"Lajero Arriba","pt-BR":"Lajero Arriba","ru":"Лахеро Арриба","tr":"Lajero Arriba","uk":"Лахеро Арріба","zh-CN":"拉赫罗·阿里巴"},"wikiDataId":"Q10315061"},{"id":80323,"name":"Llano Ñopo","state_id":1391,"state_code":"NB","state_name":"Ngöbe-Buglé Comarca","country_id":170,"country_code":"PA","country_name":"Panama","latitude":"8.41996000","longitude":"-81.61865000","native":"Llano Ñopo","type":"adm3","level":null,"parent_id":null,"population":289,"timezone":"America/Panama","translations":{"ar":"لانو نوبو","br":"Llano Ñopo","de":"Llano Ñopo","es":"Llano Ñopo","fa":"لانو نوپو","fr":"Llano Ñopo","hi":"लानो Ñopo","hr":"Llano Ñopo","it":"Llano Ñopo","ja":"リャノ・ニョポ","ko":"라노 노포","nl":"Llano Ñopo","pl":"Llano Ñopo","pt":"Llano Ñopo","pt-BR":"Llano Ñopo","ru":"Льяно-Нопо","tr":"Llano Ñopo","uk":"Льяно-Ньопо","zh-CN":"亚诺诺波"},"wikiDataId":"Q2712890"},{"id":80325,"name":"Loma Yuca","state_id":1391,"state_code":"NB","state_name":"Ngöbe-Buglé Comarca","country_id":170,"country_code":"PA","country_name":"Panama","latitude":"8.71817000","longitude":"-81.40492000","native":"Loma Yuca","type":"adm3","level":null,"parent_id":null,"population":17,"timezone":"America/Panama","translations":{"ar":"لوما يوكا","br":"Loma Yuca","de":"Loma Yuca","es":"Loma Yuca","fa":"لوما یوکا","fr":"Loma Yuca","hi":"लोमा युका","hr":"Loma Yuca","it":"Loma Yuca","ja":"ロマ・ユカ","ko":"로마 유카","nl":"Loma Yuca","pl":"Loma Yuca","pt":"Loma Yuca","pt-BR":"Loma Yuca","ru":"Лома Юка","tr":"Loma Yuca","uk":"Лома-Юка","zh-CN":"洛马尤卡"},"wikiDataId":"Q2712890"},{"id":80356,"name":"Mirono","state_id":1391,"state_code":"NB","state_name":"Ngöbe-Buglé Comarca","country_id":170,"country_code":"PA","country_name":"Panama","latitude":"8.40469000","longitude":"-81.83064000","native":"Mirreón","type":"adm2","level":null,"parent_id":null,"population":null,"timezone":"America/Panama","translations":{"ar":"ميرونو","br":"Mirono","de":"Mirono","es":"Mirono","fa":"میرونو","fr":"Mirono","hi":"मिरोनो","hr":"Mirono","it":"Mirono","ja":"ミロノ","ko":"미로노","nl":"Mirono","pl":"Mirono","pt":"Mirono","pt-BR":"Mirono","ru":"Мироно","tr":"Mirono","uk":"Міроно","zh-CN":"米罗诺"},"wikiDataId":"Q3711142"},{"id":80364,"name":"Müna","state_id":1391,"state_code":"NB","state_name":"Ngöbe-Buglé Comarca","country_id":170,"country_code":"PA","country_name":"Panama","latitude":"8.35035000","longitude":"-81.67219000","native":"Musa","type":"adm2","level":null,"parent_id":null,"population":1026,"timezone":"America/Panama","translations":{"ar":"مونا","br":"Müna","de":"Müna","es":"Müna","fa":"مونا","fr":"Muna","hi":"मुना","hr":"Müna","it":"Müna","ja":"ミュナ","ko":"무나","nl":"Müna","pl":"Müna","pt":"Muna","pt-BR":"Muna","ru":"Мюна","tr":"Müna","uk":"Муна","zh-CN":"穆纳"},"wikiDataId":"Q14225928"},{"id":80367,"name":"Nole Düima","state_id":1391,"state_code":"NB","state_name":"Ngöbe-Buglé Comarca","country_id":170,"country_code":"PA","country_name":"Panama","latitude":"8.32682000","longitude":"-81.81531000","native":"Nole düima","type":"adm3","level":null,"parent_id":null,"population":null,"timezone":"America/Panama","translations":{"ar":"نولي ديويما","br":"Nole Düima","de":"Nole Düima","es":"Nole Düima","fa":"نوله دویما","fr":"Nole Düima","hi":"नोले दुइमा","hr":"Nole Düima","it":"Nole Düima","ja":"ノレ・ドゥイマ","ko":"놀레 듀이마","nl":"Nole Düima","pl":"Nole Düima","pt":"Nole Düima","pt-BR":"Nole Düima","ru":"Nole Düima","tr":"Nole Düima","uk":"Ноле Дуйма","zh-CN":"诺莱·杜伊玛"},"wikiDataId":"Q3544851"},{"id":80381,"name":"Nurun","state_id":1391,"state_code":"NB","state_name":"Ngöbe-Buglé Comarca","country_id":170,"country_code":"PA","country_name":"Panama","latitude":"8.47815000","longitude":"-81.47015000","native":"más o menos","type":"adm3","level":null,"parent_id":null,"population":null,"timezone":"America/Panama","translations":{"ar":"نورون","br":"Nurun","de":"Nurun","es":"Nurun","fa":"نورون","fr":"Nurun","hi":"नूरुन","hr":"Nurun","it":"Nurun","ja":"ヌルン","ko":"누룬","nl":"Nurun","pl":"Nurun","pt":"Nurun","pt-BR":"Nurun","ru":"Нурун","tr":"Nurun","uk":"Нурун","zh-CN":"努伦"},"wikiDataId":"Q7068690"},{"id":80384,"name":"Oma","state_id":1391,"state_code":"NB","state_name":"Ngöbe-Buglé Comarca","country_id":170,"country_code":"PA","country_name":"Panama","latitude":"8.35019000","longitude":"-81.80177000","native":"Su","type":"adm3","level":null,"parent_id":null,"population":535,"timezone":"America/Panama","translations":{"ar":"جدتي","br":"Oma","de":"Oma","es":"Oma","fa":"اوما","fr":"Oma","hi":"ओमा","hr":"Oma","it":"Nonna","ja":"おま","ko":"오마","nl":"Oma","pl":"Babcia","pt":"Oma","pt-BR":"Oma","ru":"Ома","tr":"Büyükanne","uk":"Ома","zh-CN":"奥玛"},"wikiDataId":"Q7068690"},{"id":80397,"name":"Paredón Arriba","state_id":1391,"state_code":"NB","state_name":"Ngöbe-Buglé Comarca","country_id":170,"country_code":"PA","country_name":"Panama","latitude":"8.45977000","longitude":"-81.19592000","native":"Paredón Arriba","type":"adm3","level":null,"parent_id":null,"population":207,"timezone":"America/Panama","translations":{"ar":"باريدون أريبا","br":"Paredón Arriba","de":"Paredón Arriba","es":"Paredón Arriba","fa":"پاردئون آریبا","fr":"Paredón Arriba","hi":"पारेडोन अरीबा","hr":"Paredón Arriba","it":"Paredón Arriba","ja":"パレドン・アリバ","ko":"파레돈 아리바","nl":"Paredón Arriba","pl":"Paredón Arriba","pt":"Paredón Arriba","pt-BR":"Paredón Arriba","ru":"Паредон Арриба","tr":"Paredón Arriba","uk":"Паредон Арріба","zh-CN":"帕雷东阿里巴"},"wikiDataId":"Q3306"},{"id":80414,"name":"Plan de Chorcha","state_id":1391,"state_code":"NB","state_name":"Ngöbe-Buglé Comarca","country_id":170,"country_code":"PA","country_name":"Panama","latitude":"8.46168000","longitude":"-82.15924000","native":"Plan de Chorcha","type":"adm3","level":null,"parent_id":null,"population":490,"timezone":"America/Panama","translations":{"ar":"خطة تشورشا","br":"Plan de Chorcha","de":"Plan de Chorcha","es":"Plan de Chorcha","fa":"طرح چرچا","fr":"Plan de Chorcha","hi":"प्लान डे चोरचा","hr":"Plan de Chorcha","it":"Plan de Chorcha","ja":"プラン・デ・チョルチャ","ko":"Plan de Chorcha","nl":"Plan de Chorcha","pl":"Plan de Chorcha","pt":"Plano de Chorcha","pt-BR":"Plano de Chorcha","ru":"План де Чорча","tr":"Chorcha Planı","uk":"План де Чорча","zh-CN":"乔查计划"},"wikiDataId":"Q654169"},{"id":80429,"name":"Pueblo Nuevo","state_id":1391,"state_code":"NB","state_name":"Ngöbe-Buglé Comarca","country_id":170,"country_code":"PA","country_name":"Panama","latitude":"8.88070000","longitude":"-82.22411000","native":"Pueblo Nuevo","type":"adm3","level":null,"parent_id":null,"population":1109,"timezone":"America/Panama","translations":{"ar":"بويبلو نويفو","br":"Pueblo Nuevo","de":"Pueblo Nuevo","es":"Pueblo Nuevo","fa":"پوئبلو نوئوو","fr":"Pueblo Nuevo","hi":"पुएब्लो नुएवो","hr":"Pueblo Nuevo","it":"Pueblo Nuevo","ja":"プエブロ・ヌエボ","ko":"푸에블로 누에보","nl":"Nieuw dorp","pl":"Pueblo Nuevo","pt":"Pueblo Nuevo","pt-BR":"Pueblo Nuevo","ru":"Пуэбло Нуэво","tr":"Yeni Kasaba","uk":"Пуебло Нуево","zh-CN":"新镇"},"wikiDataId":"Q7235136"},{"id":80444,"name":"Quebrada Canoa","state_id":1391,"state_code":"NB","state_name":"Ngöbe-Buglé Comarca","country_id":170,"country_code":"PA","country_name":"Panama","latitude":"8.43333000","longitude":"-81.78333000","native":"Canoa rota","type":"city","level":null,"parent_id":null,"population":3061,"timezone":"America/Panama","translations":{"ar":"كويبرادا كانوا","br":"Kanoa Kebrada","de":"Quebrada Canoa","es":"Quebrada Canoa","fa":"کوئبرادا کانوا","fr":"Quebrada Canoa","hi":"क्यूब्राडा कैनोआ","hr":"Quebrada Canoa","it":"Quebrada Canoa","ja":"ケブラーダ・カノア","ko":"케브라다 카노아","nl":"Quebrada Canoa","pl":"Quebrada Canoa","pt":"Quebrada Canoa","pt-BR":"Quebrada Canoa","ru":"Кебрада Каноа","tr":"Quebrada Canoa","uk":"Кебрада-Каноа","zh-CN":"克夫拉达·卡诺阿"},"wikiDataId":"Q3130855"},{"id":80445,"name":"Quebrada Tula","state_id":1391,"state_code":"NB","state_name":"Ngöbe-Buglé Comarca","country_id":170,"country_code":"PA","country_name":"Panama","latitude":"8.84037000","longitude":"-81.99645000","native":"Quebrada Tula","type":"adm3","level":null,"parent_id":null,"population":283,"timezone":"America/Panama","translations":{"ar":"كويبرادا تولا","br":"Quebrada Tula","de":"Quebrada Tula","es":"Quebrada Tula","fa":"کِبرادا تولا","fr":"Quebrada Tula","hi":"क्यूब्राडा तुला","hr":"Quebrada Tula","it":"Quebrada Tula","ja":"ケブラーダ・トゥーラ","ko":"케브라다 툴라","nl":"Quebrada Tula","pl":"Quebrada Tula","pt":"Quebrada Tula","pt-BR":"Quebrada Tula","ru":"Кебрада Тула","tr":"Quebrada Tula","uk":"Кебрада Тула","zh-CN":"克夫拉达·图拉"},"wikiDataId":"Q3130855"},{"id":80515,"name":"Sitio Prado","state_id":1391,"state_code":"NB","state_name":"Ngöbe-Buglé Comarca","country_id":170,"country_code":"PA","country_name":"Panama","latitude":"8.37233000","longitude":"-81.58141000","native":"Sitio Prado","type":"adm3","level":null,"parent_id":null,"population":248,"timezone":"America/Panama","translations":{"ar":"موقع برادو","br":"Sitio Prado","de":"Sitio Prado","es":"Sitio Prado","fa":"سیتیو پرادو","fr":"Site Prado","hi":"सिटियो प्राडो","hr":"Sitio Prado","it":"Sitio Prado","ja":"シティオ・プラド","ko":"시티오 프라도","nl":"Sitio Prado","pl":"Sitio Prado","pt":"Sítio Prado","pt-BR":"Sítio Prado","ru":"Ситио Прадо","tr":"Prado Sitesi","uk":"Сітіо Прадо","zh-CN":"锡蒂奥普拉多"},"wikiDataId":"Q685509"},{"id":80523,"name":"Tobobe","state_id":1391,"state_code":"NB","state_name":"Ngöbe-Buglé Comarca","country_id":170,"country_code":"PA","country_name":"Panama","latitude":"9.12111000","longitude":"-81.82471000","native":"Torce","type":"adm3","level":null,"parent_id":null,"population":607,"timezone":"America/Panama","translations":{"ar":"توبوبي","br":"Tobobe","de":"Tobobe","es":"Tobobe","fa":"توبوبه","fr":"Tobobe","hi":"टोबोबे","hr":"Tobobe","it":"Tobobe","ja":"トボベ","ko":"토보베","nl":"Tobobe","pl":"Tobobe","pt":"Tobobe","pt-BR":"Tobobe","ru":"Тобобе","tr":"Tobobe","uk":"Тобобе","zh-CN":"托博贝"},"wikiDataId":"Q685509"}]