[{"id":79966,"name":"Alto del Espino","state_id":1394,"state_code":"10","state_name":"Panamá Oeste","country_id":170,"country_code":"PA","country_name":"Panama","latitude":"8.84213000","longitude":"-79.84551000","native":"Alto del Espino","type":"adm3","level":null,"parent_id":null,"population":2422,"timezone":"America/Panama","translations":{"ar":"ألتو ديل إسبينو","br":"Alto del Espino","de":"Alto del Espino","es":"Alto del Espino","fa":"آلتو دل اسپینو","fr":"Alto del Espino","hi":"ऑल्टो डेल एस्पिनो","hr":"Alto del Espino","it":"Alto del Espino","ja":"アルト・デル・エスピノ","ko":"알토 델 에스피노","nl":"Alto del Espino","pl":"Alto del Espino","pt":"Alto del Espino","pt-BR":"Alto del Espino","ru":"Альто-дель-Эспино","tr":"Alto del Espino","uk":"Альто-дель-Еспіно","zh-CN":"阿尔托德尔埃斯皮诺"},"wikiDataId":"Q1956983"},{"id":79967,"name":"Altos de San Francisco","state_id":1394,"state_code":"10","state_name":"Panamá Oeste","country_id":170,"country_code":"PA","country_name":"Panama","latitude":"8.86167000","longitude":"-79.79000000","native":"Altos de San Francisco","type":"section","level":null,"parent_id":null,"population":8189,"timezone":"America/Panama","translations":{"ar":"ألتوس دي سان فرانسيسكو","br":"Altos de San Francisco","de":"Altos de San Francisco","es":"Altos de San Francisco","fa":"آلتوس د سانفرانسیسکو","fr":"Hauts de San Francisco","hi":"अल्टोस डी सैन फ्रांसिस्को","hr":"Altos de San Francisco","it":"Altos de San Francisco","ja":"アルトス・デ・サンフランシスコ","ko":"알토스 데 산 프란시스코","nl":"Alten van San Francisco","pl":"Altos de San Francisco","pt":"Altos de São Francisco","pt-BR":"Altos de São Francisco","ru":"Альтос-де-Сан-Франциско","tr":"San Francisco'nun Altos'u","uk":"Альтос-де-Сан-Франциско","zh-CN":"圣弗朗西斯科山"},"wikiDataId":"Q1956983"},{"id":79971,"name":"Arenosa","state_id":1394,"state_code":"10","state_name":"Panamá Oeste","country_id":170,"country_code":"PA","country_name":"Panama","latitude":"9.03978000","longitude":"-79.95128000","native":"Arenosa","type":"adm3","level":null,"parent_id":null,"population":319,"timezone":"America/Panama","translations":{"ar":"أرينوسا","br":"Arenosa","de":"Arenosa","es":"Arenosa","fa":"آرنوسا","fr":"Arénose","hi":"एरेनोसा","hr":"Arenosa","it":"Arenosa","ja":"アレノサ","ko":"아레노사","nl":"Arenosa","pl":"Arenosa","pt":"Arenosa","pt-BR":"Arenosa","ru":"Ареноза","tr":"Arenosa","uk":"Ареноза","zh-CN":"阿雷诺萨"},"wikiDataId":"Q1956983"},{"id":79972,"name":"Arosemena","state_id":1394,"state_code":"10","state_name":"Panamá Oeste","country_id":170,"country_code":"PA","country_name":"Panama","latitude":"8.97091000","longitude":"-79.96641000","native":"Arosemena","type":"adm3","level":null,"parent_id":null,"population":127,"timezone":"America/Panama","translations":{"ar":"أروسيمينا","br":"Arosemena","de":"Arosemena","es":"Arosemena","fa":"آروسمنا","fr":"Arosemena","hi":"अरोसेमेना","hr":"Arosemena","it":"Arosemena","ja":"アロセメナ","ko":"아로세메나","nl":"Arosemena","pl":"Arosemena","pt":"Arosemena","pt-BR":"Arosemena","ru":"Аросемена","tr":"Arosemena","uk":"Аросемена","zh-CN":"阿罗塞梅娜"},"wikiDataId":"Q1956983"},{"id":79973,"name":"Arraiján","state_id":1394,"state_code":"10","state_name":"Panamá Oeste","country_id":170,"country_code":"PA","country_name":"Panama","latitude":"8.95187000","longitude":"-79.66011000","native":"Arraiján","type":"city","level":null,"parent_id":null,"population":618,"timezone":"America/Panama","translations":{"ar":"أرايخان","br":"Arraijan","de":"Arraiján","es":"Arraiján","fa":"آرایجان","fr":"Arraiján","hi":"अररायजान","hr":"Arraiján","it":"Arraiján","ja":"アライハン","ko":"아라이잔","nl":"Arraiján","pl":"Arraiján","pt":"Arraiján","pt-BR":"Arraiján","ru":"Аррайхан","tr":"Arraiján","uk":"Аррайхан","zh-CN":"阿赖扬"},"wikiDataId":"Q1956983"},{"id":79989,"name":"Bejuco","state_id":1394,"state_code":"10","state_name":"Panamá Oeste","country_id":170,"country_code":"PA","country_name":"Panama","latitude":"8.60037000","longitude":"-79.88988000","native":"Bejuco","type":"adm3","level":null,"parent_id":null,"population":3897,"timezone":"America/Panama","translations":{"ar":"بيجوكو","br":"Bejuco","de":"Bejuco","es":"Bejuco","fa":"بجوکو","fr":"Bejuco","hi":"बेजुको","hr":"Bejuco","it":"Bejuco","ja":"ベジュコ","ko":"베주코","nl":"Bejuco","pl":"Bejuco","pt":"Bejuco","pt-BR":"Bejuco","ru":"Бехуко","tr":"Bejuco","uk":"Бежуко","zh-CN":"贝胡科"},"wikiDataId":"Q1956983"},{"id":80033,"name":"Capira","state_id":1394,"state_code":"10","state_name":"Panamá Oeste","country_id":170,"country_code":"PA","country_name":"Panama","latitude":"8.75636000","longitude":"-79.87996000","native":"Cabeza","type":"adm2","level":null,"parent_id":null,"population":3432,"timezone":"America/Panama","translations":{"ar":"كابيرا","br":"Capira","de":"Capira","es":"Capira","fa":"کاپیرا","fr":"Capira","hi":"कैपिरा","hr":"Capira","it":"Capira","ja":"カピラ","ko":"카피라","nl":"Capira","pl":"Capira","pt":"Capira","pt-BR":"Capira","ru":"Капира","tr":"Kapira","uk":"Капіра","zh-CN":"卡皮拉"},"wikiDataId":"Q804144"},{"id":80044,"name":"Cermeño","state_id":1394,"state_code":"10","state_name":"Panamá Oeste","country_id":170,"country_code":"PA","country_name":"Panama","latitude":"8.74082000","longitude":"-79.85299000","native":"Cermeño","type":"adm3","level":null,"parent_id":null,"population":928,"timezone":"America/Panama","translations":{"ar":"سيرمينيو","br":"Cermeño","de":"Cermeño","es":"Cermeño","fa":"سرمنو","fr":"Cermeño","hi":"सेर्मेनो","hr":"Cermeño","it":"Cermeño","ja":"セルメニョ","ko":"세르메뇨","nl":"Cermeño","pl":"Cermeño","pt":"Cermeño","pt-BR":"Cermeño","ru":"Серменьо","tr":"Cermeño","uk":"Серменьо","zh-CN":"塞尔梅尼奥"},"wikiDataId":"Q804144"},{"id":80047,"name":"Cerro Cama","state_id":1394,"state_code":"10","state_name":"Panamá Oeste","country_id":170,"country_code":"PA","country_name":"Panama","latitude":"9.02802000","longitude":"-79.90744000","native":"Cerro Cama","type":"city","level":null,"parent_id":null,"population":1274,"timezone":"America/Panama","translations":{"ar":"سيرو كاما","br":"Cerro Cama","de":"Cerro Cama","es":"Cerro Cama","fa":"سرو کاما","fr":"Cerro Cama","hi":"सेरो कामा","hr":"Cerro Cama","it":"Cerro Cama","ja":"セロ・カマ","ko":"세로 카마","nl":"Cerro Cama","pl":"Cerro Cama","pt":"Cerro Cama","pt-BR":"Cerro Cama","ru":"Серро Кама","tr":"Cama Tepesi","uk":"Серро Кама","zh-CN":"塞罗卡马"},"wikiDataId":"Q804144"},{"id":80053,"name":"Chame","state_id":1394,"state_code":"10","state_name":"Panamá Oeste","country_id":170,"country_code":"PA","country_name":"Panama","latitude":"8.57753000","longitude":"-79.88595000","native":"Semen","type":"adm2","level":null,"parent_id":null,"population":2362,"timezone":"America/Panama","translations":{"ar":"شامي","br":"Chame","de":"Chame","es":"Chame","fa":"چامه","fr":"Chame","hi":"चामे","hr":"Čame","it":"Chame","ja":"チャメ","ko":"차메","nl":"Chame","pl":"Chame","pt":"Chama","pt-BR":"Chama","ru":"Чаме","tr":"Çame","uk":"Чаме","zh-CN":"查梅"},"wikiDataId":"Q804144"},{"id":80069,"name":"Cirí de Los Sotos","state_id":1394,"state_code":"10","state_name":"Panamá Oeste","country_id":170,"country_code":"PA","country_name":"Panama","latitude":"8.97206000","longitude":"-80.09209000","native":"Cirí de Los Sotos","type":"adm3","level":null,"parent_id":null,"population":250,"timezone":"America/Panama","translations":{"ar":"سيري دي لوس سوتوس","br":"Cirí de Los Sotos","de":"Cirí de Los Sotos","es":"Cirí de Los Sotos","fa":"سیری د لوس سوتوس","fr":"Cirí de Los Sotos","hi":"Cirí de Los Sotos","hr":"Cirí de Los Sotos","it":"Cirí de Los Sotos","ja":"シリ・デ・ロス・ソトス","ko":"시리 데 로스 소토스","nl":"Cirí de Los Sotos","pl":"Cirí de Los Sotos","pt":"Cirí de Los Sotos","pt-BR":"Cirí de Los Sotos","ru":"Cirí de Los Sotos","tr":"Cirí de Los Sotos","uk":"Сірі-де-лос-Сотос","zh-CN":"洛斯索托斯的西里"},"wikiDataId":"Q5118336"},{"id":80083,"name":"Distrito Arraiján","state_id":1394,"state_code":"10","state_name":"Panamá Oeste","country_id":170,"country_code":"PA","country_name":"Panama","latitude":"8.95000000","longitude":"-79.70000000","native":"Distrito Arraiján","type":"adm3","level":null,"parent_id":null,"population":8673,"timezone":"America/Panama","translations":{"ar":"منطقة أرايجان","br":"Distrito Arraiján","de":"Distrito Arraiján","es":"Distrito Arraiján","fa":"توزیع‌کننده آریجان","fr":"District d'Arraiján","hi":"डिस्ट्रिटो अररायजान","hr":"Distrito Arraiján","it":"Distretto di Arraiján","ja":"アライハン地区","ko":"디스트리토 아라이잔","nl":"Distrito Arraiján","pl":"Distrito Arraiján","pt":"Distrito Arraiján","pt-BR":"Distrito Arraiján","ru":"Distrito Arraiján","tr":"Distrito Arraiján","uk":"Дистрито Аррайхан","zh-CN":"阿赖扬区"},"wikiDataId":"Q2216621"},{"id":80097,"name":"Distrito de Capira","state_id":1394,"state_code":"10","state_name":"Panamá Oeste","country_id":170,"country_code":"PA","country_name":"Panama","latitude":"8.76228000","longitude":"-79.88275000","native":"Distribuir de Capira","type":"adm3","level":null,"parent_id":null,"population":3843,"timezone":"America/Panama","translations":{"ar":"منطقة كابيرا","br":"Distrito de Capira","de":"Distrito de Capira","es":"Distrito de Capira","fa":"توزیع‌کننده‌ی کاپیرا","fr":"District de Capira","hi":"डिस्ट्रिटो डे कैपिरा","hr":"Distrito de Capira","it":"Distretto di Capira","ja":"カピラ地区","ko":"카피라 지구","nl":"Distrito de Capira","pl":"Dystrykt Capira","pt":"Distrito de Capira","pt-BR":"Distrito de Capira","ru":"Distrito de Capira","tr":"Capira Bölgesi","uk":"Дистрито-де-Капіра","zh-CN":"卡皮拉区"},"wikiDataId":"Q2216086"},{"id":80100,"name":"Distrito de Chame","state_id":1394,"state_code":"10","state_name":"Panamá Oeste","country_id":170,"country_code":"PA","country_name":"Panama","latitude":"8.60000000","longitude":"-79.91667000","native":"Distrito de Chame","type":"city","level":null,"parent_id":null,"population":31373,"timezone":"America/Panama","translations":{"ar":"منطقة شامي","br":"Distrito de Chame","de":"Distrito de Chame","es":"Distrito de Chame","fa":"توزیع‌کننده‌ی شامه","fr":"District de Chame","hi":"डिस्ट्रिटो डे चामे","hr":"Distrito de Chame","it":"Distretto di Chame","ja":"シャメ地区","ko":"디스트리토 데 샤메","nl":"Distrito de Chame","pl":"Dystrykt Chame","pt":"Distrito de Chame","pt-BR":"Distrito de Chame","ru":"Distrito de Chame","tr":"Chame Bölgesi","uk":"Дистрито де Шаме","zh-CN":"查姆区"},"wikiDataId":"Q431342"},{"id":80112,"name":"Distrito de La Chorrera","state_id":1394,"state_code":"10","state_name":"Panamá Oeste","country_id":170,"country_code":"PA","country_name":"Panama","latitude":"8.95000000","longitude":"-79.85000000","native":"Distrito de La Chorrera","type":"adm3","level":null,"parent_id":null,"population":199708,"timezone":"America/Panama","translations":{"ar":"منطقة لا تشوريرا","br":"Distrito de La Chorrera","de":"Distrito de La Chorrera","es":"Distrito de La Chorrera","fa":"توزیع‌کننده‌ی لا چوررا","fr":"District de La Chorrera","hi":"डिस्ट्रिटो डे ला चोर्रेरा","hr":"Okrug La Chorrera","it":"Distretto di La Chorrera","ja":"ラ・チョレラ地区","ko":"디스트리토 데 라 초레라","nl":"Distrito de La Chorrera","pl":"Dzielnica La Chorrera","pt":"Distrito de La Chorrera","pt-BR":"Distrito de La Chorrera","ru":"Distrito de La Chorrera","tr":"Chorrera Bölgesi","uk":"Дистрито-де-Ла-Чоррера","zh-CN":"拉乔雷拉区"},"wikiDataId":"Q2217021"},{"id":80135,"name":"Distrito de San Carlos","state_id":1394,"state_code":"10","state_name":"Panamá Oeste","country_id":170,"country_code":"PA","country_name":"Panama","latitude":"8.53196000","longitude":"-80.06906000","native":"Distrito de San Carlos","type":"city","level":null,"parent_id":null,"population":null,"timezone":"America/Panama","translations":{"ar":"منطقة سان كارلوس","br":"Distrito de San Carlos","de":"Distrito de San Carlos","es":"Distrito de San Carlos","fa":"توزیع‌کننده سن کارلوس","fr":"District de San Carlos","hi":"डिस्ट्रिटो डी सैन कार्लोस","hr":"Okrug San Carlos","it":"Distretto di San Carlos","ja":"サンカルロス地区","ko":"산 카를로스 지구","nl":"District van San Carlos","pl":"Dzielnica San Carlos","pt":"Distrito de San Carlos","pt-BR":"Distrito de San Carlos","ru":"Distrito de San Carlos","tr":"San Carlos Bölgesi","uk":"Дистрито де Сан-Карлос","zh-CN":"圣卡洛斯区"},"wikiDataId":"Q1650989"},{"id":80151,"name":"El Cacao","state_id":1394,"state_code":"10","state_name":"Panamá Oeste","country_id":170,"country_code":"PA","country_name":"Panama","latitude":"8.76134000","longitude":"-80.01294000","native":"El Cacao","type":"adm3","level":null,"parent_id":null,"population":636,"timezone":"America/Panama","translations":{"ar":"الكاكاو","br":"Kakao","de":"El Cacao","es":"El Cacao","fa":"ال کاکائو","fr":"Le Cacao","hi":"एल काकाओ","hr":"El Cacao","it":"Il cacao","ja":"エル・カカオ","ko":"엘 카카오","nl":"De cacao","pl":"Kakao","pt":"El Cacao","pt-BR":"El Cacao","ru":"Эль Какао","tr":"El Kakao","uk":"Ель Какао","zh-CN":"埃尔卡卡奥"},"wikiDataId":"Q2216393"},{"id":80163,"name":"El Coco","state_id":1394,"state_code":"10","state_name":"Panamá Oeste","country_id":170,"country_code":"PA","country_name":"Panama","latitude":"8.87009000","longitude":"-79.80415000","native":"El Coco","type":"adm3","level":null,"parent_id":null,"population":11935,"timezone":"America/Panama","translations":{"ar":"إل كوكو","br":"El Coco","de":"El Coco","es":"El Coco","fa":"ال کوکو","fr":"Le Coco","hi":"एल कोको","hr":"El Coco","it":"El Coco","ja":"エルココ","ko":"엘 코코","nl":"El Coco","pl":"Kokos","pt":"O Coco","pt-BR":"O Coco","ru":"Эль Коко","tr":"El Coco","uk":"Ель-Коко","zh-CN":"埃尔科科"},"wikiDataId":"Q2216393"},{"id":80171,"name":"El Espavé","state_id":1394,"state_code":"10","state_name":"Panamá Oeste","country_id":170,"country_code":"PA","country_name":"Panama","latitude":"8.66161000","longitude":"-79.87584000","native":"El Espavé","type":"city","level":null,"parent_id":null,"population":1236,"timezone":"America/Panama","translations":{"ar":"إل إسبافي","br":"El Spavé","de":"El Espavé","es":"El Espavé","fa":"ال اسپاوه","fr":"L'Espavé","hi":"एल एस्पावे","hr":"El Espavé","it":"El Espavé","ja":"エル・エスパベ","ko":"엘 에스파베","nl":"El Espavé","pl":"El Espavé","pt":"El Espavé","pt-BR":"El Espavé","ru":"Эль Эспаве","tr":"El Espavé","uk":"Ель Еспаве","zh-CN":"埃尔埃斯帕韦"},"wikiDataId":"Q2216393"},{"id":80172,"name":"El Espino","state_id":1394,"state_code":"10","state_name":"Panamá Oeste","country_id":170,"country_code":"PA","country_name":"Panama","latitude":"8.83795000","longitude":"-79.84925000","native":"El Espino","type":"adm3","level":null,"parent_id":null,"population":2422,"timezone":"America/Panama","translations":{"ar":"إل إسبينو","br":"El Espino","de":"El Espino","es":"El Espino","fa":"ال اسپینو","fr":"L'Espino","hi":"एल एस्पिनो","hr":"El Espino","it":"El Espino","ja":"エル・エスピノ","ko":"엘 에스피노","nl":"El Espino","pl":"El Espino","pt":"El Espino","pt-BR":"El Espino","ru":"Эль Эспино","tr":"El Espino","uk":"Ель-Еспіно","zh-CN":"埃尔埃斯皮诺"},"wikiDataId":"Q2216393"},{"id":80178,"name":"El Higo","state_id":1394,"state_code":"10","state_name":"Panamá Oeste","country_id":170,"country_code":"PA","country_name":"Panama","latitude":"8.44731000","longitude":"-80.03603000","native":"El Higo","type":"adm3","level":null,"parent_id":null,"population":566,"timezone":"America/Panama","translations":{"ar":"إل هيغو","br":"El Higo","de":"El Higo","es":"El Higo","fa":"ال هیگو","fr":"El Higo","hi":"एल हिगो","hr":"El Higo","it":"El Higo","ja":"エル・ヒゴ","ko":"엘 히고","nl":"El Higo","pl":"El Higo","pt":"El Higo","pt-BR":"El Higo","ru":"Эль-Хиго","tr":"El Higo","uk":"Ель-Хіго","zh-CN":"埃尔希戈"},"wikiDataId":"Q2216393"},{"id":80179,"name":"El Líbano","state_id":1394,"state_code":"10","state_name":"Panamá Oeste","country_id":170,"country_code":"PA","country_name":"Panama","latitude":"8.61685000","longitude":"-79.83483000","native":"El Líbano","type":"adm3","level":null,"parent_id":null,"population":183,"timezone":"America/Panama","translations":{"ar":"اللبناني","br":"El Líbano","de":"El Líbano","es":"El Líbano","fa":"ال لبنانو","fr":"Le Liban","hi":"एल लिबानो","hr":"Libanon","it":"El Líbano","ja":"エル・リバノ","ko":"엘 리바노","nl":"Het Libanees","pl":"Liban","pt":"O Líbano","pt-BR":"O Líbano","ru":"Эль Ливан","tr":"El Lübnan","uk":"Ель-Лібано","zh-CN":"黎巴嫩"},"wikiDataId":"Q2216393"},{"id":80219,"name":"Guadalupe","state_id":1394,"state_code":"10","state_name":"Panamá Oeste","country_id":170,"country_code":"PA","country_name":"Panama","latitude":"8.85452000","longitude":"-79.81408000","native":"Guadalupo","type":"adm3","level":null,"parent_id":null,"population":6561,"timezone":"America/Panama","translations":{"ar":"غوادالوبي","br":"Gwadalupa","de":"Guadalupe","es":"Guadalupe","fa":"گوادالوپ","fr":"Guadalupe","hi":"GUADALUPE","hr":"Guadalupe","it":"Guadalupe","ja":"グアダルーペ","ko":"과달루페","nl":"Guadalupe","pl":"Gwadelupa","pt":"Guadalupe","pt-BR":"Guadalupe","ru":"Гваделупе","tr":"Guadalupe","uk":"Гваделупе","zh-CN":"瓜达卢佩"},"wikiDataId":"Q2437057"},{"id":80226,"name":"Guayabito","state_id":1394,"state_code":"10","state_name":"Panamá Oeste","country_id":170,"country_code":"PA","country_name":"Panama","latitude":"8.54828000","longitude":"-80.01350000","native":"Guayabito","type":"adm3","level":null,"parent_id":null,"population":89,"timezone":"America/Panama","translations":{"ar":"غوايابيتو","br":"Guayabito","de":"Guayabito","es":"Guayabito","fa":"گوایابیتو","fr":"Guayabito","hi":"ग्वायाबिटो","hr":"Guayabito","it":"Guayabito","ja":"グアヤビト","ko":"과야비토","nl":"Guayabito","pl":"Guayabito","pt":"Guayabito","pt-BR":"Guayabito","ru":"Гуайябито","tr":"Guayabito","uk":"Гуаябіто","zh-CN":"瓜亚比托"},"wikiDataId":"Q2437057"},{"id":80232,"name":"Hato Montaña","state_id":1394,"state_code":"10","state_name":"Panamá Oeste","country_id":170,"country_code":"PA","country_name":"Panama","latitude":"8.91938000","longitude":"-79.73915000","native":"Hato Montaña","type":"city","level":null,"parent_id":null,"population":1239,"timezone":"America/Panama","translations":{"ar":"هاتو مونتانا","br":"Hato Montaña","de":"Hato Montaña","es":"Hato Montaña","fa":"هاتو مونتانا","fr":"Hato Montaña","hi":"हाटो मोंटाना","hr":"Hato Montaña","it":"Hato Montaña","ja":"ハト・モンターニャ","ko":"하토 몬타냐","nl":"Hato Montaña","pl":"Hato Montaña","pt":"Hato Montaña","pt-BR":"Hato Montaña","ru":"Хато Монтанья","tr":"Hato Montaña","uk":"Ато-Монтанья","zh-CN":"哈托·蒙塔尼亚"},"wikiDataId":"Q2437057"},{"id":80243,"name":"La Chorrera","state_id":1394,"state_code":"10","state_name":"Panamá Oeste","country_id":170,"country_code":"PA","country_name":"Panama","latitude":"8.88028000","longitude":"-79.78333000","native":"La Chorrera","type":"adm1","level":null,"parent_id":null,"population":68896,"timezone":"America/Panama","translations":{"ar":"لا تشوريرا","br":"La Chorrera","de":"La Chorrera","es":"La Chorrera","fa":"لا چورا","fr":"La Chorrera","hi":"ला चोरेरा","hr":"La Chorrera","it":"La Chorrera","ja":"ラ・チョレラ","ko":"라 초레라","nl":"De Chorrera","pl":"La Chorrera","pt":"La Chorrera","pt-BR":"La Chorrera","ru":"Ла Чоррера","tr":"La Chorrera","uk":"Ла Чоррера","zh-CN":"拉乔雷拉"},"wikiDataId":"Q774405"},{"id":80250,"name":"La Ermita","state_id":1394,"state_code":"10","state_name":"Panamá Oeste","country_id":170,"country_code":"PA","country_name":"Panama","latitude":"8.45622000","longitude":"-80.06835000","native":"La Ermita","type":"adm3","level":null,"parent_id":null,"population":426,"timezone":"America/Panama","translations":{"ar":"لا إرميتا","br":"La Ermita","de":"La Ermita","es":"La Ermita","fa":"لا ارمیتا","fr":"La Ermita","hi":"ला एर्मिता","hr":"La Ermita","it":"La Ermita","ja":"ラ・エルミタ","ko":"라 에르미타","nl":"De Ermita","pl":"La Ermita","pt":"A Ermita","pt-BR":"A Ermita","ru":"Ла Эрмита","tr":"La Ermita","uk":"Ла Ерміта","zh-CN":"拉埃尔米塔"},"wikiDataId":"Q774405"},{"id":80257,"name":"La Herradura","state_id":1394,"state_code":"10","state_name":"Panamá Oeste","country_id":170,"country_code":"PA","country_name":"Panama","latitude":"8.84848000","longitude":"-79.80404000","native":"La Herradura","type":"section","level":null,"parent_id":null,"population":6271,"timezone":"America/Panama","translations":{"ar":"لا هيرادورا","br":"La Herradura","de":"La Herradura","es":"La Herradura","fa":"لا هرادورا","fr":"La Herradura","hi":"ला हेराडुरा","hr":"La Herradura","it":"La Herradura","ja":"ラ・エラドゥーラ","ko":"라 에라두라","nl":"La Herradura","pl":"La Herradura","pt":"La Herradura","pt-BR":"La Herradura","ru":"Ла Эррадура","tr":"La Herradura","uk":"Ла-Еррадура","zh-CN":"拉埃拉杜拉"},"wikiDataId":"Q774405"},{"id":80268,"name":"La Mitra","state_id":1394,"state_code":"10","state_name":"Panamá Oeste","country_id":170,"country_code":"PA","country_name":"Panama","latitude":"8.84091000","longitude":"-79.78648000","native":"La Mitra","type":"adm3","level":null,"parent_id":null,"population":5699,"timezone":"America/Panama","translations":{"ar":"لا ميترا","br":"La Mitra","de":"La Mitra","es":"La Mitra","fa":"لا میترا","fr":"La Mitra","hi":"ला मित्रा","hr":"La Mitra","it":"La Mitra","ja":"ラ・ミトラ","ko":"라 미트라","nl":"De Mitra","pl":"La Mitra","pt":"La Mitra","pt-BR":"La Mitra","ru":"Ла Митра","tr":"La Mitra","uk":"Ла Мітра","zh-CN":"拉米特拉"},"wikiDataId":"Q10315061"},{"id":80273,"name":"La Pesa","state_id":1394,"state_code":"10","state_name":"Panamá Oeste","country_id":170,"country_code":"PA","country_name":"Panama","latitude":"8.85073000","longitude":"-79.82374000","native":"La Pesa","type":"section","level":null,"parent_id":null,"population":7773,"timezone":"America/Panama","translations":{"ar":"لا بيسا","br":"La Pesa","de":"La Pesa","es":"La Pesa","fa":"لا پسا","fr":"La Pesa","hi":"ला पेसा","hr":"La Pesa","it":"La Pesa","ja":"ラ・ペサ","ko":"라 페사","nl":"La Pesa","pl":"La Pesa","pt":"La Pesa","pt-BR":"La Pesa","ru":"Ла Песа","tr":"La Pesa","uk":"Ла Песа","zh-CN":"拉佩萨"},"wikiDataId":"Q10315061"},{"id":80286,"name":"Las Colinas","state_id":1394,"state_code":"10","state_name":"Panamá Oeste","country_id":170,"country_code":"PA","country_name":"Panama","latitude":"8.55000000","longitude":"-80.08333000","native":"Las Colinas","type":"city","level":null,"parent_id":null,"population":1447,"timezone":"America/Panama","translations":{"ar":"لاس كوليناس","br":"Las Colinas","de":"Las Colinas","es":"Las Colinas","fa":"لاس کولیناس","fr":"Las Colinas","hi":"लास कोलिनास","hr":"Las Colinas","it":"Las Colinas","ja":"ラスコリナス","ko":"라스 콜리나스","nl":"Las Colinas","pl":"Las Colinas","pt":"As Colinas","pt-BR":"As Colinas","ru":"Лас-Колинас","tr":"Las Colinas","uk":"Лас-Колінас","zh-CN":"拉斯科林纳斯"},"wikiDataId":"Q10315061"},{"id":80308,"name":"Las Uvas","state_id":1394,"state_code":"10","state_name":"Panamá Oeste","country_id":170,"country_code":"PA","country_name":"Panama","latitude":"8.45937000","longitude":"-80.00075000","native":"Las Uvas","type":"adm3","level":null,"parent_id":null,"population":482,"timezone":"America/Panama","translations":{"ar":"لاس أوفاس","br":"Las Uvas","de":"Las Uvas","es":"Las Uvas","fa":"لاس اوواس","fr":"Las Uvas","hi":"लास उवास","hr":"Las Uvas","it":"Las Uvas","ja":"ラス・ウバス","ko":"라스 우바스","nl":"Las Uvas","pl":"Las Uvas","pt":"As Uvas","pt-BR":"As Uvas","ru":"Лас-Увас","tr":"Las Uvas","uk":"Лас-Увас","zh-CN":"拉斯乌瓦斯"},"wikiDataId":"Q2712890"},{"id":80336,"name":"Los Llanitos","state_id":1394,"state_code":"10","state_name":"Panamá Oeste","country_id":170,"country_code":"PA","country_name":"Panama","latitude":"8.59787000","longitude":"-80.09503000","native":"Los Llanitos","type":"adm3","level":null,"parent_id":null,"population":146,"timezone":"America/Panama","translations":{"ar":"لوس يانيتوس","br":"Los Llanitos","de":"Los Llanitos","es":"Los Llanitos","fa":"لوس لانیتوس","fr":"Les Llanitos","hi":"लॉस ललनिटोस","hr":"Los Llanitos","it":"Los Llanitos","ja":"ロス・リャニトス","ko":"로스 라니토스","nl":"Los Llanitos","pl":"Los Llanitos","pt":"Los Llanitos","pt-BR":"Los Llanitos","ru":"Лос-Льянитос","tr":"Los Llanitos","uk":"Лос-Льянітос","zh-CN":"洛斯拉尼托斯"},"wikiDataId":"Q2712890"},{"id":80352,"name":"Mendoza","state_id":1394,"state_code":"10","state_name":"Panamá Oeste","country_id":170,"country_code":"PA","country_name":"Panama","latitude":"9.01471000","longitude":"-79.85073000","native":"Mendoza","type":"adm3","level":null,"parent_id":null,"population":729,"timezone":"America/Panama","translations":{"ar":"مندوزا","br":"Mendoza","de":"Mendoza","es":"Mendoza","fa":"مندوزا","fr":"Mendoza","hi":"मेंडोज़ा","hr":"Mendoza","it":"Mendoza","ja":"メンドーサ","ko":"멘도사","nl":"Mendoza","pl":"Mendoza","pt":"Mendoza","pt-BR":"Mendoza","ru":"Мендоса","tr":"Mendoza","uk":"Мендоса","zh-CN":"门多萨"},"wikiDataId":"Q3711142"},{"id":80371,"name":"Nueva Arenosa","state_id":1394,"state_code":"10","state_name":"Panamá Oeste","country_id":170,"country_code":"PA","country_name":"Panama","latitude":"8.86944000","longitude":"-79.99472000","native":"Nueva Arenosa","type":"adm3","level":null,"parent_id":null,"population":283,"timezone":"America/Panama","translations":{"ar":"نويفا أرينوسا","br":"Nueva Arenosa","de":"Nueva Arenosa","es":"Nueva Arenosa","fa":"نوئوا آرنوسا","fr":"Nouvelle Arenosa","hi":"नुएवा एरेनोसा","hr":"Nova Arenosa","it":"Nuova Arenosa","ja":"ヌエバ・アレノサ","ko":"누에바 아레노사","nl":"Nieuwe Arenasa","pl":"Nowa Arenosa","pt":"Nova Arenosa","pt-BR":"Nova Arenosa","ru":"Нуэва-Ареноса","tr":"Yeni Arenosa","uk":"Нуева-Ареноса","zh-CN":"新竞技场"},"wikiDataId":"Q3544851"},{"id":80373,"name":"Nueva Gorgona","state_id":1394,"state_code":"10","state_name":"Panamá Oeste","country_id":170,"country_code":"PA","country_name":"Panama","latitude":"8.55000000","longitude":"-79.87547000","native":"Nueva Gorgona","type":"adm3","level":null,"parent_id":null,"population":3530,"timezone":"America/Panama","translations":{"ar":"نويفا جورجونا","br":"Gorgona nevez","de":"Nueva Gorgona","es":"Nueva Gorgona","fa":"نوئوا گورگونا","fr":"Nouvelle Gorgone","hi":"नुएवा गोरगोना","hr":"Nova Gorgona","it":"Nuova Gorgona","ja":"ヌエバ・ゴルゴナ","ko":"누에바 고르고나","nl":"Nieuwe Gorgona","pl":"Nowa Gorgona","pt":"Nova Górgona","pt-BR":"Nova Górgona","ru":"Новая Горгона","tr":"Yeni Gorgona","uk":"Нуева-Горґона","zh-CN":"新戈尔戈纳"},"wikiDataId":"Q3544851"},{"id":80374,"name":"Nuevo Arraiján","state_id":1394,"state_code":"10","state_name":"Panamá Oeste","country_id":170,"country_code":"PA","country_name":"Panama","latitude":"8.92453000","longitude":"-79.72004000","native":"Nuevo Arraiján","type":"adm3","level":null,"parent_id":null,"population":14920,"timezone":"America/Panama","translations":{"ar":"نويفو أرايجان","br":"Nuevo Arraiján","de":"Nuevo Arraiján","es":"Nuevo Arraiján","fa":"نوئوو آریجان","fr":"Nuevo Arraiján","hi":"नुएवो अररायजान","hr":"Nuevo Arraiján","it":"Nuevo Arraiján","ja":"ヌエボ・アライハン","ko":"누에보 아라이잔","nl":"Nuevo Arraiján","pl":"Nuevo Arraiján","pt":"Novo Arraiján","pt-BR":"Novo Arraiján","ru":"Нуэво Аррайхан","tr":"Nuevo Arraiján","uk":"Нуево-Аррайхан","zh-CN":"新阿拉伊汉"},"wikiDataId":"Q7068660"},{"id":80377,"name":"Nuevo Emperador","state_id":1394,"state_code":"10","state_name":"Panamá Oeste","country_id":170,"country_code":"PA","country_name":"Panama","latitude":"9.00273000","longitude":"-79.73141000","native":"Nuevo Emperador","type":"adm3","level":null,"parent_id":null,"population":2003,"timezone":"America/Panama","translations":{"ar":"الإمبراطور الجديد","br":"Nuevo Emperador","de":"Neuer Kaiser","es":"Nuevo Emperador","fa":"امپراتور نوئوو","fr":"Nouvel Empereur","hi":"न्वेवो सम्राट","hr":"Novi car","it":"Nuovo Imperatore","ja":"新皇帝","ko":"누에보 엠페라도르","nl":"Nieuwe Keizer","pl":"Nowy Cesarz","pt":"Novo Imperador","pt-BR":"Novo Imperador","ru":"Нуэво-Эмперадор","tr":"Yeni İmparator","uk":"Новий Імператор","zh-CN":"新皇帝"},"wikiDataId":"Q7068660"},{"id":80416,"name":"Playa Leona","state_id":1394,"state_code":"10","state_name":"Panamá Oeste","country_id":170,"country_code":"PA","country_name":"Panama","latitude":"8.78389000","longitude":"-79.77547000","native":"Playa Leona","type":"adm3","level":null,"parent_id":null,"population":556,"timezone":"America/Panama","translations":{"ar":"بلايا ليونا","br":"Playa Leona","de":"Playa Leona","es":"Playa Leona","fa":"پلایا لئونا","fr":"Plage de Leona","hi":"प्लाया लियोना","hr":"Playa Leona","it":"Playa Leona","ja":"プラヤ・レオナ","ko":"플라야 레오나","nl":"Playa Leona","pl":"Plaża Leona","pt":"Praia Leona","pt-BR":"Praia Leona","ru":"Плайя-Леона","tr":"Playa Leona","uk":"Плайя-Леона","zh-CN":"莱昂娜海滩"},"wikiDataId":"Q654169"},{"id":80426,"name":"Potrero Grande","state_id":1394,"state_code":"10","state_name":"Panamá Oeste","country_id":170,"country_code":"PA","country_name":"Panama","latitude":"8.88051000","longitude":"-79.82795000","native":"Potrero Grande","type":"section","level":null,"parent_id":null,"population":4044,"timezone":"America/Panama","translations":{"ar":"بوتيرو غراندي","br":"Potrero Grande","de":"Potrero Grande","es":"Potrero Grande","fa":"پوتررو گرانده","fr":"Potrero Grande","hi":"पोट्रेरो ग्रांडे","hr":"Potrero Grande","it":"Potrero Grande","ja":"ポトレロ・グランデ","ko":"포트레로 그란데","nl":"Potrero Grande","pl":"Potrero Grande","pt":"Potrero Grande","pt-BR":"Potrero Grande","ru":"Потреро Гранде","tr":"Büyük Potrero","uk":"Потреро-Гранде","zh-CN":"波特雷罗格兰德"},"wikiDataId":"Q7235136"},{"id":80432,"name":"Puerto Caimito","state_id":1394,"state_code":"10","state_name":"Panamá Oeste","country_id":170,"country_code":"PA","country_name":"Panama","latitude":"8.87022000","longitude":"-79.71423000","native":"Puerto Caimito","type":"adm3","level":null,"parent_id":null,"population":4174,"timezone":"America/Panama","translations":{"ar":"بويرتو كايميتو","br":"Puerto Caimito","de":"Puerto Caimito","es":"Puerto Caimito","fa":"پورتو کایمیتو","fr":"Puerto Caimito","hi":"प्यूर्टो कैमिटो","hr":"Puerto Caimito","it":"Porto Caimito","ja":"プエルト・カイミト","ko":"푸에르토 카이미토","nl":"Puerto Caimito","pl":"Puerto Caimito","pt":"Porto Caimito","pt-BR":"Porto Caimito","ru":"Пуэрто-Каймито","tr":"Puerto Caimito","uk":"Пуерто-Кайміто","zh-CN":"卡米托港"},"wikiDataId":"Q3130855"},{"id":80458,"name":"Río Congo","state_id":1394,"state_code":"10","state_name":"Panamá Oeste","country_id":170,"country_code":"PA","country_name":"Panama","latitude":"8.96666000","longitude":"-79.76105000","native":"Río Congo","type":"adm3","level":null,"parent_id":null,"population":898,"timezone":"America/Panama","translations":{"ar":"ريو الكونغو","br":"Rio Kongo","de":"Rio Kongo","es":"Río Congo","fa":"ریو کنگو","fr":"Río Congo","hi":"रियो कांगो","hr":"Rio Kongo","it":"Rio Congo","ja":"リオコンゴ","ko":"리우콩고","nl":"Rio Congo","pl":"Rio Kongo","pt":"Rio Congo","pt-BR":"Rio Congo","ru":"Рио-Конго","tr":"Rio Kongo","uk":"Ріо-Конго","zh-CN":"刚果河"},"wikiDataId":"Q3130855"},{"id":80474,"name":"San Carlos","state_id":1394,"state_code":"10","state_name":"Panamá Oeste","country_id":170,"country_code":"PA","country_name":"Panama","latitude":"8.47323000","longitude":"-79.96104000","native":"San Carlos","type":"adm2","level":null,"parent_id":null,"population":857,"timezone":"America/Panama","translations":{"ar":"سان كارلوس","br":"San Carlos","de":"San Carlos","es":"San Carlos","fa":"سن کارلوس","fr":"San Carlos","hi":"सैन कार्लोस","hr":"San Carlos","it":"San Carlos","ja":"サンカルロス","ko":"산 카를로스","nl":"San Carlos","pl":"San Carlos","pt":"São Carlos","pt-BR":"São Carlos","ru":"Сан-Карлос","tr":"San Carlos","uk":"Сан-Карлос","zh-CN":"圣卡洛斯"},"wikiDataId":"Q7386411"},{"id":80481,"name":"San José","state_id":1394,"state_code":"10","state_name":"Panamá Oeste","country_id":170,"country_code":"PA","country_name":"Panama","latitude":"8.93333000","longitude":"-79.73333000","native":"San José","type":"section","level":null,"parent_id":null,"population":3982,"timezone":"America/Panama","translations":{"ar":"سان خوسيه","br":"San José","de":"San José","es":"San José","fa":"سن خوزه","fr":"San José","hi":"सैन होज़े","hr":"San José","it":"San José","ja":"サンホセ","ko":"산호세","nl":"San José","pl":"San Jose","pt":"São José","pt-BR":"São José","ru":"Сан-Хосе","tr":"San Jose","uk":"Сан-Хосе","zh-CN":"圣何塞"},"wikiDataId":"Q7386411"},{"id":80495,"name":"San Vicente de Bique","state_id":1394,"state_code":"10","state_name":"Panamá Oeste","country_id":170,"country_code":"PA","country_name":"Panama","latitude":"8.91143000","longitude":"-79.67360000","native":"San Vicente de Bique","type":"section","level":null,"parent_id":null,"population":1784,"timezone":"America/Panama","translations":{"ar":"سان فيسينتي دي بيك","br":"San Vicente de Bique","de":"San Vicente de Bique","es":"San Vicente de Bique","fa":"سن ویسنته د بیکه","fr":"San Vicente de Bique","hi":"सैन विसेंट डे बिक","hr":"San Vicente de Bique","it":"San Vicente de Bique","ja":"サン・ビセンテ・デ・ビケ","ko":"산 비센테 데 비케","nl":"San Vicente de Bique","pl":"San Vicente de Bique","pt":"São Vicente de Bique","pt-BR":"São Vicente de Bique","ru":"Сан-Висенте-де-Бике","tr":"San Vicente de Bique","uk":"Сан-Вісенте-де-Бік","zh-CN":"圣维森特德比克"},"wikiDataId":"Q932699"},{"id":80497,"name":"Santa Clara","state_id":1394,"state_code":"10","state_name":"Panamá Oeste","country_id":170,"country_code":"PA","country_name":"Panama","latitude":"9.02875000","longitude":"-79.75443000","native":"Santa Clara","type":"adm3","level":null,"parent_id":null,"population":1410,"timezone":"America/Panama","translations":{"ar":"سانتا كلارا","br":"Tad Nedeleg","de":"Santa Clara","es":"Santa Clara","fa":"سانتا کلارا","fr":"Santa Clara","hi":"सांता क्लारा","hr":"Santa Clara","it":"Santa Clara","ja":"サンタクララ","ko":"산타 클라라","nl":"Santa Clara","pl":"Święta Klara","pt":"Santa Clara","pt-BR":"Santa Clara","ru":"Санта-Клара","tr":"Santa Clara","uk":"Санта-Клара","zh-CN":"圣克拉拉"},"wikiDataId":"Q932699"},{"id":80505,"name":"Santa Rita","state_id":1394,"state_code":"10","state_name":"Panamá Oeste","country_id":170,"country_code":"PA","country_name":"Panama","latitude":"8.85681000","longitude":"-79.87954000","native":"Santa Rita","type":"adm3","level":null,"parent_id":null,"population":987,"timezone":"America/Panama","translations":{"ar":"سانتا ريتا","br":"Santa Rita","de":"Santa Rita","es":"Santa Rita","fa":"سانتا ریتا","fr":"Sainte Rita","hi":"सांता रीटा","hr":"Santa Rita","it":"Santa Rita","ja":"サンタ・リタ","ko":"산타 리타","nl":"Santa Rita","pl":"Święta Rita","pt":"Santa Rita","pt-BR":"Santa Rita","ru":"Санта-Рита","tr":"Santa Rita","uk":"Санта-Ріта","zh-CN":"圣丽塔"},"wikiDataId":"Q5620819"},{"id":80518,"name":"Sorá","state_id":1394,"state_code":"10","state_name":"Panamá Oeste","country_id":170,"country_code":"PA","country_name":"Panama","latitude":"8.63191000","longitude":"-80.00888000","native":"Frotis","type":"adm3","level":null,"parent_id":null,"population":598,"timezone":"America/Panama","translations":{"ar":"سورا","br":"Sorá","de":"Sorá","es":"Sorá","fa":"سورا","fr":"Sorá","hi":"सोरा","hr":"Sorá","it":"Sorá","ja":"ソラ","ko":"소라","nl":"Sorá","pl":"Sorá","pt":"Sorá","pt-BR":"Sorá","ru":"Сора","tr":"Sorá","uk":"Сора","zh-CN":"索拉"},"wikiDataId":"Q685509"},{"id":80540,"name":"Veracruz","state_id":1394,"state_code":"10","state_name":"Panamá Oeste","country_id":170,"country_code":"PA","country_name":"Panama","latitude":"8.88988000","longitude":"-79.62603000","native":"Veracruz","type":"adm3","level":null,"parent_id":null,"population":17144,"timezone":"America/Panama","translations":{"ar":"فيراكروز","br":"Veracruz","de":"Veracruz","es":"Veracruz","fa":"وراکروز","fr":"Veracruz","hi":"वेराक्रूज़","hr":"Veracruz","it":"Veracruz","ja":"ベラクルス","ko":"베라크루스","nl":"Veracruz","pl":"Veracruz","pt":"Veracruz","pt-BR":"Veracruz","ru":"Веракрус","tr":"Veracruz","uk":"Веракрус","zh-CN":"韦拉克鲁斯"},"wikiDataId":"Q3254645"},{"id":80543,"name":"Villa Carmen","state_id":1394,"state_code":"10","state_name":"Panamá Oeste","country_id":170,"country_code":"PA","country_name":"Panama","latitude":"8.79832000","longitude":"-79.86929000","native":"Villa Carmen","type":"adm3","level":null,"parent_id":null,"population":1043,"timezone":"America/Panama","translations":{"ar":"فيلا كارمن","br":"Villa Carmen","de":"Villa Carmen","es":"Villa Carmen","fa":"ویلا کارمن","fr":"Villa Carmen","hi":"विला कारमेन","hr":"Vila Carmen","it":"Villa Carmen","ja":"ヴィラ カルメン","ko":"빌라 카르멘","nl":"Villa Carmen","pl":"Willa Carmen","pt":"Vila Carmen","pt-BR":"Vila Carmen","ru":"Вилла Кармен","tr":"Villa Carmen","uk":"Вілла Кармен","zh-CN":"卡门别墅"},"wikiDataId":"Q3254645"},{"id":80545,"name":"Villa Rosario","state_id":1394,"state_code":"10","state_name":"Panamá Oeste","country_id":170,"country_code":"PA","country_name":"Panama","latitude":"8.77379000","longitude":"-79.87547000","native":"Villa Rosario","type":"adm3","level":null,"parent_id":null,"population":3843,"timezone":"America/Panama","translations":{"ar":"فيلا روزاريو","br":"Villa Rosario","de":"Villa Rosario","es":"Villa Rosario","fa":"ویلا روساریو","fr":"Villa Rosario","hi":"विला रोसारियो","hr":"Vila Rosario","it":"Villa Rosario","ja":"ヴィラ・ロザリオ","ko":"빌라 로사리오","nl":"Villa Rosario","pl":"Willa Rosario","pt":"Vila Rosário","pt-BR":"Vila Rosário","ru":"Вилла Росарио","tr":"Villa Rosario","uk":"Вілла Росаріо","zh-CN":"罗萨里奥别墅"},"wikiDataId":"Q3254645"},{"id":80547,"name":"Vista Alegre","state_id":1394,"state_code":"10","state_name":"Panamá Oeste","country_id":170,"country_code":"PA","country_name":"Panama","latitude":"8.92772000","longitude":"-79.70280000","native":"Vista Alegre","type":"adm3","level":null,"parent_id":null,"population":8673,"timezone":"America/Panama","translations":{"ar":"فيستا أليغري","br":"Vista Alegre","de":"Vista Alegre","es":"Vista Alegre","fa":"ویستا آلگره","fr":"Vista Alegre","hi":"विस्टा एलेग्रे","hr":"Vista Alegre","it":"Vista Alegre","ja":"ビスタアレグレ","ko":"비스타 알레그레","nl":"Vista Alegre","pl":"Vista Alegre","pt":"Vista Alegre","pt-BR":"Vista Alegre","ru":"Виста-Алегри","tr":"Vista Alegre","uk":"Віста-Алегре","zh-CN":"维斯塔阿莱格雷"},"wikiDataId":"Q33512189"}]