[{"id":67349,"name":"Danilovgrad","state_id":14,"state_code":"07","state_name":"Danilovgrad","country_id":147,"country_code":"ME","country_name":"Montenegro","latitude":"42.55384000","longitude":"19.14608000","native":"Даниловград","type":"adm1","level":null,"parent_id":null,"population":5156,"timezone":"Europe/Podgorica","translations":{"ar":"دانيلوفغراد","br":"Danilovgrad","de":"Danilovgrad","es":"Danilovgrad","fa":"دانیلوفگراد","fr":"Danilovgrad","hi":"डैनिलोव्ग्रैड","hr":"Danilovgrad","it":"Danilovgrad","ja":"ダニロヴグラード","ko":"다닐로브그라드","nl":"Danilovgrad","pl":"Danilovgrad","pt":"Danilovgrad","pt-BR":"Danilovgrad","ru":"Даниловград","tr":"Danilovgrad","uk":"Даниловград","zh-CN":"达尼洛夫格勒"},"wikiDataId":"Q115276"},{"id":67368,"name":"Spuž","state_id":14,"state_code":"07","state_name":"Danilovgrad","country_id":147,"country_code":"ME","country_name":"Montenegro","latitude":"42.51500000","longitude":"19.19500000","native":"Нагло да има сунђеру","type":"city","level":null,"parent_id":null,"population":1241,"timezone":"Europe/Podgorica","translations":{"ar":"سبوز","br":"Spuž","de":"Spuž","es":"Espuž","fa":"اسپوژ","fr":"Spuž","hi":"स्पूज़","hr":"Spuž","it":"Spuž","ja":"スプズ","ko":"스푸즈","nl":"Spuž","pl":"Spuž","pt":"Spuž","pt-BR":"Spuž","ru":"Спуж","tr":"Spuž","uk":"Спуж","zh-CN":"斯普日"},"wikiDataId":"Q3123315"}]