{"id":153728,"name":"Bidnija","state_id":140,"state_code":"32","state_name":"Mosta","country_id":135,"country_code":"MT","country_name":"Malta","latitude":"35.92694400","longitude":"14.39833300","native":"Bidnija","type":"adm1","level":null,"parent_id":null,"population":2615,"timezone":"Europe/Malta","translations":{"ar":"بيدنيجا","br":"Bidnija","de":"Bidnija","es":"Bidnija","fa":"بیدنیجا","fr":"Bidnija","hi":"बिदनिजा","hr":"Bidnija","it":"Bidnija","ja":"ビドニヤ","ko":"비드니자","nl":"Bidnija","pl":"Bidnija","pt":"Bidnija","pt-BR":"Bidnija","ru":"Бидния","tr":"Bidnija","uk":"Біднія","zh-CN":"比德尼亚"},"wikiDataId":"Q794641"}