[{"id":111081,"name":"Akutan","state_id":1400,"state_code":"AK","state_name":"Alaska","country_id":233,"country_code":"US","country_name":"United States","latitude":"54.13350000","longitude":"-165.77686000","native":"Acute","type":"city","level":null,"parent_id":null,"population":1589,"timezone":"America/Anchorage","translations":{"br":"Akutan","ko":"아쿠탄","pt-BR":"Akutan","pt":"Akutan","nl":"Akutan","hr":"Akutan","fa":"آکوتان","de":"Akutan","es":"Akutan","fr":"Akutan","ja":"アクタン","it":"Akutan","zh-CN":"阿库坦","tr":"Akutan","ru":"Акутан","uk":"Акутан","pl":"Akutan","hi":"अकुतन","ar":"أكوتان"},"wikiDataId":"Q79354"},{"id":111143,"name":"Aleutians East Borough","state_id":1400,"state_code":"AK","state_name":"Alaska","country_id":233,"country_code":"US","country_name":"United States","latitude":"54.85000000","longitude":"-163.41667000","native":"Aleutians East Borough","type":"city","level":null,"parent_id":null,"population":null,"timezone":"America/Anchorage","translations":{"br":"Aleutians East Borough","ko":"알류샨 동부 자치구","pt-BR":"Distrito Leste das Aleutas","pt":"Distrito Leste das Aleutas","nl":"Aleoeten Oost Borough","hr":"Istočni okrug Aleuta","fa":"بخش شرقی آلوتیانز","de":"Aleutians East Borough","es":"Municipio este de las Aleutianas","fr":"Arrondissement des Aléoutiennes Est","ja":"アリューシャンズ・イースト・ボロウ","it":"Borgo orientale delle Aleutine","zh-CN":"阿留申群岛东自治市","tr":"Aleutians Doğu Bölgesi","ru":"Алеутский Восточный округ","uk":"Алеутські острови Східний боро","pl":"Dzielnica Aleutów Wschodnich","hi":"अलेउतियन ईस्ट बरो","ar":"مقاطعة ألوشيان الشرقية"},"wikiDataId":"Q504371"},{"id":111144,"name":"Aleutians West Census Area","state_id":1400,"state_code":"AK","state_name":"Alaska","country_id":233,"country_code":"US","country_name":"United States","latitude":"52.16298000","longitude":"-174.28505000","native":"Aleutians West Census Area","type":"city","level":null,"parent_id":null,"population":5232,"timezone":"America/Adak","translations":{"br":"Rannvro niveradeg an Aleutianed ar C'hornôg","ko":"알류샨 서부 인구 조사 지역","pt-BR":"Área de Censo das Aleutas Ocidentais","pt":"Área de Censo das Aleutas Ocidentais","nl":"Aleoeten West Censusgebied","hr":"Popisno područje Zapadnog Aleuta","fa":"منطقه سرشماری غرب آلوتیان","de":"Volkszählungsgebiet Aleutians West","es":"Área censal de las Aleutianas Occidentales","fr":"Zone de recensement des îles Aléoutiennes occidentales","ja":"アリューシャン列島西部国勢調査地域","it":"Area censuaria delle Aleutine occidentali","zh-CN":"阿留申群岛西部人口普查区","tr":"Aleutlar Batı Nüfus Sayım Alanı","ru":"Переписной район Западных Алеутских островов","uk":"Західний переписний район Алеутських островів","pl":"Obszar spisowy Aleutów Zachodnich","hi":"अलेउतियन पश्चिम जनगणना क्षेत्र","ar":"منطقة تعداد غرب جزر ألوشيان"},"wikiDataId":"Q185533"},{"id":111303,"name":"Anchor Point","state_id":1400,"state_code":"AK","state_name":"Alaska","country_id":233,"country_code":"US","country_name":"United States","latitude":"59.77667000","longitude":"-151.83139000","native":"Anchor Point","type":"city","level":null,"parent_id":null,"population":1930,"timezone":"America/Anchorage","translations":{"br":"Poent ankoù","ko":"앵커 포인트","pt-BR":"Ponto de ancoragem","pt":"Ponto de ancoragem","nl":"Ankerpunt","hr":"Sidrišna točka","fa":"نقطه لنگر","de":"Ankerpunkt","es":"Punto de anclaje","fr":"Point d'ancrage","ja":"アンカーポイント","it":"Punto di ancoraggio","zh-CN":"锚点","tr":"Çapa Noktası","ru":"Опорная точка","uk":"Точка прив'язки","pl":"Punkt kotwiczenia","hi":"ऐंकर बिंदु","ar":"نقطة الارتكاز"},"wikiDataId":"Q489206"},{"id":111305,"name":"Anchorage","state_id":1400,"state_code":"AK","state_name":"Alaska","country_id":233,"country_code":"US","country_name":"United States","latitude":"61.21806000","longitude":"-149.90028000","native":"Anchorage","type":"adm2","level":null,"parent_id":null,"population":289600,"timezone":"America/Anchorage","translations":{"br":"Anchorage","ko":"앵커리지","pt-BR":"Ancoragem","pt":"Ancoragem","nl":"Ankerplaats","hr":"Sidrište","fa":"انکوریج","de":"Anchorage","es":"Anclaje","fr":"Ancrage","ja":"アンカレッジ","it":"Ancoraggio","zh-CN":"安克雷奇","tr":"Demirleme","ru":"Анкоридж","uk":"Анкоридж","pl":"Zamocowanie","hi":"लंगर गाह","ar":"مرسى"},"wikiDataId":"Q39450"},{"id":111306,"name":"Anchorage Municipality","state_id":1400,"state_code":"AK","state_name":"Alaska","country_id":233,"country_code":"US","country_name":"United States","latitude":"61.16667000","longitude":"-149.25056000","native":"Anchorage Municipality","type":"municipality","level":null,"parent_id":null,"population":null,"timezone":"America/Anchorage","translations":{"br":"Kumuniezh Anchorage","ko":"앵커리지 시","pt-BR":"Município de Anchorage","pt":"Município de Anchorage","nl":"Gemeente Anchorage","hr":"Općina Anchorage","fa":"شهرداری انکوریج","de":"Gemeinde Anchorage","es":"Municipio de Anchorage","fr":"Municipalité d'Anchorage","ja":"アンカレッジ市","it":"Comune di Anchorage","zh-CN":"安克雷奇市","tr":"Anchorage Belediyesi","ru":"Муниципалитет Анкориджа","uk":"Муніципалітет Анкориджа","pl":"Gmina Anchorage","hi":"एंकोरेज नगर पालिका","ar":"بلدية أنكوريج"},"wikiDataId":"Q49297981"},{"id":111724,"name":"Badger","state_id":1400,"state_code":"AK","state_name":"Alaska","country_id":233,"country_code":"US","country_name":"United States","latitude":"64.80000000","longitude":"-147.53333000","native":"Badger","type":"city","level":null,"parent_id":null,"population":19482,"timezone":"America/Anchorage","translations":{"br":"Badger","ko":"오소리","pt-BR":"Texugo","pt":"Texugo","nl":"Das","hr":"Jazavac","fa":"گورکن","de":"Dachs","es":"Tejón","fr":"Blaireau","ja":"アナグマ","it":"Tasso","zh-CN":"獾","tr":"Porsuk","ru":"Барсук","uk":"Борсук","pl":"Borsuk","hi":"बिज्जू","ar":"الغرير"},"wikiDataId":"Q600967"},{"id":111852,"name":"Barrow","state_id":1400,"state_code":"AK","state_name":"Alaska","country_id":233,"country_code":"US","country_name":"United States","latitude":"71.29058000","longitude":"-156.78872000","native":"Barrow","type":"city","level":null,"parent_id":null,"population":0,"timezone":"America/Anchorage","translations":{"br":"Barrow","ko":"손수레","pt-BR":"Carrinho de mão","pt":"Carrinho de mão","nl":"Kruiwagen","hr":"Barrow","fa":"بارو","de":"Karren","es":"Carretilla","fr":"Brouette","ja":"バロー","it":"Carriola","zh-CN":"巴罗","tr":"El arabası","ru":"Барроу","uk":"Барроу","pl":"Kurhan","hi":"ठेला","ar":"رابية"},"wikiDataId":"Q79809"},{"id":111976,"name":"Bear Creek","state_id":1400,"state_code":"AK","state_name":"Alaska","country_id":233,"country_code":"US","country_name":"United States","latitude":"60.16417000","longitude":"-149.39500000","native":"Bear Creek","type":"city","level":null,"parent_id":null,"population":1956,"timezone":"America/Anchorage","translations":{"br":"Bear Creek","ko":"베어 크릭","pt-BR":"Riacho do Urso","pt":"Riacho do Urso","nl":"Berenkreek","hr":"Medvjeđi potok","fa":"خرس نهر","de":"Bear Creek","es":"Bear Creek","fr":"Ruisseau de l'Ours","ja":"ベアクリーク","it":"Bear Creek","zh-CN":"熊溪","tr":"Ayı Deresi","ru":"Медвежий ручей","uk":"Ведмежий струмок","pl":"Bear Creek","hi":"बेयर क्रीक","ar":"بير كريك"},"wikiDataId":"Q2117474"},{"id":112281,"name":"Bethel","state_id":1400,"state_code":"AK","state_name":"Alaska","country_id":233,"country_code":"US","country_name":"United States","latitude":"60.79222000","longitude":"-161.75583000","native":"Bethel","type":"city","level":null,"parent_id":null,"population":6450,"timezone":"America/Anchorage","translations":{"br":"Betel","ko":"베델","pt-BR":"Betel","pt":"Betel","nl":"Bethel","hr":"Betel","fa":"بتل","de":"Bethel","es":"Capilla para marinos","fr":"Béthel","ja":"ベテル","it":"Betel","zh-CN":"伯特利","tr":"Beytel","ru":"Вефиль","uk":"Бетель","pl":"Betel","hi":"बेतेल","ar":"بيت إيل"},"wikiDataId":"Q80022"},{"id":112284,"name":"Bethel Census Area","state_id":1400,"state_code":"AK","state_name":"Alaska","country_id":233,"country_code":"US","country_name":"United States","latitude":"60.75056000","longitude":"-160.50056000","native":"Bethel Census Area","type":"city","level":null,"parent_id":null,"population":18666,"timezone":"America/Anchorage","translations":{"br":"Takad niveradeg Betel","ko":"베델 인구 조사 지역","pt-BR":"Área Censitária de Bethel","pt":"Área Censitária de Bethel","nl":"Bethel Censusgebied","hr":"Popisno područje Bethel","fa":"منطقه سرشماری بتل","de":"Volkszählungsgebiet Bethel","es":"Área del censo de Bethel","fr":"Zone de recensement de Bethel","ja":"ベテル国勢調査地域","it":"Area di censimento di Bethel","zh-CN":"伯特利人口普查区","tr":"Bethel Nüfus Sayımı Alanı","ru":"Район переписи населения Бетел","uk":"Переписний район Бетел","pl":"Obszar spisowy Bethel","hi":"बेथेल जनगणना क्षेत्र","ar":"منطقة تعداد بيت إيل"},"wikiDataId":"Q500312"},{"id":112325,"name":"Big Lake","state_id":1400,"state_code":"AK","state_name":"Alaska","country_id":233,"country_code":"US","country_name":"United States","latitude":"61.52139000","longitude":"-149.95444000","native":"Big Lake","type":"city","level":null,"parent_id":null,"population":2965,"timezone":"America/Anchorage","translations":{"br":"Lenn Vras","ko":"빅 레이크","pt-BR":"Lago Grande","pt":"Lago Grande","nl":"Groot Meer","hr":"Veliko jezero","fa":"دریاچه بزرگ","de":"Großer See","es":"Gran lago","fr":"Grand Lac","ja":"ビッグレイク","it":"Grande Lago","zh-CN":"大湖","tr":"Büyük Göl","ru":"Большое озеро","uk":"Велике озеро","pl":"Duże Jezioro","hi":"बड़ी झील","ar":"البحيرة الكبيرة"},"wikiDataId":"Q859012"},{"id":112813,"name":"Bristol Bay Borough","state_id":1400,"state_code":"AK","state_name":"Alaska","country_id":233,"country_code":"US","country_name":"United States","latitude":"58.75056000","longitude":"-156.83333000","native":"Bristol Bay Borough","type":"city","level":null,"parent_id":null,"population":null,"timezone":"America/Anchorage","translations":{"br":"Bristol Bay Borough","ko":"브리스톨 베이 자치구","pt-BR":"Distrito da Baía de Bristol","pt":"Distrito da Baía de Bristol","nl":"Bristol Bay Borough","hr":"Općina Bristol Bay","fa":"منطقه خلیج بریستول","de":"Bristol Bay Bezirk","es":"Distrito de la bahía de Bristol","fr":"Arrondissement de la baie de Bristol","ja":"ブリストルベイ自治区","it":"Borgo della baia di Bristol","zh-CN":"布里斯托尔湾自治市","tr":"Bristol Körfezi İlçesi","ru":"Бристольский залив Боро","uk":"Брістольська затока","pl":"Dzielnica Bristol Bay","hi":"ब्रिस्टल बे बरो","ar":"منطقة خليج بريستول"},"wikiDataId":"Q501130"},{"id":113124,"name":"Butte","state_id":1400,"state_code":"AK","state_name":"Alaska","country_id":233,"country_code":"US","country_name":"United States","latitude":"61.54222000","longitude":"-149.03333000","native":"Butte","type":"city","level":null,"parent_id":null,"population":3246,"timezone":"America/Anchorage","translations":{"br":"Butte","ko":"버트","pt-BR":"Butte","pt":"Butte","nl":"Butte","hr":"Butte","fa":"بوت","de":"Butte","es":"Butte","fr":"Butte","ja":"ビュート","it":"Butte","zh-CN":"比尤特","tr":"Tepe","ru":"Бьютт","uk":"Бьютт","pl":"Butte","hi":"बट्टे","ar":"بوت"},"wikiDataId":"Q1018029"},{"id":113917,"name":"Chevak","state_id":1400,"state_code":"AK","state_name":"Alaska","country_id":233,"country_code":"US","country_name":"United States","latitude":"61.52778000","longitude":"-165.58639000","native":"Chevak","type":"city","level":null,"parent_id":null,"population":951,"timezone":"America/Nome","translations":{"br":"Chevak","ko":"체박","pt-BR":"Chevak","pt":"Chevak","nl":"Chevak","hr":"Čevak","fa":"چواک","de":"Chevak","es":"Chevak","fr":"Chevak","ja":"チェヴァク","it":"Chevak","zh-CN":"切瓦克","tr":"Çevak","ru":"Чевак","uk":"Чевак","pl":"Chevak","hi":"चेवाक","ar":"تشيفاك"},"wikiDataId":"Q79343"},{"id":114045,"name":"City and Borough of Wrangell","state_id":1400,"state_code":"AK","state_name":"Alaska","country_id":233,"country_code":"US","country_name":"United States","latitude":"56.41331000","longitude":"-132.32009000","native":"City and Borough of Wrangell","type":"city","level":null,"parent_id":null,"population":null,"timezone":"America/Anchorage","translations":{"br":"Kêr ha tolpad-kêrioù Wrangell","ko":"랭겔 시와 자치구","pt-BR":"Cidade e distrito de Wrangell","pt":"Cidade e distrito de Wrangell","nl":"en gemeente Wrangell","hr":"Grad i općina Wrangell","fa":"شهر و بخش رنگل","de":"Stadt und Bezirk Wrangell","es":"Ciudad y municipio de Wrangell","fr":"Ville et arrondissement de Wrangell","ja":"ランゲル市および自治区","it":"Città e borgo di Wrangell","zh-CN":"兰格尔市和自治市","tr":"Wrangell Şehri ve İlçesi","ru":"Город и округ Врангель","uk":"Місто та район Врангель","pl":"Miasto i gmina Wrangell","hi":"रैंगल शहर और बरो","ar":"مدينة وبلدة رانجيل"},"wikiDataId":"Q949191"},{"id":114374,"name":"Cohoe","state_id":1400,"state_code":"AK","state_name":"Alaska","country_id":233,"country_code":"US","country_name":"United States","latitude":"60.36861000","longitude":"-151.30639000","native":"Cohoe","type":"city","level":null,"parent_id":null,"population":1364,"timezone":"America/Anchorage","translations":{"br":"Cohoe","ko":"코호","pt-BR":"Cohoe","pt":"Cohoe","nl":"Cohoe","hr":"Cohoe","fa":"کوهو","de":"Cohoe","es":"Cohoe","fr":"Cohoe","ja":"コホー","it":"Cohoe","zh-CN":"科霍","tr":"Cohoe","ru":"Кохо","uk":"Кохо","pl":"Cohoe","hi":"कोहो","ar":"سمك الكوهو"},"wikiDataId":"Q2642177"},{"id":114412,"name":"College","state_id":1400,"state_code":"AK","state_name":"Alaska","country_id":233,"country_code":"US","country_name":"United States","latitude":"64.85694000","longitude":"-147.80278000","native":"College","type":"city","level":null,"parent_id":null,"population":12964,"timezone":"America/Anchorage","translations":{"br":"Studioù","ko":"대학","pt-BR":"Faculdade","pt":"Faculdade","nl":"Middelbare school","hr":"Koledž","fa":"کالج","de":"Hochschule","es":"Colega","fr":"Collège","ja":"カレッジ","it":"College","zh-CN":"大学","tr":"Kolej","ru":"Колледж","uk":"Коледж","pl":"Kolegium","hi":"कॉलेज","ar":"كلية"},"wikiDataId":"Q996048"},{"id":114640,"name":"Cordova","state_id":1400,"state_code":"AK","state_name":"Alaska","country_id":233,"country_code":"US","country_name":"United States","latitude":"60.54320000","longitude":"-145.75867000","native":"Cordova","type":"city","level":null,"parent_id":null,"population":2196,"timezone":"America/Anchorage","translations":{"br":"Cordova","ko":"코르도바","pt-BR":"Córdoba","pt":"Córdoba","nl":"Cordova","hr":"Kordoba","fa":"کوردووا","de":"Córdoba","es":"Córdoba","fr":"Cordoue","ja":"コルドバ","it":"Cordova","zh-CN":"科尔多瓦","tr":"Kordoba","ru":"Кордова","uk":"Кордова","pl":"Kordowa","hi":"कॉर्डोबा","ar":"كوردوفا"},"wikiDataId":"Q79607"},{"id":114756,"name":"Craig","state_id":1400,"state_code":"AK","state_name":"Alaska","country_id":233,"country_code":"US","country_name":"United States","latitude":"55.47639000","longitude":"-133.14833000","native":"Craig","type":"city","level":null,"parent_id":null,"population":1036,"timezone":"America/Juneau","translations":{"br":"Craig","ko":"크레이그","pt-BR":"Craig","pt":"Craig","nl":"Craig","hr":"Craig","fa":"کریگ","de":"Craig","es":"Craig","fr":"Craig","ja":"クレイグ","it":"Craig","zh-CN":"克雷格","tr":"Craig","ru":"Крейг","uk":"Крейг","pl":"Craig","hi":"क्रेग","ar":"كريج"},"wikiDataId":"Q3002001"},{"id":115227,"name":"Deltana","state_id":1400,"state_code":"AK","state_name":"Alaska","country_id":233,"country_code":"US","country_name":"United States","latitude":"63.87217000","longitude":"-145.21773000","native":"Deltana","type":"city","level":null,"parent_id":null,"population":2251,"timezone":"America/Anchorage","translations":{"br":"Deltana","ko":"델타나","pt-BR":"Deltana","pt":"Deltana","nl":"Deltana","hr":"Deltana","fa":"دلتانا","de":"Deltana","es":"Deltana","fr":"Deltana","ja":"デルタナ","it":"Deltana","zh-CN":"德尔塔纳","tr":"Deltana","ru":"Дельтана","uk":"Дельтана","pl":"Deltana","hi":"डेल्टाना","ar":"دلتانا"},"wikiDataId":"Q312149"},{"id":115235,"name":"Denali Borough","state_id":1400,"state_code":"AK","state_name":"Alaska","country_id":233,"country_code":"US","country_name":"United States","latitude":"63.78889000","longitude":"-150.19167000","native":"Denali Borough","type":"city","level":null,"parent_id":null,"population":null,"timezone":"America/Anchorage","translations":{"br":"Denali Borough","ko":"데날리 자치구","pt-BR":"Distrito de Denali","pt":"Distrito de Denali","nl":"Denali Borough","hr":"Općina Denali","fa":"بخش دنالی","de":"Denali Borough","es":"Municipio de Denali","fr":"Arrondissement de Denali","ja":"デナリ自治区","it":"Distretto di Denali","zh-CN":"德纳里自治市","tr":"Denali İlçesi","ru":"Денали Боро","uk":"Деналі Боро","pl":"Dzielnica Denali","hi":"डेनाली बरो","ar":"منطقة دينالي"},"wikiDataId":"Q179950"},{"id":115315,"name":"Diamond Ridge","state_id":1400,"state_code":"AK","state_name":"Alaska","country_id":233,"country_code":"US","country_name":"United States","latitude":"59.67611000","longitude":"-151.55750000","native":"Diamond Ridge","type":"city","level":null,"parent_id":null,"population":1156,"timezone":"America/Anchorage","translations":{"br":"Diamond Ridge","ko":"다이아몬드 리지","pt-BR":"Cume do Diamante","pt":"Cume do Diamante","nl":"Diamond Ridge","hr":"Dijamantni greben","fa":"الماس ریج","de":"Diamantgrat","es":"Cresta de diamante","fr":"Crête du Diamant","ja":"ダイヤモンドリッジ","it":"Diamond Ridge","zh-CN":"钻石岭","tr":"Elmas Sırtı","ru":"Даймонд-Ридж","uk":"Даймонд-Рідж","pl":"Diamentowy Grzbiet","hi":"डायमंड रिज","ar":"دايموند ريدج"},"wikiDataId":"Q2740303"},{"id":115340,"name":"Dillingham","state_id":1400,"state_code":"AK","state_name":"Alaska","country_id":233,"country_code":"US","country_name":"United States","latitude":"59.03972000","longitude":"-158.45750000","native":"Dillingham","type":"city","level":null,"parent_id":null,"population":2249,"timezone":"America/Anchorage","translations":{"br":"Dillingham","ko":"딜링햄","pt-BR":"Dillingham","pt":"Dillingham","nl":"Dillingham","hr":"Dillingham","fa":"دیلینگهام","de":"Dillingham","es":"Dillingham","fr":"Dillingham","ja":"ディリンガム","it":"Dillingham","zh-CN":"迪林厄姆","tr":"Dillingham","ru":"Диллингем","uk":"Діллінгем","pl":"Dillingham","hi":"डिलिंगम","ar":"ديلينجهام"},"wikiDataId":"Q79383"},{"id":115341,"name":"Dillingham Census Area","state_id":1400,"state_code":"AK","state_name":"Alaska","country_id":233,"country_code":"US","country_name":"United States","latitude":"59.76193000","longitude":"-158.31848000","native":"Dillingham Census Area","type":"city","level":null,"parent_id":null,"population":4857,"timezone":"America/Anchorage","translations":{"br":"Takad niveradeg Dillingham","ko":"딜링햄 인구 조사 지역","pt-BR":"Área Censitária de Dillingham","pt":"Área Censitária de Dillingham","nl":"Dillingham Censusgebied","hr":"Popisno područje Dillinghama","fa":"منطقه سرشماری دیلینگهام","de":"Volkszählungsgebiet Dillingham","es":"Área censal de Dillingham","fr":"Zone de recensement de Dillingham","ja":"ディリンガム国勢調査地域","it":"Area di censimento di Dillingham","zh-CN":"迪灵厄姆人口普查区","tr":"Dillingham Nüfus Sayımı Alanı","ru":"Район переписи населения Диллингема","uk":"Діллінгемський переписний округ","pl":"Obszar spisowy Dillingham","hi":"डिलिंगहैम जनगणना क्षेत्र","ar":"منطقة تعداد ديلينجهام"},"wikiDataId":"Q277728"},{"id":115578,"name":"Dutch Harbor","state_id":1400,"state_code":"AK","state_name":"Alaska","country_id":233,"country_code":"US","country_name":"United States","latitude":"53.88980000","longitude":"-166.54220000","native":"Dutch Harbor","type":"city","level":null,"parent_id":null,"population":4376,"timezone":"America/Anchorage","translations":{"br":"Porzh an Izelvroioù","ko":"더치 하버","pt-BR":"Porto holandês","pt":"Porto holandês","nl":"Nederlandse haven","hr":"Nizozemska luka","fa":"بندر داچ","de":"Niederländischer Hafen","es":"Puerto holandés","fr":"Port hollandais","ja":"ダッチハーバー","it":"Porto olandese","zh-CN":"荷兰港","tr":"Hollanda Limanı","ru":"Датч-Харбор","uk":"Голландська гавань","pl":"Holenderski Port","hi":"डच हार्बर","ar":"ميناء داتش"},"wikiDataId":"Q777022"},{"id":115612,"name":"Eagle River","state_id":1400,"state_code":"AK","state_name":"Alaska","country_id":233,"country_code":"US","country_name":"United States","latitude":"61.32139000","longitude":"-149.56778000","native":"Eagle River","type":"city","level":null,"parent_id":null,"population":24793,"timezone":"America/Anchorage","translations":{"br":"Stêr Eagle","ko":"이글 리버","pt-BR":"Rio Eagle","pt":"Rio Eagle","nl":"Adelaarsrivier","hr":"Rijeka Orao","fa":"رودخانه ایگل","de":"Eagle River","es":"Río Eagle","fr":"Rivière Eagle","ja":"イーグルリバー","it":"Fiume Eagle","zh-CN":"鹰河","tr":"Kartal Nehri","ru":"Игл-Ривер","uk":"Ігл-Рівер","pl":"Rzeka Eagle","hi":"ईगल नदी","ar":"نهر النسر"},"wikiDataId":"Q5325228"},{"id":115909,"name":"Eielson Air Force Base","state_id":1400,"state_code":"AK","state_name":"Alaska","country_id":233,"country_code":"US","country_name":"United States","latitude":"64.66327000","longitude":"-147.05442000","native":"Eielson Air Force Base","type":"city","level":null,"parent_id":null,"population":2647,"timezone":"America/Anchorage","translations":{"br":"Diazez aerlu Eielson","ko":"아일슨 공군 기지","pt-BR":"Base Aérea de Eielson","pt":"Base Aérea de Eielson","nl":"Luchtmachtbasis Eielson","hr":"Zračna baza Eielson","fa":"پایگاه نیروی هوایی ایلسون","de":"Luftwaffenstützpunkt Eielson","es":"Base de la Fuerza Aérea Eielson","fr":"Base aérienne d'Eielson","ja":"アイエルソン空軍基地","it":"Base aeronautica di Eielson","zh-CN":"艾尔森空军基地","tr":"Eielson Hava Kuvvetleri Üssü","ru":"База ВВС Эйлсон","uk":"Авіабаза Ейєлсон","pl":"Baza Sił Powietrznych Eielson","hi":"आइल्सन वायु सेना बेस","ar":"قاعدة إيلسون الجوية"},"wikiDataId":"Q181297"},{"id":116049,"name":"Elmendorf Air Force Base","state_id":1400,"state_code":"AK","state_name":"Alaska","country_id":233,"country_code":"US","country_name":"United States","latitude":"61.25703000","longitude":"-149.63139000","native":"Elmendorf Air Force Base","type":"city","level":null,"parent_id":null,"population":6621,"timezone":"America/Anchorage","translations":{"br":"Diazez aerlu Elmendorf","ko":"엘멘도르프 공군 기지","pt-BR":"Base Aérea de Elmendorf","pt":"Base Aérea de Elmendorf","nl":"Luchtmachtbasis Elmendorf","hr":"Zračna baza Elmendorf","fa":"پایگاه نیروی هوایی المندورف","de":"Luftwaffenstützpunkt Elmendorf","es":"Base de la Fuerza Aérea Elmendorf","fr":"Base aérienne d'Elmendorf","ja":"エルメンドルフ空軍基地","it":"Base aeronautica di Elmendorf","zh-CN":"埃尔门多夫空军基地","tr":"Elmendorf Hava Kuvvetleri Üssü","ru":"База ВВС Элмендорф","uk":"Повітряна база Елмендорф","pl":"Baza Sił Powietrznych Elmendorf","hi":"एल्मेंडॉर्फ वायु सेना बेस","ar":"قاعدة إلمندورف الجوية"},"wikiDataId":"Q972273"},{"id":116206,"name":"Ester","state_id":1400,"state_code":"AK","state_name":"Alaska","country_id":233,"country_code":"US","country_name":"United States","latitude":"64.84722000","longitude":"-148.01444000","native":"Ester","type":"city","level":null,"parent_id":null,"population":2422,"timezone":"America/Anchorage","translations":{"br":"Ester","ko":"에스테르","pt-BR":"Éster","pt":"Éster","nl":"Ester","hr":"Ester","fa":"استر","de":"Ester","es":"Ester","fr":"Ester","ja":"エステル","it":"Estere","zh-CN":"酯","tr":"Ester","ru":"Эстер","uk":"Естер","pl":"Ester","hi":"एस्टर","ar":"إستر"},"wikiDataId":"Q389443"},{"id":116290,"name":"Fairbanks","state_id":1400,"state_code":"AK","state_name":"Alaska","country_id":233,"country_code":"US","country_name":"United States","latitude":"64.83778000","longitude":"-147.71639000","native":"Fairbanks","type":"adm2","level":null,"parent_id":null,"population":32515,"timezone":"America/Anchorage","translations":{"br":"Fairbanks","ko":"페어뱅크스","pt-BR":"Fairbanks","pt":"Fairbanks","nl":"Fairbanks","hr":"Fairbanks","fa":"فیربنکس","de":"Fairbanks","es":"Fairbanks","fr":"Fairbanks","ja":"フェアバンクス","it":"Fairbanks","zh-CN":"费尔班克斯","tr":"Fairbanks","ru":"Фэрбенкс","uk":"Фербенкс","pl":"Fairbanks","hi":"फेयरबैंक्स","ar":"فيربانكس"},"wikiDataId":"Q79638"},{"id":116291,"name":"Fairbanks North Star Borough","state_id":1400,"state_code":"AK","state_name":"Alaska","country_id":233,"country_code":"US","country_name":"United States","latitude":"64.83333000","longitude":"-146.41667000","native":"Fairbanks North Star Borough","type":"city","level":null,"parent_id":null,"population":null,"timezone":"America/Anchorage","translations":{"br":"Fairbanks North Star Borough","ko":"페어뱅크스 노스 스타 자치구","pt-BR":"Distrito de Fairbanks North Star","pt":"Distrito de Fairbanks North Star","nl":"Fairbanks North Star Borough","hr":"Općina Fairbanks North Star","fa":"فیربنکس، بخش نورث استار","de":"Fairbanks North Star Borough","es":"Municipio de la Estrella del Norte de Fairbanks","fr":"Arrondissement de Fairbanks North Star","ja":"フェアバンクス・ノーススター自治区","it":"Borgo di Fairbanks North Star","zh-CN":"费尔班克斯北极星自治市镇","tr":"Fairbanks North Star İlçesi","ru":"Фэрбанкс Норт Стар Боро","uk":"Фербенкс, округ Норт-Стар","pl":"Dzielnica Fairbanks North Star","hi":"फेयरबैंक्स नॉर्थ स्टार बरो","ar":"منطقة فيربانكس نورث ستار"},"wikiDataId":"Q512901"},{"id":116401,"name":"Farm Loop","state_id":1400,"state_code":"AK","state_name":"Alaska","country_id":233,"country_code":"US","country_name":"United States","latitude":"61.63891000","longitude":"-149.14215000","native":"Farm Loop","type":"city","level":null,"parent_id":null,"population":1028,"timezone":"America/Anchorage","translations":{"br":"Boukl ar feurm","ko":"팜 루프","pt-BR":"Circuito da Fazenda","pt":"Circuito da Fazenda","nl":"Boerderijlus","hr":"Poljoprivredna petlja","fa":"حلقه مزرعه","de":"Farm-Rundweg","es":"Circuito agrícola","fr":"Boucle de la ferme","ja":"ファームループ","it":"Farm Loop","zh-CN":"农场环路","tr":"Çiftlik Döngüsü","ru":"Фермерский цикл","uk":"Фермерська петля","pl":"Pętla Farmy","hi":"फार्म लूप","ar":"حلقة المزرعة"},"wikiDataId":"Q942831"},{"id":116404,"name":"Farmers Loop","state_id":1400,"state_code":"AK","state_name":"Alaska","country_id":233,"country_code":"US","country_name":"United States","latitude":"64.90822000","longitude":"-147.69866000","native":"Farmers Loop","type":"city","level":null,"parent_id":null,"population":4853,"timezone":"America/Anchorage","translations":{"br":"Boukl al labourerien-douar","ko":"파머스 루프","pt-BR":"Circuito dos Agricultores","pt":"Circuito dos Agricultores","nl":"Boerenlus","hr":"Poljoprivredna petlja","fa":"حلقه کشاورزان","de":"Bauernschleife","es":"Circuito de agricultores","fr":"Boucle des agriculteurs","ja":"ファーマーズループ","it":"Farmers Loop","zh-CN":"农民环路","tr":"Çiftçiler Döngüsü","ru":"Фермерская петля","uk":"Петля фермерів","pl":"Pętla Rolnicza","hi":"किसान लूप","ar":"حلقة المزارعين"},"wikiDataId":"Q980067"},{"id":116531,"name":"Fishhook","state_id":1400,"state_code":"AK","state_name":"Alaska","country_id":233,"country_code":"US","country_name":"United States","latitude":"61.74402000","longitude":"-149.23613000","native":"Fishhook","type":"city","level":null,"parent_id":null,"population":4679,"timezone":"America/Anchorage","translations":{"br":"Krog-pesketa","ko":"낚시","pt-BR":"Anzol","pt":"Anzol","nl":"Vishaak","hr":"Udica za ribu","fa":"قلاب ماهیگیری","de":"Angelhaken","es":"Anzuelo","fr":"Hameçon","ja":"釣り針","it":"Amo","zh-CN":"钓钩","tr":"Olta","ru":"Рыболовный крючок","uk":"Рибальський гачок","pl":"Haczyk wędkarski","hi":"मछली का कांटा","ar":"شص"},"wikiDataId":"Q1420757"},{"id":116959,"name":"Fritz Creek","state_id":1400,"state_code":"AK","state_name":"Alaska","country_id":233,"country_code":"US","country_name":"United States","latitude":"59.73611000","longitude":"-151.29528000","native":"Fritz Creek","type":"city","level":null,"parent_id":null,"population":1932,"timezone":"America/Anchorage","translations":{"br":"Fritz Creek","ko":"프리츠 크릭","pt-BR":"Riacho Fritz","pt":"Riacho Fritz","nl":"Fritz Creek","hr":"Fritz Creek","fa":"فریتز کریک","de":"Fritz Creek","es":"Arroyo Fritz","fr":"Ruisseau Fritz","ja":"フリッツクリーク","it":"Fritz Creek","zh-CN":"弗里茨溪","tr":"Fritz Deresi","ru":"Фриц Крик","uk":"Фріц-Крік","pl":"Fritz Creek","hi":"फ्रिट्ज़ क्रीक","ar":"فريتز كريك"},"wikiDataId":"Q2740315"},{"id":117124,"name":"Gateway","state_id":1400,"state_code":"AK","state_name":"Alaska","country_id":233,"country_code":"US","country_name":"United States","latitude":"61.57278000","longitude":"-149.24083000","native":"Gateway","type":"city","level":null,"parent_id":null,"population":5552,"timezone":"America/Anchorage","translations":{"br":"Porzh","ko":"게이트웨이","pt-BR":"Portal","pt":"Portal","nl":"Poort","hr":"Pristupnik","fa":"دروازه","de":"Tor","es":"Puerta","fr":"Porte","ja":"ゲートウェイ","it":"Portale","zh-CN":"网关","tr":"Geçit","ru":"Шлюз","uk":"Шлюз","pl":"Wejście","hi":"द्वार","ar":"بوابة"},"wikiDataId":"Q225480"},{"id":117230,"name":"Girdwood","state_id":1400,"state_code":"AK","state_name":"Alaska","country_id":233,"country_code":"US","country_name":"United States","latitude":"60.94250000","longitude":"-149.16639000","native":"Girdwood","type":"city","level":null,"parent_id":null,"population":2250,"timezone":"America/Anchorage","translations":{"br":"Koad-korn","ko":"거드우드","pt-BR":"Girdwood","pt":"Girdwood","nl":"Girdwood","hr":"Girdwood","fa":"گیردوود","de":"Girdwood","es":"Girdwood","fr":"Girdwood","ja":"ガードウッド","it":"Girdwood","zh-CN":"吉尔伍德","tr":"Girdwood","ru":"Гирдвуд","uk":"Гірдвуд","pl":"Girdwood","hi":"गिर्डवुड","ar":"جيردوود"},"wikiDataId":"Q3055477"},{"id":117843,"name":"Haines","state_id":1400,"state_code":"AK","state_name":"Alaska","country_id":233,"country_code":"US","country_name":"United States","latitude":"59.23595000","longitude":"-135.44533000","native":"Haines","type":"city","level":null,"parent_id":null,"population":1713,"timezone":"America/Juneau","translations":{"br":"Haines","ko":"헤인즈","pt-BR":"Haines","pt":"Haines","nl":"Haines","hr":"Haines","fa":"هاینز","de":"Haines","es":"Haines","fr":"Haines","ja":"ヘインズ","it":"Haines","zh-CN":"海恩斯","tr":"Haines","ru":"Хейнс","uk":"Гейнс","pl":"Haines","hi":"हैंस","ar":"هاينز"},"wikiDataId":"Q79546"},{"id":117844,"name":"Haines Borough","state_id":1400,"state_code":"AK","state_name":"Alaska","country_id":233,"country_code":"US","country_name":"United States","latitude":"59.25056000","longitude":"-135.50056000","native":"Haines Borough","type":"city","level":null,"parent_id":null,"population":null,"timezone":"America/Anchorage","translations":{"br":"Haines Borough","ko":"헤인스 자치구","pt-BR":"Distrito de Haines","pt":"Distrito de Haines","nl":"Haines Borough","hr":"Općina Haines","fa":"هینز بورو","de":"Bezirk Haines","es":"Municipio de Haines","fr":"Arrondissement de Haines","ja":"ヘインズ自治区","it":"Borgo di Haines","zh-CN":"海恩斯自治市","tr":"Haines İlçesi","ru":"округ Хейнс","uk":"Район Гейнс","pl":"Dzielnica Haines","hi":"हैन्स बरो","ar":"منطقة هاينز"},"wikiDataId":"Q512981"},{"id":118219,"name":"Healy","state_id":1400,"state_code":"AK","state_name":"Alaska","country_id":233,"country_code":"US","country_name":"United States","latitude":"63.85694000","longitude":"-148.96611000","native":"Healy","type":"city","level":null,"parent_id":null,"population":1021,"timezone":"America/Anchorage","translations":{"br":"Healy","ko":"힐리","pt-BR":"Healy","pt":"Healy","nl":"Healy","hr":"Healy","fa":"هیلی","de":"Healy","es":"Healy","fr":"Healy","ja":"ヒーリー","it":"Healy","zh-CN":"希利","tr":"Healy","ru":"Хили","uk":"Гілі","pl":"Healy","hi":"हीली","ar":"هيلي"},"wikiDataId":"Q1592383"},{"id":118597,"name":"Homer","state_id":1400,"state_code":"AK","state_name":"Alaska","country_id":233,"country_code":"US","country_name":"United States","latitude":"59.64250000","longitude":"-151.54940000","native":"Homer","type":"city","level":null,"parent_id":null,"population":5522,"timezone":"America/Anchorage","translations":{"br":"Homeros","ko":"호머","pt-BR":"Homero","pt":"Homero","nl":"Homerus","hr":"Homer","fa":"هومر","de":"Homer","es":"Homero","fr":"Homère","ja":"ホーマー","it":"Omero","zh-CN":"荷马","tr":"Homeros","ru":"Гомер","uk":"Гомер","pl":"Homer","hi":"डाक का कबूतर","ar":"هوميروس"},"wikiDataId":"Q79441"},{"id":118632,"name":"Hoonah-Angoon Census Area","state_id":1400,"state_code":"AK","state_name":"Alaska","country_id":233,"country_code":"US","country_name":"United States","latitude":"57.94807000","longitude":"-134.94153000","native":"Honah-angoon Census Area","type":"city","level":null,"parent_id":null,"population":null,"timezone":"America/Anchorage","translations":{"br":"Takad niveradeg Hoonah-Angoon","ko":"후나-앙군 인구 조사 지역","pt-BR":"Área Censitária de Hoonah-Angoon","pt":"Área Censitária de Hoonah-Angoon","nl":"Hoonah-Angoon volkstellingsgebied","hr":"Popisno područje Hoonah-Angoon","fa":"منطقه سرشماری هونا-آنگون","de":"Volkszählungsgebiet Hoonah-Angoon","es":"Área del censo de Hoonah-Angoon","fr":"Zone de recensement de Hoonah-Angoon","ja":"フーナ・アングーン国勢調査地域","it":"Area di censimento di Hoonah-Angoon","zh-CN":"胡纳-安贡人口普查区","tr":"Hoonah-Angoon Nüfus Sayımı Alanı","ru":"Район переписи населения Хуна-Ангун","uk":"Переписний округ Хуна-Ангун","pl":"Obszar spisowy Hoonah-Angoon","hi":"हूना-एंगून जनगणना क्षेत्र","ar":"منطقة تعداد هوناه-أنجون"},"wikiDataId":"Q500827"},{"id":118634,"name":"Hooper Bay","state_id":1400,"state_code":"AK","state_name":"Alaska","country_id":233,"country_code":"US","country_name":"United States","latitude":"61.53111000","longitude":"-166.09667000","native":"Hooper Bay","type":"city","level":null,"parent_id":null,"population":1375,"timezone":"America/Nome","translations":{"br":"Bae Hooper","ko":"후퍼 베이","pt-BR":"Baía Hooper","pt":"Baía Hooper","nl":"Hooperbaai","hr":"Hooperov zaljev","fa":"خلیج هوپر","de":"Hooper Bay","es":"Bahía Hooper","fr":"Baie de Hooper","ja":"フーパーベイ","it":"Baia di Hooper","zh-CN":"胡珀湾","tr":"Hooper Körfezi","ru":"Хупер-Бей","uk":"Хупер-Бей","pl":"Zatoka Hoopera","hi":"हूपर बे","ar":"خليج هوبر"},"wikiDataId":"Q80144"},{"id":118701,"name":"Houston","state_id":1400,"state_code":"AK","state_name":"Alaska","country_id":233,"country_code":"US","country_name":"United States","latitude":"61.63028000","longitude":"-149.81806000","native":"Houston","type":"city","level":null,"parent_id":null,"population":2206,"timezone":"America/Anchorage","translations":{"br":"Houston","ko":"휴스턴","pt-BR":"Houston","pt":"Houston","nl":"Houston","hr":"Houston","fa":"هوستون","de":"Houston","es":"Houston","fr":"Houston","ja":"ヒューストン","it":"Houston","zh-CN":"休斯顿","tr":"Houston","ru":"Хьюстон","uk":"Х'юстон","pl":"Houston","hi":"ह्यूस्टन","ar":"هيوستن"},"wikiDataId":"Q80122"},{"id":119338,"name":"Juneau","state_id":1400,"state_code":"AK","state_name":"Alaska","country_id":233,"country_code":"US","country_name":"United States","latitude":"58.30194000","longitude":"-134.41972000","native":"Juneau","type":"adm1","level":null,"parent_id":null,"population":32255,"timezone":"America/Juneau","translations":{"br":"Juneau","ko":"주노","pt-BR":"Juneau","pt":"Juneau","nl":"Juneau","hr":"Juneau","fa":"جونو","de":"Juneau","es":"Juneau","fr":"Juneau","ja":"ジュノー","it":"Juneau","zh-CN":"朱诺","tr":"Juneau","ru":"Джуно","uk":"Джуно","pl":"Juneau","hi":"जूनो","ar":"جونو"},"wikiDataId":"Q29445"},{"id":119364,"name":"Kalifornsky","state_id":1400,"state_code":"AK","state_name":"Alaska","country_id":233,"country_code":"US","country_name":"United States","latitude":"60.41833000","longitude":"-151.29000000","native":"California","type":"city","level":null,"parent_id":null,"population":7850,"timezone":"America/Anchorage","translations":{"br":"Kalifornsky","ko":"칼리포른스키","pt-BR":"Kalifornsky","pt":"Kalifornsky","nl":"Kalifornsky","hr":"Kalifornijski","fa":"کالیفرنیا","de":"Kalifornsky","es":"California","fr":"Californie","ja":"カリフォルンスキー","it":"California","zh-CN":"卡利福恩斯基","tr":"Kalifornsky","ru":"Калифорнийский","uk":"Каліфорнійський","pl":"Kalifornsky","hi":"कॅलिफोर्नसक्य","ar":"كاليفورنيا"},"wikiDataId":"Q921285"},{"id":119440,"name":"Kenai","state_id":1400,"state_code":"AK","state_name":"Alaska","country_id":233,"country_code":"US","country_name":"United States","latitude":"60.55444000","longitude":"-151.25833000","native":"Kenai","type":"city","level":null,"parent_id":null,"population":7424,"timezone":"America/Anchorage","translations":{"br":"Kenai","ko":"케나이","pt-BR":"Kenai","pt":"Kenai","nl":"Kenai","hr":"Kenai","fa":"کنای","de":"Kenai","es":"Kenai","fr":"Kenai","ja":"キーナイ","it":"Kenai","zh-CN":"基奈","tr":"Kenai","ru":"Кенай","uk":"Кенай","pl":"Kenai","hi":"केनाई","ar":"كيناي"},"wikiDataId":"Q79422"},{"id":119441,"name":"Kenai Peninsula Borough","state_id":1400,"state_code":"AK","state_name":"Alaska","country_id":233,"country_code":"US","country_name":"United States","latitude":"60.41667000","longitude":"-151.25056000","native":"Kenai Peninsula Borough","type":"city","level":null,"parent_id":null,"population":null,"timezone":"America/Anchorage","translations":{"br":"Karter ledenez Kenai","ko":"케나이 반도 자치구","pt-BR":"Distrito da Península de Kenai","pt":"Distrito da Península de Kenai","nl":"Kenai Peninsula Borough","hr":"Općina poluotoka Kenai","fa":"بخش شبه جزیره کنای","de":"Bezirk Kenai-Halbinsel","es":"Municipio de la península de Kenai","fr":"Arrondissement de la péninsule de Kenai","ja":"ケナイ半島自治区","it":"Distretto della penisola di Kenai","zh-CN":"基奈半岛自治市镇","tr":"Kenai Yarımadası İlçesi","ru":"Район полуострова Кенай","uk":"Район півострова Кенай","pl":"Okręg Kenai Peninsula","hi":"केनाई प्रायद्वीप बरो","ar":"منطقة شبه جزيرة كيناي"},"wikiDataId":"Q512713"},{"id":119523,"name":"Ketchikan","state_id":1400,"state_code":"AK","state_name":"Alaska","country_id":233,"country_code":"US","country_name":"United States","latitude":"55.34180000","longitude":"-131.64757000","native":"Ketchikan","type":"adm2","level":null,"parent_id":null,"population":8192,"timezone":"America/Sitka","translations":{"br":"Ketchikan","ko":"케치칸","pt-BR":"Ketchikan","pt":"Ketchikan","nl":"Ketchikan","hr":"Ketchikan","fa":"کتچیکان","de":"Ketchikan","es":"ketchikan","fr":"Ketchikan","ja":"ケチカン","it":"Ketchikan","zh-CN":"凯奇坎","tr":"Ketçikan","ru":"Кетчикан","uk":"Кетчікан","pl":"Ketchikan","hi":"Ketchikan","ar":"كيتشيكان"},"wikiDataId":"Q43981"},{"id":119524,"name":"Ketchikan Gateway Borough","state_id":1400,"state_code":"AK","state_name":"Alaska","country_id":233,"country_code":"US","country_name":"United States","latitude":"55.50056000","longitude":"-131.41667000","native":"Ketchikan Gateway Borough","type":"city","level":null,"parent_id":null,"population":null,"timezone":"America/Anchorage","translations":{"br":"Ketchikan Gateway Borough","ko":"케치칸 게이트웨이 자치구","pt-BR":"Distrito de Ketchikan Gateway","pt":"Distrito de Ketchikan Gateway","nl":"Ketchikan Gateway Borough","hr":"Općina Ketchikan Gateway","fa":"بخش گیت‌وی کچیکان","de":"Ketchikan Gateway Borough","es":"Municipio de Ketchikan Gateway","fr":"Arrondissement de Ketchikan Gateway","ja":"ケチカンゲートウェイ自治区","it":"Distretto di Ketchikan Gateway","zh-CN":"凯奇坎门户自治市镇","tr":"Ketchikan Geçit İlçesi","ru":"Район Кетчикан-Гейтвей","uk":"Кетчікан Гейтвей Боро","pl":"Dzielnica Ketchikan Gateway","hi":"केचिकन गेटवे बरो","ar":"منطقة بوابة كيتشيكان"},"wikiDataId":"Q506064"},{"id":119583,"name":"King Cove","state_id":1400,"state_code":"AK","state_name":"Alaska","country_id":233,"country_code":"US","country_name":"United States","latitude":"55.06087000","longitude":"-162.31853000","native":"King Cove","type":"city","level":null,"parent_id":null,"population":1009,"timezone":"America/Nome","translations":{"br":"King Cove","ko":"킹 코브","pt-BR":"Enseada do Rei","pt":"Enseada do Rei","nl":"Koningsbaai","hr":"King Cove","fa":"خلیج کینگ","de":"Königsbucht","es":"King Cove","fr":"King Cove","ja":"キングコーブ","it":"King Cove","zh-CN":"金湾","tr":"Kral Koyu","ru":"Кинг-Коув","uk":"Кінг-Коув","pl":"Zatoka Królewska","hi":"किंग कोव","ar":"خليج الملك"},"wikiDataId":"Q108861"},{"id":119677,"name":"Knik-Fairview","state_id":1400,"state_code":"AK","state_name":"Alaska","country_id":233,"country_code":"US","country_name":"United States","latitude":"61.51262000","longitude":"-149.60012000","native":"Knik-Fairview","type":"city","level":null,"parent_id":null,"population":14923,"timezone":"America/Anchorage","translations":{"br":"Knik-Fairview","ko":"닉-페어뷰","pt-BR":"Knik-Fairview","pt":"Knik-Fairview","nl":"Knik-Fairview","hr":"Knik-Fairview","fa":"نیک-فیرویو","de":"Knik-Fairview","es":"Knik-Fairview","fr":"Knik-Fairview","ja":"ニック・フェアビュー","it":"Knik-Fairview","zh-CN":"尼克-费尔维尤","tr":"Knik-Fairview","ru":"Кник-Фэрвью","uk":"Нік-Фервью","pl":"Knik-Fairview","hi":"निक-फेयरव्यू","ar":"كنيك-فيرفيو"},"wikiDataId":"Q1023640"},{"id":119698,"name":"Kodiak","state_id":1400,"state_code":"AK","state_name":"Alaska","country_id":233,"country_code":"US","country_name":"United States","latitude":"57.78852000","longitude":"-152.40533000","native":"Kodiac","type":"adm2","level":null,"parent_id":null,"population":5581,"timezone":"America/Anchorage","translations":{"br":"Kodiak","ko":"코디악","pt-BR":"Kodiak","pt":"Kodiak","nl":"Kodiak","hr":"Kodiak","fa":"کودیاک","de":"Kodiak","es":"Kodiak","fr":"Kodiak","ja":"コディアック","it":"Kodiak","zh-CN":"科迪亚克","tr":"Kodiak","ru":"Кадьяк","uk":"Кодьяк","pl":"Kodiak","hi":"कोडियाक","ar":"كودياك"},"wikiDataId":"Q79985"},{"id":119699,"name":"Kodiak Island Borough","state_id":1400,"state_code":"AK","state_name":"Alaska","country_id":233,"country_code":"US","country_name":"United States","latitude":"57.33333000","longitude":"-153.33333000","native":"Kodiak Island Borough","type":"city","level":null,"parent_id":null,"population":null,"timezone":"America/Anchorage","translations":{"br":"Karter Enez Kodiak","ko":"코디악 섬 자치구","pt-BR":"Distrito da Ilha Kodiak","pt":"Distrito da Ilha Kodiak","nl":"Kodiak Island Borough","hr":"Općina otoka Kodiak","fa":"منطقه جزیره کودیاک","de":"Bezirk Kodiak Island","es":"Municipio de la isla Kodiak","fr":"Arrondissement de l'île Kodiak","ja":"コディアック島自治区","it":"Comune dell'isola di Kodiak","zh-CN":"科迪亚克岛自治市镇","tr":"Kodiak Adası İlçesi","ru":"Боро острова Кадьяк","uk":"Боро острова Кодьяк","pl":"Gmina Kodiak Island","hi":"कोडियाक द्वीप बरो","ar":"بلدية جزيرة كودياك"},"wikiDataId":"Q514093"},{"id":119700,"name":"Kodiak Station","state_id":1400,"state_code":"AK","state_name":"Alaska","country_id":233,"country_code":"US","country_name":"United States","latitude":"57.76587000","longitude":"-152.60004000","native":"Kodiak Station","type":"city","level":null,"parent_id":null,"population":1301,"timezone":"America/Anchorage","translations":{"br":"Ti-gar Kodiak","ko":"코디악 역","pt-BR":"Estação Kodiak","pt":"Estação Kodiak","nl":"Kodiak-station","hr":"Stanica Kodiak","fa":"ایستگاه کودیاک","de":"Bahnhof Kodiak","es":"Estación Kodiak","fr":"Gare de Kodiak","ja":"コディアック駅","it":"Stazione di Kodiak","zh-CN":"科迪亚克站","tr":"Kodiak İstasyonu","ru":"Станция Кадьяк","uk":"Станція Кодьяк","pl":"Stacja Kodiak","hi":"कोडियाक स्टेशन","ar":"محطة كودياك"},"wikiDataId":"Q2232774"},{"id":119712,"name":"Kotzebue","state_id":1400,"state_code":"AK","state_name":"Alaska","country_id":233,"country_code":"US","country_name":"United States","latitude":"66.89846000","longitude":"-162.59809000","native":"Kotzebue","type":"adm2","level":null,"parent_id":null,"population":3102,"timezone":"America/Nome","translations":{"br":"Kotzebue","ko":"코체부","pt-BR":"Kotzebue","pt":"Kotzebue","nl":"Kotzebue","hr":"Kotzebue","fa":"کوتزبوئه","de":"Kotzebue","es":"Kotzebue","fr":"Kotzebue","ja":"コッツェビュー","it":"Kotzebue","zh-CN":"科策布","tr":"Kotzebue","ru":"Коцебу","uk":"Коцебу","pl":"Kotzebue","hi":"कोत्ज़ेबुए","ar":"كوتزيبو"},"wikiDataId":"Q79810"},{"id":120003,"name":"Lake and Peninsula Borough","state_id":1400,"state_code":"AK","state_name":"Alaska","country_id":233,"country_code":"US","country_name":"United States","latitude":"57.00056000","longitude":"-158.00056000","native":"Lake and Peninsula Borough","type":"city","level":null,"parent_id":null,"population":null,"timezone":"America/Anchorage","translations":{"br":"Lenn ha karter al ledenez","ko":"레이크 앤 페닌슐라 자치구","pt-BR":"Distrito de Lake and Peninsula","pt":"Distrito de Lake and Peninsula","nl":"Lake and Peninsula Borough","hr":"Jezerska i poluotočna općina","fa":"منطقه دریاچه و شبه جزیره","de":"Lake und Peninsula Borough","es":"Municipio de Lake and Peninsula","fr":"Arrondissement du lac et de la péninsule","ja":"レイク・アンド・ペニンシュラ自治区","it":"Distretto del lago e della penisola","zh-CN":"湖区和半岛自治市","tr":"Göl ve Yarımada İlçesi","ru":"Район Лейк-энд-Пенинсула","uk":"Озеро та район півострів","pl":"Gmina Lake and Peninsula","hi":"झील और प्रायद्वीप बरो","ar":"منطقة البحيرة وشبه الجزيرة"},"wikiDataId":"Q511679"},{"id":120024,"name":"Lakes","state_id":1400,"state_code":"AK","state_name":"Alaska","country_id":233,"country_code":"US","country_name":"United States","latitude":"61.60713000","longitude":"-149.30861000","native":"Lakes","type":"city","level":null,"parent_id":null,"population":8364,"timezone":"America/Anchorage","translations":{"br":"Lennoù","ko":"호수","pt-BR":"Lagos","pt":"Lagos","nl":"Meren","hr":"Jezera","fa":"دریاچه‌ها","de":"Seen","es":"Lagos","fr":"Lacs","ja":"湖","it":"Laghi","zh-CN":"湖泊","tr":"Göller","ru":"Озера","uk":"Озера","pl":"Jeziora","hi":"झील","ar":"البحيرات"},"wikiDataId":"Q180085"},{"id":120256,"name":"Lazy Mountain","state_id":1400,"state_code":"AK","state_name":"Alaska","country_id":233,"country_code":"US","country_name":"United States","latitude":"61.62611000","longitude":"-148.94556000","native":"Lazy Mountain","type":"city","level":null,"parent_id":null,"population":1479,"timezone":"America/Anchorage","translations":{"br":"Menez lezirek","ko":"레이지 마운틴","pt-BR":"Montanha Preguiçosa","pt":"Montanha Preguiçosa","nl":"Luie Berg","hr":"Lijena planina","fa":"کوه تنبل","de":"Fauler Berg","es":"Montaña perezosa","fr":"La Montagne Paresseuse","ja":"レイジーマウンテン","it":"Montagna pigra","zh-CN":"懒惰山","tr":"Tembel Dağ","ru":"Ленивая Гора","uk":"Лінива гора","pl":"Leniwa Góra","hi":"आलसी पर्वत","ar":"الجبل الكسول"},"wikiDataId":"Q928166"},{"id":153919,"name":"Marshall","state_id":1400,"state_code":"AK","state_name":"Alaska","country_id":233,"country_code":"US","country_name":"United States","latitude":"61.87811100","longitude":"162.08500000","native":"Marshall","type":"city","level":null,"parent_id":null,"population":3787,"timezone":"America/New_York","translations":{"br":"Marshall","ko":"마샬","pt-BR":"Marechal","pt":"Marechal","nl":"Marshall","hr":"Marshall","fa":"مارشال","de":"Marshall","es":"Marshall","fr":"Marshall","ja":"マーシャル","it":"Maresciallo","zh-CN":"马歇尔","tr":"Mareşal","ru":"Маршалл","uk":"Маршалл","pl":"Marszałek","hi":"मार्शल","ar":"مارشال"},"wikiDataId":"Q79550"},{"id":121399,"name":"Matanuska-Susitna Borough","state_id":1400,"state_code":"AK","state_name":"Alaska","country_id":233,"country_code":"US","country_name":"United States","latitude":"62.50056000","longitude":"-150.00556000","native":"Matanuska-Susitna Borough","type":"city","level":null,"parent_id":null,"population":null,"timezone":"America/Anchorage","translations":{"br":"Matanuska-Susitna Borough","ko":"마타누스카-수시트나 자치구","pt-BR":"Município de Matanuska-Susitna","pt":"Município de Matanuska-Susitna","nl":"Matanuska-Susitna Borough","hr":"Općina Matanuska-Susitna","fa":"بخش ماتانوسکا-سوسیتنا","de":"Bezirk Matanuska-Susitna","es":"Municipio de Matanuska-Susitna","fr":"Arrondissement de Matanuska-Susitna","ja":"マタヌスカ・スシトナ自治区","it":"Distretto di Matanuska-Susitna","zh-CN":"马塔努斯卡-苏西特纳自治市","tr":"Matanuska-Susitna İlçesi","ru":"Район Матануска-Суситна","uk":"Боро Матануска-Сусітна","pl":"Gmina Matanuska-Susitna","hi":"मटानुस्का-सुसित्ना बरो","ar":"بلدية ماتانوسكا-سوسيتنا"},"wikiDataId":"Q512925"},{"id":121561,"name":"Meadow Lakes","state_id":1400,"state_code":"AK","state_name":"Alaska","country_id":233,"country_code":"US","country_name":"United States","latitude":"61.62472000","longitude":"-149.60111000","native":"Meadow Lakes","type":"city","level":null,"parent_id":null,"population":7570,"timezone":"America/Anchorage","translations":{"br":"Lennoù ar pradoù","ko":"메도우 레이크스","pt-BR":"Lagos Meadow","pt":"Lagos Meadow","nl":"Weidemeren","hr":"Livadska jezera","fa":"دریاچه‌های میدو","de":"Wiesenseen","es":"Lagos de pradera","fr":"Lacs des prés","ja":"メドウレイクス","it":"Laghi di Meadow","zh-CN":"梅多湖","tr":"Çayır Gölleri","ru":"Медоу Лейкс","uk":"Медоу-Лейкс","pl":"Jeziora Łąkowe","hi":"मेडो झीलें","ar":"بحيرات المرج"},"wikiDataId":"Q545384"},{"id":121735,"name":"Metlakatla","state_id":1400,"state_code":"AK","state_name":"Alaska","country_id":233,"country_code":"US","country_name":"United States","latitude":"55.12848000","longitude":"-131.57519000","native":"Mastakatla","type":"city","level":null,"parent_id":null,"population":null,"timezone":"America/Anchorage","translations":{"br":"Metlakatla","ko":"메틀라카틀라","pt-BR":"Metlakatla","pt":"Metlakatla","nl":"Metlakatla","hr":"Metlakatla","fa":"متلاکاتلا","de":"Metlakatla","es":"Metlakatla","fr":"Metlakatla","ja":"メトラカトラ","it":"Metlakatla","zh-CN":"梅特拉卡特拉","tr":"Metlakatla","ru":"Метлакатла","uk":"Метлакатла","pl":"Metlakatla","hi":"मेटलाकातला","ar":"ميتلاكاتلا"},"wikiDataId":"Q2037538"},{"id":122898,"name":"Nikiski","state_id":1400,"state_code":"AK","state_name":"Alaska","country_id":233,"country_code":"US","country_name":"United States","latitude":"60.69028000","longitude":"-151.28889000","native":"Nichisko","type":"city","level":null,"parent_id":null,"population":4493,"timezone":"America/Anchorage","translations":{"br":"Nikiski","ko":"니키스키","pt-BR":"Nikiski","pt":"Nikiski","nl":"Nikiski","hr":"Nikiski","fa":"نیکیسکی","de":"Nikiski","es":"Nikiski","fr":"Nikiski","ja":"ニキスキ","it":"Nikiski","zh-CN":"尼基斯基","tr":"Nikiski","ru":"Никиски","uk":"Нікіскі","pl":"Nikiski","hi":"निकिस्की","ar":"نيكيسكي"},"wikiDataId":"Q2740269"},{"id":122934,"name":"Nome","state_id":1400,"state_code":"AK","state_name":"Alaska","country_id":233,"country_code":"US","country_name":"United States","latitude":"64.50111000","longitude":"-165.40639000","native":"Name","type":"city","level":null,"parent_id":null,"population":3806,"timezone":"America/Nome","translations":{"br":"Anv","ko":"놈","pt-BR":"Nome","pt":"Nome","nl":"Naam","hr":"Nome","fa":"نام","de":"Nome","es":"Nombre","fr":"Nome","ja":"ノーム","it":"Nome","zh-CN":"诺姆","tr":"İsim","ru":"Ном","uk":"Ном","pl":"Nome","hi":"नोम","ar":"نومي"},"wikiDataId":"Q79996"},{"id":122935,"name":"Nome Census Area","state_id":1400,"state_code":"AK","state_name":"Alaska","country_id":233,"country_code":"US","country_name":"United States","latitude":"64.83333000","longitude":"-163.75056000","native":"Nome Census Area","type":"city","level":null,"parent_id":null,"population":10046,"timezone":"America/Anchorage","translations":{"br":"Takad niveradeg Nome","ko":"노움 인구 조사 지역","pt-BR":"Área Censitária de Nome","pt":"Área Censitária de Nome","nl":"Nome Censusgebied","hr":"Popisno područje Nomea","fa":"منطقه سرشماری نوم","de":"Volkszählungsgebiet Nome","es":"Área del censo de Nome","fr":"Zone de recensement de Nome","ja":"ノーム国勢調査地域","it":"Area di censimento di Nome","zh-CN":"诺姆人口普查区","tr":"Nome Nüfus Sayımı Alanı","ru":"Район переписи населения Нома","uk":"Переписний округ Нома","pl":"Obszar spisowy Nome","hi":"नोम जनगणना क्षेत्र","ar":"منطقة تعداد نومي"},"wikiDataId":"Q503023"},{"id":123084,"name":"North Pole","state_id":1400,"state_code":"AK","state_name":"Alaska","country_id":233,"country_code":"US","country_name":"United States","latitude":"64.75111000","longitude":"-147.34944000","native":"North Pole","type":"city","level":null,"parent_id":null,"population":2243,"timezone":"America/Anchorage","translations":{"br":"Pol an Norzh","ko":"북극","pt-BR":"Polo Norte","pt":"Polo Norte","nl":"Noordpool","hr":"Sjeverni pol","fa":"قطب شمال","de":"Nordpol","es":"Polo norte","fr":"pôle Nord","ja":"北極","it":"Polo Nord","zh-CN":"北极","tr":"Kuzey Kutbu","ru":"Северный полюс","uk":"Північний полюс","pl":"Biegun Północny","hi":"उत्तरी ध्रुव","ar":"القطب الشمالي"},"wikiDataId":"Q79494"},{"id":123107,"name":"North Slope Borough","state_id":1400,"state_code":"AK","state_name":"Alaska","country_id":233,"country_code":"US","country_name":"United States","latitude":"69.25056000","longitude":"-152.00056000","native":"North Slope Borough","type":"city","level":null,"parent_id":null,"population":null,"timezone":"America/Anchorage","translations":{"br":"Karter North Slope","ko":"노스 슬로프 자치구","pt-BR":"Distrito de North Slope","pt":"Distrito de North Slope","nl":"Noordhelling Borough","hr":"Općina North Slope","fa":"بخش شمالی شیب","de":"North Slope Borough","es":"Municipio de North Slope","fr":"Arrondissement de North Slope","ja":"ノーススロープ自治区","it":"Borgo di North Slope","zh-CN":"北坡自治市镇","tr":"Kuzey Yamaç İlçesi","ru":"Боро Норт-Слоуп","uk":"Північний схил Боро","pl":"Dzielnica North Slope","hi":"नॉर्थ स्लोप बरो","ar":"منطقة المنحدر الشمالي"},"wikiDataId":"Q511806"},{"id":123173,"name":"Northwest Arctic Borough","state_id":1400,"state_code":"AK","state_name":"Alaska","country_id":233,"country_code":"US","country_name":"United States","latitude":"66.83333000","longitude":"-161.00056000","native":"Northwest Arctic Borough","type":"city","level":null,"parent_id":null,"population":null,"timezone":"America/Anchorage","translations":{"br":"Karter an Arktika ar C'hornôg","ko":"북서 북극 자치구","pt-BR":"Distrito do Ártico Noroeste","pt":"Distrito do Ártico Noroeste","nl":"Noordwestelijke Arctische Borough","hr":"Sjeverozapadni arktički okrug","fa":"منطقه شمال غربی قطب شمال","de":"Nordwestlicher Arktischer Bezirk","es":"Municipio del Ártico Noroeste","fr":"Arrondissement du nord-ouest de l'Arctique","ja":"北西アークティック自治区","it":"Distretto artico nord-occidentale","zh-CN":"西北北极自治市","tr":"Kuzeybatı Arktik İlçesi","ru":"Северо-западный Арктический округ","uk":"Північно-західний арктичний район","pl":"Dzielnica Północno-Zachodnia Arktyki","hi":"उत्तर पश्चिमी आर्कटिक बरो","ar":"منطقة شمال غرب القطب الشمالي"},"wikiDataId":"Q511723"},{"id":123760,"name":"Palmer","state_id":1400,"state_code":"AK","state_name":"Alaska","country_id":233,"country_code":"US","country_name":"United States","latitude":"61.59941000","longitude":"-149.11456000","native":"Palmer","type":"adm2","level":null,"parent_id":null,"population":6788,"timezone":"America/Anchorage","translations":{"br":"Palmer","ko":"성지 순례자","pt-BR":"Palmer","pt":"Palmer","nl":"Palmer","hr":"Palmer","fa":"پالمر","de":"Palmer","es":"Palmero","fr":"Palmer","ja":"パーマー","it":"Palmer","zh-CN":"帕尔默","tr":"Palmer","ru":"Палмер","uk":"Палмер","pl":"Pielgrzym z ziemi świętej","hi":"बाज़ीगर","ar":"بالمر"},"wikiDataId":"Q79849"},{"id":124108,"name":"Petersburg","state_id":1400,"state_code":"AK","state_name":"Alaska","country_id":233,"country_code":"US","country_name":"United States","latitude":"56.81250000","longitude":"-132.95556000","native":"Petersburg","type":"city","level":null,"parent_id":null,"population":2948,"timezone":"America/Sitka","translations":{"br":"Petersbourg","ko":"피터스버그","pt-BR":"Petersburgo","pt":"Petersburgo","nl":"Petersburg","hr":"Petersburg","fa":"پترزبورگ","de":"Petersburg","es":"Petersburgo","fr":"Saint-Pétersbourg","ja":"ピーターズバーグ","it":"Pietroburgo","zh-CN":"圣彼得堡","tr":"Petersburg","ru":"Петербург","uk":"Петербург","pl":"Petersburg","hi":"पीटर्सबर्ग","ar":"بطرسبورغ"},"wikiDataId":"Q80027"},{"id":124110,"name":"Petersburg Borough","state_id":1400,"state_code":"AK","state_name":"Alaska","country_id":233,"country_code":"US","country_name":"United States","latitude":"56.76529000","longitude":"-133.19313000","native":"Petersburg Borough","type":"city","level":null,"parent_id":null,"population":null,"timezone":"America/Anchorage","translations":{"br":"Karter Petersburg","ko":"피터스버그 자치구","pt-BR":"Distrito de Petersburgo","pt":"Distrito de Petersburgo","nl":"Petersburg Borough","hr":"Općina Petersburg","fa":"منطقه پترزبورگ","de":"Petersburger Bezirk","es":"Distrito de Petersburgo","fr":"Arrondissement de Petersburg","ja":"ピーターズバーグ自治区","it":"Borgo di Petersburg","zh-CN":"彼得堡自治市","tr":"Petersburg İlçesi","ru":"Петербургский округ","uk":"Район Пітерсбург","pl":"Dzielnica Petersburga","hi":"पीटर्सबर्ग बरो","ar":"بلدية بيترسبورغ"},"wikiDataId":"Q25408755"},{"id":124724,"name":"Prudhoe Bay","state_id":1400,"state_code":"AK","state_name":"Alaska","country_id":233,"country_code":"US","country_name":"United States","latitude":"70.25528000","longitude":"-148.33722000","native":"Prudhoe bay","type":"city","level":null,"parent_id":null,"population":2174,"timezone":"America/Anchorage","translations":{"br":"Bae Prudhoe","ko":"프루도 베이","pt-BR":"Baía de Prudhoe","pt":"Baía de Prudhoe","nl":"Prudhoe Bay","hr":"Zaljev Prudhoe","fa":"خلیج پرودو","de":"Prudhoe Bay","es":"Bahía de Prudhoe","fr":"Baie de Prudhoe","ja":"プルドーベイ","it":"Baia di Prudhoe","zh-CN":"普拉德霍湾","tr":"Prudhoe Körfezi","ru":"Прудхо-Бэй","uk":"Прудо-Бей","pl":"Zatoka Prudhoe","hi":"प्रुधो खाड़ी","ar":"خليج برودو"},"wikiDataId":"Q1013046"},{"id":125130,"name":"Ridgeway","state_id":1400,"state_code":"AK","state_name":"Alaska","country_id":233,"country_code":"US","country_name":"United States","latitude":"60.53194000","longitude":"-151.08528000","native":"Ridgeway","type":"city","level":null,"parent_id":null,"population":2022,"timezone":"America/Anchorage","translations":{"br":"Ridgeway","ko":"리지웨이","pt-BR":"Ridgeway","pt":"Ridgeway","nl":"Ridgeway","hr":"Ridgeway","fa":"ریج‌وی","de":"Ridgeway","es":"Ridgeway","fr":"Ridgeway","ja":"リッジウェイ","it":"Ridgeway","zh-CN":"里奇韦","tr":"Sırt yolu","ru":"Риджуэй","uk":"Ріджвей","pl":"Ridgeway","hi":"रिजवे","ar":"ريدجواي"},"wikiDataId":"Q1783316"},{"id":125724,"name":"Salcha","state_id":1400,"state_code":"AK","state_name":"Alaska","country_id":233,"country_code":"US","country_name":"United States","latitude":"64.52399000","longitude":"-146.90210000","native":"Salcha","type":"city","level":null,"parent_id":null,"population":1095,"timezone":"America/Anchorage","translations":{"br":"Salcha","ko":"살차","pt-BR":"Salcha","pt":"Salcha","nl":"Salcha","hr":"Salcha","fa":"سالچا","de":"Salcha","es":"Salcha","fr":"Salcha","ja":"サルチャ","it":"Salcha","zh-CN":"萨尔查","tr":"Salça","ru":"Салча","uk":"Салча","pl":"Salcha","hi":"साल्चा","ar":"سالشا"},"wikiDataId":"Q1936564"},{"id":125860,"name":"Sand Point","state_id":1400,"state_code":"AK","state_name":"Alaska","country_id":233,"country_code":"US","country_name":"United States","latitude":"55.33655000","longitude":"-160.49880000","native":"Sand Point","type":"adm2","level":null,"parent_id":null,"population":578,"timezone":"America/Anchorage","translations":{"br":"Poent traezh","ko":"샌드 포인트","pt-BR":"Ponta de Areia","pt":"Ponta de Areia","nl":"Zandpunt","hr":"Sand Point","fa":"سند پوینت","de":"Sand Point","es":"Punta de arena","fr":"Pointe de sable","ja":"サンドポイント","it":"Sand Point","zh-CN":"沙点","tr":"Kum Noktası","ru":"Сэнд-Пойнт","uk":"Сенд-Пойнт","pl":"Sand Point","hi":"सैंड पॉइंट","ar":"نقطة الرمال"},"wikiDataId":"Q79400"},{"id":126187,"name":"Seward","state_id":1400,"state_code":"AK","state_name":"Alaska","country_id":233,"country_code":"US","country_name":"United States","latitude":"60.10426000","longitude":"-149.44350000","native":"Seward","type":"city","level":null,"parent_id":null,"population":2717,"timezone":"America/Anchorage","translations":{"br":"Seward","ko":"슈워드","pt-BR":"Seward","pt":"Seward","nl":"Seward","hr":"Seward","fa":"سوارد","de":"Seward","es":"Seward","fr":"Seward","ja":"スワード","it":"Seward","zh-CN":"西沃德","tr":"Seward","ru":"Сьюард","uk":"Сьюард","pl":"Seward","hi":"Seward","ar":"سيوارد"},"wikiDataId":"Q79919"},{"id":126470,"name":"Sitka","state_id":1400,"state_code":"AK","state_name":"Alaska","country_id":233,"country_code":"US","country_name":"United States","latitude":"57.05315000","longitude":"-135.33088000","native":"Sitka","type":"adm2","level":null,"parent_id":null,"population":8458,"timezone":"America/Sitka","translations":{"br":"Sitka","ko":"시트카","pt-BR":"Sitka","pt":"Sitka","nl":"Sitka","hr":"Sitka","fa":"سیتکا","de":"Sitka","es":"Sitka","fr":"Sitka","ja":"シトカ","it":"Sitka","zh-CN":"锡特卡","tr":"Sitka","ru":"Ситка","uk":"Сітка","pl":"Sitka","hi":"Sitka","ar":"سيتكا"},"wikiDataId":"Q79804"},{"id":126471,"name":"Sitka City and Borough","state_id":1400,"state_code":"AK","state_name":"Alaska","country_id":233,"country_code":"US","country_name":"United States","latitude":"57.08255000","longitude":"-135.26917000","native":"Sitka City and Borough","type":"city","level":null,"parent_id":null,"population":null,"timezone":"America/Anchorage","translations":{"br":"Kêr ha karter Sitka","ko":"시트카 시와 자치구","pt-BR":"Cidade e distrito de Sitka","pt":"Cidade e distrito de Sitka","nl":"Sitka Stad en Borough","hr":"Grad i općina Sitka","fa":"شهر و بخش سیتکا","de":"Stadt und Bezirk Sitka","es":"Ciudad y distrito de Sitka","fr":"Ville et arrondissement de Sitka","ja":"シトカ市と自治区","it":"Città e distretto di Sitka","zh-CN":"锡特卡市和自治市","tr":"Sitka Şehri ve İlçesi","ru":"Город и округ Ситка","uk":"Місто та район Сітка","pl":"Miasto i gmina Sitka","hi":"सिटका शहर और बरो","ar":"مدينة وبلدة سيتكا"},"wikiDataId":"Q79804"},{"id":126475,"name":"Skagway","state_id":1400,"state_code":"AK","state_name":"Alaska","country_id":233,"country_code":"US","country_name":"United States","latitude":"59.46852000","longitude":"-135.30596000","native":"Skagway Municipality","type":"municipality","level":null,"parent_id":null,"population":null,"timezone":"America/Anchorage","translations":{"br":"Kumuniezh-kumunioù Skagway","ko":"스캐그웨이 시정촌","pt-BR":"Município de Skagway","pt":"Município de Skagway","nl":"Gemeente Skagway","hr":"Općina Skagway","fa":"شهرداری اسکگوی","de":"Gemeinde Skagway","es":"Municipio de Skagway","fr":"Municipalité de Skagway","ja":"スカグウェイ市","it":"Comune di Skagway","zh-CN":"斯卡圭市","tr":"Skagway Belediyesi","ru":"Муниципалитет Скагуэй","uk":"Муніципалітет Скагвей","pl":"Gmina Skagway","hi":"स्कागवे नगर पालिका","ar":"بلدية سكاجواي"},"wikiDataId":"Q113892"},{"id":126567,"name":"Soldotna","state_id":1400,"state_code":"AK","state_name":"Alaska","country_id":233,"country_code":"US","country_name":"United States","latitude":"60.48778000","longitude":"-151.05833000","native":"Soldotna","type":"city","level":null,"parent_id":null,"population":4342,"timezone":"America/Anchorage","translations":{"br":"Soldotna","ko":"솔도트나","pt-BR":"Soldotna","pt":"Soldotna","nl":"Soldotna","hr":"Soldotna","fa":"سولدوتنا","de":"Soldotna","es":"Soldotna","fr":"Soldotna","ja":"ソルドトナ","it":"Soldotna","zh-CN":"索尔多特纳","tr":"Soldotna","ru":"Солдотна","uk":"Солдотна","pl":"Soldotna","hi":"सोल्डोटना","ar":"سولدوتنا"},"wikiDataId":"Q79393"},{"id":126766,"name":"Southeast Fairbanks Census Area","state_id":1400,"state_code":"AK","state_name":"Alaska","country_id":233,"country_code":"US","country_name":"United States","latitude":"63.75056000","longitude":"-143.25056000","native":"Southeast Fairbanks Census Area","type":"city","level":null,"parent_id":null,"population":6808,"timezone":"America/Anchorage","translations":{"br":"Takad niveradeg gevred Fairbanks","ko":"동남 페어뱅크스 인구 조사 지역","pt-BR":"Área censitária do sudeste de Fairbanks","pt":"Área censitária do sudeste de Fairbanks","nl":"Censusgebied Zuidoost Fairbanks","hr":"Popisno područje jugoistočnog Fairbanksa","fa":"منطقه سرشماری جنوب شرقی فیربنکس","de":"Volkszählungsgebiet Südost-Fairbanks","es":"Área censal del sureste de Fairbanks","fr":"Zone de recensement du sud-est de Fairbanks","ja":"フェアバンクス南東部国勢調査地域","it":"Area di censimento di Southeast Fairbanks","zh-CN":"东南费尔班克斯人口普查区","tr":"Güneydoğu Fairbanks Nüfus Sayımı Alanı","ru":"Юго-восточная зона переписи населения Фэрбанкса","uk":"Південно-східний переписний округ Фербенкса","pl":"Obszar spisowy południowo-wschodniego Fairbanks","hi":"दक्षिणपूर्व फेयरबैंक्स जनगणना क्षेत्र","ar":"منطقة تعداد جنوب شرق فيربانكس"},"wikiDataId":"Q500845"},{"id":127031,"name":"Sterling","state_id":1400,"state_code":"AK","state_name":"Alaska","country_id":233,"country_code":"US","country_name":"United States","latitude":"60.53722000","longitude":"-150.76472000","native":"Sterling","type":"city","level":null,"parent_id":null,"population":5617,"timezone":"America/Anchorage","translations":{"br":"Sterling","ko":"영화","pt-BR":"Esterlina","pt":"Esterlina","nl":"Sterling","hr":"Sterling","fa":"استرلینگ","de":"Sterling","es":"Libra esterlina","fr":"Sterling","ja":"スターリング","it":"Sterlina","zh-CN":"英镑","tr":"Sterlin","ru":"Стерлинг","uk":"Стерлінг","pl":"Szterling","hi":"वास्तविक","ar":"الجنيه الاسترليني"},"wikiDataId":"Q1928157"},{"id":127316,"name":"Sutton-Alpine","state_id":1400,"state_code":"AK","state_name":"Alaska","country_id":233,"country_code":"US","country_name":"United States","latitude":"61.77789000","longitude":"-148.76450000","native":"Sutton-Alpine","type":"city","level":null,"parent_id":null,"population":null,"timezone":"America/Anchorage","translations":{"br":"Sutton-Alpine","ko":"서튼-알파인","pt-BR":"Sutton-Alpino","pt":"Sutton-Alpino","nl":"Sutton-Alpine","hr":"Sutton-Alpine","fa":"ساتون-آلپاین","de":"Sutton-Alpine","es":"Sutton-Alpine","fr":"Sutton-Alpine","ja":"サットン・アルパイン","it":"Sutton-Alpine","zh-CN":"萨顿-阿尔卑斯","tr":"Sutton-Alpine","ru":"Саттон-Алпайн","uk":"Саттон-Альпайн","pl":"Sutton-Alpine","hi":"सटन-अल्पाइन","ar":"ساتون-ألباين"},"wikiDataId":"Q607768"},{"id":127409,"name":"Tanaina","state_id":1400,"state_code":"AK","state_name":"Alaska","country_id":233,"country_code":"US","country_name":"United States","latitude":"61.62694000","longitude":"-149.42806000","native":"Tanaina","type":"city","level":null,"parent_id":null,"population":8197,"timezone":"America/Anchorage","translations":{"br":"Tanaina","ko":"타나이나","pt-BR":"Tanaina","pt":"Tanaina","nl":"Tanaina","hr":"Tanaina","fa":"تانائینا","de":"Tanaina","es":"Tanaina","fr":"Tanaina","ja":"タナイナ","it":"Tanaina","zh-CN":"塔奈娜","tr":"Tanaina","ru":"Танаина","uk":"Танайна","pl":"Tanaina","hi":"तनैना","ar":"تانينا"},"wikiDataId":"Q1729157"},{"id":127697,"name":"Tok","state_id":1400,"state_code":"AK","state_name":"Alaska","country_id":233,"country_code":"US","country_name":"United States","latitude":"63.33667000","longitude":"-142.98556000","native":"Tok","type":"city","level":null,"parent_id":null,"population":1258,"timezone":"America/Anchorage","translations":{"br":"Tok","ko":"톡","pt-BR":"Tok","pt":"Tok","nl":"Tok","hr":"Tok","fa":"توک","de":"Tok","es":"Tok","fr":"Tok","ja":"トク","it":"Tok","zh-CN":"托克","tr":"Tok","ru":"Ток","uk":"Ток","pl":"Tok","hi":"टोक","ar":"توك"},"wikiDataId":"Q2093690"},{"id":127966,"name":"Unalaska","state_id":1400,"state_code":"AK","state_name":"Alaska","country_id":233,"country_code":"US","country_name":"United States","latitude":"53.87413000","longitude":"-166.53408000","native":"Unalaska","type":"city","level":null,"parent_id":null,"population":4254,"timezone":"America/Anchorage","translations":{"br":"Unalaska","ko":"언알래스카","pt-BR":"Unalaska","pt":"Unalaska","nl":"Unalaska","hr":"Unalaska","fa":"اونالاسکا","de":"Unalaska","es":"Unalaska","fr":"Unalaska","ja":"ウナラスカ","it":"Unalaska","zh-CN":"乌纳拉斯卡","tr":"Unalaska","ru":"Уналашка","uk":"Уналашка","pl":"Unalaska","hi":"उनालास्का","ar":"أونالاسكا"},"wikiDataId":"Q79982"},{"id":128083,"name":"Valdez","state_id":1400,"state_code":"AK","state_name":"Alaska","country_id":233,"country_code":"US","country_name":"United States","latitude":"61.13083000","longitude":"-146.34833000","native":"Valdez","type":"city","level":null,"parent_id":null,"population":3985,"timezone":"America/Anchorage","translations":{"br":"Valdez","ko":"발데스","pt-BR":"Valdez","pt":"Valdez","nl":"Valdez","hr":"Valdez","fa":"والدز","de":"Valdez","es":"Valdez","fr":"Valdez","ja":"バルデス","it":"Valdez","zh-CN":"瓦尔迪兹","tr":"Valdez","ru":"Вальдес","uk":"Вальдес","pl":"Valdez","hi":"वाल्डेज़","ar":"فالديز"},"wikiDataId":"Q80037"},{"id":128084,"name":"Valdez-Cordova Census Area","state_id":1400,"state_code":"AK","state_name":"Alaska","country_id":233,"country_code":"US","country_name":"United States","latitude":"61.50056000","longitude":"-144.50056000","native":"Valdez-Cordova Census Area","type":"city","level":null,"parent_id":null,"population":null,"timezone":"America/Anchorage","translations":{"br":"Takad niveradeg Valdez-Cordova","ko":"발데스-코르도바 인구 조사 지역","pt-BR":"Área Censitária de Valdez-Cordova","pt":"Área Censitária de Valdez-Cordova","nl":"Valdez-Cordova volkstellingsgebied","hr":"Popisno područje Valdez-Cordova","fa":"منطقه سرشماری والدز-کوردووا","de":"Volkszählungsgebiet Valdez-Cordova","es":"Área censal de Valdez-Córdova","fr":"Zone de recensement de Valdez-Cordova","ja":"バルデス・コルドバ国勢調査地域","it":"Area di censimento di Valdez-Cordova","zh-CN":"瓦尔迪兹-科尔多瓦人口普查区","tr":"Valdez-Cordova Nüfus Sayımı Alanı","ru":"Район переписи населения Вальдес-Кордова","uk":"Переписний округ Валдес-Кордова","pl":"Obszar spisowy Valdez-Cordova","hi":"वाल्डेज़-कोर्डोवा जनगणना क्षेत्र","ar":"منطقة تعداد فالديز-كوردوفا"},"wikiDataId":"Q508618"},{"id":128593,"name":"Wasilla","state_id":1400,"state_code":"AK","state_name":"Alaska","country_id":233,"country_code":"US","country_name":"United States","latitude":"61.58090000","longitude":"-149.44150000","native":"Wasil","type":"city","level":null,"parent_id":null,"population":9054,"timezone":"America/Anchorage","translations":{"br":"Wasilla","ko":"와실라","pt-BR":"Wasilla","pt":"Wasilla","nl":"Wasilla","hr":"Vasila","fa":"واسیلا","de":"Wasilla","es":"Wasilla","fr":"Wasilla","ja":"ワシラ","it":"Wasilla","zh-CN":"瓦西拉","tr":"Wasilla","ru":"Василла","uk":"Василла","pl":"Wasilla","hi":"वासिला","ar":"واسيلا"},"wikiDataId":"Q79957"},{"id":129304,"name":"Willow","state_id":1400,"state_code":"AK","state_name":"Alaska","country_id":233,"country_code":"US","country_name":"United States","latitude":"61.74722000","longitude":"-150.03750000","native":"Willow","type":"city","level":null,"parent_id":null,"population":2102,"timezone":"America/Anchorage","translations":{"br":"Willow","ko":"솜틀","pt-BR":"Salgueiro","pt":"Salgueiro","nl":"Wilg","hr":"Vrba","fa":"بید","de":"Weide","es":"Sauce","fr":"Saule","ja":"柳","it":"Salice","zh-CN":"柳","tr":"Söğüt","ru":"Ива","uk":"Верба","pl":"Wierzba","hi":"विलो","ar":"الصفصاف"},"wikiDataId":"Q923710"},{"id":129601,"name":"Wrangell","state_id":1400,"state_code":"AK","state_name":"Alaska","country_id":233,"country_code":"US","country_name":"United States","latitude":"56.47083000","longitude":"-132.37667000","native":"Wrangell","type":"city","level":null,"parent_id":null,"population":2127,"timezone":"America/Sitka","translations":{"br":"Wrangell","ko":"랭겔","pt-BR":"Wrangell","pt":"Wrangell","nl":"Wrangell","hr":"Wrangell","fa":"رنگل","de":"Wrangell","es":"Wrangell","fr":"Wrangell","ja":"ランゲル","it":"Wrangell","zh-CN":"兰格尔","tr":"Wrangell","ru":"Врангель","uk":"Врангель","pl":"Wrangell","hi":"रैंगल","ar":"رانجل"},"wikiDataId":"Q43983"},{"id":129646,"name":"Y","state_id":1400,"state_code":"AK","state_name":"Alaska","country_id":233,"country_code":"US","country_name":"United States","latitude":"62.16129000","longitude":"-149.85075000","native":"Y","type":"city","level":null,"parent_id":null,"population":0,"timezone":"America/Anchorage","translations":{"br":"Y","ko":"와이","pt-BR":"E","pt":"E","nl":"Ja","hr":"Y","fa":"ی","de":"Y","es":"Y","fr":"Y","ja":"はい","it":"E","zh-CN":"是","tr":"Y","ru":"Y","uk":"Y","pl":"Y","hi":"वाई","ar":"ي"},"wikiDataId":"Q1375266"},{"id":129652,"name":"Yakutat City and Borough","state_id":1400,"state_code":"AK","state_name":"Alaska","country_id":233,"country_code":"US","country_name":"United States","latitude":"59.66667000","longitude":"-139.13333000","native":"Yakutat City and Borough","type":"city","level":null,"parent_id":null,"population":null,"timezone":"America/Anchorage","translations":{"br":"Kêr ha karter Yakutat","ko":"야쿠타트 시와 자치구","pt-BR":"Cidade e distrito de Yakutat","pt":"Cidade e distrito de Yakutat","nl":"Yakutat Stad en Borough","hr":"Grad i općina Yakutat","fa":"شهر و بخش یاکوتات","de":"Stadt und Bezirk Yakutat","es":"Ciudad y distrito de Yakutat","fr":"Ville et arrondissement de Yakutat","ja":"ヤクタット市と自治区","it":"Città e distretto di Yakutat","zh-CN":"亚库塔特市和自治市","tr":"Yakutat Şehri ve İlçesi","ru":"Город и городской округ Якутат","uk":"Місто та район Якутат","pl":"Miasto i dzielnica Yakutat","hi":"याकुतात शहर और बरो","ar":"مدينة وبلدة ياكوتات"},"wikiDataId":"Q487681"},{"id":129731,"name":"Yukon-Koyukuk Census Area","state_id":1400,"state_code":"AK","state_name":"Alaska","country_id":233,"country_code":"US","country_name":"United States","latitude":"65.70000000","longitude":"-152.71667000","native":"Yukon-Koyukuk Census Area","type":"city","level":null,"parent_id":null,"population":5343,"timezone":"America/Anchorage","translations":{"br":"Takad niveradeg Yukon-Koyukuk","ko":"유콘-코유쿠크 인구 조사 지역","pt-BR":"Área de censo de Yukon-Koyukuk","pt":"Área de censo de Yukon-Koyukuk","nl":"Yukon-Koyukuk Censusgebied","hr":"Popisno područje Yukon-Koyukuk","fa":"منطقه سرشماری یوکان-کویوکوک","de":"Yukon-Koyukuk-Volkszählungsgebiet","es":"Área del censo de Yukón-Koyukuk","fr":"Région de recensement de Yukon-Koyukuk","ja":"ユーコン・コユクック国勢調査地域","it":"Area di censimento dello Yukon-Koyukuk","zh-CN":"育空-科尤库克人口普查区","tr":"Yukon-Koyukuk Nüfus Sayımı Alanı","ru":"Район переписи населения Юкон-Коюкук","uk":"Переписний округ Юкон-Коюкук","pl":"Obszar spisowy Jukon-Koyukuk","hi":"युकोन-कोयुकुक जनगणना क्षेत्र","ar":"منطقة تعداد يوكون-كويوكوك"},"wikiDataId":"Q500818"}]