[{"id":111039,"name":"Addison","state_id":1409,"state_code":"VT","state_name":"Vermont","country_id":233,"country_code":"US","country_name":"United States","latitude":"44.08867000","longitude":"-73.30262000","native":"Addison","type":"city","level":null,"parent_id":null,"population":1365,"timezone":"America/New_York","translations":{"br":"Addison","ko":"애디슨","pt-BR":"Addison","pt":"Addison","nl":"Addison","hr":"Addison","fa":"آدیسون","de":"Addison","es":"Addison","fr":"Addison","ja":"アディソン","it":"Addison","zh-CN":"艾迪生","tr":"Addison","ru":"Эддисон","uk":"Аддісон","pl":"Addison","hi":"एडिसन","ar":"أديسون"},"wikiDataId":"Q353095"},{"id":111040,"name":"Addison County","state_id":1409,"state_code":"VT","state_name":"Vermont","country_id":233,"country_code":"US","country_name":"United States","latitude":"44.03091000","longitude":"-73.14094000","native":"Addison County","type":"county","level":null,"parent_id":null,"population":37363,"timezone":"America/New_York","translations":{"br":"Kontelezh Addison","ko":"애디슨 카운티","pt-BR":"Condado de Addison","pt":"Condado de Addison","nl":"Addison County","hr":"Okrug Addison","fa":"شهرستان آدیسون","de":"Addison County","es":"Condado de Addison","fr":"Comté d'Addison","ja":"アディソン郡","it":"Contea di Addison","zh-CN":"艾迪生县","tr":"Addison İlçesi","ru":"округ Эддисон","uk":"Округ Аддісон","pl":"Hrabstwo Addison","hi":"एडिसन काउंटी","ar":"مقاطعة أديسون"},"wikiDataId":"Q353108"},{"id":111469,"name":"Arlington","state_id":1409,"state_code":"VT","state_name":"Vermont","country_id":233,"country_code":"US","country_name":"United States","latitude":"43.07480000","longitude":"-73.15400000","native":"Arlington","type":"city","level":null,"parent_id":null,"population":1213,"timezone":"America/New_York","translations":{"br":"Arlington","ko":"알링턴","pt-BR":"Arlington","pt":"Arlington","nl":"Arlington","hr":"Arlington","fa":"آرلینگتون","de":"Arlington","es":"Arlington","fr":"Arlington","ja":"アーリントン","it":"Arlington","zh-CN":"阿灵顿","tr":"Arlington","ru":"Арлингтон","uk":"Арлінгтон","pl":"Arlington","hi":"आर्लिंग्टन","ar":"أرلينغتون"},"wikiDataId":"Q675558"},{"id":111842,"name":"Barre","state_id":1409,"state_code":"VT","state_name":"Vermont","country_id":233,"country_code":"US","country_name":"United States","latitude":"44.19701000","longitude":"-72.50205000","native":"Barre","type":"city","level":null,"parent_id":null,"population":7923,"timezone":"America/New_York","translations":{"br":"Barre","ko":"바레","pt-BR":"Barra","pt":"Barra","nl":"Barre","hr":"Barre","fa":"باره","de":"Stange","es":"Barra","fr":"Barre","ja":"バーレ","it":"Barre","zh-CN":"巴雷","tr":"Barre","ru":"Барре","uk":"Барре","pl":"Barre","hi":"बैरे","ar":"باري"},"wikiDataId":"Q808841"},{"id":112124,"name":"Bellows Falls","state_id":1409,"state_code":"VT","state_name":"Vermont","country_id":233,"country_code":"US","country_name":"United States","latitude":"43.13341000","longitude":"-72.44398000","native":"Bellows Falls","type":"city","level":null,"parent_id":null,"population":2747,"timezone":"America/New_York","translations":{"br":"Lammennoù Bellows","ko":"벨로우스 폭포","pt-BR":"Cachoeira Bellows","pt":"Cachoeira Bellows","nl":"Bellows Falls","hr":"Bellows Falls","fa":"آبشار بلوز","de":"Bellows Falls","es":"Cataratas Bellows","fr":"Chutes de Bellows","ja":"ベローズフォールズ","it":"Cascate di Bellows","zh-CN":"贝洛斯瀑布","tr":"Körük Şelalesi","ru":"Беллоуз-Фолс","uk":"Беллоуз-Фоллз","pl":"Wodospady Bellows","hi":"बेलोज़ फॉल्स","ar":"شلالات بيلوز"},"wikiDataId":"Q816044"},{"id":112177,"name":"Bennington","state_id":1409,"state_code":"VT","state_name":"Vermont","country_id":233,"country_code":"US","country_name":"United States","latitude":"42.87813000","longitude":"-73.19677000","native":"Bennington","type":"city","level":null,"parent_id":null,"population":9074,"timezone":"America/New_York","translations":{"br":"Bennington","ko":"베닝턴","pt-BR":"Bennington","pt":"Bennington","nl":"Bennington","hr":"Bennington","fa":"بنینگتون","de":"Bennington","es":"Bennington","fr":"Bennington","ja":"ベニントン","it":"Bennington","zh-CN":"本宁顿","tr":"Bennington","ru":"Беннингтон","uk":"Беннінгтон","pl":"Bennington","hi":"बेनिंगटन","ar":"بينينجتون"},"wikiDataId":"Q817921"},{"id":112178,"name":"Bennington County","state_id":1409,"state_code":"VT","state_name":"Vermont","country_id":233,"country_code":"US","country_name":"United States","latitude":"43.03546000","longitude":"-73.09295000","native":"Bennington County","type":"county","level":null,"parent_id":null,"population":37347,"timezone":"America/New_York","translations":{"br":"Kontelezh Bennington","ko":"베닝턴 카운티","pt-BR":"Condado de Bennington","pt":"Condado de Bennington","nl":"Bennington County","hr":"Okrug Bennington","fa":"شهرستان بنینگتون","de":"Bennington County","es":"Condado de Bennington","fr":"Comté de Bennington","ja":"ベニントン郡","it":"Contea di Bennington","zh-CN":"本宁顿县","tr":"Bennington İlçesi","ru":"округ Беннингтон","uk":"Округ Беннінгтон","pl":"Hrabstwo Bennington","hi":"बेनिंगटन काउंटी","ar":"مقاطعة بينينجتون"},"wikiDataId":"Q511647"},{"id":112690,"name":"Brandon","state_id":1409,"state_code":"VT","state_name":"Vermont","country_id":233,"country_code":"US","country_name":"United States","latitude":"43.79812000","longitude":"-73.08761000","native":"Brandon","type":"city","level":null,"parent_id":null,"population":1648,"timezone":"America/New_York","translations":{"br":"Brandon","ko":"브랜든","pt-BR":"Brandon","pt":"Brandon","nl":"Brandon","hr":"Brandon","fa":"برندون","de":"Brandon","es":"Brandon","fr":"Brandon","ja":"ブランドン","it":"Brandon","zh-CN":"布兰登","tr":"Brandon","ru":"Брэндон","uk":"Брендон","pl":"Brandon","hi":"ब्रैंडन","ar":"براندون"},"wikiDataId":"Q14711902"},{"id":112699,"name":"Brattleboro","state_id":1409,"state_code":"VT","state_name":"Vermont","country_id":233,"country_code":"US","country_name":"United States","latitude":"42.85092000","longitude":"-72.55787000","native":"Brattleboro","type":"city","level":null,"parent_id":null,"population":7414,"timezone":"America/New_York","translations":{"br":"Brattleboro","ko":"브래틀버러","pt-BR":"Brattleboro","pt":"Brattleboro","nl":"Brattleboro","hr":"Brattleboro","fa":"براتلبورو","de":"Brattleboro","es":"Brattleboro","fr":"Brattleboro","ja":"ブラトルボロ","it":"Brattleboro","zh-CN":"布拉特尔伯勒","tr":"Brattleboro","ru":"Браттлборо","uk":"Браттлборо","pl":"Brattleboro","hi":"ब्रैटलबोरो","ar":"براتلبورو"},"wikiDataId":"Q899813"},{"id":112780,"name":"Bridport","state_id":1409,"state_code":"VT","state_name":"Vermont","country_id":233,"country_code":"US","country_name":"United States","latitude":"43.98506000","longitude":"-73.31262000","native":"Bridport","type":"city","level":null,"parent_id":null,"population":1225,"timezone":"America/New_York","translations":{"br":"Bridport","ko":"브리드포트","pt-BR":"Bridport","pt":"Bridport","nl":"Bridport","hr":"Bridport","fa":"بریجپورت","de":"Bridport","es":"Bridport","fr":"Bridport","ja":"ブリッドポート","it":"Bridport","zh-CN":"布里德波特","tr":"Bridport","ru":"Бридпорт","uk":"Брідпорт","pl":"Bridport","hi":"Bridport","ar":"بريدبورت"},"wikiDataId":"Q1870856"},{"id":112810,"name":"Bristol","state_id":1409,"state_code":"VT","state_name":"Vermont","country_id":233,"country_code":"US","country_name":"United States","latitude":"44.13339000","longitude":"-73.07901000","native":"Bristol","type":"city","level":null,"parent_id":null,"population":2030,"timezone":"America/New_York","translations":{"br":"Bristol","ko":"브리스톨","pt-BR":"Bristol","pt":"Bristol","nl":"Bristol","hr":"Bristol","fa":"بریستول","de":"Bristol","es":"Brístol","fr":"Bristol","ja":"ブリストル","it":"Bristol","zh-CN":"布里斯托尔","tr":"Bristol","ru":"Бристоль","uk":"Брістоль","pl":"Bristol","hi":"ब्रिस्टल","ar":"بريستول"},"wikiDataId":"Q1871330"},{"id":113072,"name":"Burlington","state_id":1409,"state_code":"VT","state_name":"Vermont","country_id":233,"country_code":"US","country_name":"United States","latitude":"44.47588000","longitude":"-73.21207000","native":"Burlington","type":"adm2","level":null,"parent_id":null,"population":42452,"timezone":"America/New_York","translations":{"br":"Burlington","ko":"버링턴","pt-BR":"Burlington","pt":"Burlington","nl":"Burlington","hr":"Burlington","fa":"برلینگتون","de":"Burlington","es":"Burlington","fr":"Burlington","ja":"バーリントン","it":"Burlington","zh-CN":"伯灵顿","tr":"Burlington","ru":"Берлингтон","uk":"Берлінгтон","pl":"Burlington","hi":"बर्लिंगटन","ar":"برلنغتون"},"wikiDataId":"Q31058"},{"id":113193,"name":"Caledonia","state_id":1409,"state_code":"VT","state_name":"Vermont","country_id":233,"country_code":"US","country_name":"United States","latitude":"44.46472000","longitude":"-72.10219000","native":"Caledonia County","type":"county","level":null,"parent_id":null,"population":30233,"timezone":"America/New_York","translations":{"br":"Kontelezh Kaledonia","ko":"칼레도니아 카운티","pt-BR":"Condado de Caledônia","pt":"Condado de Caledônia","nl":"Caledonia County","hr":"Okrug Kaledonija","fa":"شهرستان کالدونیا","de":"Landkreis Caledonia","es":"Condado de Caledonia","fr":"Comté de Calédonie","ja":"カレドニア郡","it":"Contea di Caledonia","zh-CN":"卡利多尼亚县","tr":"Kaledonya İlçesi","ru":"Округ Каледония","uk":"Округ Каледонія","pl":"Hrabstwo Caledonia","hi":"कैलेडोनिया काउंटी","ar":"مقاطعة كاليدونيا"},"wikiDataId":"Q515205"},{"id":113552,"name":"Castleton","state_id":1409,"state_code":"VT","state_name":"Vermont","country_id":233,"country_code":"US","country_name":"United States","latitude":"43.61062000","longitude":"-73.17983000","native":"Castleton","type":"city","level":null,"parent_id":null,"population":1485,"timezone":"America/New_York","translations":{"br":"Kastell","ko":"캐슬턴","pt-BR":"Castleton","pt":"Castleton","nl":"Castleton","hr":"Castleton","fa":"کسلتون","de":"Castleton","es":"Castleton","fr":"Castleton","ja":"キャッスルトン","it":"Castleton","zh-CN":"卡斯尔顿","tr":"Castleton","ru":"Каслтон","uk":"Каслтон","pl":"Castleton","hi":"कैसलटन","ar":"كاسلتون"},"wikiDataId":"Q1049714"},{"id":113780,"name":"Charlotte","state_id":1409,"state_code":"VT","state_name":"Vermont","country_id":233,"country_code":"US","country_name":"United States","latitude":"44.30977000","longitude":"-73.26096000","native":"Charlotte","type":"city","level":null,"parent_id":null,"population":3861,"timezone":"America/New_York","translations":{"br":"Charlotte","ko":"샬럿","pt-BR":"Carlota","pt":"Carlota","nl":"Charlotte","hr":"Šarlota","fa":"شارلوت","de":"Charlotte","es":"Carlota","fr":"Charlotte","ja":"シャーロット","it":"Carlotta","zh-CN":"夏洛特","tr":"Charlotte","ru":"Шарлотта","uk":"Шарлотта","pl":"Charlotte","hi":"चालट","ar":"شارلوت"},"wikiDataId":"Q1957159"},{"id":113835,"name":"Chelsea","state_id":1409,"state_code":"VT","state_name":"Vermont","country_id":233,"country_code":"US","country_name":"United States","latitude":"43.98979000","longitude":"-72.44760000","native":"Chelsea","type":"adm2","level":null,"parent_id":null,"population":1233,"timezone":"America/New_York","translations":{"br":"Chelsea","ko":"첼시","pt-BR":"Chelsea","pt":"Chelsea","nl":"Chelsea","hr":"Chelsea","fa":"چلسی","de":"Chelsea","es":"Chelsea","fr":"Chelsea","ja":"チェルシー","it":"Chelsea","zh-CN":"切尔西","tr":"Chelsea","ru":"Челси","uk":"Челсі","pl":"Chelsea","hi":"चेल्सी","ar":"تشيلسي"},"wikiDataId":"Q1025389"},{"id":113891,"name":"Chester","state_id":1409,"state_code":"VT","state_name":"Vermont","country_id":233,"country_code":"US","country_name":"United States","latitude":"43.26285000","longitude":"-72.59509000","native":"Chester","type":"city","level":null,"parent_id":null,"population":2994,"timezone":"America/New_York","translations":{"br":"Chester","ko":"체스터","pt-BR":"Chester","pt":"Chester","nl":"Chester","hr":"Čester","fa":"چستر","de":"Chester","es":"Chester","fr":"Chester","ja":"チェスター","it":"Chester","zh-CN":"切斯特","tr":"Chester","ru":"Честер","uk":"Честер","pl":"Chester","hi":"चेस्टर","ar":"تشيستر"},"wikiDataId":"Q3474976"},{"id":113982,"name":"Chittenden","state_id":1409,"state_code":"VT","state_name":"Vermont","country_id":233,"country_code":"US","country_name":"United States","latitude":"43.70784000","longitude":"-72.94816000","native":"Chittenden","type":"city","level":null,"parent_id":null,"population":1237,"timezone":"America/New_York","translations":{"br":"Pouezed","ko":"치텐덴","pt-BR":"Chittenden","pt":"Chittenden","nl":"Chittenden","hr":"Chittenden","fa":"چیتندن","de":"Chittenden","es":"Chittenden","fr":"Chittenden","ja":"チッテンデン","it":"Chittenden","zh-CN":"奇滕登","tr":"Chittenden","ru":"Читтенден","uk":"Чіттенден","pl":"Chittenden","hi":"चित्तेंडेन","ar":"تشيتندن"},"wikiDataId":"Q2972399"},{"id":113983,"name":"Chittenden County","state_id":1409,"state_code":"VT","state_name":"Vermont","country_id":233,"country_code":"US","country_name":"United States","latitude":"44.46098000","longitude":"-73.08092000","native":"Chittenden County","type":"county","level":null,"parent_id":null,"population":168323,"timezone":"America/New_York","translations":{"br":"Kontelezh Chittenden","ko":"치텐든 카운티","pt-BR":"Condado de Chittenden","pt":"Condado de Chittenden","nl":"Chittenden County","hr":"Okrug Chittenden","fa":"شهرستان چیتندن","de":"Landkreis Chittenden","es":"Condado de Chittenden","fr":"Comté de Chittenden","ja":"チッテンデン郡","it":"Contea di Chittenden","zh-CN":"奇滕登县","tr":"Chittenden İlçesi","ru":"округ Читтенден","uk":"Округ Чіттенден","pl":"Hrabstwo Chittenden","hi":"चित्तेंडेन काउंटी","ar":"مقاطعة تشيتندن"},"wikiDataId":"Q509770"},{"id":114111,"name":"Clarendon","state_id":1409,"state_code":"VT","state_name":"Vermont","country_id":233,"country_code":"US","country_name":"United States","latitude":"43.51618000","longitude":"-72.96983000","native":"Clarendon","type":"section","level":null,"parent_id":null,"population":2489,"timezone":"America/New_York","translations":{"br":"Clarendon","ko":"클래런던","pt-BR":"Clarendon","pt":"Clarendon","nl":"Clarendon","hr":"Clarendon","fa":"کلارندون","de":"Clarendon","es":"Letras gruesas a la media","fr":"Clarendon","ja":"クラレンドン","it":"Clarendon","zh-CN":"克拉伦登","tr":"Clarendon","ru":"Кларендон","uk":"Кларендон","pl":"Clarendon","hi":"क्लेरेंडन","ar":"كلارندون"},"wikiDataId":"Q2972468"},{"id":114384,"name":"Colchester","state_id":1409,"state_code":"VT","state_name":"Vermont","country_id":233,"country_code":"US","country_name":"United States","latitude":"44.54394000","longitude":"-73.14791000","native":"Colchester","type":"city","level":null,"parent_id":null,"population":17524,"timezone":"America/New_York","translations":{"br":"Colchester","ko":"콜체스터","pt-BR":"Colchester","pt":"Colchester","nl":"Colchester","hr":"Colchester","fa":"کولچستر","de":"Colchester","es":"Colchester","fr":"Colchester","ja":"コルチェスター","it":"Colchester","zh-CN":"科尔切斯特","tr":"Colchester","ru":"Колчестер","uk":"Колчестер","pl":"Colchester","hi":"कोलचेस्टर","ar":"كولشيستر"},"wikiDataId":"Q978718"},{"id":115017,"name":"Danby","state_id":1409,"state_code":"VT","state_name":"Vermont","country_id":233,"country_code":"US","country_name":"United States","latitude":"43.34618000","longitude":"-72.99538000","native":"Danby","type":"city","level":null,"parent_id":null,"population":1286,"timezone":"America/New_York","translations":{"br":"Danby","ko":"댄비","pt-BR":"Danby","pt":"Danby","nl":"Danby","hr":"Danby","fa":"دانبی","de":"Danby","es":"Danby","fr":"Danby","ja":"ダンビー","it":"Danby","zh-CN":"丹比","tr":"Danby","ru":"Дэнби","uk":"Денбі","pl":"Danby","hi":"डैनबी","ar":"دانبي"},"wikiDataId":"Q1159292"},{"id":115452,"name":"Dover","state_id":1409,"state_code":"VT","state_name":"Vermont","country_id":233,"country_code":"US","country_name":"United States","latitude":"42.94369000","longitude":"-72.80399000","native":"Dover","type":"city","level":null,"parent_id":null,"population":1437,"timezone":"America/New_York","translations":{"br":"Dover","ko":"도버","pt-BR":"Dover","pt":"Dover","nl":"Dover","hr":"Dover","fa":"دوور","de":"Dover","es":"Dover","fr":"Douvres","ja":"ドーバー","it":"Dover","zh-CN":"多佛","tr":"Dover","ru":"Дувр","uk":"Дувр","pl":"Dover","hi":"डोवर","ar":"دوفر"},"wikiDataId":"Q1252918"},{"id":116146,"name":"Enosburg Falls","state_id":1409,"state_code":"VT","state_name":"Vermont","country_id":233,"country_code":"US","country_name":"United States","latitude":"44.90699000","longitude":"-72.80652000","native":"Enosburg Falls","type":"city","level":null,"parent_id":null,"population":1356,"timezone":"America/New_York","translations":{"br":"Lammoù-dour Enosburg","ko":"에노스버그 폭포","pt-BR":"Cataratas de Enosburg","pt":"Cataratas de Enosburg","nl":"Enosburgwatervallen","hr":"Enosburg Falls","fa":"آبشار انوسبورگ","de":"Enosburg Falls","es":"Cataratas de Enosburg","fr":"Chutes d'Enosburg","ja":"エノスバーグ滝","it":"Cascate di Enosburg","zh-CN":"伊诺斯堡瀑布","tr":"Enosburg Şelaleleri","ru":"Эносбург Фоллс","uk":"Водоспад Еносбург","pl":"Wodospady Enosburg","hi":"एनोसबर्ग फॉल्स","ar":"شلالات إينوسبرغ"},"wikiDataId":"Q3054523"},{"id":116197,"name":"Essex County","state_id":1409,"state_code":"VT","state_name":"Vermont","country_id":233,"country_code":"US","country_name":"United States","latitude":"44.72779000","longitude":"-71.73605000","native":"Essex County","type":"county","level":null,"parent_id":null,"population":5920,"timezone":"America/New_York","translations":{"br":"Kontelezh Essex","ko":"에섹스 카운티","pt-BR":"Condado de Essex","pt":"Condado de Essex","nl":"Essex County","hr":"Okrug Essex","fa":"شهرستان اسکس","de":"Grafschaft Essex","es":"Condado de Essex","fr":"Comté d'Essex","ja":"エセックス郡","it":"Contea di Essex","zh-CN":"埃塞克斯郡","tr":"Essex İlçesi","ru":"Округ Эссекс","uk":"Округ Ессекс","pl":"Hrabstwo Essex","hi":"एसेक्स काउंटी","ar":"مقاطعة إسيكس"},"wikiDataId":"Q509826"},{"id":116199,"name":"Essex Junction","state_id":1409,"state_code":"VT","state_name":"Vermont","country_id":233,"country_code":"US","country_name":"United States","latitude":"44.49061000","longitude":"-73.11096000","native":"Essex Junction","type":"city","level":null,"parent_id":null,"population":10590,"timezone":"America/New_York","translations":{"br":"Essex Junction","ko":"에식스 정션","pt-BR":"Essex Junction","pt":"Essex Junction","nl":"Essex Junction","hr":"Spoj Essexa","fa":"اسکس جانکشن","de":"Essex Junction","es":"Essex Junction","fr":"Essex Junction","ja":"エセックス・ジャンクション","it":"Essex Junction","zh-CN":"埃塞克斯交界处","tr":"Essex Kavşağı","ru":"Эссекс-Джанкшен","uk":"Ессекс-Джанкшен","pl":"Essex Junction","hi":"एसेक्स जंक्शन","ar":"تقاطع إسيكس"},"wikiDataId":"Q648356"},{"id":116283,"name":"Fair Haven","state_id":1409,"state_code":"VT","state_name":"Vermont","country_id":233,"country_code":"US","country_name":"United States","latitude":"43.59479000","longitude":"-73.26567000","native":"Fair Haven","type":"city","level":null,"parent_id":null,"population":2736,"timezone":"America/New_York","translations":{"br":"Fair Haven","ko":"페어 헤이븐","pt-BR":"Fair Haven","pt":"Fair Haven","nl":"Fair Haven","hr":"Fair Haven","fa":"فیر هیون","de":"Fair Haven","es":"Fair Haven","fr":"Fair Haven","ja":"フェアヘブン","it":"Fair Haven","zh-CN":"费尔黑文","tr":"Adil Cennet","ru":"Фэйр-Хейвен","uk":"Фейр-Гейвен","pl":"Fair Haven","hi":"फेयर हेवन","ar":"فير هافن"},"wikiDataId":"Q515582"},{"id":116495,"name":"Ferrisburgh","state_id":1409,"state_code":"VT","state_name":"Vermont","country_id":233,"country_code":"US","country_name":"United States","latitude":"44.20561000","longitude":"-73.24623000","native":"Ferrisburgh","type":"city","level":null,"parent_id":null,"population":2646,"timezone":"America/New_York","translations":{"br":"Ferrisburgh","ko":"페리스버그","pt-BR":"Ferrisburgh","pt":"Ferrisburgh","nl":"Ferrisburgh","hr":"Ferrisburgh","fa":"فریسبورگ","de":"Ferrisburgh","es":"Ferrisburgh","fr":"Ferrisburgh","ja":"フェリスバーグ","it":"Ferrisburgh","zh-CN":"费里斯堡","tr":"Ferrisburgh","ru":"Феррисбург","uk":"Феррісбург","pl":"Ferrisburgh","hi":"फेरिसबर्ग","ar":"فيريسبرغ"},"wikiDataId":"Q1874592"},{"id":116863,"name":"Franklin County","state_id":1409,"state_code":"VT","state_name":"Vermont","country_id":233,"country_code":"US","country_name":"United States","latitude":"44.85748000","longitude":"-72.91200000","native":"Franklin County","type":"county","level":null,"parent_id":null,"population":96749,"timezone":"America/New_York","translations":{"br":"Kontelezh Franklin","ko":"프랭클린 카운티","pt-BR":"Condado de Franklin","pt":"Condado de Franklin","nl":"Franklin County","hr":"Okrug Franklin","fa":"شهرستان فرانکلین","de":"Franklin County","es":"Condado de Franklin","fr":"Comté de Franklin","ja":"フランクリン郡","it":"Contea di Franklin","zh-CN":"富兰克林县","tr":"Franklin İlçesi","ru":"округ Франклин","uk":"Округ Франклін","pl":"Hrabstwo Franklin","hi":"फ्रैंकलिन काउंटी","ar":"مقاطعة فرانكلين"},"wikiDataId":"Q509880"},{"id":117464,"name":"Grand Isle","state_id":1409,"state_code":"VT","state_name":"Vermont","country_id":233,"country_code":"US","country_name":"United States","latitude":"44.79683000","longitude":"-73.29483000","native":"Grand Isle County","type":"county","level":null,"parent_id":null,"population":7293,"timezone":"America/New_York","translations":{"br":"Kontelezh Grand Isle","ko":"그랜드 아일 카운티","pt-BR":"Condado de Grand Isle","pt":"Condado de Grand Isle","nl":"Grand Isle County","hr":"Okrug Grand Isle","fa":"شهرستان گرند آیل","de":"Grand Isle County","es":"Condado de Grand Isle","fr":"Comté de Grand Isle","ja":"グランドアイル郡","it":"Contea di Grand Isle","zh-CN":"格兰德艾尔县","tr":"Grand Isle İlçesi","ru":"Округ Гранд-Айл","uk":"Округ Гранд-Айл","pl":"Hrabstwo Grand Isle","hi":"ग्रैंड आइल काउंटी","ar":"مقاطعة جراند آيل"},"wikiDataId":"Q1124720"},{"id":117783,"name":"Guildhall","state_id":1409,"state_code":"VT","state_name":"Vermont","country_id":233,"country_code":"US","country_name":"United States","latitude":"44.56506000","longitude":"-71.55981000","native":"Guildhall","type":"adm2","level":null,"parent_id":null,"population":262,"timezone":"America/New_York","translations":{"br":"Sal ar Greizenn","ko":"시청사","pt-BR":"Salão da Guilda","pt":"Salão da Guilda","nl":"Gildehuis","hr":"Gradska vijećnica","fa":"گیلدهال","de":"Rathaus","es":"Casa de ayuntamiento","fr":"Hôtel de ville","ja":"ギルドホール","it":"Municipio","zh-CN":"市政厅","tr":"Lonca binası","ru":"Гильдхолл","uk":"Гілдхол","pl":"Ratusz","hi":"गिल्डहॉल","ar":"مبنى البلدية"},"wikiDataId":"Q1978874"},{"id":118010,"name":"Hardwick","state_id":1409,"state_code":"VT","state_name":"Vermont","country_id":233,"country_code":"US","country_name":"United States","latitude":"44.50478000","longitude":"-72.36816000","native":"Hardwick","type":"city","level":null,"parent_id":null,"population":1345,"timezone":"America/New_York","translations":{"br":"Hardwick","ko":"하드윅","pt-BR":"Hardwick","pt":"Hardwick","nl":"Hardwick","hr":"Hardwick","fa":"هاردویک","de":"Hardwick","es":"Hardwick","fr":"Hardwick","ja":"ハードウィック","it":"Hardwick","zh-CN":"哈德威克","tr":"Hardwick","ru":"Хардвик","uk":"Гардвік","pl":"Hardwick","hi":"हार्डविक","ar":"هاردويك"},"wikiDataId":"Q1398082"},{"id":118092,"name":"Hartford","state_id":1409,"state_code":"VT","state_name":"Vermont","country_id":233,"country_code":"US","country_name":"United States","latitude":"43.66063000","longitude":"-72.33842000","native":"Hartford","type":"city","level":null,"parent_id":null,"population":9779,"timezone":"America/New_York","translations":{"br":"Hartford","ko":"하트포드","pt-BR":"Hartford","pt":"Hartford","nl":"Hartford","hr":"Hartford","fa":"هارتفورد","de":"Hartford","es":"Hartford","fr":"Hartford","ja":"ハートフォード","it":"Hartford","zh-CN":"哈特福德","tr":"Hartford","ru":"Хартфорд","uk":"Гартфорд","pl":"Hartford","hi":"हार्टफोर्ड","ar":"هارتفورد"},"wikiDataId":"Q1587168"},{"id":118481,"name":"Hinesburg","state_id":1409,"state_code":"VT","state_name":"Vermont","country_id":233,"country_code":"US","country_name":"United States","latitude":"44.32922000","longitude":"-73.11068000","native":"Hinesburg","type":"city","level":null,"parent_id":null,"population":4698,"timezone":"America/New_York","translations":{"br":"Hinesburg","ko":"하인스버그","pt-BR":"Hinesburg","pt":"Hinesburg","nl":"Hinesburg","hr":"Hinesburg","fa":"هاینزبرگ","de":"Hinesburg","es":"Hinesburg","fr":"Hinesburg","ja":"ハインズバーグ","it":"Hinesburg","zh-CN":"海恩斯堡","tr":"Hinesburg","ru":"Хайнсбург","uk":"Хайнсбург","pl":"Hinesburg","hi":"हाइन्सबर्ग","ar":"هاينسبورغ"},"wikiDataId":"Q1619395"},{"id":118852,"name":"Hyde Park","state_id":1409,"state_code":"VT","state_name":"Vermont","country_id":233,"country_code":"US","country_name":"United States","latitude":"44.59394000","longitude":"-72.61651000","native":"Hyde Park","type":"adm2","level":null,"parent_id":null,"population":492,"timezone":"America/New_York","translations":{"br":"Hyde Park","ko":"하이드 파크","pt-BR":"Hyde Park","pt":"Hyde Park","nl":"Hyde Park","hr":"Hyde Park","fa":"هاید پارک","de":"Hyde Park","es":"Hyde Park","fr":"Hyde Park","ja":"ハイドパーク","it":"Hyde Park","zh-CN":"海德公园","tr":"Hyde Park","ru":"Гайд-парк","uk":"Гайд-парк","pl":"Hyde Park","hi":"हाइड पार्क","ar":"هايد بارك"},"wikiDataId":"Q2051042"},{"id":119112,"name":"Jamaica","state_id":1409,"state_code":"VT","state_name":"Vermont","country_id":233,"country_code":"US","country_name":"United States","latitude":"43.10036000","longitude":"-72.77843000","native":"Jamaica","type":"city","level":null,"parent_id":null,"population":1005,"timezone":"America/New_York","translations":{"br":"Jamaika","ko":"자메이카","pt-BR":"Jamaica","pt":"Jamaica","nl":"Jamaica","hr":"Jamajka","fa":"جامائیکا","de":"Jamaika","es":"Jamaica","fr":"Jamaïque","ja":"ジャマイカ","it":"Giamaica","zh-CN":"牙买加","tr":"Jamaika","ru":"Ямайка","uk":"Ямайка","pl":"Jamajka","hi":"जमैका","ar":"جامايكا"},"wikiDataId":"Q3450853"},{"id":119225,"name":"Jericho","state_id":1409,"state_code":"VT","state_name":"Vermont","country_id":233,"country_code":"US","country_name":"United States","latitude":"44.50394000","longitude":"-72.99763000","native":"Jericho","type":"city","level":null,"parent_id":null,"population":1329,"timezone":"America/New_York","translations":{"br":"Jeriko","ko":"여리고","pt-BR":"Jericó","pt":"Jericó","nl":"Jericho","hr":"Jerihon","fa":"جریکو","de":"Jericho","es":"Jericó","fr":"Jéricho","ja":"ジェリコ","it":"Gerico","zh-CN":"耶利哥","tr":"Eriha","ru":"Иерихон","uk":"Єрихон","pl":"Jerycho","hi":"जेरिको","ar":"أريحا"},"wikiDataId":"Q1016601"},{"id":119255,"name":"Johnson","state_id":1409,"state_code":"VT","state_name":"Vermont","country_id":233,"country_code":"US","country_name":"United States","latitude":"44.63561000","longitude":"-72.68040000","native":"Johnson","type":"city","level":null,"parent_id":null,"population":1451,"timezone":"America/New_York","translations":{"br":"Johnson","ko":"존슨","pt-BR":"Johnson","pt":"Johnson","nl":"Johnson","hr":"Johnson","fa":"جانسون","de":"Johnson","es":"Johnson","fr":"Johnson","ja":"ジョンソン","it":"Johnson","zh-CN":"约翰逊","tr":"Johnson","ru":"Джонсон","uk":"Джонсон","pl":"Johnson","hi":"जॉनसन","ar":"جونسون"},"wikiDataId":"Q2057226"},{"id":120072,"name":"Lamoille","state_id":1409,"state_code":"VT","state_name":"Vermont","country_id":233,"country_code":"US","country_name":"United States","latitude":"44.60576000","longitude":"-72.64145000","native":"Lamoille County","type":"county","level":null,"parent_id":null,"population":25945,"timezone":"America/New_York","translations":{"br":"Kontelezh Lamoille","ko":"라모일 카운티","pt-BR":"Condado de Lamoille","pt":"Condado de Lamoille","nl":"Lamoille County","hr":"Okrug Lamoille","fa":"شهرستان لامویل","de":"Landkreis Lamoille","es":"Condado de Lamoille","fr":"Comté de Lamoille","ja":"ラモイル郡","it":"Contea di Lamoille","zh-CN":"拉莫伊尔县","tr":"Lamoille İlçesi","ru":"Округ Ламойл","uk":"Округ Ламойль","pl":"Hrabstwo Lamoille","hi":"लामोइल काउंटी","ar":"مقاطعة لامويل"},"wikiDataId":"Q505405"},{"id":120338,"name":"Leicester","state_id":1409,"state_code":"VT","state_name":"Vermont","country_id":233,"country_code":"US","country_name":"United States","latitude":"43.86673000","longitude":"-73.10789000","native":"Leicester","type":"city","level":null,"parent_id":null,"population":990,"timezone":"America/New_York","translations":{"br":"Leicester","ko":"레스터","pt-BR":"Leicester","pt":"Leicester","nl":"Leicester","hr":"Leicester","fa":"لستر","de":"Leicester","es":"Leicester","fr":"Leicester","ja":"レスター","it":"Leicester","zh-CN":"莱斯特","tr":"Leicester","ru":"Лестер","uk":"Лестер","pl":"Leicester","hi":"लीसेस्टर","ar":"ليستر"},"wikiDataId":"Q1877569"},{"id":120508,"name":"Lincoln","state_id":1409,"state_code":"VT","state_name":"Vermont","country_id":233,"country_code":"US","country_name":"United States","latitude":"44.10589000","longitude":"-72.99706000","native":"Lincoln","type":"city","level":null,"parent_id":null,"population":1268,"timezone":"America/New_York","translations":{"br":"Lincoln","ko":"링컨","pt-BR":"Lincoln","pt":"Lincoln","nl":"Lincoln","hr":"Lincoln","fa":"لینکلن","de":"Lincoln","es":"Lincoln","fr":"Lincoln","ja":"リンカーン","it":"Lincoln","zh-CN":"林肯","tr":"Lincoln","ru":"Линкольн","uk":"Лінкольн","pl":"Lincoln","hi":"लिंकन","ar":"لينكولن"},"wikiDataId":"Q1892234"},{"id":120724,"name":"Londonderry","state_id":1409,"state_code":"VT","state_name":"Vermont","country_id":233,"country_code":"US","country_name":"United States","latitude":"43.22646000","longitude":"-72.80649000","native":"Londonderry","type":"city","level":null,"parent_id":null,"population":1919,"timezone":"America/New_York","translations":{"br":"Londonderry","ko":"런던데리","pt-BR":"Londonderry","pt":"Londonderry","nl":"Londonderry","hr":"Londonderry","fa":"لندندری","de":"Londonderry","es":"Londonderry","fr":"Londonderry","ja":"ロンドンデリー","it":"Londonderry","zh-CN":"伦敦德里","tr":"Londonderry","ru":"Лондондерри","uk":"Лондондеррі","pl":"Londonderry","hi":"लंदनडेरी","ar":"لندنديري"},"wikiDataId":"Q3709175"},{"id":120888,"name":"Lunenburg","state_id":1409,"state_code":"VT","state_name":"Vermont","country_id":233,"country_code":"US","country_name":"United States","latitude":"44.46311000","longitude":"-71.68203000","native":"Lunenburg","type":"city","level":null,"parent_id":null,"population":1246,"timezone":"America/New_York","translations":{"br":"Lunenburg","ko":"루넨버그","pt-BR":"Lunenburg","pt":"Lunenburg","nl":"Lunenburg","hr":"Lunenburg","fa":"لوننبرگ","de":"Lunenburg","es":"Lunenburg","fr":"Lunenburg","ja":"ルーネンバーグ","it":"Lunenburg","zh-CN":"卢嫩堡","tr":"Lunenburg","ru":"Луненбург","uk":"Луненбург","pl":"Lunenburg","hi":"लुनेंबर्ग","ar":"لونينبورج"},"wikiDataId":"Q1987253"},{"id":120924,"name":"Lyndon","state_id":1409,"state_code":"VT","state_name":"Vermont","country_id":233,"country_code":"US","country_name":"United States","latitude":"44.51422000","longitude":"-72.01093000","native":"Lyndon","type":"city","level":null,"parent_id":null,"population":5491,"timezone":"America/New_York","translations":{"br":"Lyndon","ko":"린든","pt-BR":"Lyndon","pt":"Lyndon","nl":"Lyndon","hr":"Lyndon","fa":"لیندون","de":"Lyndon","es":"Lyndon","fr":"Lyndon","ja":"リンドン","it":"Lyndon","zh-CN":"林登","tr":"Lyndon","ru":"Линдон","uk":"Ліндон","pl":"Lyndon","hi":"लिंडन","ar":"ليندون"},"wikiDataId":"Q1388877"},{"id":120925,"name":"Lyndonville","state_id":1409,"state_code":"VT","state_name":"Vermont","country_id":233,"country_code":"US","country_name":"United States","latitude":"44.53367000","longitude":"-72.00315000","native":"Lyndonville","type":"city","level":null,"parent_id":null,"population":1136,"timezone":"America/New_York","translations":{"br":"Lyndonville","ko":"린든빌","pt-BR":"Lyndonville","pt":"Lyndonville","nl":"Lyndonville","hr":"Lyndonville","fa":"لیندونویل","de":"Lyndonville","es":"Lyndonville","fr":"Lyndonville","ja":"リンドンビル","it":"Lyndonville","zh-CN":"林登维尔","tr":"Lyndonville","ru":"Линдонвилль","uk":"Ліндонвілл","pl":"Lyndonville","hi":"लिंडनविले","ar":"ليندونفيل"},"wikiDataId":"Q6708760"},{"id":121103,"name":"Manchester Center","state_id":1409,"state_code":"VT","state_name":"Vermont","country_id":233,"country_code":"US","country_name":"United States","latitude":"43.17702000","longitude":"-73.05705000","native":"Manchester Center","type":"city","level":null,"parent_id":null,"population":2120,"timezone":"America/New_York","translations":{"br":"Kreizenn Manchester","ko":"맨체스터 센터","pt-BR":"Centro de Manchester","pt":"Centro de Manchester","nl":"Manchester Centrum","hr":"Manchesterski centar","fa":"مرکز منچستر","de":"Manchester Center","es":"Centro de Manchester","fr":"Centre de Manchester","ja":"マンチェスターセンター","it":"Centro di Manchester","zh-CN":"曼彻斯特中心","tr":"Manchester Merkezi","ru":"Манчестер Центр","uk":"Манчестерський центр","pl":"Centrum Manchesteru","hi":"मैनचेस्टर सेंटर","ar":"مركز مانشستر"},"wikiDataId":"Q6747299"},{"id":121654,"name":"Mendon","state_id":1409,"state_code":"VT","state_name":"Vermont","country_id":233,"country_code":"US","country_name":"United States","latitude":"43.65198000","longitude":"-72.92780000","native":"Mendon","type":"city","level":null,"parent_id":null,"population":1033,"timezone":"America/New_York","translations":{"br":"Mendon","ko":"멘돈","pt-BR":"Mendon","pt":"Mendon","nl":"Mendon","hr":"Mendon","fa":"مندون","de":"Mendon","es":"Mendon","fr":"Mendon","ja":"メンドン","it":"Mendon","zh-CN":"门登","tr":"Mendon","ru":"Мендон","uk":"Мендон","pl":"Mendon","hi":"मेंडन","ar":"ميندون"},"wikiDataId":"Q265798"},{"id":121773,"name":"Middlebury (village)","state_id":1409,"state_code":"VT","state_name":"Vermont","country_id":233,"country_code":"US","country_name":"United States","latitude":"44.01553000","longitude":"-73.16937000","native":"Middlebury (village)","type":"adm2","level":null,"parent_id":null,"population":6588,"timezone":"America/New_York","translations":{"br":"Middlebury (kêriadenn)","ko":"미들베리(마을)","pt-BR":"Middlebury (vila)","pt":"Middlebury (vila)","nl":"Middlebury (dorp)","hr":"Middlebury (selo)","fa":"میدلبری (روستا)","de":"Middlebury (Dorf)","es":"Middlebury (pueblo)","fr":"Middlebury (village)","ja":"ミドルベリー（村）","it":"Middlebury (villaggio)","zh-CN":"米德尔伯里（村庄）","tr":"Middlebury (köy)","ru":"Миддлбери (деревня)","uk":"Міддлбері (село)","pl":"Middlebury (wieś)","hi":"मिडिलबरी (गाँव)","ar":"ميدلبري (قرية)"},"wikiDataId":"Q1012392"},{"id":121919,"name":"Milton","state_id":1409,"state_code":"VT","state_name":"Vermont","country_id":233,"country_code":"US","country_name":"United States","latitude":"44.63977000","longitude":"-73.11041000","native":"Milton","type":"city","level":null,"parent_id":null,"population":1861,"timezone":"America/New_York","translations":{"br":"Milton","ko":"밀턴","pt-BR":"Milton","pt":"Milton","nl":"Milton","hr":"Milton","fa":"میلتون","de":"Milton","es":"Milton","fr":"Milton","ja":"ミルトン","it":"Milton","zh-CN":"米尔顿","tr":"Milton","ru":"Милтон","uk":"Мілтон","pl":"Milton","hi":"मिल्टन","ar":"ميلتون"},"wikiDataId":"Q1789757"},{"id":122137,"name":"Montgomery","state_id":1409,"state_code":"VT","state_name":"Vermont","country_id":233,"country_code":"US","country_name":"United States","latitude":"44.90255000","longitude":"-72.63818000","native":"Montgomery","type":"city","level":null,"parent_id":null,"population":1195,"timezone":"America/New_York","translations":{"br":"Montgomery","ko":"몽고메리","pt-BR":"Montgomery","pt":"Montgomery","nl":"Montgomery","hr":"Montgomery","fa":"مونتگومری","de":"Montgomery","es":"Montgomery","fr":"Montgomery","ja":"モンゴメリー","it":"Montgomery","zh-CN":"蒙哥马利","tr":"Montgomery","ru":"Монтгомери","uk":"Монтгомері","pl":"Montgomery","hi":"मॉन्टगोमेरी","ar":"مونتغمري"},"wikiDataId":"Q1946270"},{"id":122177,"name":"Montpelier","state_id":1409,"state_code":"VT","state_name":"Vermont","country_id":233,"country_code":"US","country_name":"United States","latitude":"44.26006000","longitude":"-72.57539000","native":"Montpelier","type":"adm1","level":null,"parent_id":null,"population":8074,"timezone":"America/New_York","translations":{"br":"Montpelier","ko":"몽펠리에","pt-BR":"Montpelier","pt":"Montpelier","nl":"Montpelier","hr":"Montpelier","fa":"مون‌پلیه","de":"Montpelier","es":"Montpelier","fr":"Montpelier","ja":"モンペリエ","it":"Montpellier","zh-CN":"蒙彼利埃","tr":"Montpelier","ru":"Монпелье","uk":"Монпельє","pl":"Montpelier","hi":"मॉन्टपीलियर","ar":"مونبلييه"},"wikiDataId":"Q26426"},{"id":122232,"name":"Moretown","state_id":1409,"state_code":"VT","state_name":"Vermont","country_id":233,"country_code":"US","country_name":"United States","latitude":"44.25089000","longitude":"-72.76095000","native":"Moretown","type":"city","level":null,"parent_id":null,"population":1753,"timezone":"America/New_York","translations":{"br":"Moretown","ko":"모어타운","pt-BR":"Moretown","pt":"Moretown","nl":"Moretown","hr":"Moretown","fa":"مورتاون","de":"Moretown","es":"Moretown","fr":"Moretown","ja":"モアタウン","it":"Moretown","zh-CN":"莫尔敦","tr":"Moretown","ru":"Мортаун","uk":"Мортаун","pl":"Moretown","hi":"मोरटाउन","ar":"مورتاون"},"wikiDataId":"Q3475608"},{"id":122283,"name":"Morristown","state_id":1409,"state_code":"VT","state_name":"Vermont","country_id":233,"country_code":"US","country_name":"United States","latitude":"44.55727000","longitude":"-72.62373000","native":"Morristown","type":"city","level":null,"parent_id":null,"population":5434,"timezone":"America/New_York","translations":{"br":"Morristown","ko":"모리스타운","pt-BR":"Morristown","pt":"Morristown","nl":"Morristown","hr":"Morristown","fa":"موریستاون","de":"Morristown","es":"Morristown","fr":"Morristown","ja":"モリスタウン","it":"Morristown","zh-CN":"莫里斯敦","tr":"Morristown","ru":"Морристаун","uk":"Моррістаун","pl":"Morristown","hi":"मॉरिसटाउन","ar":"موريس تاون"},"wikiDataId":"Q1948575"},{"id":122287,"name":"Morrisville","state_id":1409,"state_code":"VT","state_name":"Vermont","country_id":233,"country_code":"US","country_name":"United States","latitude":"44.56172000","longitude":"-72.59845000","native":"Morrisville","type":"city","level":null,"parent_id":null,"population":2086,"timezone":"America/New_York","translations":{"br":"Morrisville","ko":"모리스빌","pt-BR":"Morrisville","pt":"Morrisville","nl":"Morrisville","hr":"Morrisville","fa":"موریسویل","de":"Morrisville","es":"Morrisville","fr":"Morrisville","ja":"モリスビル","it":"Morrisville","zh-CN":"莫里斯维尔","tr":"Morrisville","ru":"Моррисвилль","uk":"Моррісвілл","pl":"Morrisville","hi":"Morrisville","ar":"موريسفيل"},"wikiDataId":"Q285464"},{"id":122350,"name":"Mount Holly","state_id":1409,"state_code":"VT","state_name":"Vermont","country_id":233,"country_code":"US","country_name":"United States","latitude":"43.45229000","longitude":"-72.82482000","native":"Mount Holly","type":"city","level":null,"parent_id":null,"population":1385,"timezone":"America/New_York","translations":{"br":"Menez Holly","ko":"마운트 홀리","pt-BR":"Monte Holly","pt":"Monte Holly","nl":"Berg Hulst","hr":"Planina Holly","fa":"کوه هالی","de":"Mount Holly","es":"Monte Holly","fr":"Mont Holly","ja":"マウントホリー","it":"Monte Holly","zh-CN":"芒特霍利","tr":"Mount Holly","ru":"Маунт-Холли","uk":"Маунт-Голлі","pl":"Góra Ostrokrzewu","hi":"माउंट होली","ar":"جبل هولي"},"wikiDataId":"Q3451033"},{"id":122827,"name":"Newfane","state_id":1409,"state_code":"VT","state_name":"Vermont","country_id":233,"country_code":"US","country_name":"United States","latitude":"42.98564000","longitude":"-72.65593000","native":"Newfane","type":"adm2","level":null,"parent_id":null,"population":114,"timezone":"America/New_York","translations":{"br":"Newfane","ko":"뉴페이","pt-BR":"Newfane","pt":"Newfane","nl":"Newfane","hr":"Newfane","fa":"نیوفن","de":"Newfane","es":"Newfane","fr":"Newfane","ja":"ニューフェーン","it":"Newfane","zh-CN":"纽芬","tr":"Newfane","ru":"Ньюфейн","uk":"Ньюфейн","pl":"Newfane","hi":"न्यूफेन","ar":"نيوفان"},"wikiDataId":"Q127187"},{"id":122850,"name":"Newport","state_id":1409,"state_code":"VT","state_name":"Vermont","country_id":233,"country_code":"US","country_name":"United States","latitude":"44.93644000","longitude":"-72.20510000","native":"Newport","type":"adm2","level":null,"parent_id":null,"population":4442,"timezone":"America/New_York","translations":{"br":"Newport","ko":"뉴포트","pt-BR":"Newport","pt":"Newport","nl":"Nieuwpoort","hr":"Newport","fa":"نیوپورت","de":"Newport","es":"Newport","fr":"Newport","ja":"ニューポート","it":"Newport","zh-CN":"纽波特","tr":"Newport","ru":"Ньюпорт","uk":"Ньюпорт","pl":"Newport","hi":"न्यूपोर्ट","ar":"نيوبورت"},"wikiDataId":"Q1012011"},{"id":122986,"name":"North Bennington","state_id":1409,"state_code":"VT","state_name":"Vermont","country_id":233,"country_code":"US","country_name":"United States","latitude":"42.93036000","longitude":"-73.24261000","native":"North Bennington","type":"city","level":null,"parent_id":null,"population":1716,"timezone":"America/New_York","translations":{"br":"Norzh Bennington","ko":"노스 베닝턴","pt-BR":"Bennington do Norte","pt":"Bennington do Norte","nl":"Noord-Bennington","hr":"Sjeverni Bennington","fa":"نورث بنینگتون","de":"Nord-Bennington","es":"North Bennington","fr":"North Bennington","ja":"ノース・ベニントン","it":"Bennington Nord","zh-CN":"北本宁顿","tr":"Kuzey Bennington","ru":"Северный Беннингтон","uk":"Норт-Беннінгтон","pl":"Północny Bennington","hi":"नॉर्थ बेनिंगटन","ar":"شمال بينينجتون"},"wikiDataId":"Q7054162"},{"id":123038,"name":"North Hero","state_id":1409,"state_code":"VT","state_name":"Vermont","country_id":233,"country_code":"US","country_name":"United States","latitude":"44.83125000","longitude":"-73.27323000","native":"North Hero","type":"adm2","level":null,"parent_id":null,"population":939,"timezone":"America/New_York","translations":{"br":"Haroz an Norzh","ko":"노스 히어로","pt-BR":"Herói do Norte","pt":"Herói do Norte","nl":"Noordheld","hr":"Sjeverni junak","fa":"قهرمان شمالی","de":"Nordheld","es":"Héroe del Norte","fr":"Héros du Nord","ja":"ノースヒーロー","it":"Eroe del Nord","zh-CN":"北方英雄","tr":"Kuzey Kahramanı","ru":"Северный герой","uk":"Північний герой","pl":"Bohater Północy","hi":"उत्तर हीरो","ar":"بطل الشمال"},"wikiDataId":"Q754769"},{"id":123154,"name":"Northfield","state_id":1409,"state_code":"VT","state_name":"Vermont","country_id":233,"country_code":"US","country_name":"United States","latitude":"44.15117000","longitude":"-72.65650000","native":"Northfield","type":"city","level":null,"parent_id":null,"population":2101,"timezone":"America/New_York","translations":{"br":"Northfield","ko":"노스필드","pt-BR":"Northfield","pt":"Northfield","nl":"Noordveld","hr":"Northfield","fa":"نورثفیلد","de":"Northfield","es":"Northfield","fr":"Northfield","ja":"ノースフィールド","it":"Northfield","zh-CN":"诺斯菲尔德","tr":"Northfield","ru":"Нортфилд","uk":"Нортфілд","pl":"Northfield","hi":"नॉर्थफील्ड","ar":"نورثفيلد"},"wikiDataId":"Q1406285"},{"id":123520,"name":"Orange County","state_id":1409,"state_code":"VT","state_name":"Vermont","country_id":233,"country_code":"US","country_name":"United States","latitude":"44.00560000","longitude":"-72.37661000","native":"Orange County","type":"county","level":null,"parent_id":null,"population":3186989,"timezone":"America/New_York","translations":{"br":"Kontelezh Orange","ko":"오렌지 카운티","pt-BR":"Condado de Orange","pt":"Condado de Orange","nl":"Oranje County","hr":"Okrug Orange","fa":"شهرستان اورنج","de":"Orange County","es":"Condado de Orange","fr":"Comté d'Orange","ja":"オレンジカウンティ","it":"Contea di Orange","zh-CN":"奥兰治县","tr":"Orange County","ru":"округ Ориндж","uk":"Округ Оріндж","pl":"Hrabstwo Orange","hi":"नारंगी प्रदेश","ar":"مقاطعة أورانج"},"wikiDataId":"Q505444"},{"id":123566,"name":"Orleans","state_id":1409,"state_code":"VT","state_name":"Vermont","country_id":233,"country_code":"US","country_name":"United States","latitude":"44.82881000","longitude":"-72.24381000","native":"Orleans County","type":"county","level":null,"parent_id":null,"population":27393,"timezone":"America/New_York","translations":{"br":"Kontelezh Orleañs","ko":"올리언스 카운티","pt-BR":"Condado de Orleans","pt":"Condado de Orleans","nl":"Orleans County","hr":"Okrug Orleans","fa":"شهرستان اورلئان","de":"Landkreis Orleans","es":"Condado de Orleans","fr":"Comté d'Orléans","ja":"オーリンズ郡","it":"Contea di Orleans","zh-CN":"奥尔良县","tr":"Orleans İlçesi","ru":"округ Орлеан","uk":"Округ Орлеан","pl":"Hrabstwo Orleans","hi":"ऑरलियन्स काउंटी","ar":"مقاطعة أورليانز"},"wikiDataId":"Q513758"},{"id":123931,"name":"Pawlet","state_id":1409,"state_code":"VT","state_name":"Vermont","country_id":233,"country_code":"US","country_name":"United States","latitude":"43.34674000","longitude":"-73.17622000","native":"Pawlet","type":"city","level":null,"parent_id":null,"population":1424,"timezone":"America/New_York","translations":{"br":"Pawlet","ko":"폴렛","pt-BR":"Pawlet","pt":"Pawlet","nl":"Pawlet","hr":"Pawlet","fa":"پاولت","de":"Pawlet","es":"Pawlet","fr":"Cliquet","ja":"パウレット","it":"Pawlet","zh-CN":"帕劳莱特","tr":"Pawlet","ru":"Полет","uk":"Полет","pl":"Pawlet","hi":"पावलेट","ar":"باوليت"},"wikiDataId":"Q3447840"},{"id":124604,"name":"Poultney","state_id":1409,"state_code":"VT","state_name":"Vermont","country_id":233,"country_code":"US","country_name":"United States","latitude":"43.51701000","longitude":"-73.23622000","native":"Poultney","type":"city","level":null,"parent_id":null,"population":1569,"timezone":"America/New_York","translations":{"br":"Poultney","ko":"폴트니","pt-BR":"Aves de capoeira","pt":"Aves de capoeira","nl":"Pluimvee","hr":"Poultney","fa":"پولتنی","de":"Poultney","es":"Poultney","fr":"Poultney","ja":"ポールトニー","it":"Poultney","zh-CN":"波特尼","tr":"Tavuk","ru":"Поултни","uk":"Поултні","pl":"Poultney","hi":"पोल्टनी","ar":"بولتني"},"wikiDataId":"Q11700187"},{"id":124619,"name":"Pownal","state_id":1409,"state_code":"VT","state_name":"Vermont","country_id":233,"country_code":"US","country_name":"United States","latitude":"42.76564000","longitude":"-73.23594000","native":"Pownal","type":"city","level":null,"parent_id":null,"population":3258,"timezone":"America/New_York","translations":{"br":"Pownal","ko":"파우날","pt-BR":"Pownal","pt":"Pownal","nl":"Pownal","hr":"Pownal","fa":"پونال","de":"Pownal","es":"Pownal","fr":"Pownal","ja":"ポウナル","it":"Pownal","zh-CN":"波纳尔","tr":"Pownal","ru":"Паунал","uk":"Паунал","pl":"Pownal","hi":"पोनल","ar":"باونال"},"wikiDataId":"Q1940266"},{"id":124868,"name":"Randolph","state_id":1409,"state_code":"VT","state_name":"Vermont","country_id":233,"country_code":"US","country_name":"United States","latitude":"43.92507000","longitude":"-72.66594000","native":"Randolph","type":"city","level":null,"parent_id":null,"population":1974,"timezone":"America/New_York","translations":{"br":"Randolph","ko":"랜돌프","pt-BR":"Randolfo","pt":"Randolfo","nl":"Randolph","hr":"Randolph","fa":"راندولف","de":"Randolph","es":"Randolph","fr":"Randolph","ja":"ランドルフ","it":"Randolph","zh-CN":"兰道夫","tr":"Randolph","ru":"Рэндольф","uk":"Рендольф","pl":"Randolph","hi":"Randolph","ar":"راندولف"},"wikiDataId":"Q1441076"},{"id":125065,"name":"Richford","state_id":1409,"state_code":"VT","state_name":"Vermont","country_id":233,"country_code":"US","country_name":"United States","latitude":"44.99699000","longitude":"-72.67124000","native":"Richford","type":"city","level":null,"parent_id":null,"population":1361,"timezone":"America/New_York","translations":{"br":"Richford","ko":"리치포드","pt-BR":"Richford","pt":"Richford","nl":"Richford","hr":"Richford","fa":"ریچفورد","de":"Richford","es":"Richford","fr":"Richford","ja":"リッチフォード","it":"Richford","zh-CN":"里奇福德","tr":"Richford","ru":"Ричфорд","uk":"Річфорд","pl":"Richford","hi":"रिचफोर्ड","ar":"ريتشفورد"},"wikiDataId":"Q2151175"},{"id":125304,"name":"Rockingham","state_id":1409,"state_code":"VT","state_name":"Vermont","country_id":233,"country_code":"US","country_name":"United States","latitude":"43.18758000","longitude":"-72.48898000","native":"Rockingham","type":"city","level":null,"parent_id":null,"population":4832,"timezone":"America/New_York","translations":{"br":"Rockingham","ko":"로킹엄","pt-BR":"Rockingham","pt":"Rockingham","nl":"Rockingham","hr":"Rockingham","fa":"راکینگهام","de":"Rockingham","es":"Rockingham","fr":"Rockingham","ja":"ロッキンガム","it":"Rockingham","zh-CN":"罗金厄姆","tr":"Rockingham","ru":"Рокингем","uk":"Рокінгем","pl":"Rockingham","hi":"रॉकिंगहैम","ar":"روكنغهام"},"wikiDataId":"Q1621936"},{"id":125557,"name":"Rutland","state_id":1409,"state_code":"VT","state_name":"Vermont","country_id":233,"country_code":"US","country_name":"United States","latitude":"43.61062000","longitude":"-72.97261000","native":"Rutland","type":"adm2","level":null,"parent_id":null,"population":15807,"timezone":"America/New_York","translations":{"br":"Rutland","ko":"러틀랜드","pt-BR":"Rutland","pt":"Rutland","nl":"Rutland","hr":"Rutland","fa":"روتلند","de":"Rutland","es":"Rutland","fr":"Rutland","ja":"ラトランド","it":"Rutland","zh-CN":"拉特兰","tr":"Rutland","ru":"Ратленд","uk":"Ратленд","pl":"Rutland","hi":"रटलैंड","ar":"روتلاند"},"wikiDataId":"Q25893"},{"id":125558,"name":"Rutland County","state_id":1409,"state_code":"VT","state_name":"Vermont","country_id":233,"country_code":"US","country_name":"United States","latitude":"43.58009000","longitude":"-73.03661000","native":"Rutland County","type":"county","level":null,"parent_id":null,"population":60572,"timezone":"America/New_York","translations":{"br":"Kontelezh Rutland","ko":"러틀랜드 카운티","pt-BR":"Condado de Rutland","pt":"Condado de Rutland","nl":"Rutland County","hr":"Okrug Rutland","fa":"شهرستان راتلند","de":"Rutland County","es":"Condado de Rutland","fr":"Comté de Rutland","ja":"ラトランド郡","it":"Contea di Rutland","zh-CN":"拉特兰县","tr":"Rutland İlçesi","ru":"Округ Ратленд","uk":"Округ Ратленд","pl":"Hrabstwo Rutland","hi":"रटलैंड काउंटी","ar":"مقاطعة روتلاند"},"wikiDataId":"Q513878"},{"id":125596,"name":"Saint Albans","state_id":1409,"state_code":"VT","state_name":"Vermont","country_id":233,"country_code":"US","country_name":"United States","latitude":"44.81088000","longitude":"-73.08319000","native":"Saint Albans","type":"adm2","level":null,"parent_id":null,"population":6918,"timezone":"America/New_York","translations":{"br":"Sant-Alban","ko":"세인트 올번스","pt-BR":"Saint Albans","pt":"Saint Albans","nl":"Sint Albans","hr":"Sveti Albans","fa":"سنت آلبانز","de":"St. Albans","es":"San Albans","fr":"Saint Albans","ja":"セントオールバンズ","it":"Saint Albans","zh-CN":"圣奥尔本斯","tr":"Saint Albans","ru":"Сент-Олбанс","uk":"Сент-Олбанс","pl":"Święty Albans","hi":"सेंट एल्बंस","ar":"سانت ألبانز"},"wikiDataId":"Q968060"},{"id":125668,"name":"Saint Johnsbury","state_id":1409,"state_code":"VT","state_name":"Vermont","country_id":233,"country_code":"US","country_name":"United States","latitude":"44.41922000","longitude":"-72.01509000","native":"Saint Johnsbury","type":"adm2","level":null,"parent_id":null,"population":6193,"timezone":"America/New_York","translations":{"br":"Sant Johnsbury","ko":"세인트 존스버리","pt-BR":"São João","pt":"São João","nl":"Sint-Jansbury","hr":"Saint Johnsbury","fa":"سنت جانزبری","de":"St. Johnsbury","es":"San Johnsbury","fr":"Saint Johnsbury","ja":"セントジョンズベリー","it":"Saint Johnsbury","zh-CN":"圣约翰斯伯里","tr":"Aziz Johnsbury","ru":"Сент-Джонсбери","uk":"Сент-Джонсбері","pl":"Święty Johnsbury","hi":"सेंट जॉन्सबरी","ar":"سانت جونزبيري"},"wikiDataId":"Q1014607"},{"id":125760,"name":"Salisbury","state_id":1409,"state_code":"VT","state_name":"Vermont","country_id":233,"country_code":"US","country_name":"United States","latitude":"43.89645000","longitude":"-73.09984000","native":"Salisbury","type":"city","level":null,"parent_id":null,"population":1131,"timezone":"America/New_York","translations":{"br":"Salisbury","ko":"솔즈베리","pt-BR":"Salisbury","pt":"Salisbury","nl":"Salisbury","hr":"Salisbury","fa":"سالزبری","de":"Salisbury","es":"Salisbury","fr":"Salisbury","ja":"ソールズベリー","it":"Salisbury","zh-CN":"索尔兹伯里","tr":"Salisbury","ru":"Солсбери","uk":"Солсбері","pl":"Salisbury","hi":"सेलिसबरी","ar":"سالزبوري"},"wikiDataId":"Q1896512"},{"id":126616,"name":"South Barre","state_id":1409,"state_code":"VT","state_name":"Vermont","country_id":233,"country_code":"US","country_name":"United States","latitude":"44.17701000","longitude":"-72.50566000","native":"South Barre","type":"city","level":null,"parent_id":null,"population":1219,"timezone":"America/New_York","translations":{"br":"Su Barre","ko":"사우스 바레","pt-BR":"South Barre","pt":"South Barre","nl":"Zuid-Barre","hr":"Južni Barre","fa":"بار جنوبی","de":"Süd-Barre","es":"South Barre","fr":"South Barre","ja":"サウス・バレ","it":"South Barre","zh-CN":"南巴里","tr":"Güney Barre","ru":"Южный Барре","uk":"Саут-Барре","pl":"Południowy Barre","hi":"साउथ बैरे","ar":"ساوث باري"},"wikiDataId":"Q2416180"},{"id":126634,"name":"South Burlington","state_id":1409,"state_code":"VT","state_name":"Vermont","country_id":233,"country_code":"US","country_name":"United States","latitude":"44.46699000","longitude":"-73.17096000","native":"South Burlington","type":"city","level":null,"parent_id":null,"population":20292,"timezone":"America/New_York","translations":{"br":"South Burlington","ko":"사우스 벌링턴","pt-BR":"Burlington Sul","pt":"Burlington Sul","nl":"Zuid-Burlington","hr":"Južni Burlington","fa":"برلینگتون جنوبی","de":"Süd-Burlington","es":"Burlington del Sur","fr":"Burlington Sud","ja":"サウスバーリントン","it":"Burlington del sud","zh-CN":"南伯灵顿","tr":"Güney Burlington","ru":"Южный Берлингтон","uk":"Південний Берлінгтон","pl":"Południowy Burlington","hi":"साउथ बर्लिंगटन","ar":"ساوث برلنغتون"},"wikiDataId":"Q26065"},{"id":126904,"name":"Springfield","state_id":1409,"state_code":"VT","state_name":"Vermont","country_id":233,"country_code":"US","country_name":"United States","latitude":"43.29841000","longitude":"-72.48231000","native":"Springfield","type":"city","level":null,"parent_id":null,"population":3979,"timezone":"America/New_York","translations":{"br":"Springfield","ko":"스프링필드","pt-BR":"Springfield","pt":"Springfield","nl":"Springfield","hr":"Springfield","fa":"اسپرینگفیلد","de":"Springfield","es":"Springfield","fr":"Springfield","ja":"スプリングフィールド","it":"Springfield","zh-CN":"斯普林菲尔德","tr":"Springfield","ru":"Спрингфилд","uk":"Спрінгфілд","pl":"Springfield","hi":"स्प्रिंगफील्ड","ar":"سبرينغفيلد"},"wikiDataId":"Q40212"},{"id":126925,"name":"St Johnsbury","state_id":1409,"state_code":"VT","state_name":"Vermont","country_id":233,"country_code":"US","country_name":"United States","latitude":"44.42526000","longitude":"-72.01512000","native":"St Johnsbury","type":"city","level":null,"parent_id":null,"population":7571,"timezone":"America/New_York","translations":{"br":"St Johnsbury","ko":"세인트 존스버리","pt-BR":"São João","pt":"São João","nl":"St. Johnsbury","hr":"St. Johnsbury","fa":"سنت جانزبری","de":"St. Johnsbury","es":"St. Johnsbury","fr":"Saint Johnsbury","ja":"セントジョンズベリー","it":"St Johnsbury","zh-CN":"圣约翰斯伯里","tr":"St Johnsbury","ru":"Сент-Джонсбери","uk":"Сент-Джонсбері","pl":"St Johnsbury","hi":"सेंट जॉन्सबरी","ar":"سانت جونسبري"},"wikiDataId":"Q2141628"},{"id":126988,"name":"Starksboro","state_id":1409,"state_code":"VT","state_name":"Vermont","country_id":233,"country_code":"US","country_name":"United States","latitude":"44.22728000","longitude":"-73.05734000","native":"Starksboro","type":"city","level":null,"parent_id":null,"population":1756,"timezone":"America/New_York","translations":{"br":"Starksboro","ko":"스타크스버러","pt-BR":"Starksboro","pt":"Starksboro","nl":"Starksboro","hr":"Starksboro","fa":"استارکسبورو","de":"Starksboro","es":"Starksboro","fr":"Starksboro","ja":"スタークスボロ","it":"Starksboro","zh-CN":"斯塔克斯伯勒","tr":"Starksboro","ru":"Старксборо","uk":"Старксборо","pl":"Starksboro","hi":"स्टार्क्सबोरो","ar":"ستاركسبورو"},"wikiDataId":"Q1897250"},{"id":127114,"name":"Stowe","state_id":1409,"state_code":"VT","state_name":"Vermont","country_id":233,"country_code":"US","country_name":"United States","latitude":"44.46533000","longitude":"-72.68456000","native":"Stowe","type":"city","level":null,"parent_id":null,"population":5223,"timezone":"America/New_York","translations":{"br":"Stowe","ko":"스토우","pt-BR":"Stowe","pt":"Stowe","nl":"Stowe","hr":"Stowe","fa":"استو","de":"Stowe","es":"Stowe","fr":"Stowe","ja":"ストウ","it":"Stowe","zh-CN":"斯托","tr":"Stowe","ru":"Стоу","uk":"Стоу","pl":"Stowe","hi":"स्टोव","ar":"ستو"},"wikiDataId":"Q550498"},{"id":127327,"name":"Swanton","state_id":1409,"state_code":"VT","state_name":"Vermont","country_id":233,"country_code":"US","country_name":"United States","latitude":"44.91810000","longitude":"-73.12430000","native":"Swanton","type":"city","level":null,"parent_id":null,"population":2370,"timezone":"America/New_York","translations":{"br":"Swanton","ko":"스완턴","pt-BR":"Swanton","pt":"Swanton","nl":"Swanton","hr":"Swanton","fa":"سوانتون","de":"Swanton","es":"Swanton","fr":"Swanton","ja":"スワントン","it":"Swanton","zh-CN":"斯旺顿","tr":"Swanton","ru":"Свантон","uk":"Свонтон","pl":"Swanton","hi":"स्वैंटन","ar":"سوانتون"},"wikiDataId":"Q2047233"},{"id":127767,"name":"Townshend","state_id":1409,"state_code":"VT","state_name":"Vermont","country_id":233,"country_code":"US","country_name":"United States","latitude":"43.04730000","longitude":"-72.66759000","native":"Townshend","type":"city","level":null,"parent_id":null,"population":1291,"timezone":"America/New_York","translations":{"br":"Townshend","ko":"타운센드","pt-BR":"Townshend","pt":"Townshend","nl":"Townshend","hr":"Townshend","fa":"تاونزند","de":"Townshend","es":"Townshend","fr":"Townshend","ja":"タウンゼント","it":"Townshend","zh-CN":"汤森","tr":"Townshend","ru":"Таунсенд","uk":"Таунсенд","pl":"Townshend","hi":"टाउनशेंड","ar":"تاونسند"},"wikiDataId":"Q516557"},{"id":128182,"name":"Vergennes","state_id":1409,"state_code":"VT","state_name":"Vermont","country_id":233,"country_code":"US","country_name":"United States","latitude":"44.16728000","longitude":"-73.25401000","native":"Pound","type":"city","level":null,"parent_id":null,"population":2553,"timezone":"America/New_York","translations":{"br":"Vergennes","ko":"베르겐느","pt-BR":"Vergennes","pt":"Vergennes","nl":"Vergennes","hr":"Vergennes","fa":"ورگنس","de":"Vergennes","es":"Vergennes","fr":"Vergennes","ja":"ヴェルジェンヌ","it":"Vergennes","zh-CN":"韦尔热讷","tr":"Vergennes","ru":"Верженн","uk":"Верженнес","pl":"Vergennes","hi":"वेर्गेनेस","ar":"فيرجينيس"},"wikiDataId":"Q1004225"},{"id":128550,"name":"Washington","state_id":1409,"state_code":"VT","state_name":"Vermont","country_id":233,"country_code":"US","country_name":"United States","latitude":"44.10562000","longitude":"-72.43260000","native":"Washington","type":"city","level":null,"parent_id":null,"population":1192,"timezone":"America/New_York","translations":{"br":"Washington","ko":"워싱턴","pt-BR":"Washington","pt":"Washington","nl":"Washington","hr":"Washington","fa":"واشنگتن","de":"Washington","es":"Washington","fr":"Washington","ja":"ワシントン","it":"Washington","zh-CN":"华盛顿","tr":"Washington","ru":"Вашингтон","uk":"Вашингтон","pl":"Waszyngton","hi":"वाशिंगटन","ar":"واشنطن"},"wikiDataId":"Q2349496"},{"id":128575,"name":"Washington County","state_id":1409,"state_code":"VT","state_name":"Vermont","country_id":233,"country_code":"US","country_name":"United States","latitude":"44.27342000","longitude":"-72.61490000","native":"Washington County","type":"county","level":null,"parent_id":null,"population":209349,"timezone":"America/New_York","translations":{"br":"Kontelezh Washington","ko":"워싱턴 카운티","pt-BR":"Condado de Washington","pt":"Condado de Washington","nl":"Washington County","hr":"Okrug Washington","fa":"شهرستان واشنگتن","de":"Washington County","es":"Condado de Washington","fr":"Comté de Washington","ja":"ワシントン郡","it":"Contea di Washington","zh-CN":"华盛顿县","tr":"Washington İlçesi","ru":"округ Вашингтон","uk":"Округ Вашингтон","pl":"Hrabstwo Waszyngton","hi":"वाशिंगटन काउंटी","ar":"مقاطعة واشنطن"},"wikiDataId":"Q505380"},{"id":128603,"name":"Waterbury","state_id":1409,"state_code":"VT","state_name":"Vermont","country_id":233,"country_code":"US","country_name":"United States","latitude":"44.33783000","longitude":"-72.75623000","native":"Waterbury","type":"city","level":null,"parent_id":null,"population":1821,"timezone":"America/New_York","translations":{"br":"Waterbury","ko":"워터베리","pt-BR":"Waterbury","pt":"Waterbury","nl":"Waterbury","hr":"Waterbury","fa":"واتربری","de":"Waterbury","es":"Waterbury","fr":"Waterbury","ja":"ウォーターベリー","it":"Waterbury","zh-CN":"沃特伯里","tr":"Waterbury","ru":"Уотербери","uk":"Вотербері","pl":"Waterbury","hi":"वाटरबरी","ar":"ووتربري"},"wikiDataId":"Q1374855"},{"id":128834,"name":"West Brattleboro","state_id":1409,"state_code":"VT","state_name":"Vermont","country_id":233,"country_code":"US","country_name":"United States","latitude":"42.85592000","longitude":"-72.60315000","native":"West Brattleboro","type":"city","level":null,"parent_id":null,"population":2740,"timezone":"America/New_York","translations":{"br":"West Brattleboro","ko":"웨스트 브래틀버러","pt-BR":"Brattleboro Ocidental","pt":"Brattleboro Ocidental","nl":"West Brattleboro","hr":"Zapadni Brattleboro","fa":"وست براتلبورو","de":"West Brattleboro","es":"Oeste de Brattleboro","fr":"West Brattleboro","ja":"ウェストブラトルボロ","it":"Brattleboro occidentale","zh-CN":"西布拉特尔伯勒","tr":"Batı Brattleboro","ru":"Западный Браттлборо","uk":"Вест-Бреттлборо","pl":"Zachodnie Brattleboro","hi":"वेस्ट ब्रैटलबोरो","ar":"غرب براتلبورو"},"wikiDataId":"Q2885974"},{"id":128970,"name":"West Rutland","state_id":1409,"state_code":"VT","state_name":"Vermont","country_id":233,"country_code":"US","country_name":"United States","latitude":"43.59312000","longitude":"-73.04511000","native":"West Rutland","type":"city","level":null,"parent_id":null,"population":2214,"timezone":"America/New_York","translations":{"br":"West Rutland","ko":"웨스트 러틀랜드","pt-BR":"Rutland Ocidental","pt":"Rutland Ocidental","nl":"West-Rutland","hr":"Zapadni Rutland","fa":"وست راتلند","de":"West Rutland","es":"Rutland occidental","fr":"Rutland Ouest","ja":"ウェストラトランド","it":"Rutland occidentale","zh-CN":"西拉特兰","tr":"Batı Rutland","ru":"Западный Ратленд","uk":"Вест-Ратленд","pl":"Zachodni Rutland","hi":"वेस्ट रटलैंड","ar":"غرب روتلاند"},"wikiDataId":"Q2747123"},{"id":129157,"name":"White River Junction","state_id":1409,"state_code":"VT","state_name":"Vermont","country_id":233,"country_code":"US","country_name":"United States","latitude":"43.64896000","longitude":"-72.31926000","native":"White River Junction","type":"city","level":null,"parent_id":null,"population":2286,"timezone":"America/New_York","translations":{"br":"Kroashent ar stêr wenn","ko":"화이트 리버 정션","pt-BR":"Junção do Rio Branco","pt":"Junção do Rio Branco","nl":"White River Junction","hr":"Spoj Bijele rijeke","fa":"تقاطع رودخانه سفید","de":"White River Junction","es":"Cruce del río Blanco","fr":"Jonction de White River","ja":"ホワイトリバージャンクション","it":"White River Junction","zh-CN":"白河交汇处","tr":"Beyaz Nehir Kavşağı","ru":"Уайт-Ривер-Джанкшен","uk":"Вайт-Рівер-Джанкшен","pl":"Węzeł White River","hi":"व्हाइट रिवर जंक्शन","ar":"تقاطع وايت ريفر"},"wikiDataId":"Q1898562"},{"id":129232,"name":"Wilder","state_id":1409,"state_code":"VT","state_name":"Vermont","country_id":233,"country_code":"US","country_name":"United States","latitude":"43.67285000","longitude":"-72.30870000","native":"Wilder","type":"city","level":null,"parent_id":null,"population":1597,"timezone":"America/New_York","translations":{"br":"Wilder","ko":"와일더","pt-BR":"Mais selvagem","pt":"Mais selvagem","nl":"Wilder","hr":"Wilder","fa":"وایلدر","de":"Wilder","es":"Más salvaje","fr":"Wilder","ja":"ワイルダー","it":"Più selvaggio","zh-CN":"怀尔德","tr":"Wilder","ru":"Уайлдер","uk":"Вайлдер","pl":"Wilder","hi":"वाइल्डर","ar":"وايلدر"},"wikiDataId":"Q3460039"},{"id":129289,"name":"Williamstown","state_id":1409,"state_code":"VT","state_name":"Vermont","country_id":233,"country_code":"US","country_name":"United States","latitude":"44.12173000","longitude":"-72.54149000","native":"Williamstown","type":"city","level":null,"parent_id":null,"population":1162,"timezone":"America/New_York","translations":{"br":"Williamstown","ko":"윌리엄스타운","pt-BR":"Williamstown","pt":"Williamstown","nl":"Williamstown","hr":"Williamstown","fa":"ویلیامزتاون","de":"Williamstown","es":"Williamstown","fr":"Williamstown","ja":"ウィリアムズタウン","it":"Williamstown","zh-CN":"威廉斯敦","tr":"Williamstown","ru":"Уильямстаун","uk":"Вільямстаун","pl":"Williamstown","hi":"Williamstown","ar":"ويليامزتاون"},"wikiDataId":"Q2350079"},{"id":129298,"name":"Williston","state_id":1409,"state_code":"VT","state_name":"Vermont","country_id":233,"country_code":"US","country_name":"United States","latitude":"44.43755000","longitude":"-73.06818000","native":"Williston","type":"city","level":null,"parent_id":null,"population":8314,"timezone":"America/New_York","translations":{"br":"Williston","ko":"윌리스턴","pt-BR":"Williston","pt":"Williston","nl":"Williston","hr":"Williston","fa":"ویلیستون","de":"Williston","es":"Williston","fr":"Williston","ja":"ウィリストン","it":"Williston","zh-CN":"威利斯顿","tr":"Williston","ru":"Уиллистон","uk":"Віллістон","pl":"Williston","hi":"विलिस्टन","ar":"ويليستون"},"wikiDataId":"Q1819030"},{"id":129374,"name":"Windham County","state_id":1409,"state_code":"VT","state_name":"Vermont","country_id":233,"country_code":"US","country_name":"United States","latitude":"42.99059000","longitude":"-72.71384000","native":"Windham County","type":"county","level":null,"parent_id":null,"population":45905,"timezone":"America/New_York","translations":{"br":"Kontelezh Windham","ko":"윈덤 카운티","pt-BR":"Condado de Windham","pt":"Condado de Windham","nl":"Windham County","hr":"Okrug Windham","fa":"شهرستان ویندهام","de":"Landkreis Windham","es":"Condado de Windham","fr":"Comté de Windham","ja":"ウィンダム郡","it":"Contea di Windham","zh-CN":"温德姆县","tr":"Windham İlçesi","ru":"Округ Виндхэм","uk":"Округ Віндхем","pl":"Hrabstwo Windham","hi":"विंडहैम काउंटी","ar":"مقاطعة ويندهام"},"wikiDataId":"Q17174784"},{"id":129384,"name":"Windsor","state_id":1409,"state_code":"VT","state_name":"Vermont","country_id":233,"country_code":"US","country_name":"United States","latitude":"43.48035000","longitude":"-72.38481000","native":"Windsor","type":"city","level":null,"parent_id":null,"population":2066,"timezone":"America/New_York","translations":{"br":"Windsor","ko":"윈저","pt-BR":"Windsor","pt":"Windsor","nl":"Windsor","hr":"Windsor","fa":"ویندزور","de":"Windsor","es":"Windsor","fr":"Windsor","ja":"ウィンザー","it":"Windsor","zh-CN":"温莎","tr":"Windsor","ru":"Виндзор","uk":"Віндзор","pl":"Windsor","hi":"विंडसर","ar":"وندسور"},"wikiDataId":"Q1939361"},{"id":129388,"name":"Windsor County","state_id":1409,"state_code":"VT","state_name":"Vermont","country_id":233,"country_code":"US","country_name":"United States","latitude":"43.58000000","longitude":"-72.58624000","native":"Windsor County","type":"county","level":null,"parent_id":null,"population":57753,"timezone":"America/New_York","translations":{"br":"Kontelezh Windsor","ko":"윈저 카운티","pt-BR":"Condado de Windsor","pt":"Condado de Windsor","nl":"Windsor County","hr":"Okrug Windsor","fa":"شهرستان ویندزور","de":"Windsor County","es":"Condado de Windsor","fr":"Comté de Windsor","ja":"ウィンザー郡","it":"Contea di Windsor","zh-CN":"温莎县","tr":"Windsor İlçesi","ru":"Округ Виндзор","uk":"Округ Віндзор","pl":"Hrabstwo Windsor","hi":"विंडसर काउंटी","ar":"مقاطعة وندسور"},"wikiDataId":"Q513994"},{"id":129427,"name":"Winooski","state_id":1409,"state_code":"VT","state_name":"Vermont","country_id":233,"country_code":"US","country_name":"United States","latitude":"44.49144000","longitude":"-73.18568000","native":"Winooski","type":"city","level":null,"parent_id":null,"population":7997,"timezone":"America/New_York","translations":{"br":"Winooski","ko":"위누스키","pt-BR":"Winooski","pt":"Winooski","nl":"Winooski","hr":"Winooski","fa":"وینوسکی","de":"Winooski","es":"Winooski","fr":"Winooski","ja":"ウィヌースキー","it":"Winooski","zh-CN":"威努斯基","tr":"Winooski","ru":"Винуски","uk":"Вінускі","pl":"Winooski","hi":"विनोस्की","ar":"وينوسكي"},"wikiDataId":"Q993232"},{"id":129566,"name":"Woodstock","state_id":1409,"state_code":"VT","state_name":"Vermont","country_id":233,"country_code":"US","country_name":"United States","latitude":"43.62424000","longitude":"-72.51843000","native":"Woodstock","type":"adm2","level":null,"parent_id":null,"population":871,"timezone":"America/New_York","translations":{"br":"Koadeier","ko":"우드스탁","pt-BR":"Woodstock","pt":"Woodstock","nl":"Woodstock","hr":"Woodstock","fa":"ووداستاک","de":"Woodstock","es":"Woodstock","fr":"Woodstock","ja":"ウッドストック","it":"Woodstock","zh-CN":"伍德斯托克","tr":"Woodstock","ru":"Вудсток","uk":"Вудсток","pl":"Woodstock","hi":"वुडस्टॉक","ar":"وودستوك"},"wikiDataId":"Q1012397"}]