[{"id":65615,"name":"Aral","state_id":142,"state_code":"43","state_name":"Kyzylorda","country_id":112,"country_code":"KZ","country_name":"Kazakhstan","latitude":"46.80000000","longitude":"61.66667000","native":"Арал","type":"adm2","level":null,"parent_id":null,"population":0,"timezone":"Asia/Almaty","translations":{"br":"Aral","ko":"아랄","pt-BR":"Aral","pt":"Aral","nl":"Aral","hr":"Aral","fa":"آرال","de":"Aral","es":"Aral","fr":"Aral","ja":"アラル","it":"Aral","zh-CN":"阿拉尔","tr":"Aral","ru":"Арал","uk":"Аральський","pl":"Aral","hi":"अराल","ar":"آرال"},"wikiDataId":"Q165450"},{"id":65629,"name":"Ayteke Bi","state_id":142,"state_code":"43","state_name":"Kyzylorda","country_id":112,"country_code":"KZ","country_name":"Kazakhstan","latitude":"45.84607000","longitude":"62.15264000","native":"Әйтеке би","type":"city","level":null,"parent_id":null,"population":44502,"timezone":"Asia/Almaty","translations":{"br":"Ayteke Bi","ko":"아이테케 비","pt-BR":"Ayteke Bi","pt":"Ayteke Bi","nl":"Ayteke Bi","hr":"Ayteke Bi","fa":"آیتکه بی","de":"Ayteke Bi","es":"Ayteke Bi","fr":"Ayteke Bi","ja":"アイテケ・ビ","it":"Ayteke Bi","zh-CN":"艾特克·比","tr":"Ayteke Bi","ru":"Айтеке Би","uk":"Айтеке Бі","pl":"Ayteke Bi","hi":"आयटेके बी","ar":"أيتيكي بي"},"wikiDataId":"Q2380922"},{"id":65642,"name":"Belköl","state_id":142,"state_code":"43","state_name":"Kyzylorda","country_id":112,"country_code":"KZ","country_name":"Kazakhstan","latitude":"44.81162000","longitude":"65.58796000","native":"Белкөл","type":"city","level":null,"parent_id":null,"population":1486,"timezone":"Asia/Qyzylorda","translations":{"br":"Belköl","ko":"벨콜","pt-BR":"Belköl","pt":"Belköl","nl":"Belköl","hr":"Belköl","fa":"بلکول","de":"Belköl","es":"Belköl","fr":"Belköl","ja":"ベルケル","it":"Belköl","zh-CN":"贝尔科尔","tr":"Belköl","ru":"Белкёль","uk":"Белкьол","pl":"Belköl","hi":"बेल्कोल","ar":"بيلكول"},"wikiDataId":"Q12532833"},{"id":65669,"name":"Dzhalagash","state_id":142,"state_code":"43","state_name":"Kyzylorda","country_id":112,"country_code":"KZ","country_name":"Kazakhstan","latitude":"45.08333000","longitude":"64.66667000","native":"Жалағаш","type":"adm2","level":null,"parent_id":null,"population":null,"timezone":"Asia/Almaty","translations":{"br":"Dzhalagash","ko":"잘라가시","pt-BR":"Dzhalagash","pt":"Dzhalagash","nl":"Dzhalagash","hr":"Džalagaš","fa":"ژالاگاش","de":"Dzhalagash","es":"Dzhalagash","fr":"Djalagash","ja":"ジャラガシュ","it":"Dzhalagash","zh-CN":"贾拉加什","tr":"Dzhalagash","ru":"Джалагаш","uk":"Джалагаш","pl":"Dzhalagash","hi":"द्ज़ालागाश","ar":"دزالاجاش"},"wikiDataId":"Q1251114"},{"id":65708,"name":"Kyzylorda","state_id":142,"state_code":"43","state_name":"Kyzylorda","country_id":112,"country_code":"KZ","country_name":"Kazakhstan","latitude":"44.85278000","longitude":"65.50917000","native":"Қызылорда","type":"adm1","level":null,"parent_id":null,"population":354800,"timezone":"Asia/Qyzylorda","translations":{"br":"Kyzylorda","ko":"키질로르다","pt-BR":"Kyzylorda","pt":"Kyzylorda","nl":"Kyzylorda","hr":"Kyzylorda","fa":"قیزیل‌اوردا","de":"Qysylorda","es":"Kyzylorda","fr":"Kyzylorda","ja":"キズロルダ","it":"Kyzylorda","zh-CN":"克孜勒奥尔达","tr":"Kızılorda","ru":"Кызылорда","uk":"Кизилорда","pl":"Kyzylorda","hi":"किज़लोर्डा","ar":"كيزيلوردا"},"wikiDataId":"Q491123"},{"id":65757,"name":"Qazaly","state_id":142,"state_code":"43","state_name":"Kyzylorda","country_id":112,"country_code":"KZ","country_name":"Kazakhstan","latitude":"45.76278000","longitude":"62.10750000","native":"Қазалы","type":"city","level":null,"parent_id":null,"population":78517,"timezone":"Asia/Almaty","translations":{"br":"Qazaly","ko":"카잘리","pt-BR":"Qazaly","pt":"Qazaly","nl":"Qazaly","hr":"Kazali","fa":"غزالی","de":"Qazaly","es":"Qazaly","fr":"Qazaly","ja":"カザリー","it":"Qazaly","zh-CN":"卡扎利","tr":"Qazaly","ru":"Казалы","uk":"Казали","pl":"Qazaly","hi":"कज़ाली","ar":"غزالي"},"wikiDataId":"Q1557559"},{"id":65773,"name":"Sekseūil","state_id":142,"state_code":"43","state_name":"Kyzylorda","country_id":112,"country_code":"KZ","country_name":"Kazakhstan","latitude":"47.09000000","longitude":"61.15194000","native":"Сексуіл","type":"city","level":null,"parent_id":null,"population":null,"timezone":"Asia/Almaty","translations":{"br":"Sekseūil","ko":"섹시일","pt-BR":"Sekseūil","pt":"Sekseūil","nl":"Sekseūil","hr":"Sekseūil","fa":"سکسوئیل","de":"Sekseūil","es":"Sexo","fr":"Sexe","ja":"セクセイル","it":"Sekseūil","zh-CN":"性感","tr":"Sekseūil","ru":"Сексеуил","uk":"Сексеуїл","pl":"Sekseūil","hi":"सेक्सेउइल","ar":"سيكسيويل"},"wikiDataId":"Q12561247"},{"id":65780,"name":"Shalqīya","state_id":142,"state_code":"43","state_name":"Kyzylorda","country_id":112,"country_code":"KZ","country_name":"Kazakhstan","latitude":"44.00947000","longitude":"67.41062000","native":"Шалқия","type":"city","level":null,"parent_id":null,"population":3822,"timezone":"Asia/Qyzylorda","translations":{"br":"Shalqīya","ko":"샬키야","pt-BR":"Shalqīya","pt":"Shalqīya","nl":"Shalqiya","hr":"Šalka","fa":"شلقیه","de":"Shalqīya","es":"Shalqiya","fr":"Chalqia","ja":"シャルキヤ","it":"Shalqīya","zh-CN":"沙尔基亚","tr":"Şalkiya","ru":"Шалькия","uk":"Шалькія","pl":"Shalkija","hi":"शाल्किया","ar":"شلقية"},"wikiDataId":"Q61944"},{"id":65792,"name":"Shīeli","state_id":142,"state_code":"43","state_name":"Kyzylorda","country_id":112,"country_code":"KZ","country_name":"Kazakhstan","latitude":"44.16882000","longitude":"66.73887000","native":"Шиелі","type":"adm2","level":null,"parent_id":null,"population":31691,"timezone":"Asia/Almaty","translations":{"br":"Shieli","ko":"시엘리","pt-BR":"Shieli","pt":"Shieli","nl":"Shieli","hr":"Šieli","fa":"شیلی","de":"Shīeli","es":"Shieli","fr":"Shieli","ja":"シーリ","it":"Shīeli","zh-CN":"希利","tr":"Şīeli","ru":"Шиели","uk":"Шиелі","pl":"Shīeli","hi":"Shieli","ar":"شيلي"},"wikiDataId":"Q4523462"},{"id":65804,"name":"Tasböget","state_id":142,"state_code":"43","state_name":"Kyzylorda","country_id":112,"country_code":"KZ","country_name":"Kazakhstan","latitude":"44.77384000","longitude":"65.55227000","native":"Тасбөгет","type":"city","level":null,"parent_id":null,"population":null,"timezone":"Asia/Almaty","translations":{"br":"Tasböget","ko":"타스뵈게트","pt-BR":"Tasböget","pt":"Tasböget","nl":"Tasböget","hr":"Tasböget","fa":"تاسبوگت","de":"Tasböget","es":"Tasböget","fr":"Tasböget","ja":"タスボゲット","it":"Tasböget","zh-CN":"塔斯博盖特","tr":"Tasböget","ru":"Тасбёгет","uk":"Тасбегет","pl":"Tasböget","hi":"तस्बोगेट","ar":"تاسبوغيت"},"wikiDataId":"Q4452304"},{"id":65811,"name":"Terenozek","state_id":142,"state_code":"43","state_name":"Kyzylorda","country_id":112,"country_code":"KZ","country_name":"Kazakhstan","latitude":"45.05053000","longitude":"64.98395000","native":"Тереңөзек","type":"adm2","level":null,"parent_id":null,"population":9661,"timezone":"Asia/Qyzylorda","translations":{"br":"Terenozek","ko":"테레노젝","pt-BR":"Terenozek","pt":"Terenozek","nl":"Terenozek","hr":"Terenozek","fa":"ترنوزک","de":"Terenozek","es":"Terenozek","fr":"Terenozek","ja":"テレノゼク","it":"Terenozek","zh-CN":"泰雷诺泽克","tr":"Terenozek","ru":"Теренозек","uk":"Теренозек","pl":"Terenozek","hi":"टेरेनोज़ेक","ar":"تيرينوسيك"},"wikiDataId":"Q7702054"},{"id":65827,"name":"Yanykurgan","state_id":142,"state_code":"43","state_name":"Kyzylorda","country_id":112,"country_code":"KZ","country_name":"Kazakhstan","latitude":"43.90652000","longitude":"67.24637000","native":"Жаңақорған","type":"adm2","level":null,"parent_id":null,"population":21339,"timezone":"Asia/Qyzylorda","translations":{"br":"Yanykurgan","ko":"야니쿠르간","pt-BR":"Yanykurgan","pt":"Yanykurgan","nl":"Yanykurgan","hr":"Janukurgan","fa":"یانیکورگان","de":"Janykurgan","es":"Yanykurgan","fr":"Yanykurgan","ja":"ヤニクルガン","it":"Yanykurgan","zh-CN":"亚内库尔干","tr":"Yanykurgan","ru":"Яныкурган","uk":"Яникурган","pl":"Janukurgan","hi":"यानिकुरगन","ar":"يانيكورغان"},"wikiDataId":"Q162548"},{"id":65848,"name":"Zhosaly","state_id":142,"state_code":"43","state_name":"Kyzylorda","country_id":112,"country_code":"KZ","country_name":"Kazakhstan","latitude":"45.48778000","longitude":"64.07806000","native":"Жосалы","type":"adm2","level":null,"parent_id":null,"population":18563,"timezone":"Asia/Qyzylorda","translations":{"br":"Zhosaly","ko":"조살리","pt-BR":"Zhosaly","pt":"Zhosaly","nl":"Zhosaly","hr":"Žosaly","fa":"ژوسالی","de":"Schossalien","es":"Zhosaly","fr":"Zhosaly","ja":"ジョサリー","it":"Zhosaly","zh-CN":"佐萨利","tr":"Zhosaly","ru":"Жосалы","uk":"Жосали","pl":"Zhosaly","hi":"ज़ोसाली","ar":"زوسالي"},"wikiDataId":"Q740832"}]