[{"id":111028,"name":"Adams Morgan","state_id":1437,"state_code":"DC","state_name":"District of Columbia","country_id":233,"country_code":"US","country_name":"United States","latitude":"38.92150000","longitude":"-77.04220000","native":"Adams Morgan","type":"city","level":null,"parent_id":null,"population":15830,"timezone":"America/New_York","translations":{"br":"Adams Morgan","ko":"애덤스 모건","pt-BR":"Adams Morgan","pt":"Adams Morgan","nl":"Adams Morgan","hr":"Adams Morgan","fa":"آدامز مورگان","de":"Adams Morgan","es":"Adams Morgan","fr":"Adams Morgan","ja":"アダムズ・モーガン","it":"Adams Morgan","zh-CN":"亚当斯·摩根","tr":"Adams Morgan","ru":"Адамс Морган","uk":"Адамс Морган","pl":"Adams Morgan","hi":"एडम्स मॉर्गन","ar":"آدامز مورغان"},"wikiDataId":"Q2057409"},{"id":112444,"name":"Bloomingdale","state_id":1437,"state_code":"DC","state_name":"District of Columbia","country_id":233,"country_code":"US","country_name":"United States","latitude":"38.91678000","longitude":"-77.01137000","native":"Bloomingdale","type":"city","level":null,"parent_id":null,"population":4980,"timezone":"America/New_York","translations":{"br":"Bloomingdale","ko":"블루밍데일","pt-BR":"Bloomingdale","pt":"Bloomingdale","nl":"Bloomingdale","hr":"Bloomingdale","fa":"بلومینگدیل","de":"Bloomingdale","es":"Bloomingdale","fr":"Bloomingdale","ja":"ブルーミングデール","it":"Bloomingdale","zh-CN":"布鲁明戴尔百货","tr":"Bloomingdale","ru":"Блумингдейл","uk":"Блумінгдейл","pl":"Bloomingdale","hi":"ब्लूमिंगडेल","ar":"بلومينجديل"},"wikiDataId":"Q4928307"},{"id":113920,"name":"Chevy Chase","state_id":1437,"state_code":"DC","state_name":"District of Columbia","country_id":233,"country_code":"US","country_name":"United States","latitude":"38.96400000","longitude":"-77.06776000","native":"Chevy Chase","type":"city","level":null,"parent_id":null,"population":9545,"timezone":"America/New_York","translations":{"br":"Chevy Chase","ko":"쉐비 체이스","pt-BR":"Chevy Chase","pt":"Chevy Chase","nl":"Chevy Chase","hr":"Chevy Chase","fa":"شورلت چیس","de":"Chevy Chase","es":"Chevy Chase","fr":"Chevy Chase","ja":"チェビー・チェイス","it":"Chevy Chase","zh-CN":"切维·蔡斯","tr":"Chevy Chase","ru":"Чеви Чейз","uk":"Чеві Чейз","pl":"Chevy Chase","hi":"चेवी चेस","ar":"تشيفي تشيس"},"wikiDataId":"Q4404091"},{"id":128587,"name":"Washington D.C.","state_id":1437,"state_code":"DC","state_name":"District of Columbia","country_id":233,"country_code":"US","country_name":"United States","latitude":"38.89511000","longitude":"-77.03637000","native":"Washington D.C.","type":"capital","level":null,"parent_id":null,"population":689545,"timezone":"America/New_York","translations":{"br":"Washington D.C","ko":"워싱턴 D.C.","pt-BR":"Washington D.C","pt":"Washington D.C","nl":"Washington D.C","hr":"Washington D.C","fa":"واشنگتن دی.سی.","de":"Washington D.C","es":"Washington D.C","fr":"Washington D.C","ja":"ワシントン D.C.","it":"Washington D.C","zh-CN":"华盛顿特区","tr":"Washington D.C","ru":"Вашингтон, округ Колумбия","uk":"Вашингтон, округ Колумбія","pl":"Waszyngton D.C","hi":"वाशिंगटन डीसी।","ar":"واشنطن العاصمة"},"wikiDataId":"Q61"}]