[{"id":65649,"name":"Birlestik","state_id":144,"state_code":"59","state_name":"North Kazakhstan","country_id":112,"country_code":"KZ","country_name":"Kazakhstan","latitude":"53.58414000","longitude":"68.35382000","native":"Бірлестік","type":"city","level":null,"parent_id":null,"population":1354,"timezone":"Asia/Almaty","translations":{"br":"Birlestik","ko":"비를레스틱","pt-BR":"Birlestik","pt":"Birlestik","nl":"Birlestik","hr":"Birlestik","fa":"بیرلستیک","de":"Birlestik","es":"Birlestik","fr":"Birlestik","ja":"ビルレスト","it":"Birlestik","zh-CN":"伯尔莱斯蒂克","tr":"Birleşik","ru":"Бирлестик","uk":"Бірлестік","pl":"Birlestik","hi":"बिरलेस्टिक","ar":"بيرليستيك"},"wikiDataId":"Q27357540"},{"id":65650,"name":"Bishkul","state_id":144,"state_code":"59","state_name":"North Kazakhstan","country_id":112,"country_code":"KZ","country_name":"Kazakhstan","latitude":"54.77763000","longitude":"69.09951000","native":"Бишкуль","type":"city","level":null,"parent_id":null,"population":5423,"timezone":"Asia/Almaty","translations":{"br":"Bishkul","ko":"비슈쿨","pt-BR":"Bishkul","pt":"Bishkul","nl":"Bishkul","hr":"Biškul","fa":"بیشکول","de":"Bischkul","es":"Biskul","fr":"Bichkul","ja":"ビシュクル","it":"Bishkul","zh-CN":"比什库尔","tr":"Bişkul","ru":"Бишкуль","uk":"Бішкуль","pl":"Biszkul","hi":"बिश्कुल","ar":"بيشكول"},"wikiDataId":"Q27357540"},{"id":65654,"name":"Bulayevo","state_id":144,"state_code":"59","state_name":"North Kazakhstan","country_id":112,"country_code":"KZ","country_name":"Kazakhstan","latitude":"54.90596000","longitude":"70.44155000","native":"Булаево","type":"adm2","level":null,"parent_id":null,"population":8433,"timezone":"Asia/Almaty","translations":{"br":"Bulayevo","ko":"불라예보","pt-BR":"Bulayevo","pt":"Bulayevo","nl":"Boelayevo","hr":"Bulajevo","fa":"بولایوو","de":"Bulajewo","es":"Bulayevo","fr":"Boulaïevo","ja":"ブラエヴォ","it":"Bulayevo","zh-CN":"布拉耶沃","tr":"Bulayevo","ru":"Булаево","uk":"Булаєво","pl":"Bułajewo","hi":"बुलायेवो","ar":"بولاييفو"},"wikiDataId":"Q27357540"},{"id":65657,"name":"Būrabay","state_id":144,"state_code":"59","state_name":"North Kazakhstan","country_id":112,"country_code":"KZ","country_name":"Kazakhstan","latitude":"53.08382000","longitude":"70.31379000","native":"Бурабай","type":"city","level":null,"parent_id":null,"population":6500,"timezone":"Asia/Almaty","translations":{"br":"Būrabay","ko":"부라바이","pt-BR":"Burabay","pt":"Burabay","nl":"Būrabay","hr":"Burabay","fa":"بورابای","de":"Būrabay","es":"Burabay","fr":"Burabay","ja":"ブラバイ","it":"Būrabay","zh-CN":"布拉巴伊","tr":"Burabay","ru":"Бурабай","uk":"Бурабай","pl":"Burabaj","hi":"बुराबे","ar":"بوراباي"},"wikiDataId":"Q1009456"},{"id":65710,"name":"Kzyltu","state_id":144,"state_code":"59","state_name":"North Kazakhstan","country_id":112,"country_code":"KZ","country_name":"Kazakhstan","latitude":"53.63589000","longitude":"72.34079000","native":"Қызылту","type":"city","level":null,"parent_id":null,"population":null,"timezone":"Asia/Almaty","translations":{"br":"Kzyltu","ko":"크질투","pt-BR":"Kzyltu","pt":"Kzyltu","nl":"Kzyltu","hr":"Kzyltu","fa":"کیزیلتو","de":"Kzyltu","es":"Kzyltu","fr":"Kzyltu","ja":"クジルトゥ","it":"Kzyltu","zh-CN":"克孜尔图","tr":"Kızıltu","ru":"Кзылту","uk":"Кзилту","pl":"Kyltu","hi":"कज़िल्टू","ar":"كيزيلتو"},"wikiDataId":"Q30505"},{"id":65736,"name":"Novoishimskiy","state_id":144,"state_code":"59","state_name":"North Kazakhstan","country_id":112,"country_code":"KZ","country_name":"Kazakhstan","latitude":"53.19806000","longitude":"66.76944000","native":"Новоишимский","type":"city","level":null,"parent_id":null,"population":6062,"timezone":"Asia/Almaty","translations":{"br":"Novoishimskiy","ko":"노보이심스키","pt-BR":"Novoishimskiy","pt":"Novoishimskiy","nl":"Novoishimskiy","hr":"Novoišimskij","fa":"نوویشیمسکی","de":"Nowoischimski","es":"Novoishimskiy","fr":"Novoishimskiy","ja":"ノヴォイシムスキー","it":"Novoishimskiy","zh-CN":"新伊希姆斯基","tr":"Novoişimskiy","ru":"Новоишимский","uk":"Новоїшимський","pl":"Nowoishimskij","hi":"नोवोइशिम्स्की","ar":"نوفويشيمسكي"},"wikiDataId":"Q4309425"},{"id":65747,"name":"Petropavl","state_id":144,"state_code":"59","state_name":"North Kazakhstan","country_id":112,"country_code":"KZ","country_name":"Kazakhstan","latitude":"54.86667000","longitude":"69.15000000","native":"Петропавл","type":"adm1","level":null,"parent_id":null,"population":222044,"timezone":"Asia/Almaty","translations":{"br":"Petropavl","ko":"페트로파블","pt-BR":"Petropavl","pt":"Petropavl","nl":"Petropavl","hr":"Petropavl","fa":"پتروپاول","de":"Petropawl","es":"Petropavl","fr":"Petropavl","ja":"ペトロパヴル","it":"Petropavl","zh-CN":"彼得罗巴甫尔","tr":"Petropavl","ru":"Петропавловск","uk":"Петропавлов","pl":"Pietropawłowsk","hi":"पेट्रोपावल","ar":"بتروبافل"},"wikiDataId":"Q488379"},{"id":65775,"name":"Sergeyevka","state_id":144,"state_code":"59","state_name":"North Kazakhstan","country_id":112,"country_code":"KZ","country_name":"Kazakhstan","latitude":"53.88139000","longitude":"67.40882000","native":"Сергеевка","type":"adm2","level":null,"parent_id":null,"population":8845,"timezone":"Asia/Almaty","translations":{"br":"Sergeyevka","ko":"세르게예프카","pt-BR":"Sergeyevka","pt":"Sergeyevka","nl":"Sergejevka","hr":"Sergejevka","fa":"سرگیِفکا","de":"Sergejewka","es":"Sergeevka","fr":"Sergueïevka","ja":"セルゲイエフカ","it":"Sergeyevka","zh-CN":"谢尔盖耶夫卡","tr":"Sergeyevka","ru":"Сергеевка","uk":"Сергіївка","pl":"Siergiejewka","hi":"सर्गेयेवका","ar":"سيرجيفكا"},"wikiDataId":"Q61944"},{"id":65793,"name":"Smirnovo","state_id":144,"state_code":"59","state_name":"North Kazakhstan","country_id":112,"country_code":"KZ","country_name":"Kazakhstan","latitude":"54.51480000","longitude":"69.42732000","native":"Смирново","type":"adm2","level":null,"parent_id":null,"population":5742,"timezone":"Asia/Almaty","translations":{"br":"Smirnovo","ko":"스미르노보","pt-BR":"Esmirnovo","pt":"Esmirnovo","nl":"Smirnovo","hr":"Smirnovo","fa":"اسمیرنوو","de":"Smirnowo","es":"Smirnovo","fr":"Smirnovo","ja":"スミルノヴォ","it":"Smirnovo","zh-CN":"斯米尔诺沃","tr":"Smirnovo","ru":"Смирново","uk":"Смирново","pl":"Smirnowo","hi":"स्मिरनोवो","ar":"سميرنوفو"},"wikiDataId":"Q4523462"},{"id":65799,"name":"Taiynsha","state_id":144,"state_code":"59","state_name":"North Kazakhstan","country_id":112,"country_code":"KZ","country_name":"Kazakhstan","latitude":"53.84796000","longitude":"69.76773000","native":"Тайынша","type":"city","level":null,"parent_id":null,"population":13148,"timezone":"Asia/Almaty","translations":{"br":"Taiynsha","ko":"타이인샤","pt-BR":"Taiynsha","pt":"Taiynsha","nl":"Taiynsha","hr":"Taiynsha","fa":"تاینشا","de":"Taiynsha","es":"Taiynsha","fr":"Taiynsha","ja":"太陽社","it":"Taiynsha","zh-CN":"太印社","tr":"Tayynşa","ru":"Тайынша","uk":"Тайінша","pl":"Taiynsha","hi":"ताइयंशा","ar":"تاينشا"},"wikiDataId":"Q35362"},{"id":65802,"name":"Talshik","state_id":144,"state_code":"59","state_name":"North Kazakhstan","country_id":112,"country_code":"KZ","country_name":"Kazakhstan","latitude":"53.63736000","longitude":"71.87404000","native":"Талшық","type":"adm2","level":null,"parent_id":null,"population":3111,"timezone":"Asia/Almaty","translations":{"br":"Talshik","ko":"탈시크","pt-BR":"Talshik","pt":"Talshik","nl":"Talshik","hr":"Talšik","fa":"تالشی","de":"Talshik","es":"Talshik","fr":"Talshik","ja":"タルシク","it":"Talshik","zh-CN":"塔尔希克","tr":"Talşik","ru":"Талшик","uk":"Талшік","pl":"Talshik","hi":"तलशिक","ar":"تالشيك"},"wikiDataId":"Q2302162"},{"id":65812,"name":"Timiryazevo","state_id":144,"state_code":"59","state_name":"North Kazakhstan","country_id":112,"country_code":"KZ","country_name":"Kazakhstan","latitude":"53.74947000","longitude":"66.48852000","native":"Тимирязево","type":"adm2","level":null,"parent_id":null,"population":4147,"timezone":"Asia/Almaty","translations":{"br":"Timiryazevo","ko":"티미리아제보","pt-BR":"Timiryazevo","pt":"Timiryazevo","nl":"Timirjazevo","hr":"Timirjazevo","fa":"تیمیریازوو","de":"Timirjasewo","es":"Timiryazevo","fr":"Timiryazevo","ja":"ティミリャゼヴォ","it":"Timiryazevo","zh-CN":"季米里亚泽沃","tr":"Timiryazevo","ru":"Тимирязево","uk":"Тімірязєво","pl":"Timiriazewo","hi":"Timiryazeva","ar":"تيميريازيفو"},"wikiDataId":"Q32382"},{"id":65826,"name":"Volodarskoye","state_id":144,"state_code":"59","state_name":"North Kazakhstan","country_id":112,"country_code":"KZ","country_name":"Kazakhstan","latitude":"53.29270000","longitude":"68.10500000","native":"Володарское","type":"adm2","level":null,"parent_id":null,"population":2074,"timezone":"Asia/Almaty","translations":{"br":"Volodarskoye","ko":"볼로다르스코예","pt-BR":"Volodarskoye","pt":"Volodarskoye","nl":"Volodarskoje","hr":"Volodarskoje","fa":"ولودارسکویه","de":"Wolodarskoje","es":"Volodarskoye","fr":"Volodarskoye","ja":"ヴォロダルスコエ","it":"Volodarskoye","zh-CN":"沃洛达尔斯科耶","tr":"Volodarskoye","ru":"Володарское","uk":"Володарське","pl":"Wołodarskoje","hi":"वोलोडार्स्कॉय","ar":"فولودارسكوي"},"wikiDataId":"Q162548"},{"id":65828,"name":"Yavlenka","state_id":144,"state_code":"59","state_name":"North Kazakhstan","country_id":112,"country_code":"KZ","country_name":"Kazakhstan","latitude":"54.34525000","longitude":"68.45740000","native":"Явленка","type":"adm2","level":null,"parent_id":null,"population":5478,"timezone":"Asia/Almaty","translations":{"br":"Yavlenka","ko":"야블렌카","pt-BR":"Yavlenka","pt":"Yavlenka","nl":"Yavlenka","hr":"Javlenka","fa":"یاولنکا","de":"Jawlenka","es":"Yavlenka","fr":"Yavlenka","ja":"ヤヴレンカ","it":"Javlenka","zh-CN":"亚夫伦卡","tr":"Yavlenka","ru":"Явленка","uk":"Явленка","pl":"Jawlenko","hi":"यावलेन्का","ar":"يافلينكا"},"wikiDataId":"Q162548"}]