[{"id":111054,"name":"Afton","state_id":1442,"state_code":"WY","state_name":"Wyoming","country_id":233,"country_code":"US","country_name":"United States","latitude":"42.72493000","longitude":"-110.93187000","native":"Afton","type":"city","level":null,"parent_id":null,"population":1972,"timezone":"America/Denver","translations":{"br":"Afton","ko":"애프톤","pt-BR":"Afton","pt":"Afton","nl":"Afton","hr":"Afton","fa":"افتون","de":"Afton","es":"Afton","fr":"Afton","ja":"アフトン","it":"Afton","zh-CN":"阿夫顿","tr":"Afton","ru":"Афтон","uk":"Афтон","pl":"Afton","hi":"एफ़्टन","ar":"أفتون"},"wikiDataId":"Q389436"},{"id":111113,"name":"Albany County","state_id":1442,"state_code":"WY","state_name":"Wyoming","country_id":233,"country_code":"US","country_name":"United States","latitude":"41.65447000","longitude":"-105.72391000","native":"Albany County","type":"county","level":null,"parent_id":null,"population":37066,"timezone":"America/Denver","translations":{"br":"Kontelezh Albany","ko":"올버니 카운티","pt-BR":"Condado de Albany","pt":"Condado de Albany","nl":"Albany County","hr":"Okrug Albany","fa":"شهرستان آلبانی","de":"Albany County","es":"Condado de Albany","fr":"Comté d'Albany","ja":"アルバニー郡","it":"Contea di Albany","zh-CN":"奥尔巴尼县","tr":"Albany İlçesi","ru":"округ Олбани","uk":"Округ Олбані","pl":"Hrabstwo Albany","hi":"अल्बानी काउंटी","ar":"مقاطعة ألباني"},"wikiDataId":"Q109442"},{"id":111366,"name":"Antelope Valley-Crestview","state_id":1442,"state_code":"WY","state_name":"Wyoming","country_id":233,"country_code":"US","country_name":"United States","latitude":"44.22488000","longitude":"-105.47409000","native":"Antelope Valley-Crestview","type":"city","level":null,"parent_id":null,"population":1658,"timezone":"America/Denver","translations":{"br":"Antelope Valley-Crestview","ko":"앤텔로프 밸리-크레스트뷰","pt-BR":"Vale do Antílope-Crestview","pt":"Vale do Antílope-Crestview","nl":"Antelope Valley-Crestview","hr":"Dolina Antelope-Crestview","fa":"دره آنتلوپ-کرست‌ویو","de":"Antelope Valley-Crestview","es":"Valle del Antílope-Crestview","fr":"Antelope Valley-Crestview","ja":"アンテロープバレー-クレストビュー","it":"Antelope Valley-Crestview","zh-CN":"羚羊谷-克雷斯特维尤","tr":"Antelope Vadisi-Crestview","ru":"Долина Антилопы-Крествью","uk":"Долина Антилопи-Крествью","pl":"Antelope Valley-Crestview","hi":"एंटेलोप वैली-क्रेस्टव्यू","ar":"أنتيلوب فالي-كريستفيو"},"wikiDataId":"Q1949906"},{"id":111414,"name":"Arapahoe","state_id":1442,"state_code":"WY","state_name":"Wyoming","country_id":233,"country_code":"US","country_name":"United States","latitude":"42.96218000","longitude":"-108.48983000","native":"Arapahoe","type":"city","level":null,"parent_id":null,"population":1656,"timezone":"America/Denver","translations":{"br":"Arapahoe","ko":"아라파호족","pt-BR":"Arapahoe","pt":"Arapahoe","nl":"Arapahoe","hr":"Arapaho","fa":"آراپاهو","de":"Arapahoe","es":"Arapahoe","fr":"Arapaho","ja":"アラパホ","it":"Arapahoe","zh-CN":"阿拉帕霍","tr":"Arapahoe","ru":"Арапахо","uk":"Арапахо","pl":"Arapahoe","hi":"अरापाहो","ar":"أراباهو"},"wikiDataId":"Q1942065"},{"id":111807,"name":"Bar Nunn","state_id":1442,"state_code":"WY","state_name":"Wyoming","country_id":233,"country_code":"US","country_name":"United States","latitude":"42.91358000","longitude":"-106.34336000","native":"Bar Nunn","type":"city","level":null,"parent_id":null,"population":2981,"timezone":"America/Denver","translations":{"br":"Bar Nunn","ko":"바 넌","pt-BR":"Bar Nunn","pt":"Bar Nunn","nl":"Bar Nunn","hr":"Bar Nunn","fa":"بار نان","de":"Bar Nunn","es":"Bar Nunn","fr":"Bar Nunn","ja":"バー・ナン","it":"Bar Nunn","zh-CN":"巴尔·纳恩","tr":"Bar Nunn","ru":"Бар Нанн","uk":"Бар Нанн","pl":"Bar Nunn","hi":"बार नन","ar":"بار نان"},"wikiDataId":"Q1030110"},{"id":111878,"name":"Basin","state_id":1442,"state_code":"WY","state_name":"Wyoming","country_id":233,"country_code":"US","country_name":"United States","latitude":"44.37996000","longitude":"-108.03899000","native":"Basin","type":"adm2","level":null,"parent_id":null,"population":1288,"timezone":"America/Denver","translations":{"br":"Basenn","ko":"분지","pt-BR":"Bacia","pt":"Bacia","nl":"Bekken","hr":"Bazen","fa":"حوضه","de":"Becken","es":"Cuenca","fr":"Bassin","ja":"流域","it":"Bacino","zh-CN":"盆地","tr":"Havza","ru":"Бассейн","uk":"Басейн","pl":"Basen","hi":"बेसिन","ar":"حوض"},"wikiDataId":"Q988558"},{"id":112322,"name":"Big Horn","state_id":1442,"state_code":"WY","state_name":"Wyoming","country_id":233,"country_code":"US","country_name":"United States","latitude":"44.52682000","longitude":"-107.99521000","native":"Big Horn County","type":"county","level":null,"parent_id":null,"population":11521,"timezone":"America/Denver","translations":{"br":"Kontelezh Big Horn","ko":"빅혼 카운티","pt-BR":"Condado de Big Horn","pt":"Condado de Big Horn","nl":"Big Horn County","hr":"Okrug Big Horn","fa":"شهرستان بیگ هورن","de":"Big Horn County","es":"Condado de Big Horn","fr":"Comté de Big Horn","ja":"ビッグホーン郡","it":"Contea di Big Horn","zh-CN":"大角县","tr":"Big Horn İlçesi","ru":"округ Биг-Хорн","uk":"Округ Біг-Горн","pl":"Hrabstwo Big Horn","hi":"बिग हॉर्न काउंटी","ar":"مقاطعة بيغ هورن"},"wikiDataId":"Q108626"},{"id":113016,"name":"Buffalo","state_id":1442,"state_code":"WY","state_name":"Wyoming","country_id":233,"country_code":"US","country_name":"United States","latitude":"44.34831000","longitude":"-106.69894000","native":"Buffalo","type":"adm2","level":null,"parent_id":null,"population":4632,"timezone":"America/Denver","translations":{"br":"Bufalo","ko":"물소","pt-BR":"Búfalo","pt":"Búfalo","nl":"Buffel","hr":"Bivol","fa":"بوفالو","de":"Büffel","es":"Búfalo","fr":"Buffle","ja":"バッファロー","it":"bufalo","zh-CN":"水牛","tr":"Bizon","ru":"Буффало","uk":"Буффало","pl":"Bawół","hi":"भैंस","ar":"بوفالو"},"wikiDataId":"Q983453"},{"id":113303,"name":"Campbell","state_id":1442,"state_code":"WY","state_name":"Wyoming","country_id":233,"country_code":"US","country_name":"United States","latitude":"44.24839000","longitude":"-105.54831000","native":"Campbell County","type":"county","level":null,"parent_id":null,"population":47026,"timezone":"America/Denver","translations":{"br":"Kontelezh Campbell","ko":"캠벨 카운티","pt-BR":"Condado de Campbell","pt":"Condado de Campbell","nl":"Campbell County","hr":"Okrug Campbell","fa":"شهرستان کمپبل","de":"Campbell County","es":"Condado de Campbell","fr":"Comté de Campbell","ja":"キャンベル郡","it":"Contea di Campbell","zh-CN":"坎贝尔县","tr":"Campbell İlçesi","ru":"округ Кэмпбелл","uk":"Округ Кемпбелл","pl":"Hrabstwo Campbell","hi":"कैंपबेल काउंटी","ar":"مقاطعة كامبل"},"wikiDataId":"Q110640"},{"id":113385,"name":"Carbon","state_id":1442,"state_code":"WY","state_name":"Wyoming","country_id":233,"country_code":"US","country_name":"United States","latitude":"41.69459000","longitude":"-106.93061000","native":"Carbon County","type":"county","level":null,"parent_id":null,"population":14537,"timezone":"America/Denver","translations":{"br":"Kontelezh ar C'harbon","ko":"카본 카운티","pt-BR":"Condado de Carbon","pt":"Condado de Carbon","nl":"Koolstof County","hr":"Okrug Carbon","fa":"شهرستان کربن","de":"Carbon County","es":"Condado de Carbon","fr":"Comté de Carbon","ja":"カーボン郡","it":"Contea di Carbon","zh-CN":"卡本县","tr":"Karbon İlçesi","ru":"округ Карбон","uk":"Округ Карбон","pl":"Hrabstwo Carbon","hi":"कार्बन काउंटी","ar":"مقاطعة كاربون"},"wikiDataId":"Q156452"},{"id":113524,"name":"Casper","state_id":1442,"state_code":"WY","state_name":"Wyoming","country_id":233,"country_code":"US","country_name":"United States","latitude":"42.86663000","longitude":"-106.31308000","native":"Casper","type":"adm2","level":null,"parent_id":null,"population":59038,"timezone":"America/Denver","translations":{"br":"Casper","ko":"캐스퍼","pt-BR":"Gasparzinho","pt":"Gasparzinho","nl":"Casper","hr":"Casper","fa":"کاسپر","de":"Casper","es":"Casper","fr":"Casper","ja":"キャスパー","it":"Casper","zh-CN":"卡斯帕","tr":"Casper","ru":"Каспер","uk":"Каспер","pl":"Kacper","hi":"कैस्पर","ar":"كاسبر"},"wikiDataId":"Q223177"},{"id":113926,"name":"Cheyenne","state_id":1442,"state_code":"WY","state_name":"Wyoming","country_id":233,"country_code":"US","country_name":"United States","latitude":"41.13998000","longitude":"-104.82025000","native":"Cheyenne","type":"adm1","level":null,"parent_id":null,"population":65132,"timezone":"America/Denver","translations":{"br":"Cheyenne","ko":"샤이엔","pt-BR":"Cheyenne","pt":"Cheyenne","nl":"Cheyenne","hr":"Čejen","fa":"شاین","de":"Cheyenne","es":"Cheyenne","fr":"Cheyenne","ja":"シャイアン","it":"Cheyenne","zh-CN":"夏延","tr":"Şayen","ru":"Шайенн","uk":"Шайєнн","pl":"Czejeny","hi":"Cheyenne","ar":"شايان"},"wikiDataId":"Q39042"},{"id":114364,"name":"Cody","state_id":1442,"state_code":"WY","state_name":"Wyoming","country_id":233,"country_code":"US","country_name":"United States","latitude":"44.52634000","longitude":"-109.05653000","native":"Cody","type":"adm2","level":null,"parent_id":null,"population":9792,"timezone":"America/Denver","translations":{"br":"Cody","ko":"코디","pt-BR":"Cody","pt":"Cody","nl":"Cody","hr":"Cody","fa":"کدی","de":"Cody","es":"Cody","fr":"Cody","ja":"コーディ","it":"Cody","zh-CN":"科迪","tr":"Cody","ru":"Коди","uk":"Коді","pl":"Cody","hi":"कोड़ी","ar":"كودي"},"wikiDataId":"Q916603"},{"id":114580,"name":"Converse","state_id":1442,"state_code":"WY","state_name":"Wyoming","country_id":233,"country_code":"US","country_name":"United States","latitude":"42.97233000","longitude":"-105.50706000","native":"Converse County","type":"county","level":null,"parent_id":null,"population":13751,"timezone":"America/Denver","translations":{"br":"Kontelezh Converse","ko":"컨버스 카운티","pt-BR":"Condado de Converse","pt":"Condado de Converse","nl":"Converse County","hr":"Okrug Converse","fa":"شهرستان کانورس","de":"Converse County","es":"Condado de Converse","fr":"Comté de Converse","ja":"コンバース郡","it":"Contea di Converse","zh-CN":"康弗斯县","tr":"Converse İlçesi","ru":"округ Конверс","uk":"Округ Конверс","pl":"Hrabstwo Converse","hi":"कन्वर्स काउंटी","ar":"مقاطعة كونفيرس"},"wikiDataId":"Q484156"},{"id":114837,"name":"Crook","state_id":1442,"state_code":"WY","state_name":"Wyoming","country_id":233,"country_code":"US","country_name":"United States","latitude":"44.58860000","longitude":"-104.56994000","native":"Crook County","type":"county","level":null,"parent_id":null,"population":7181,"timezone":"America/Denver","translations":{"br":"Kontelezh Crook","ko":"크룩 카운티","pt-BR":"Condado de Crook","pt":"Condado de Crook","nl":"Crook County","hr":"Okrug Crook","fa":"شهرستان کروک","de":"Landkreis Crook","es":"Condado de Crook","fr":"Comté de Crook","ja":"クルック郡","it":"Contea di Crook","zh-CN":"克鲁克县","tr":"Crook İlçesi","ru":"округ Крук","uk":"Округ Крук","pl":"Hrabstwo Crook","hi":"क्रुक काउंटी","ar":"مقاطعة كروك"},"wikiDataId":"Q109508"},{"id":115424,"name":"Douglas","state_id":1442,"state_code":"WY","state_name":"Wyoming","country_id":233,"country_code":"US","country_name":"United States","latitude":"42.75969000","longitude":"-105.38221000","native":"Douglas","type":"adm2","level":null,"parent_id":null,"population":6531,"timezone":"America/Denver","translations":{"br":"Douglas","ko":"더글러스","pt-BR":"Douglas","pt":"Douglas","nl":"Douglas","hr":"Douglas","fa":"داگلاس","de":"Douglas","es":"Douglas","fr":"Douglas","ja":"ダグラス","it":"Douglas","zh-CN":"道格拉斯","tr":"Douglas","ru":"Дуглас","uk":"Дуглас","pl":"Douglas","hi":"डगलस","ar":"دوغلاس"},"wikiDataId":"Q983438"},{"id":116214,"name":"Ethete","state_id":1442,"state_code":"WY","state_name":"Wyoming","country_id":233,"country_code":"US","country_name":"United States","latitude":"43.02496000","longitude":"-108.77262000","native":"Ethete","type":"city","level":null,"parent_id":null,"population":1553,"timezone":"America/Denver","translations":{"br":"Ethete","ko":"에테테","pt-BR":"Esteta","pt":"Esteta","nl":"Ethete","hr":"Eteta","fa":"اتت","de":"Ethete","es":"Eteto","fr":"Éthète","ja":"エテテ","it":"Eteta","zh-CN":"以赛特","tr":"Etnik","ru":"Этете","uk":"Етет","pl":"Eteta","hi":"एथेट","ar":"إيثيت"},"wikiDataId":"Q1942816"},{"id":116252,"name":"Evanston","state_id":1442,"state_code":"WY","state_name":"Wyoming","country_id":233,"country_code":"US","country_name":"United States","latitude":"41.26828000","longitude":"-110.96324000","native":"Evanston","type":"adm2","level":null,"parent_id":null,"population":11747,"timezone":"America/Denver","translations":{"br":"Evanston","ko":"에번스턴","pt-BR":"Evanston","pt":"Evanston","nl":"Evanston","hr":"Evanston","fa":"اوانستون","de":"Evanston","es":"Evanston","fr":"Evanston","ja":"エバンストン","it":"Evanston","zh-CN":"埃文斯顿","tr":"Evanston","ru":"Эванстон","uk":"Еванстон","pl":"Evanston","hi":"इवान्स्टन","ar":"إيفانستون"},"wikiDataId":"Q871241"},{"id":116255,"name":"Evansville","state_id":1442,"state_code":"WY","state_name":"Wyoming","country_id":233,"country_code":"US","country_name":"United States","latitude":"42.85997000","longitude":"-106.26836000","native":"Evansville","type":"city","level":null,"parent_id":null,"population":2746,"timezone":"America/Denver","translations":{"br":"Evansville","ko":"에반스빌","pt-BR":"Evansville","pt":"Evansville","nl":"Evansville","hr":"Evansville","fa":"ایوانزویل","de":"Evansville","es":"Evansville","fr":"Evansville","ja":"エバンズビル","it":"Evansville","zh-CN":"埃文斯维尔","tr":"Evansville","ru":"Эвансвилл","uk":"Евансвілл","pl":"Evansville","hi":"इवांसविले","ar":"إيفانسفيل"},"wikiDataId":"Q1028627"},{"id":116760,"name":"Fort Washakie","state_id":1442,"state_code":"WY","state_name":"Wyoming","country_id":233,"country_code":"US","country_name":"United States","latitude":"43.00635000","longitude":"-108.88235000","native":"Fort Washakie","type":"city","level":null,"parent_id":null,"population":1759,"timezone":"America/Denver","translations":{"br":"Fort Washakie","ko":"포트 와샤키","pt-BR":"Forte Washakie","pt":"Forte Washakie","nl":"Fort Washakie","hr":"Tvrđava Washakie","fa":"فورت واشاکی","de":"Fort Washakie","es":"Fuerte Washakie","fr":"Fort Washakie","ja":"フォート・ワシャキー","it":"Forte Washakie","zh-CN":"沃沙基堡","tr":"Washakie Kalesi","ru":"Форт Уошаки","uk":"Форт Вошакі","pl":"Fort Washakie","hi":"फोर्ट वाशकी","ar":"حصن واشاكي"},"wikiDataId":"Q1955723"},{"id":116801,"name":"Fox Farm-College","state_id":1442,"state_code":"WY","state_name":"Wyoming","country_id":233,"country_code":"US","country_name":"United States","latitude":"41.11203000","longitude":"-104.78546000","native":"Fox Farm-College","type":"city","level":null,"parent_id":null,"population":3647,"timezone":"America/Denver","translations":{"br":"Fox Farm-College","ko":"폭스 팜 칼리지","pt-BR":"Fox Farm-College","pt":"Fox Farm-College","nl":"Fox Farm-College","hr":"Fox Farm-College","fa":"کالج مزرعه فاکس","de":"Fox Farm-College","es":"Granja Fox-College","fr":"Fox Farm-Collège","ja":"フォックスファームカレッジ","it":"Fox Farm-College","zh-CN":"福克斯农场学院","tr":"Fox Çiftliği-Koleji","ru":"Фокс Фарм-Колледж","uk":"Фокс Фарм-Коледж","pl":"Fox Farm-College","hi":"फॉक्स फार्म-कॉलेज","ar":"كلية مزرعة فوكس"},"wikiDataId":"Q1942409"},{"id":116928,"name":"Fremont","state_id":1442,"state_code":"WY","state_name":"Wyoming","country_id":233,"country_code":"US","country_name":"United States","latitude":"43.04053000","longitude":"-108.63042000","native":"Fremont County","type":"county","level":null,"parent_id":null,"population":39234,"timezone":"America/Denver","translations":{"br":"Kontelezh Fremont","ko":"프리몬트 카운티","pt-BR":"Condado de Fremont","pt":"Condado de Fremont","nl":"Fremont County","hr":"Okrug Fremont","fa":"شهرستان فریمونت","de":"Landkreis Fremont","es":"Condado de Fremont","fr":"Comté de Fremont","ja":"フリーモント郡","it":"Contea di Fremont","zh-CN":"弗里蒙特县","tr":"Fremont İlçesi","ru":"Округ Фремонт","uk":"Округ Фремонт","pl":"Hrabstwo Fremont","hi":"फ़्रेमोंट काउंटी","ar":"مقاطعة فريمونت"},"wikiDataId":"Q484142"},{"id":117217,"name":"Gillette","state_id":1442,"state_code":"WY","state_name":"Wyoming","country_id":233,"country_code":"US","country_name":"United States","latitude":"44.29109000","longitude":"-105.50222000","native":"Gillette","type":"adm2","level":null,"parent_id":null,"population":33403,"timezone":"America/Denver","translations":{"br":"Gillette","ko":"질레트","pt-BR":"Gillette","pt":"Gillette","nl":"Gillette","hr":"Gillette","fa":"ژیلت","de":"Gillette","es":"Gillette","fr":"Gillette","ja":"ジレット","it":"Gillette","zh-CN":"吉列","tr":"Gillette","ru":"Жилетт","uk":"Жилетт","pl":"Gillette","hi":"जिलेट","ar":"جيليت"},"wikiDataId":"Q919040"},{"id":117303,"name":"Glenrock","state_id":1442,"state_code":"WY","state_name":"Wyoming","country_id":233,"country_code":"US","country_name":"United States","latitude":"42.86136000","longitude":"-105.87223000","native":"Glenrock","type":"city","level":null,"parent_id":null,"population":2420,"timezone":"America/Denver","translations":{"br":"Glenrock","ko":"글렌록","pt-BR":"Glenrock","pt":"Glenrock","nl":"Glenrock","hr":"Glenrock","fa":"گلنراک","de":"Glenrock","es":"Glenrock","fr":"Glenrock","ja":"グレンロック","it":"Glenrock","zh-CN":"格伦罗克","tr":"Glenrock","ru":"Гленрок","uk":"Гленрок","pl":"Glenrock","hi":"ग्लेनरॉक","ar":"جلينروك"},"wikiDataId":"Q1028734"},{"id":117411,"name":"Goshen","state_id":1442,"state_code":"WY","state_name":"Wyoming","country_id":233,"country_code":"US","country_name":"United States","latitude":"42.08794000","longitude":"-104.35326000","native":"Goshen County","type":"county","level":null,"parent_id":null,"population":12498,"timezone":"America/Denver","translations":{"br":"Kontelezh Goshen","ko":"고센 카운티","pt-BR":"Condado de Goshen","pt":"Condado de Goshen","nl":"Goshen County","hr":"Okrug Goshen","fa":"شهرستان گوشن","de":"Landkreis Goshen","es":"Condado de Goshen","fr":"Comté de Goshen","ja":"ゴーシェン郡","it":"Contea di Goshen","zh-CN":"戈申县","tr":"Goshen İlçesi","ru":"Округ Гошен","uk":"Округ Гошен","pl":"Hrabstwo Goshen","hi":"गोशेन काउंटी","ar":"مقاطعة جوشين"},"wikiDataId":"Q338424"},{"id":117606,"name":"Green River","state_id":1442,"state_code":"WY","state_name":"Wyoming","country_id":233,"country_code":"US","country_name":"United States","latitude":"41.52858000","longitude":"-109.46625000","native":"Green River","type":"adm2","level":null,"parent_id":null,"population":12465,"timezone":"America/Denver","translations":{"br":"Stêr glas","ko":"그린리버","pt-BR":"Rio Verde","pt":"Rio Verde","nl":"Groene Rivier","hr":"Zelena rijeka","fa":"رودخانه گرین","de":"Grüner Fluss","es":"Río Verde","fr":"Rivière Verte","ja":"グリーンリバー","it":"Fiume Verde","zh-CN":"绿河","tr":"Yeşil Nehir","ru":"Грин-Ривер","uk":"Грін-Рівер","pl":"Zielona Rzeka","hi":"ग्रीन रिवर","ar":"النهر الأخضر"},"wikiDataId":"Q983538"},{"id":117728,"name":"Greybull","state_id":1442,"state_code":"WY","state_name":"Wyoming","country_id":233,"country_code":"US","country_name":"United States","latitude":"44.48912000","longitude":"-108.05621000","native":"Greybull","type":"city","level":null,"parent_id":null,"population":1651,"timezone":"America/Denver","translations":{"br":"Terr-grenn","ko":"그레이불","pt-BR":"Greybull","pt":"Greybull","nl":"Greybull","hr":"Greybull","fa":"گریبول","de":"Greybull","es":"Toro gris","fr":"Taureau gris","ja":"グレイブル","it":"Greybull","zh-CN":"格雷布尔","tr":"Gri boğa","ru":"Грейбулл","uk":"Грейбулл","pl":"Szary Byk","hi":"ग्रेबुल","ar":"جريبول"},"wikiDataId":"Q1029876"},{"id":117781,"name":"Guernsey","state_id":1442,"state_code":"WY","state_name":"Wyoming","country_id":233,"country_code":"US","country_name":"United States","latitude":"42.26969000","longitude":"-104.74163000","native":"Guernsey","type":"city","level":null,"parent_id":null,"population":1130,"timezone":"America/Denver","translations":{"br":"Gwerne","ko":"건지섬","pt-BR":"Guernsey","pt":"Guernsey","nl":"Guernsey","hr":"Guernsey","fa":"گرنزی","de":"Guernsey","es":"Guernsey","fr":"Guernesey","ja":"ガーンジー島","it":"Guernsey","zh-CN":"根西岛","tr":"Guernsey","ru":"Гернси","uk":"Гернсі","pl":"Guernsey","hi":"ग्वेर्नसे","ar":"غيرنزي"},"wikiDataId":"Q1028649"},{"id":118495,"name":"Hoback","state_id":1442,"state_code":"WY","state_name":"Wyoming","country_id":233,"country_code":"US","country_name":"United States","latitude":"43.28187000","longitude":"-110.78381000","native":"Hoback","type":"city","level":null,"parent_id":null,"population":1176,"timezone":"America/Denver","translations":{"br":"Hoback","ko":"호백","pt-BR":"Hoback","pt":"Hoback","nl":"Hoback","hr":"Hoback","fa":"هوبک","de":"Hoback","es":"Hoback","fr":"Hoback","ja":"ホバック","it":"Hoback","zh-CN":"霍巴克","tr":"Hoback","ru":"Хобак","uk":"Хобак","pl":"Hoback","hi":"होबैक","ar":"هوباك"},"wikiDataId":"Q632248"},{"id":118684,"name":"Hot Springs","state_id":1442,"state_code":"WY","state_name":"Wyoming","country_id":233,"country_code":"US","country_name":"United States","latitude":"43.71893000","longitude":"-108.44210000","native":"Hot Springs County","type":"county","level":null,"parent_id":null,"population":4621,"timezone":"America/Denver","translations":{"br":"Kontelezh Hot Springs","ko":"핫스프링스 카운티","pt-BR":"Condado de Hot Springs","pt":"Condado de Hot Springs","nl":"Hot Springs County","hr":"Okrug Vrućih Izvora","fa":"شهرستان هات اسپرینگز","de":"Landkreis Hot Springs","es":"Condado de Hot Springs","fr":"Comté de Hot Springs","ja":"ホットスプリングス郡","it":"Contea di Hot Springs","zh-CN":"温泉县","tr":"Hot Springs İlçesi","ru":"Округ Хот-Спрингс","uk":"Округ Хот-Спрінгс","pl":"Hrabstwo Hot Springs","hi":"हॉट स्प्रिंग्स काउंटी","ar":"مقاطعة هوت سبرينغز"},"wikiDataId":"Q114123"},{"id":119074,"name":"Jackson","state_id":1442,"state_code":"WY","state_name":"Wyoming","country_id":233,"country_code":"US","country_name":"United States","latitude":"43.47993000","longitude":"-110.76243000","native":"Jackson","type":"city","level":null,"parent_id":null,"population":10523,"timezone":"America/Denver","translations":{"br":"Jackson","ko":"잭슨","pt-BR":"Jackson","pt":"Jackson","nl":"Jackson","hr":"Jackson","fa":"جکسون","de":"Jackson","es":"Jackson","fr":"Jackson","ja":"ジャクソン","it":"Jackson","zh-CN":"杰克逊","tr":"Jackson","ru":"Джексон","uk":"Джексон","pl":"Jackson","hi":"जैक्सन","ar":"جاكسون"},"wikiDataId":"Q871285"},{"id":119271,"name":"Johnson County","state_id":1442,"state_code":"WY","state_name":"Wyoming","country_id":233,"country_code":"US","country_name":"United States","latitude":"44.03877000","longitude":"-106.58463000","native":"Johnson County","type":"county","level":null,"parent_id":null,"population":8447,"timezone":"America/Denver","translations":{"br":"Kontelezh Johnson","ko":"존슨 카운티","pt-BR":"Condado de Johnson","pt":"Condado de Johnson","nl":"Johnson County","hr":"Okrug Johnson","fa":"شهرستان جانسون","de":"Johnson County","es":"Condado de Johnson","fr":"Comté de Johnson","ja":"ジョンソン郡","it":"Contea di Johnson","zh-CN":"约翰逊县","tr":"Johnson İlçesi","ru":"округ Джонсон","uk":"Округ Джонсон","pl":"Hrabstwo Johnson","hi":"जॉनसन काउंटी","ar":"مقاطعة جونسون"},"wikiDataId":"Q484268"},{"id":119434,"name":"Kemmerer","state_id":1442,"state_code":"WY","state_name":"Wyoming","country_id":233,"country_code":"US","country_name":"United States","latitude":"41.79245000","longitude":"-110.53767000","native":"Kemmerer","type":"adm2","level":null,"parent_id":null,"population":2415,"timezone":"America/Denver","translations":{"br":"Kemmerer","ko":"케머러","pt-BR":"Kemmerer","pt":"Kemmerer","nl":"Kemmerer","hr":"Kemmerer","fa":"کمرر","de":"Kemmerer","es":"Kemmerer","fr":"Kemmerer","ja":"ケメラー","it":"Kemmerer","zh-CN":"凯默勒","tr":"Kemmerer","ru":"Кеммерер","uk":"Кеммерер","pl":"Kemmerer","hi":"केमेरर","ar":"كيمرير"},"wikiDataId":"Q992087"},{"id":120096,"name":"Lander","state_id":1442,"state_code":"WY","state_name":"Wyoming","country_id":233,"country_code":"US","country_name":"United States","latitude":"42.83301000","longitude":"-108.73067000","native":"Lander","type":"adm2","level":null,"parent_id":null,"population":7546,"timezone":"America/Denver","translations":{"br":"Lander","ko":"랜더","pt-BR":"Lander","pt":"Lander","nl":"Lander","hr":"Slijetanje","fa":"لندر","de":"Lander","es":"Módulo de aterrizaje","fr":"Atterrisseur","ja":"ランダー","it":"Lander","zh-CN":"兰德","tr":"Lander","ru":"Ландер","uk":"Посадковий модуль","pl":"Lądownik","hi":"लैंडर","ar":"لاندر"},"wikiDataId":"Q992094"},{"id":120138,"name":"Laramie","state_id":1442,"state_code":"WY","state_name":"Wyoming","country_id":233,"country_code":"US","country_name":"United States","latitude":"41.31137000","longitude":"-105.59110000","native":"Laramie","type":"adm2","level":null,"parent_id":null,"population":31407,"timezone":"America/Denver","translations":{"br":"Laramie","ko":"라라미","pt-BR":"Laramie","pt":"Laramie","nl":"Laramie","hr":"Laramie","fa":"لارامی","de":"Laramie","es":"Laramie","fr":"Laramie","ja":"ララミー","it":"Laramie","zh-CN":"拉勒米","tr":"Laramie","ru":"Ларами","uk":"Ларамі","pl":"Laramie","hi":"लारामी","ar":"لارامي"},"wikiDataId":"Q327515"},{"id":120139,"name":"Laramie County","state_id":1442,"state_code":"WY","state_name":"Wyoming","country_id":233,"country_code":"US","country_name":"United States","latitude":"41.30707000","longitude":"-104.68962000","native":"Laramie County","type":"county","level":null,"parent_id":null,"population":100512,"timezone":"America/Denver","translations":{"br":"Kontelezh Laramie","ko":"라라미 카운티","pt-BR":"Condado de Laramie","pt":"Condado de Laramie","nl":"Laramie County","hr":"Okrug Laramie","fa":"شهرستان لارامی","de":"Laramie County","es":"Condado de Laramie","fr":"Comté de Laramie","ja":"ララミー郡","it":"Contea di Laramie","zh-CN":"拉勒米县","tr":"Laramie İlçesi","ru":"Округ Ларами","uk":"Округ Ларамі","pl":"Hrabstwo Laramie","hi":"लारामी काउंटी","ar":"مقاطعة لارامي"},"wikiDataId":"Q483982"},{"id":120538,"name":"Lincoln County","state_id":1442,"state_code":"WY","state_name":"Wyoming","country_id":233,"country_code":"US","country_name":"United States","latitude":"42.26404000","longitude":"-110.65597000","native":"Lincoln County","type":"county","level":null,"parent_id":null,"population":86810,"timezone":"America/Denver","translations":{"br":"Kontelezh Lincoln","ko":"링컨 카운티","pt-BR":"Condado de Lincoln","pt":"Condado de Lincoln","nl":"Lincoln County","hr":"Okrug Lincoln","fa":"شهرستان لینکلن","de":"Lincoln County","es":"Condado de Lincoln","fr":"Comté de Lincoln","ja":"リンカーン郡","it":"Contea di Lincoln","zh-CN":"林肯县","tr":"Lincoln İlçesi","ru":"округ Линкольн","uk":"Округ Лінкольн","pl":"Hrabstwo Lincoln","hi":"लिंकन काउंटी","ar":"مقاطعة لينكولن"},"wikiDataId":"Q484527"},{"id":120824,"name":"Lovell","state_id":1442,"state_code":"WY","state_name":"Wyoming","country_id":233,"country_code":"US","country_name":"United States","latitude":"44.83745000","longitude":"-108.38956000","native":"Lovell","type":"city","level":null,"parent_id":null,"population":2243,"timezone":"America/Denver","translations":{"br":"Lovell","ko":"러벨","pt-BR":"Lovell","pt":"Lovell","nl":"Lovell","hr":"Lovell","fa":"لاول","de":"Lovell","es":"Lovell","fr":"Lovell","ja":"ラヴェル","it":"Lovell","zh-CN":"洛弗尔","tr":"Lovell","ru":"Ловелл","uk":"Ловелл","pl":"Lovell","hi":"लोवेल","ar":"لوفيل"},"wikiDataId":"Q1029882"},{"id":120892,"name":"Lusk","state_id":1442,"state_code":"WY","state_name":"Wyoming","country_id":233,"country_code":"US","country_name":"United States","latitude":"42.76247000","longitude":"-104.45217000","native":"Lusk","type":"adm2","level":null,"parent_id":null,"population":1541,"timezone":"America/Denver","translations":{"br":"Lusk","ko":"루스크","pt-BR":"Lusk","pt":"Lusk","nl":"Lusk","hr":"Lusk","fa":"لوسک","de":"Lusk","es":"Lusk","fr":"Lusk","ja":"ラスク","it":"Lusk","zh-CN":"拉斯克","tr":"Lusk","ru":"Ласк","uk":"Ласк","pl":"Łuska","hi":"लुस्क","ar":"لوسك"},"wikiDataId":"Q1002438"},{"id":120910,"name":"Lyman","state_id":1442,"state_code":"WY","state_name":"Wyoming","country_id":233,"country_code":"US","country_name":"United States","latitude":"41.32745000","longitude":"-110.29293000","native":"Lyman","type":"city","level":null,"parent_id":null,"population":2074,"timezone":"America/Denver","translations":{"br":"Lyman","ko":"라이먼","pt-BR":"Lyman","pt":"Lyman","nl":"Lyman","hr":"Lyman","fa":"لیمن","de":"Lyman","es":"Lyman","fr":"Lyman","ja":"ライマン","it":"Lyman","zh-CN":"莱曼","tr":"Lyman","ru":"Лайман","uk":"Лайман","pl":"Lyman","hi":"लीमन","ar":"ليمان"},"wikiDataId":"Q972496"},{"id":121190,"name":"Marbleton","state_id":1442,"state_code":"WY","state_name":"Wyoming","country_id":233,"country_code":"US","country_name":"United States","latitude":"42.55355000","longitude":"-110.10932000","native":"Marbleton","type":"city","level":null,"parent_id":null,"population":1090,"timezone":"America/Denver","translations":{"br":"Marbleton","ko":"마블턴","pt-BR":"Marbleton","pt":"Marbleton","nl":"Marbleton","hr":"Marbleton","fa":"ماربلتون","de":"Marbleton","es":"Marbleton","fr":"Marbleton","ja":"マーブルトン","it":"Marbleton","zh-CN":"马布尔顿","tr":"Marbleton","ru":"Марблтон","uk":"Марблтон","pl":"Marbleton","hi":"मार्बलटन","ar":"ماربلتون"},"wikiDataId":"Q1030102"},{"id":121896,"name":"Mills","state_id":1442,"state_code":"WY","state_name":"Wyoming","country_id":233,"country_code":"US","country_name":"United States","latitude":"42.84052000","longitude":"-106.36586000","native":"Mills","type":"city","level":null,"parent_id":null,"population":4034,"timezone":"America/Denver","translations":{"br":"Melinoù","ko":"밀스","pt-BR":"Moinhos","pt":"Moinhos","nl":"Molens","hr":"Mlinovi","fa":"میلز","de":"Mühlen","es":"Molinos","fr":"Moulins","ja":"ミルズ","it":"Mulini","zh-CN":"米尔斯","tr":"Değirmenler","ru":"Миллс","uk":"Міллс","pl":"Młyny","hi":"मिल्स","ar":"المطاحن"},"wikiDataId":"Q1028970"},{"id":122199,"name":"Moorcroft","state_id":1442,"state_code":"WY","state_name":"Wyoming","country_id":233,"country_code":"US","country_name":"United States","latitude":"44.26331000","longitude":"-104.95025000","native":"Murdercroft","type":"city","level":null,"parent_id":null,"population":946,"timezone":"America/Denver","translations":{"br":"Moorcroft","ko":"무어크로프트","pt-BR":"Moorcroft","pt":"Moorcroft","nl":"Moorcroft","hr":"Moorcroft","fa":"مورکرافت","de":"Moorcroft","es":"Moorcroft","fr":"Moorcroft","ja":"ムーアクロフト","it":"Moorcroft","zh-CN":"穆尔克罗夫特","tr":"Moorcroft","ru":"Муркрофт","uk":"Муркрофт","pl":"Moorcroft","hi":"मूरक्रॉफ्ट","ar":"موركروفت"},"wikiDataId":"Q1028102"},{"id":122215,"name":"Moose Wilson Road","state_id":1442,"state_code":"WY","state_name":"Wyoming","country_id":233,"country_code":"US","country_name":"United States","latitude":"43.52521000","longitude":"-110.84466000","native":"Moose Wilson Road","type":"city","level":null,"parent_id":null,"population":1821,"timezone":"America/Denver","translations":{"br":"Moose Wilson Road","ko":"무스 윌슨 로드","pt-BR":"Estrada Moose Wilson","pt":"Estrada Moose Wilson","nl":"Moose Wilson Road","hr":"Moose Wilson Road","fa":"جاده موس ویلسون","de":"Moose Wilson Straße","es":"Carretera Moose Wilson","fr":"Route de Moose Wilson","ja":"ムース・ウィルソン・ロード","it":"Moose Wilson Road","zh-CN":"穆斯威尔逊路","tr":"Moose Wilson Yolu","ru":"Мус Уилсон Роуд","uk":"Мус Вілсон Роуд","pl":"Moose Wilson Road","hi":"मूस विल्सन रोड","ar":"طريق مووس ويلسون"},"wikiDataId":"Q962159"},{"id":122433,"name":"Mountain View","state_id":1442,"state_code":"WY","state_name":"Wyoming","country_id":233,"country_code":"US","country_name":"United States","latitude":"41.26884000","longitude":"-110.33988000","native":"Mountain View","type":"city","level":null,"parent_id":null,"population":1278,"timezone":"America/Denver","translations":{"br":"Gwel ar Menez","ko":"마운틴 뷰","pt-BR":"Vista da montanha","pt":"Vista da montanha","nl":"Bergzicht","hr":"Mountain View","fa":"نمای کوهستانی","de":"Bergblick","es":"Vista a la montaña","fr":"Vue sur la montagne","ja":"マウンテンビュー","it":"Vista sulle montagne","zh-CN":"山景城","tr":"Dağ Manzarası","ru":"Маунтин-Вью","uk":"Маунтін-В'ю","pl":"Widok na góry","hi":"पहाड़ो का दृश्य","ar":"ماونتن فيو"},"wikiDataId":"Q1030788"},{"id":122594,"name":"Natrona","state_id":1442,"state_code":"WY","state_name":"Wyoming","country_id":233,"country_code":"US","country_name":"United States","latitude":"42.96224000","longitude":"-106.79849000","native":"Natron County","type":"county","level":null,"parent_id":null,"population":79955,"timezone":"America/Denver","translations":{"br":"Kontelezh Natrona","ko":"나트로나 카운티","pt-BR":"Condado de Natrona","pt":"Condado de Natrona","nl":"Natrona County","hr":"Okrug Natrona","fa":"شهرستان ناترونا","de":"Natrona County","es":"Condado de Natrona","fr":"Comté de Natrona","ja":"ナトロナ郡","it":"Contea di Natrona","zh-CN":"纳特罗纳县","tr":"Natrona İlçesi","ru":"Округ Натрона","uk":"Округ Натрона","pl":"Hrabstwo Natrona","hi":"नैट्रोना काउंटी","ar":"مقاطعة ناترونا"},"wikiDataId":"Q110592"},{"id":122822,"name":"Newcastle","state_id":1442,"state_code":"WY","state_name":"Wyoming","country_id":233,"country_code":"US","country_name":"United States","latitude":"43.85470000","longitude":"-104.20494000","native":"Newcastle","type":"adm2","level":null,"parent_id":null,"population":3534,"timezone":"America/Denver","translations":{"br":"Kastell-Nevez","ko":"뉴캐슬","pt-BR":"Newcastle","pt":"Newcastle","nl":"Newcastle","hr":"Newcastle","fa":"نیوکاسل","de":"Newcastle","es":"Newcastle","fr":"Newcastle","ja":"ニューカッスル","it":"Newcastle","zh-CN":"纽卡斯尔","tr":"Newcastle","ru":"Ньюкасл","uk":"Ньюкасл","pl":"Newcastle","hi":"न्यूकासल","ar":"نيوكاسل"},"wikiDataId":"Q677533"},{"id":122904,"name":"Niobrara","state_id":1442,"state_code":"WY","state_name":"Wyoming","country_id":233,"country_code":"US","country_name":"United States","latitude":"43.05650000","longitude":"-104.47538000","native":"Niobrara County","type":"county","level":null,"parent_id":null,"population":2467,"timezone":"America/Denver","translations":{"br":"Kontelezh Niobrara","ko":"니오브라라 카운티","pt-BR":"Condado de Niobrara","pt":"Condado de Niobrara","nl":"Niobrara County","hr":"Okrug Niobrara","fa":"شهرستان نیوبرارا","de":"Landkreis Niobrara","es":"Condado de Niobrara","fr":"Comté de Niobrara","ja":"ニオブララ郡","it":"Contea di Niobrara","zh-CN":"尼奥布拉勒县","tr":"Niobrara İlçesi","ru":"Округ Найобрара","uk":"Округ Ніобрара","pl":"Hrabstwo Niobrara","hi":"निओबरारा काउंटी","ar":"مقاطعة نيوبرارا"},"wikiDataId":"Q485641"},{"id":123097,"name":"North Rock Springs","state_id":1442,"state_code":"WY","state_name":"Wyoming","country_id":233,"country_code":"US","country_name":"United States","latitude":"41.64358000","longitude":"-109.26568000","native":"North Rock Springs","type":"city","level":null,"parent_id":null,"population":2207,"timezone":"America/Denver","translations":{"br":"Feunteunioù North Rock","ko":"노스 록 스프링스","pt-BR":"North Rock Springs","pt":"North Rock Springs","nl":"Noord-Rock Springs","hr":"Sjeverni Rock Springs","fa":"نورث راک اسپرینگز","de":"North Rock Springs","es":"North Rock Springs","fr":"North Rock Springs","ja":"ノースロックスプリングス","it":"North Rock Springs","zh-CN":"北岩泉","tr":"Kuzey Kaya Kaynakları","ru":"Норт-Рок-Спрингс","uk":"Норт-Рок-Спрінгс","pl":"Północne Rock Springs","hi":"नॉर्थ रॉक स्प्रिंग्स","ar":"ينابيع نورث روك"},"wikiDataId":"Q1956375"},{"id":123843,"name":"Park","state_id":1442,"state_code":"WY","state_name":"Wyoming","country_id":233,"country_code":"US","country_name":"United States","latitude":"44.52057000","longitude":"-109.58853000","native":"Park County","type":"county","level":null,"parent_id":null,"population":29624,"timezone":"America/Denver","translations":{"br":"Kontelezh Park","ko":"파크 카운티","pt-BR":"Condado de Park","pt":"Condado de Park","nl":"Park County","hr":"Okrug Park","fa":"شهرستان پارک","de":"Park County","es":"Condado de Park","fr":"Comté de Park","ja":"パーク郡","it":"Contea di Park","zh-CN":"帕克县","tr":"Park İlçesi","ru":"Округ Парк","uk":"Округ Парк","pl":"Hrabstwo Park","hi":"पार्क काउंटी","ar":"مقاطعة بارك"},"wikiDataId":"Q156385"},{"id":124215,"name":"Pine Bluffs","state_id":1442,"state_code":"WY","state_name":"Wyoming","country_id":233,"country_code":"US","country_name":"United States","latitude":"41.18193000","longitude":"-104.06912000","native":"Pine Bluffs","type":"city","level":null,"parent_id":null,"population":1172,"timezone":"America/Denver","translations":{"br":"Pine Bluffs","ko":"파인 블러프스","pt-BR":"Penhascos de pinheiros","pt":"Penhascos de pinheiros","nl":"Pine Bluffs","hr":"Pine Bluffs","fa":"پاین بلوفز","de":"Pine Bluffs","es":"Acantilados de pino","fr":"Pine Bluffs","ja":"パインブラフス","it":"Pine Bluffs","zh-CN":"派恩布拉夫斯","tr":"Çam Kayalıkları","ru":"Пайн-Блаффс","uk":"Пайн-Блафс","pl":"Sosnowe Bluffy","hi":"पाइन ब्लफ़्स","ar":"باين بلافس"},"wikiDataId":"Q1028517"},{"id":124249,"name":"Pinedale","state_id":1442,"state_code":"WY","state_name":"Wyoming","country_id":233,"country_code":"US","country_name":"United States","latitude":"42.86661000","longitude":"-109.86099000","native":"Pinedale","type":"adm2","level":null,"parent_id":null,"population":2005,"timezone":"America/Denver","translations":{"br":"Pinedale","ko":"파인데일","pt-BR":"Pinedale","pt":"Pinedale","nl":"Pinedale","hr":"Pinedale","fa":"پایندیل","de":"Pinedale","es":"Pinedale","fr":"Pinedale","ja":"パインデール","it":"Pinedale","zh-CN":"派恩代尔","tr":"Pinedale","ru":"Пайндейл","uk":"Пайндейл","pl":"Pinedale","hi":"पाइनडेल","ar":"باينديل"},"wikiDataId":"Q373456"},{"id":124355,"name":"Platte","state_id":1442,"state_code":"WY","state_name":"Wyoming","country_id":233,"country_code":"US","country_name":"United States","latitude":"42.13305000","longitude":"-104.96582000","native":"Platte County","type":"county","level":null,"parent_id":null,"population":8605,"timezone":"America/Denver","translations":{"br":"Kontelezh Platte","ko":"플랫 카운티","pt-BR":"Condado de Platte","pt":"Condado de Platte","nl":"Platte County","hr":"Okrug Platte","fa":"شهرستان پلات","de":"Platte County","es":"Condado de Platte","fr":"Comté de Platte","ja":"プラット郡","it":"Contea di Platte","zh-CN":"普拉特县","tr":"Platte İlçesi","ru":"Округ Платт","uk":"Округ Платт","pl":"Hrabstwo Platte","hi":"प्लैट काउंटी","ar":"مقاطعة بلات"},"wikiDataId":"Q490512"},{"id":124611,"name":"Powell","state_id":1442,"state_code":"WY","state_name":"Wyoming","country_id":233,"country_code":"US","country_name":"United States","latitude":"44.75384000","longitude":"-108.75735000","native":"Powell","type":"city","level":null,"parent_id":null,"population":6419,"timezone":"America/Denver","translations":{"br":"Powell","ko":"파월","pt-BR":"Powell","pt":"Powell","nl":"Powell","hr":"Powell","fa":"پاول","de":"Powell","es":"Powell","fr":"Powell","ja":"パウエル","it":"Powell","zh-CN":"鲍威尔","tr":"Powell","ru":"Пауэлл","uk":"Павелл","pl":"Powell","hi":"पॉवेल","ar":"باول"},"wikiDataId":"Q1029174"},{"id":124820,"name":"Rafter J Ranch","state_id":1442,"state_code":"WY","state_name":"Wyoming","country_id":233,"country_code":"US","country_name":"United States","latitude":"43.42604000","longitude":"-110.79909000","native":"Rafter J Ranch","type":"city","level":null,"parent_id":null,"population":1075,"timezone":"America/Denver","translations":{"br":"Rafter J Ranch","ko":"래프터 J 랜치","pt-BR":"Rancho Rafter J","pt":"Rancho Rafter J","nl":"Rafter J Ranch","hr":"Ranč Rafter J","fa":"رافتر جی رنچ","de":"Rafter J Ranch","es":"Rancho Rafter J","fr":"Ranch Rafter J","ja":"ラフターJ牧場","it":"Rafter J Ranch","zh-CN":"拉夫特 J 牧场","tr":"Rafter J Çiftliği","ru":"Рафтер Джей Ранч","uk":"Ранчо Рафтер Дж","pl":"Ranczo Rafter J","hi":"राफ्टर जे रेंच","ar":"مزرعة رافتر جيه"},"wikiDataId":"Q1949021"},{"id":124846,"name":"Ranchettes","state_id":1442,"state_code":"WY","state_name":"Wyoming","country_id":233,"country_code":"US","country_name":"United States","latitude":"41.21859000","longitude":"-104.79025000","native":"Ranchettes","type":"city","level":null,"parent_id":null,"population":5798,"timezone":"America/Denver","translations":{"br":"Ranchettes","ko":"랜체트","pt-BR":"Ranchettes","pt":"Ranchettes","nl":"Ranchettes","hr":"Rančeti","fa":"رنچت","de":"Ranchettes","es":"Ranchitos","fr":"Ranchettes","ja":"ランシェット","it":"Ranchettes","zh-CN":"牧场小屋","tr":"Çiftlik evleri","ru":"Ранчетты","uk":"Ранчетс","pl":"Ranchettes","hi":"रैंचेट्स","ar":"رانشيتس"},"wikiDataId":"Q1942363"},{"id":124912,"name":"Rawlins","state_id":1442,"state_code":"WY","state_name":"Wyoming","country_id":233,"country_code":"US","country_name":"United States","latitude":"41.79107000","longitude":"-107.23866000","native":"Rawlins","type":"adm2","level":null,"parent_id":null,"population":8221,"timezone":"America/Denver","translations":{"br":"Rawlins","ko":"롤린스","pt-BR":"Rawlins","pt":"Rawlins","nl":"Rawlins","hr":"Rawlins","fa":"راولینز","de":"Rawlins","es":"Rawlins","fr":"Rawlins","ja":"ローリンズ","it":"Rawlins","zh-CN":"罗林斯","tr":"Rawlins","ru":"Роулинс","uk":"Роулінз","pl":"Rawlins","hi":"रॉलिंस","ar":"رولينز"},"wikiDataId":"Q958137"},{"id":125214,"name":"Riverton","state_id":1442,"state_code":"WY","state_name":"Wyoming","country_id":233,"country_code":"US","country_name":"United States","latitude":"43.02496000","longitude":"-108.38010000","native":"Riverton","type":"city","level":null,"parent_id":null,"population":10873,"timezone":"America/Denver","translations":{"br":"Riverton","ko":"리버튼","pt-BR":"Riverton","pt":"Riverton","nl":"Riverton","hr":"Riverton","fa":"ریورتون","de":"Riverton","es":"Riverton","fr":"Riverton","ja":"リバートン","it":"Riverton","zh-CN":"里弗顿","tr":"Riverton","ru":"Ривертон","uk":"Рівертон","pl":"Riverton","hi":"रिवर्टन","ar":"ريفرتون"},"wikiDataId":"Q603240"},{"id":125287,"name":"Rock Springs","state_id":1442,"state_code":"WY","state_name":"Wyoming","country_id":233,"country_code":"US","country_name":"United States","latitude":"41.58746000","longitude":"-109.20290000","native":"Rock Springs","type":"city","level":null,"parent_id":null,"population":23526,"timezone":"America/Denver","translations":{"br":"Feunteunioù Roc'h","ko":"록 스프링스","pt-BR":"Rock Springs","pt":"Rock Springs","nl":"Rotsbronnen","hr":"Rock Springs","fa":"راک اسپرینگز","de":"Rock Springs","es":"Rock Springs","fr":"Rock Springs","ja":"ロックスプリングス","it":"Sorgenti rocciose","zh-CN":"岩泉","tr":"Kaya Kaynakları","ru":"Рок-Спрингс","uk":"Рок-Спрінгс","pl":"Rock Springs","hi":"रॉक स्प्रिंग्स","ar":"روك سبرينغز"},"wikiDataId":"Q378071"},{"id":125942,"name":"Saratoga","state_id":1442,"state_code":"WY","state_name":"Wyoming","country_id":233,"country_code":"US","country_name":"United States","latitude":"41.45496000","longitude":"-106.80643000","native":"Saratoga","type":"city","level":null,"parent_id":null,"population":1677,"timezone":"America/Denver","translations":{"br":"Saratoga","ko":"큰 여행 트렁크","pt-BR":"Saratoga","pt":"Saratoga","nl":"Saratoga","hr":"Saratoga","fa":"ساراتوگا","de":"Saratoga","es":"Saratoga","fr":"Saratoga","ja":"サラトガ","it":"Saratoga","zh-CN":"萨拉托加","tr":"Saratoga","ru":"Саратога","uk":"Саратога","pl":"Saratoga","hi":"साराटोगा","ar":"ساراتوجا"},"wikiDataId":"Q1028396"},{"id":126323,"name":"Sheridan","state_id":1442,"state_code":"WY","state_name":"Wyoming","country_id":233,"country_code":"US","country_name":"United States","latitude":"44.79719000","longitude":"-106.95618000","native":"Lion","type":"adm2","level":null,"parent_id":null,"population":17873,"timezone":"America/Denver","translations":{"br":"Sheridan","ko":"셰리던","pt-BR":"Sheridan","pt":"Sheridan","nl":"Sheridan","hr":"Šeridan","fa":"شریدان","de":"Sheridan","es":"Sheridan","fr":"Sheridan","ja":"シェリダン","it":"Sheridan","zh-CN":"谢里丹","tr":"Sheridan","ru":"Шеридан","uk":"Шерідан","pl":"Sheridan","hi":"शेरिडन","ar":"شيريدان"},"wikiDataId":"Q1017214"},{"id":126328,"name":"Sheridan County","state_id":1442,"state_code":"WY","state_name":"Wyoming","country_id":233,"country_code":"US","country_name":"United States","latitude":"44.79004000","longitude":"-106.87948000","native":"Sheridan County","type":"county","level":null,"parent_id":null,"population":30921,"timezone":"America/Denver","translations":{"br":"Kontelezh Sheridan","ko":"셰리던 카운티","pt-BR":"Condado de Sheridan","pt":"Condado de Sheridan","nl":"Sheridan County","hr":"Okrug Sheridan","fa":"شهرستان شریدان","de":"Sheridan County","es":"Condado de Sheridan","fr":"Comté de Sheridan","ja":"シェリダン郡","it":"Contea di Sheridan","zh-CN":"谢里登县","tr":"Sheridan İlçesi","ru":"округ Шеридан","uk":"Округ Шерідан","pl":"Hrabstwo Sheridan","hi":"शेरिडन काउंटी","ar":"مقاطعة شيريدان"},"wikiDataId":"Q490522"},{"id":126500,"name":"Sleepy Hollow","state_id":1442,"state_code":"WY","state_name":"Wyoming","country_id":233,"country_code":"US","country_name":"United States","latitude":"44.24109000","longitude":"-105.42222000","native":"Sleepy Hollow","type":"city","level":null,"parent_id":null,"population":9986,"timezone":"America/Denver","translations":{"br":"Toull kousket","ko":"슬리피 할로우","pt-BR":"Sleepy Hollow","pt":"Sleepy Hollow","nl":"Sleepy Hollow","hr":"Uspavana dolina","fa":"اسلیپی هالو","de":"Sleepy Hollow","es":"Sleepy Hollow","fr":"Sleepy Hollow","ja":"スリーピーホロウ","it":"Sleepy Hollow","zh-CN":"沉睡谷","tr":"Uykulu Vadi","ru":"Сонная Лощина","uk":"Сонна Лощина","pl":"Senna Kotlina","hi":"झूठी नींद","ar":"سليبي هولو"},"wikiDataId":"Q1955716"},{"id":126662,"name":"South Greeley","state_id":1442,"state_code":"WY","state_name":"Wyoming","country_id":233,"country_code":"US","country_name":"United States","latitude":"41.09693000","longitude":"-104.80636000","native":"South Greeley","type":"city","level":null,"parent_id":null,"population":4217,"timezone":"America/Denver","translations":{"br":"Su Greeley","ko":"사우스 그릴리","pt-BR":"Greeley do Sul","pt":"Greeley do Sul","nl":"Zuid-Greeley","hr":"Južni Greeley","fa":"گریلی جنوبی","de":"Süd-Greeley","es":"Greeley del Sur","fr":"Greeley Sud","ja":"サウスグリーリー","it":"Greeley meridionale","zh-CN":"南格里利","tr":"Güney Greeley","ru":"Южный Грили","uk":"Саут-Грілі","pl":"Południowy Greeley","hi":"साउथ ग्रीली","ar":"جنوب جريلي"},"wikiDataId":"Q1942452"},{"id":126703,"name":"South Park","state_id":1442,"state_code":"WY","state_name":"Wyoming","country_id":233,"country_code":"US","country_name":"United States","latitude":"43.42215000","longitude":"-110.79326000","native":"South Park","type":"city","level":null,"parent_id":null,"population":1731,"timezone":"America/Denver","translations":{"br":"Park ar Su","ko":"사우스 파크","pt-BR":"Parque Sul","pt":"Parque Sul","nl":"South Park","hr":"Južni park","fa":"پارک جنوبی","de":"South Park","es":"Parque del Sur","fr":"South Park","ja":"サウスパーク","it":"Parco Sud","zh-CN":"南方公园","tr":"Güney Parkı","ru":"Южный Парк","uk":"Південний парк","pl":"South Park","hi":"साउथ पार्क","ar":"ساوث بارك"},"wikiDataId":"Q1955703"},{"id":126982,"name":"Star Valley Ranch","state_id":1442,"state_code":"WY","state_name":"Wyoming","country_id":233,"country_code":"US","country_name":"United States","latitude":"42.97139000","longitude":"-110.95556000","native":"Star Valley Ranch","type":"city","level":null,"parent_id":null,"population":1866,"timezone":"America/Denver","translations":{"br":"Star Valley Ranch","ko":"스타 밸리 랜치","pt-BR":"Rancho Star Valley","pt":"Rancho Star Valley","nl":"Star Valley Ranch","hr":"Ranč Star Valley","fa":"مزرعه استار ولی","de":"Star Valley Ranch","es":"Rancho Star Valley","fr":"Ranch de la Vallée des Étoiles","ja":"スターバレーランチ","it":"Star Valley Ranch","zh-CN":"星谷牧场","tr":"Star Valley Çiftliği","ru":"Ранчо Стар Вэлли","uk":"Ранчо «Зоряна долина»","pl":"Ranczo Star Valley","hi":"स्टार वैली रेंच","ar":"مزرعة ستار فالي"},"wikiDataId":"Q1028655"},{"id":127158,"name":"Sublette","state_id":1442,"state_code":"WY","state_name":"Wyoming","country_id":233,"country_code":"US","country_name":"United States","latitude":"42.76691000","longitude":"-109.91471000","native":"Sublette County","type":"county","level":null,"parent_id":null,"population":8728,"timezone":"America/Denver","translations":{"br":"Kontelezh Sublette","ko":"서블렛 카운티","pt-BR":"Condado de Sublette","pt":"Condado de Sublette","nl":"Sublette County","hr":"Okrug Sublette","fa":"شهرستان سوبلت","de":"Landkreis Sublette","es":"Condado de Sublette","fr":"Comté de Sublette","ja":"サブレット郡","it":"Contea di Sublette","zh-CN":"萨布莱特县","tr":"Sublette İlçesi","ru":"Округ Саблетт","uk":"Округ Саблетт","pl":"Hrabstwo Sublette","hi":"सबलेट काउंटी","ar":"مقاطعة سوبليت"},"wikiDataId":"Q490494"},{"id":127248,"name":"Sundance","state_id":1442,"state_code":"WY","state_name":"Wyoming","country_id":233,"country_code":"US","country_name":"United States","latitude":"44.40637000","longitude":"-104.37578000","native":"Sundance","type":"adm2","level":null,"parent_id":null,"population":1032,"timezone":"America/Denver","translations":{"br":"Sundance","ko":"선댄스","pt-BR":"Sundance","pt":"Sundance","nl":"Zonnedans","hr":"Sundance","fa":"ساندنس","de":"Sundance","es":"Sundance","fr":"Sundance","ja":"サンダンス","it":"Sundance","zh-CN":"圣丹斯","tr":"Sundance","ru":"Сандэнс","uk":"Санденс","pl":"Sundance","hi":"सनडांस","ar":"مهرجان صندانس"},"wikiDataId":"Q737891"},{"id":127343,"name":"Sweetwater","state_id":1442,"state_code":"WY","state_name":"Wyoming","country_id":233,"country_code":"US","country_name":"United States","latitude":"41.65950000","longitude":"-108.87942000","native":"Sweetwater County","type":"county","level":null,"parent_id":null,"population":42272,"timezone":"America/Denver","translations":{"br":"Kontelezh Sweetwater","ko":"스위트워터 카운티","pt-BR":"Condado de Sweetwater","pt":"Condado de Sweetwater","nl":"Zoetwater County","hr":"Okrug Sweetwater","fa":"شهرستان سوئیت‌واتر","de":"Sweetwater County","es":"Condado de Sweetwater","fr":"Comté de Sweetwater","ja":"スウィートウォーター郡","it":"Contea di Sweetwater","zh-CN":"甜水县","tr":"Sweetwater İlçesi","ru":"округ Суитуотер","uk":"Округ Світвотер","pl":"Hrabstwo Sweetwater","hi":"स्वीटवाटर काउंटी","ar":"مقاطعة سويتووتر"},"wikiDataId":"Q484194"},{"id":127539,"name":"Teton","state_id":1442,"state_code":"WY","state_name":"Wyoming","country_id":233,"country_code":"US","country_name":"United States","latitude":"43.93476000","longitude":"-110.58974000","native":"Teton County","type":"county","level":null,"parent_id":null,"population":23331,"timezone":"America/Denver","translations":{"br":"Kontelezh Teton","ko":"테톤 카운티","pt-BR":"Condado de Teton","pt":"Condado de Teton","nl":"Teton County","hr":"Okrug Teton","fa":"شهرستان تتون","de":"Teton County","es":"Condado de Teton","fr":"Comté de Teton","ja":"ティートン郡","it":"Contea di Teton","zh-CN":"提顿县","tr":"Teton İlçesi","ru":"округ Тетон","uk":"Округ Тітон","pl":"Hrabstwo Teton","hi":"टेटन काउंटी","ar":"مقاطعة تيتون"},"wikiDataId":"Q488912"},{"id":127572,"name":"Thermopolis","state_id":1442,"state_code":"WY","state_name":"Wyoming","country_id":233,"country_code":"US","country_name":"United States","latitude":"43.64607000","longitude":"-108.21204000","native":"Thermopolis","type":"adm2","level":null,"parent_id":null,"population":2725,"timezone":"America/Denver","translations":{"br":"Termopolis","ko":"테르모폴리스","pt-BR":"Termópolis","pt":"Termópolis","nl":"Thermopolis","hr":"Termopolis","fa":"ترموپولیس","de":"Thermopolis","es":"Termópolis","fr":"Thermopolis","ja":"サーモポリス","it":"Termopoli","zh-CN":"瑟莫波利斯","tr":"Termopolis","ru":"Термополис","uk":"Термополіс","pl":"Termopolis","hi":"थर्मोपोलिस","ar":"ثيرموبوليس"},"wikiDataId":"Q1020393"},{"id":127745,"name":"Torrington","state_id":1442,"state_code":"WY","state_name":"Wyoming","country_id":233,"country_code":"US","country_name":"United States","latitude":"42.06246000","longitude":"-104.18439000","native":"Torrington","type":"adm2","level":null,"parent_id":null,"population":6119,"timezone":"America/Denver","translations":{"br":"Torrington","ko":"토링턴","pt-BR":"Torrington","pt":"Torrington","nl":"Torrington","hr":"Torrington","fa":"تورینگتون","de":"Torrington","es":"Torrington","fr":"Torrington","ja":"トリントン","it":"Torrington","zh-CN":"托灵顿","tr":"Torrington","ru":"Торрингтон","uk":"Торрінгтон","pl":"Torrington","hi":"टॉरिंगटन","ar":"تورينجتون"},"wikiDataId":"Q988195"},{"id":127955,"name":"Uinta","state_id":1442,"state_code":"WY","state_name":"Wyoming","country_id":233,"country_code":"US","country_name":"United States","latitude":"41.28756000","longitude":"-110.54759000","native":"Uinta County","type":"county","level":null,"parent_id":null,"population":20450,"timezone":"America/Denver","translations":{"br":"Kontelezh Uinta","ko":"유인타 카운티","pt-BR":"Condado de Uinta","pt":"Condado de Uinta","nl":"Uinta County","hr":"Okrug Uinta","fa":"شهرستان یونیتا","de":"Uinta County","es":"Condado de Uinta","fr":"Comté d'Uinta","ja":"ユインタ郡","it":"Contea di Uinta","zh-CN":"尤因塔县","tr":"Uinta İlçesi","ru":"Округ Юинта","uk":"Округ Уїнта","pl":"Hrabstwo Uinta","hi":"यूंटा काउंटी","ar":"مقاطعة يونتا"},"wikiDataId":"Q483973"},{"id":128056,"name":"Upton","state_id":1442,"state_code":"WY","state_name":"Wyoming","country_id":233,"country_code":"US","country_name":"United States","latitude":"44.09970000","longitude":"-104.62802000","native":"Upton","type":"city","level":null,"parent_id":null,"population":1109,"timezone":"America/Denver","translations":{"br":"Upton","ko":"업튼","pt-BR":"Upton","pt":"Upton","nl":"Upton","hr":"Upton","fa":"آپتون","de":"Upton","es":"Upton","fr":"Upton","ja":"アプトン","it":"Upton","zh-CN":"厄普顿","tr":"Upton","ru":"Аптон","uk":"Аптон","pl":"Upton","hi":"अप्टन","ar":"أبتون"},"wikiDataId":"Q1942328"},{"id":128532,"name":"Washakie","state_id":1442,"state_code":"WY","state_name":"Wyoming","country_id":233,"country_code":"US","country_name":"United States","latitude":"43.90500000","longitude":"-107.68286000","native":"Washakie County","type":"county","level":null,"parent_id":null,"population":7685,"timezone":"America/Denver","translations":{"br":"Kontelezh Washakie","ko":"와샤키 카운티","pt-BR":"Condado de Washakie","pt":"Condado de Washakie","nl":"Washakie County","hr":"Okrug Washakie","fa":"شهرستان واشاکی","de":"Washakie County","es":"Condado de Washakie","fr":"Comté de Washakie","ja":"ワシャキー郡","it":"Contea di Washakie","zh-CN":"沃沙基县","tr":"Washakie İlçesi","ru":"Округ Уошаки","uk":"Округ Вошакі","pl":"Hrabstwo Washakie","hi":"वाशकी काउंटी","ar":"مقاطعة واشاكي"},"wikiDataId":"Q112846"},{"id":129064,"name":"Weston","state_id":1442,"state_code":"WY","state_name":"Wyoming","country_id":233,"country_code":"US","country_name":"United States","latitude":"43.84049000","longitude":"-104.56783000","native":"Weston County","type":"county","level":null,"parent_id":null,"population":6838,"timezone":"America/Denver","translations":{"br":"Kontelezh Weston","ko":"웨스턴 카운티","pt-BR":"Condado de Weston","pt":"Condado de Weston","nl":"Weston County","hr":"Okrug Weston","fa":"شهرستان وستون","de":"Weston County","es":"Condado de Weston","fr":"Comté de Weston","ja":"ウェストン郡","it":"Contea di Weston","zh-CN":"韦斯顿县","tr":"Weston İlçesi","ru":"Округ Уэстон","uk":"Округ Вестон","pl":"Hrabstwo Weston","hi":"वेस्टन काउंटी","ar":"مقاطعة ويستون"},"wikiDataId":"Q115413"},{"id":129109,"name":"Wheatland","state_id":1442,"state_code":"WY","state_name":"Wyoming","country_id":233,"country_code":"US","country_name":"United States","latitude":"42.05407000","longitude":"-104.95295000","native":"Wheatland","type":"adm2","level":null,"parent_id":null,"population":3659,"timezone":"America/Denver","translations":{"br":"Douar ar gwinizh","ko":"밀밭","pt-BR":"Terra do Trigo","pt":"Terra do Trigo","nl":"Tarweland","hr":"Pšenična zemlja","fa":"ویتلند","de":"Weizenland","es":"Tierra de trigo","fr":"Wheatland","ja":"ウィートランド","it":"Wheatland","zh-CN":"惠特兰","tr":"Buğday tarlası","ru":"Уитленд","uk":"Вітленд","pl":"Wheatland","hi":"व्हीटलैंड","ar":"أرض القمح"},"wikiDataId":"Q547093"},{"id":129333,"name":"Wilson","state_id":1442,"state_code":"WY","state_name":"Wyoming","country_id":233,"country_code":"US","country_name":"United States","latitude":"43.50076000","longitude":"-110.87521000","native":"Wilson","type":"city","level":null,"parent_id":null,"population":1482,"timezone":"America/Denver","translations":{"br":"Wilson","ko":"윌슨","pt-BR":"Wilson","pt":"Wilson","nl":"Wilson","hr":"Wilson","fa":"ویلسون","de":"Wilson","es":"Wilson","fr":"Wilson","ja":"ウィルソン","it":"Wilson","zh-CN":"威尔逊","tr":"Wilson","ru":"Уилсон","uk":"Вілсон","pl":"Wilson","hi":"विल्सन","ar":"ويلسون"},"wikiDataId":"Q1940623"},{"id":129589,"name":"Worland","state_id":1442,"state_code":"WY","state_name":"Wyoming","country_id":233,"country_code":"US","country_name":"United States","latitude":"44.01690000","longitude":"-107.95537000","native":"Worland","type":"adm2","level":null,"parent_id":null,"population":4773,"timezone":"America/Denver","translations":{"br":"Bro ar Bed","ko":"월드","pt-BR":"Worland","pt":"Worland","nl":"Worland","hr":"Worland","fa":"جهان","de":"Worland","es":"Worland","fr":"Worland","ja":"ウォーランド","it":"Mondo","zh-CN":"沃兰德","tr":"Dünya","ru":"Уорленд","uk":"Ворланд","pl":"Świat","hi":"वर्लैंड","ar":"وورلاند"},"wikiDataId":"Q845469"},{"id":129606,"name":"Wright","state_id":1442,"state_code":"WY","state_name":"Wyoming","country_id":233,"country_code":"US","country_name":"United States","latitude":"43.75124000","longitude":"-105.49201000","native":"Wright","type":"city","level":null,"parent_id":null,"population":1516,"timezone":"America/Denver","translations":{"br":"Wright","ko":"라이트","pt-BR":"Wright","pt":"Wright","nl":"Wright","hr":"Wright","fa":"رایت","de":"Wright","es":"Wright","fr":"Wright","ja":"ライト","it":"Wright","zh-CN":"赖特","tr":"Wright","ru":"Райт","uk":"Райт","pl":"Wright","hi":"राइट","ar":"رايت"},"wikiDataId":"Q1029861"}]