[{"id":65596,"name":"Akkol","state_id":145,"state_code":"11","state_name":"Akmola","country_id":112,"country_code":"KZ","country_name":"Kazakhstan","latitude":"51.99374000","longitude":"70.94704000","native":"Ақкөл","type":"adm2","level":null,"parent_id":null,"population":2605,"timezone":"Asia/Almaty","translations":{"br":"Akkol","ko":"아콜","pt-BR":"Akkol","pt":"Akkol","nl":"Akkol","hr":"Akkol","fa":"آکول","de":"Akkol","es":"Akkol","fr":"Akkol","ja":"アッコル","it":"Akkol","zh-CN":"阿克科尔","tr":"Akkol","ru":"Акколь","uk":"Аккол","pl":"Akkol","hi":"अक्कोल","ar":"أكول"},"wikiDataId":"Q622740"},{"id":65597,"name":"Akkol’","state_id":145,"state_code":"11","state_name":"Akmola","country_id":112,"country_code":"KZ","country_name":"Kazakhstan","latitude":"53.29617000","longitude":"69.59997000","native":"Ақкөл","type":"city","level":null,"parent_id":null,"population":16773,"timezone":"Asia/Almaty","translations":{"br":"Akkol'","ko":"아콜’","pt-BR":"Akkol'","pt":"Akkol'","nl":"Akkol’","hr":"Akkol","fa":"آکول","de":"Akkol’","es":"Akkol’","fr":"Akkol’","ja":"アッコル","it":"Akkol'","zh-CN":"阿克科尔","tr":"Akkol’","ru":"Акколь","uk":"Акколь","pl":"Akkol’","hi":"अक्कोल’","ar":"أكول"},"wikiDataId":"Q622740"},{"id":65600,"name":"Aksu","state_id":145,"state_code":"11","state_name":"Akmola","country_id":112,"country_code":"KZ","country_name":"Kazakhstan","latitude":"52.44422000","longitude":"71.95761000","native":"Ақсу","type":"city","level":null,"parent_id":null,"population":8543,"timezone":"Asia/Almaty","translations":{"br":"Aksu","ko":"악수","pt-BR":"Aksu","pt":"Aksu","nl":"Aksu","hr":"Aksu","fa":"آکسو","de":"Aksu","es":"Aksu","fr":"Aksu","ja":"アクス","it":"Aksu","zh-CN":"阿克苏","tr":"Aksu","ru":"Аксу","uk":"Аксу","pl":"Aksu","hi":"अक्सू","ar":"أكسو"},"wikiDataId":"Q622780"},{"id":65619,"name":"Astrakhan","state_id":145,"state_code":"11","state_name":"Akmola","country_id":112,"country_code":"KZ","country_name":"Kazakhstan","latitude":"51.53092000","longitude":"69.79684000","native":"Астрахань","type":"adm2","level":null,"parent_id":null,"population":6459,"timezone":"Asia/Almaty","translations":{"br":"Astrakhan","ko":"아스트라한","pt-BR":"Astracã","pt":"Astracã","nl":"Astrakan","hr":"Astragan","fa":"آستاراخان","de":"Astrachan","es":"Astracán","fr":"Astrakan","ja":"アストラハン","it":"Astrachan'","zh-CN":"阿斯特拉罕","tr":"Astragan","ru":"Астрахань","uk":"Астрахань","pl":"Karakuł","hi":"आस्ट्राखान","ar":"أستراخان"},"wikiDataId":"Q3448684"},{"id":65624,"name":"Atbasar","state_id":145,"state_code":"11","state_name":"Akmola","country_id":112,"country_code":"KZ","country_name":"Kazakhstan","latitude":"51.80652000","longitude":"68.35996000","native":"Атбасар","type":"adm2","level":null,"parent_id":null,"population":31434,"timezone":"Asia/Almaty","translations":{"br":"Atbasar","ko":"아트바사르","pt-BR":"Atbasar","pt":"Atbasar","nl":"Atbasar","hr":"Atbasar","fa":"آتبصار","de":"Atbasar","es":"Atbasar","fr":"Atbasar","ja":"アトバサール","it":"Atbasar","zh-CN":"阿特巴萨尔","tr":"Atbasar","ru":"Атбасар","uk":"Атбасар","pl":"Atbasar","hi":"अल्माटी","ar":"أطباسار"},"wikiDataId":"Q612144"},{"id":65632,"name":"Balkashino","state_id":145,"state_code":"11","state_name":"Akmola","country_id":112,"country_code":"KZ","country_name":"Kazakhstan","latitude":"52.51779000","longitude":"68.75160000","native":"Балкашино","type":"adm2","level":null,"parent_id":null,"population":6147,"timezone":"Asia/Almaty","translations":{"br":"Balkashino","ko":"발카시노","pt-BR":"Balkashino","pt":"Balkashino","nl":"Balkashino","hr":"Balkašino","fa":"بالکاشینو","de":"Balkaschino","es":"Balkashino","fr":"Balkachino","ja":"バルカシノ","it":"Balkashino","zh-CN":"巴尔卡希诺","tr":"Balkaşino","ru":"Балкашино","uk":"Балкашино","pl":"Bałkaszyno","hi":"बाल्काशिनो","ar":"بالكاشينو"},"wikiDataId":"Q1047089"},{"id":65647,"name":"Bestobe","state_id":145,"state_code":"11","state_name":"Akmola","country_id":112,"country_code":"KZ","country_name":"Kazakhstan","latitude":"52.49795000","longitude":"73.09592000","native":"Бестөбе","type":"city","level":null,"parent_id":null,"population":7189,"timezone":"Asia/Almaty","translations":{"br":"Bestobe","ko":"베스토베","pt-BR":"Melhor ser","pt":"Melhor ser","nl":"Bestobe","hr":"Bestobe","fa":"بستوب","de":"Bestobe","es":"Bestobe","fr":"Bestobe","ja":"ベストーブ","it":"Bestobe","zh-CN":"贝斯托贝","tr":"Bestobe","ru":"Бестобе","uk":"Бестобе","pl":"Bestobe","hi":"बेस्टोबे","ar":"بيستوب"},"wikiDataId":"Q2509316"},{"id":65665,"name":"Derzhavīnsk","state_id":145,"state_code":"11","state_name":"Akmola","country_id":112,"country_code":"KZ","country_name":"Kazakhstan","latitude":"51.09922000","longitude":"66.31557000","native":"Державинск","type":"adm2","level":null,"parent_id":null,"population":null,"timezone":"Asia/Almaty","translations":{"br":"Derzhavīnsk","ko":"데르자빈스크","pt-BR":"Derzhavīnsk","pt":"Derzhavīnsk","nl":"Derzhavīnsk","hr":"Deržavinsk","fa":"درژاوینسک","de":"Derzhavinsk","es":"Derzhavinsk","fr":"Derjavinsk","ja":"デルジャヴィンスク","it":"Derzhavīnsk","zh-CN":"杰尔扎文斯克","tr":"Derjavinsk","ru":"Державинск","uk":"Державінськ","pl":"Derzhavīnsk","hi":"Derzhavinsk","ar":"ديرزهافينسك"},"wikiDataId":"Q2374413"},{"id":65672,"name":"Egindiköl","state_id":145,"state_code":"11","state_name":"Akmola","country_id":112,"country_code":"KZ","country_name":"Kazakhstan","latitude":"51.05412000","longitude":"69.47928000","native":"Егіндікөл","type":"adm2","level":null,"parent_id":null,"population":2976,"timezone":"Asia/Almaty","translations":{"br":"Egindiköl","ko":"에긴디콜","pt-BR":"Egindiköl","pt":"Egindiköl","nl":"Egindiköl","hr":"Egindiköl","fa":"اگندیکول","de":"Egindiköl","es":"Egindiköl","fr":"Huile d'Egindik","ja":"エギンディコル","it":"Egindiköl","zh-CN":"埃金迪克尔","tr":"Egindiköl","ru":"Эгиндикёль","uk":"Егіндікьоль","pl":"Egindiköl","hi":"एगिन्डिकोल","ar":"إيجينديكول"},"wikiDataId":"Q3644611"},{"id":65676,"name":"Esil","state_id":145,"state_code":"11","state_name":"Akmola","country_id":112,"country_code":"KZ","country_name":"Kazakhstan","latitude":"51.95495000","longitude":"66.40841000","native":"Есіл","type":"adm2","level":null,"parent_id":null,"population":13504,"timezone":"Asia/Almaty","translations":{"br":"Esil","ko":"에실","pt-BR":"Esil","pt":"Esil","nl":"Esiel","hr":"Esil","fa":"اسیل","de":"Esil","es":"Esil","fr":"Ésil","ja":"エシル","it":"Esil","zh-CN":"埃西尔","tr":"Esil","ru":"Есиль","uk":"Есіл","pl":"Esil","hi":"एसिल","ar":"إسيل"},"wikiDataId":"Q1238323"},{"id":65698,"name":"Kokshetau","state_id":145,"state_code":"11","state_name":"Akmola","country_id":112,"country_code":"KZ","country_name":"Kazakhstan","latitude":"53.28333000","longitude":"69.40000000","native":"Көкшетау","type":"adm1","level":null,"parent_id":null,"population":179907,"timezone":"Asia/Almaty","translations":{"br":"Kokshetau","ko":"콕셰타우","pt-BR":"Kokshetau","pt":"Kokshetau","nl":"Kokshetau","hr":"Kokšetau","fa":"کوکشتائو","de":"Kökschetau","es":"Kokshetau","fr":"Kokshetau","ja":"コクシェタウ","it":"Kokshetau","zh-CN":"科克舍套","tr":"Kokşetau","ru":"Кокшетау","uk":"Кокшетау","pl":"Kokszetau","hi":"अस्ताना","ar":"كوكشتاو"},"wikiDataId":"Q490643"},{"id":65703,"name":"Krasnogorskiy","state_id":145,"state_code":"11","state_name":"Akmola","country_id":112,"country_code":"KZ","country_name":"Kazakhstan","latitude":"52.24560000","longitude":"66.52081000","native":"Красногорский","type":"city","level":null,"parent_id":null,"population":3646,"timezone":"Asia/Almaty","translations":{"br":"Krasnogorskiy","ko":"크라스노고르스키","pt-BR":"Krasnogorskiy","pt":"Krasnogorskiy","nl":"Krasnogorskiy","hr":"Krasnogorski","fa":"کراسنوگورسکی","de":"Krasnogorski","es":"Krasnogorskiy","fr":"Krasnogorskiy","ja":"クラスノゴルスキー","it":"Krasnogorskij","zh-CN":"克拉斯诺戈尔斯基","tr":"Krasnogorskiy","ru":"Красногорский","uk":"Красногорський","pl":"Krasnogorski","hi":"क्रस्नोगोरसकीय","ar":"كراسنوجورسكي"},"wikiDataId":"Q488990"},{"id":65720,"name":"Makinsk","state_id":145,"state_code":"11","state_name":"Akmola","country_id":112,"country_code":"KZ","country_name":"Kazakhstan","latitude":"52.63290000","longitude":"70.41911000","native":"Макинск","type":"adm2","level":null,"parent_id":null,"population":17775,"timezone":"Asia/Almaty","translations":{"br":"Makinsk","ko":"마킨스크","pt-BR":"Makinsk","pt":"Makinsk","nl":"Makinsk","hr":"Makinskij","fa":"ماکینسک","de":"Makinsk","es":"Makinsk","fr":"Makinsk","ja":"マキンスク","it":"Makinsk","zh-CN":"马金斯克","tr":"Makinsk","ru":"Макинск","uk":"Макінськ","pl":"Makinsk","hi":"मकिंस्क","ar":"ماكينسك"},"wikiDataId":"Q1019392"},{"id":65781,"name":"Shantobe","state_id":145,"state_code":"11","state_name":"Akmola","country_id":112,"country_code":"KZ","country_name":"Kazakhstan","latitude":"52.45376000","longitude":"68.17475000","native":"Шаңтөбе","type":"city","level":null,"parent_id":null,"population":5626,"timezone":"Asia/Almaty","translations":{"br":"Shantobe","ko":"샨토베","pt-BR":"Xantobe","pt":"Xantobe","nl":"Shantobe","hr":"Šantobe","fa":"شانتوبه","de":"Shantobe","es":"Shantobe","fr":"Shantobe","ja":"シャントベ","it":"Shantobe","zh-CN":"尚托贝","tr":"Shantobe","ru":"Шантобе","uk":"Шантобе","pl":"Szantobe","hi":"शान्तोबे","ar":"شانتوبي"},"wikiDataId":"Q61944"},{"id":65784,"name":"Shchuchinsk","state_id":145,"state_code":"11","state_name":"Akmola","country_id":112,"country_code":"KZ","country_name":"Kazakhstan","latitude":"52.93592000","longitude":"70.18895000","native":"Щучинск","type":"adm2","level":null,"parent_id":null,"population":45004,"timezone":"Asia/Almaty","translations":{"br":"Schchuchinsk","ko":"슈친스크","pt-BR":"Shchuchinsk","pt":"Shchuchinsk","nl":"Sjtsjoetsjinsk","hr":"Ščučinsk","fa":"شوچینسک","de":"Schtschutschinsk","es":"Shchuchinsk","fr":"Chtchouchinsk","ja":"シュチュチンスク","it":"Shčuchinsk","zh-CN":"休钦斯克","tr":"Şuçinsk","ru":"Щучинск","uk":"Щучинськ","pl":"Szczuczyńsk","hi":"शुचिंस्क","ar":"شتشوشينسك"},"wikiDataId":"Q2030552"},{"id":65787,"name":"Shortandy","state_id":145,"state_code":"11","state_name":"Akmola","country_id":112,"country_code":"KZ","country_name":"Kazakhstan","latitude":"51.69946000","longitude":"70.99457000","native":"Шортанды","type":"adm2","level":null,"parent_id":null,"population":6025,"timezone":"Asia/Almaty","translations":{"br":"Berrskridoù","ko":"쇼탠디","pt-BR":"Shortandy","pt":"Shortandy","nl":"Shortandy","hr":"Kratkoća","fa":"شورتندی","de":"Shortandy","es":"Shortandy","fr":"Shortandy","ja":"ショータンディ","it":"Shortandy","zh-CN":"肖坦迪","tr":"Kısa boylu","ru":"Шортанды","uk":"Шортенді","pl":"Shortandy","hi":"शॉर्टेंडी","ar":"شورتندي"},"wikiDataId":"Q4523462"},{"id":65796,"name":"Stepnogorsk","state_id":145,"state_code":"11","state_name":"Akmola","country_id":112,"country_code":"KZ","country_name":"Kazakhstan","latitude":"52.35062000","longitude":"71.88161000","native":"Степногорск","type":"adm2","level":null,"parent_id":null,"population":46947,"timezone":"Asia/Almaty","translations":{"br":"Stepnogorsk","ko":"스테프노고르스크","pt-BR":"Stepnogorsk","pt":"Stepnogorsk","nl":"Stepnogorsk","hr":"Stepnogorsk","fa":"استپنوگورسک","de":"Stepnogorsk","es":"Stepnogorsk","fr":"Stepnogorsk","ja":"ステプノゴルスク","it":"Stepnogorsk","zh-CN":"斯捷普诺戈尔斯克","tr":"Stepnogorsk","ru":"Степногорск","uk":"Степногорськ","pl":"Stepnogorsk","hi":"अस्ताना","ar":"ستيبنوغورسك"},"wikiDataId":"Q2030615"},{"id":65797,"name":"Stepnyak","state_id":145,"state_code":"11","state_name":"Akmola","country_id":112,"country_code":"KZ","country_name":"Kazakhstan","latitude":"52.83489000","longitude":"70.78861000","native":"Степняк","type":"adm2","level":null,"parent_id":null,"population":4212,"timezone":"Asia/Almaty","translations":{"br":"Stepnyak","ko":"스테프냐크","pt-BR":"Stepnyak","pt":"Stepnyak","nl":"Stepnyak","hr":"Stepnjak","fa":"استپنیاک","de":"Stepnyak","es":"Stepnyak","fr":"Stepnyak","ja":"ステプニャク","it":"Stepnyak","zh-CN":"斯捷普尼亚克","tr":"Stepnyak","ru":"Степняк","uk":"Степняк","pl":"Stepniak","hi":"स्टेपन्याक","ar":"ستيبنياك"},"wikiDataId":"Q27352739"},{"id":65830,"name":"Yermentau","state_id":145,"state_code":"11","state_name":"Akmola","country_id":112,"country_code":"KZ","country_name":"Kazakhstan","latitude":"51.62364000","longitude":"73.10265000","native":"Ерментау","type":"adm2","level":null,"parent_id":null,"population":14169,"timezone":"Asia/Almaty","translations":{"br":"Yermentau","ko":"예르멘타우","pt-BR":"Yermentau","pt":"Yermentau","nl":"Yermentau","hr":"Jermentau","fa":"یرمنتائو","de":"Jermentau","es":"Yermentau","fr":"Yermentau","ja":"イェルメンタウ","it":"Yermentau","zh-CN":"耶尔门套","tr":"Yermentau","ru":"Ерментау","uk":"Єрментау","pl":"Jermentau","hi":"येरमेंटौ","ar":"يرمنتو"},"wikiDataId":"Q1019810"},{"id":65832,"name":"Zavodskoy","state_id":145,"state_code":"11","state_name":"Akmola","country_id":112,"country_code":"KZ","country_name":"Kazakhstan","latitude":"52.47031000","longitude":"72.01514000","native":"Заводской","type":"city","level":null,"parent_id":null,"population":6043,"timezone":"Asia/Almaty","translations":{"br":"Zavodskoy","ko":"자보드스코이","pt-BR":"Zavodskoy","pt":"Zavodskoy","nl":"Zavodskoy","hr":"Zavodskoj","fa":"زاودسکوی","de":"Sawodskoye","es":"Zavodskoy","fr":"Zavodskoï","ja":"ザヴォツコイ","it":"Zavodskoy","zh-CN":"扎沃茨科伊","tr":"Zavodskoy","ru":"Заводской","uk":"Заводской","pl":"Zawodski","hi":"ज़ावोडस्कॉय","ar":"زافودسكوي"},"wikiDataId":"Q4203114"},{"id":65840,"name":"Zhaqsy","state_id":145,"state_code":"11","state_name":"Akmola","country_id":112,"country_code":"KZ","country_name":"Kazakhstan","latitude":"51.91058000","longitude":"67.31665000","native":"Жақсы","type":"adm2","level":null,"parent_id":null,"population":5001,"timezone":"Asia/Almaty","translations":{"br":"Zhaqsy","ko":"자크시","pt-BR":"Zhaqsy","pt":"Zhaqsy","nl":"Zhaqsy","hr":"Žaksi","fa":"ژاکسی","de":"Zhaqsy","es":"Zhaqsy","fr":"Zhaqsy","ja":"ザクシ","it":"Zhaqsy","zh-CN":"扎格西","tr":"Zhaqsy","ru":"Жаксы","uk":"Жакси","pl":"Żaksy","hi":"ज़हक्सी","ar":"زهاكسي"},"wikiDataId":"Q1046268"},{"id":65847,"name":"Zholymbet","state_id":145,"state_code":"11","state_name":"Akmola","country_id":112,"country_code":"KZ","country_name":"Kazakhstan","latitude":"51.74211000","longitude":"71.71245000","native":"Жолымбет","type":"city","level":null,"parent_id":null,"population":6876,"timezone":"Asia/Almaty","translations":{"br":"Zholymbet","ko":"졸림베트","pt-BR":"Zholymbet","pt":"Zholymbet","nl":"Zholymbet","hr":"Žolimbet","fa":"ژولیمبت","de":"Zholymbet","es":"Zholymbet","fr":"Jolymbet","ja":"ゾリムベット","it":"Zholymbet","zh-CN":"佐林贝特","tr":"Zholymbet","ru":"Жолымбет","uk":"Жолимбет","pl":"Zholymbet","hi":"ज़ोलिम्बेट","ar":"زهوليمبيت"},"wikiDataId":"Q740832"}]