[{"id":111095,"name":"Alamo","state_id":1458,"state_code":"NV","state_name":"Nevada","country_id":233,"country_code":"US","country_name":"United States","latitude":"37.36496000","longitude":"-115.16446000","native":"Alamo","type":"city","level":null,"parent_id":null,"population":1080,"timezone":"America/Los_Angeles","translations":{"br":"Alamo","ko":"알라모","pt-BR":"Álamo","pt":"Álamo","nl":"Alamo","hr":"Alamo","fa":"آلامو","de":"Alamo","es":"Álamo","fr":"Alamo","ja":"アラモ","it":"Alamo","zh-CN":"阿拉莫","tr":"Alamo","ru":"Аламо","uk":"Аламо","pl":"Alamo","hi":"Alamo","ar":"ألامو"},"wikiDataId":"Q2066890"},{"id":111908,"name":"Battle Mountain","state_id":1458,"state_code":"NV","state_name":"Nevada","country_id":233,"country_code":"US","country_name":"United States","latitude":"40.64213000","longitude":"-116.93427000","native":"Battle Mountain","type":"adm2","level":null,"parent_id":null,"population":3705,"timezone":"America/Los_Angeles","translations":{"br":"Menez an emgann","ko":"배틀 마운틴","pt-BR":"Montanha da Batalha","pt":"Montanha da Batalha","nl":"Strijdberg","hr":"Bitka na planini","fa":"کوه نبرد","de":"Schlachtberg","es":"Montaña de batalla","fr":"Montagne de la Bataille","ja":"バトルマウンテン","it":"Montagna della Battaglia","zh-CN":"巴特尔山","tr":"Savaş Dağı","ru":"Гора Битвы","uk":"Баттл-Маунтін","pl":"Battle Mountain","hi":"बैटल माउंटेन","ar":"جبل المعركة"},"wikiDataId":"Q745972"},{"id":111982,"name":"Beatty","state_id":1458,"state_code":"NV","state_name":"Nevada","country_id":233,"country_code":"US","country_name":"United States","latitude":"36.90856000","longitude":"-116.75923000","native":"Beatty","type":"city","level":null,"parent_id":null,"population":1010,"timezone":"America/Los_Angeles","translations":{"br":"Beatty","ko":"비티","pt-BR":"Beatty","pt":"Beatty","nl":"Beatty","hr":"Beatty","fa":"بیتی","de":"Beatty","es":"Beatty","fr":"Beatty","ja":"ビーティ","it":"Beatty","zh-CN":"比蒂","tr":"Beatty","ru":"Битти","uk":"Бітті","pl":"Beatty","hi":"बेट्टी","ar":"بيتي"},"wikiDataId":"Q813330"},{"id":112602,"name":"Boulder City","state_id":1458,"state_code":"NV","state_name":"Nevada","country_id":233,"country_code":"US","country_name":"United States","latitude":"35.97859000","longitude":"-114.83249000","native":"Boulder City","type":"city","level":null,"parent_id":null,"population":14885,"timezone":"America/Los_Angeles","translations":{"br":"Boulder City","ko":"볼더 시티","pt-BR":"Cidade de Boulder","pt":"Cidade de Boulder","nl":"Boulder City","hr":"Boulder City","fa":"بولدر سیتی","de":"Boulder City","es":"Ciudad de Boulder","fr":"Boulder City","ja":"ボルダーシティ","it":"Città di Boulder","zh-CN":"博尔德城","tr":"Boulder Şehri","ru":"Боулдер-Сити","uk":"Боулдер-Сіті","pl":"Boulder City","hi":"बोल्डर सिटी","ar":"مدينة بولدر"},"wikiDataId":"Q858801"},{"id":113043,"name":"Bunkerville","state_id":1458,"state_code":"NV","state_name":"Nevada","country_id":233,"country_code":"US","country_name":"United States","latitude":"36.77303000","longitude":"-114.12802000","native":"Bunkerville","type":"city","level":null,"parent_id":null,"population":1303,"timezone":"America/Los_Angeles","translations":{"br":"Bunkerville","ko":"벙커빌","pt-BR":"Bunkerville","pt":"Bunkerville","nl":"Bunkerville","hr":"Bunkerville","fa":"بانکرویل","de":"Bunkerville","es":"Bunkerville","fr":"Bunkerville","ja":"バンカービル","it":"Bunkerville","zh-CN":"邦克维尔","tr":"Bunkerville","ru":"Банкервилль","uk":"Банкервілль","pl":"Bunkerville","hi":"बंकरविले","ar":"بنكرفيل"},"wikiDataId":"Q2482963"},{"id":113213,"name":"Caliente","state_id":1458,"state_code":"NV","state_name":"Nevada","country_id":233,"country_code":"US","country_name":"United States","latitude":"37.61496000","longitude":"-114.51194000","native":"Caliente","type":"city","level":null,"parent_id":null,"population":990,"timezone":"America/Los_Angeles","translations":{"br":"Caliente","ko":"칼리엔테","pt-BR":"Quente","pt":"Quente","nl":"Warm","hr":"Caliente","fa":"کالینته","de":"Caliente","es":"Caliente","fr":"Chaud","ja":"カリエンテ","it":"Caliente","zh-CN":"卡连特","tr":"Sıcak","ru":"Калиенте","uk":"Калієнте","pl":"Caliente","hi":"कैलिएंटे","ar":"كالينتي"},"wikiDataId":"Q749099"},{"id":113399,"name":"Carlin","state_id":1458,"state_code":"NV","state_name":"Nevada","country_id":233,"country_code":"US","country_name":"United States","latitude":"40.71381000","longitude":"-116.10397000","native":"Carlin","type":"city","level":null,"parent_id":null,"population":2050,"timezone":"America/Los_Angeles","translations":{"br":"Carlin","ko":"칼린","pt-BR":"Carlin","pt":"Carlin","nl":"Carlin","hr":"Carlin","fa":"کارلین","de":"Carlin","es":"Carlín","fr":"Carlin","ja":"カーリン","it":"Carlino","zh-CN":"卡林","tr":"Carlin","ru":"Карлин","uk":"Карлін","pl":"Carlin","hi":"कार्लिन","ar":"كارلين"},"wikiDataId":"Q1948672"},{"id":113478,"name":"Carson City","state_id":1458,"state_code":"NV","state_name":"Nevada","country_id":233,"country_code":"US","country_name":"United States","latitude":"39.16380000","longitude":"-119.76740000","native":"Carson City","type":"adm1","level":null,"parent_id":null,"population":58639,"timezone":"America/Los_Angeles","translations":{"br":"Kêr Carson","ko":"카슨 시티","pt-BR":"Cidade de Carson","pt":"Cidade de Carson","nl":"Carson City","hr":"Carson City","fa":"کارسون سیتی","de":"Carson Stadt","es":"Ciudad Carson","fr":"Carson City","ja":"カーソンシティ","it":"Città di Carson","zh-CN":"卡森城","tr":"Carson Şehri","ru":"Карсон-Сити","uk":"Карсон-Сіті","pl":"Carson City","hi":"कार्सन सिटी","ar":"كارسون سيتي"},"wikiDataId":"Q40881"},{"id":114012,"name":"Churchill","state_id":1458,"state_code":"NV","state_name":"Nevada","country_id":233,"country_code":"US","country_name":"United States","latitude":"39.58088000","longitude":"-118.33578000","native":"Churchill County","type":"county","level":null,"parent_id":null,"population":25516,"timezone":"America/Los_Angeles","translations":{"br":"Kontelezh Churchill","ko":"처칠 카운티","pt-BR":"Condado de Churchill","pt":"Condado de Churchill","nl":"Churchill County","hr":"Okrug Churchill","fa":"شهرستان چرچیل","de":"Churchill County","es":"Condado de Churchill","fr":"Comté de Churchill","ja":"チャーチル郡","it":"Contea di Churchill","zh-CN":"丘吉尔县","tr":"Churchill İlçesi","ru":"округ Черчилль","uk":"Округ Черчилль","pl":"Hrabstwo Churchill","hi":"चर्चिल काउंटी","ar":"مقاطعة تشرشل"},"wikiDataId":"Q111220"},{"id":114129,"name":"Clark County","state_id":1458,"state_code":"NV","state_name":"Nevada","country_id":233,"country_code":"US","country_name":"United States","latitude":"36.21520000","longitude":"-115.01356000","native":"Clark County","type":"county","level":null,"parent_id":null,"population":503311,"timezone":"America/Los_Angeles","translations":{"br":"Kontelezh Clark","ko":"클라크 카운티","pt-BR":"Condado de Clark","pt":"Condado de Clark","nl":"Clark County","hr":"Okrug Clark","fa":"شهرستان کلارک","de":"Clark County","es":"Condado de Clark","fr":"Comté de Clark","ja":"クラーク郡","it":"Contea di Clark","zh-CN":"克拉克县","tr":"Clark İlçesi","ru":"округ Кларк","uk":"Округ Кларк","pl":"Hrabstwo Clark","hi":"क्लार्क काउंटी","ar":"مقاطعة كلارك"},"wikiDataId":"Q108403"},{"id":114389,"name":"Cold Springs","state_id":1458,"state_code":"NV","state_name":"Nevada","country_id":233,"country_code":"US","country_name":"United States","latitude":"39.68019000","longitude":"-119.97659000","native":"Cold Springs","type":"city","level":null,"parent_id":null,"population":8544,"timezone":"America/Los_Angeles","translations":{"br":"Feunteunioù yen","ko":"콜드 스프링스","pt-BR":"Fontes Frias","pt":"Fontes Frias","nl":"Koude bronnen","hr":"Hladni izvori","fa":"چشمه‌های سرد","de":"Kalte Quellen","es":"Manantiales fríos","fr":"Sources froides","ja":"コールドスプリングス","it":"Sorgenti fredde","zh-CN":"冷泉","tr":"Soğuk Kaynaklar","ru":"Колд-Спрингс","uk":"Колд-Спрінгс","pl":"Zimne Źródła","hi":"कोल्ड स्प्रिंग्स","ar":"كولد سبرينغز"},"wikiDataId":"Q2283865"},{"id":115098,"name":"Dayton","state_id":1458,"state_code":"NV","state_name":"Nevada","country_id":233,"country_code":"US","country_name":"United States","latitude":"39.23714000","longitude":"-119.59295000","native":"Dayton","type":"city","level":null,"parent_id":null,"population":8964,"timezone":"America/Los_Angeles","translations":{"br":"Dayton","ko":"데이튼","pt-BR":"Dayton","pt":"Dayton","nl":"Dayton","hr":"Dayton","fa":"دیتون","de":"Dayton","es":"Dayton","fr":"Dayton","ja":"デイトン","it":"Dayton","zh-CN":"代顿","tr":"Dayton","ru":"Дейтон","uk":"Дейтон","pl":"Dayton","hi":"डेटन","ar":"دايتون"},"wikiDataId":"Q1020984"},{"id":115434,"name":"Douglas County","state_id":1458,"state_code":"NV","state_name":"Nevada","country_id":233,"country_code":"US","country_name":"United States","latitude":"38.91224000","longitude":"-119.61637000","native":"Douglas County","type":"county","level":null,"parent_id":null,"population":42938,"timezone":"America/Los_Angeles","translations":{"br":"Kontelezh Douglas","ko":"더글러스 카운티","pt-BR":"Condado de Douglas","pt":"Condado de Douglas","nl":"Douglas County","hr":"Okrug Douglas","fa":"شهرستان داگلاس","de":"Douglas County","es":"Condado de Douglas","fr":"Comté de Douglas","ja":"ダグラス郡","it":"Contea di Douglas","zh-CN":"道格拉斯县","tr":"Douglas İlçesi","ru":"округ Дуглас","uk":"Округ Дуглас","pl":"Hrabstwo Douglas","hi":"डगलस काउंटी","ar":"مقاطعة دوغلاس"},"wikiDataId":"Q484398"},{"id":115768,"name":"East Valley","state_id":1458,"state_code":"NV","state_name":"Nevada","country_id":233,"country_code":"US","country_name":"United States","latitude":"38.94340000","longitude":"-119.69923000","native":"East Valley","type":"city","level":null,"parent_id":null,"population":1474,"timezone":"America/Los_Angeles","translations":{"br":"Traoñienn ar Reter","ko":"이스트 밸리","pt-BR":"Vale do Leste","pt":"Vale do Leste","nl":"Oostvallei","hr":"Istočna dolina","fa":"دره شرقی","de":"Osttal","es":"Valle Este","fr":"Vallée de l'Est","ja":"イーストバレー","it":"Valle orientale","zh-CN":"东谷","tr":"Doğu Vadisi","ru":"Ист-Вэлли","uk":"Іст-Веллі","pl":"Dolina Wschodnia","hi":"पूर्वी घाटी","ar":"الوادي الشرقي"},"wikiDataId":"Q5329588"},{"id":116008,"name":"Elko","state_id":1458,"state_code":"NV","state_name":"Nevada","country_id":233,"country_code":"US","country_name":"United States","latitude":"40.83242000","longitude":"-115.76312000","native":"Elko","type":"adm2","level":null,"parent_id":null,"population":20279,"timezone":"America/Los_Angeles","translations":{"br":"Elko","ko":"엘코","pt-BR":"Elko","pt":"Elko","nl":"Elko","hr":"Elko","fa":"الکو","de":"Elko","es":"Elko","fr":"Elko","ja":"エルコ","it":"Elko","zh-CN":"埃尔科","tr":"Elko","ru":"Элко","uk":"Елко","pl":"Elko","hi":"एल्को","ar":"إلكو"},"wikiDataId":"Q945084"},{"id":116009,"name":"Elko County","state_id":1458,"state_code":"NV","state_name":"Nevada","country_id":233,"country_code":"US","country_name":"United States","latitude":"41.14583000","longitude":"-115.35776000","native":"Elko County","type":"county","level":null,"parent_id":null,"population":53702,"timezone":"America/Los_Angeles","translations":{"br":"Kontelezh Elko","ko":"엘코 카운티","pt-BR":"Condado de Elko","pt":"Condado de Elko","nl":"Elko County","hr":"Okrug Elko","fa":"شهرستان الکو","de":"Landkreis Elko","es":"Condado de Elko","fr":"Comté d'Elko","ja":"エルコ郡","it":"Contea di Elko","zh-CN":"埃尔科县","tr":"Elko İlçesi","ru":"округ Элко","uk":"Округ Елко","pl":"Hrabstwo Elko","hi":"एल्को काउंटी","ar":"مقاطعة إلكو"},"wikiDataId":"Q484401"},{"id":116086,"name":"Ely","state_id":1458,"state_code":"NV","state_name":"Nevada","country_id":233,"country_code":"US","country_name":"United States","latitude":"39.24744000","longitude":"-114.88863000","native":"Ely","type":"adm2","level":null,"parent_id":null,"population":3924,"timezone":"America/Los_Angeles","translations":{"br":"Ely","ko":"엘리","pt-BR":"Ely","pt":"Ely","nl":"Ely","hr":"Ely","fa":"الی","de":"Ely","es":"Ely","fr":"Ély","ja":"イーリー","it":"Ely","zh-CN":"伊利","tr":"Ely","ru":"Эли","uk":"Елі","pl":"Ely","hi":"एली","ar":"إيلي"},"wikiDataId":"Q844042"},{"id":116149,"name":"Enterprise","state_id":1458,"state_code":"NV","state_name":"Nevada","country_id":233,"country_code":"US","country_name":"United States","latitude":"36.02525000","longitude":"-115.24194000","native":"Enterprise","type":"city","level":null,"parent_id":null,"population":108481,"timezone":"America/Los_Angeles","translations":{"br":"Embregerezh","ko":"기업","pt-BR":"Empresa","pt":"Empresa","nl":"Onderneming","hr":"Poduzeće","fa":"تصدی","de":"Unternehmen","es":"Empresa","fr":"Entreprise","ja":"企業","it":"Impresa","zh-CN":"企业","tr":"Girişim","ru":"Предприятие","uk":"Підприємство","pl":"Przedsiębiorstwo","hi":"उद्यम","ar":"مَشرُوع"},"wikiDataId":"Q1344696"},{"id":116186,"name":"Esmeralda","state_id":1458,"state_code":"NV","state_name":"Nevada","country_id":233,"country_code":"US","country_name":"United States","latitude":"37.78470000","longitude":"-117.63237000","native":"Esmeralda County","type":"county","level":null,"parent_id":null,"population":729,"timezone":"America/Los_Angeles","translations":{"br":"Kontelezh Esmeralda","ko":"에스메랄다 카운티","pt-BR":"Condado de Esmeralda","pt":"Condado de Esmeralda","nl":"Esmeralda County","hr":"Okrug Esmeralda","fa":"شهرستان اسمرالدا","de":"Landkreis Esmeralda","es":"Condado de Esmeralda","fr":"Comté d'Esmeralda","ja":"エスメラルダ郡","it":"Contea di Esmeralda","zh-CN":"埃斯梅拉达县","tr":"Esmeralda İlçesi","ru":"Округ Эсмеральда","uk":"Округ Есмеральда","pl":"Hrabstwo Esmeralda","hi":"एस्मेराल्डा काउंटी","ar":"مقاطعة إزميرالدا"},"wikiDataId":"Q484349"},{"id":116237,"name":"Eureka","state_id":1458,"state_code":"NV","state_name":"Nevada","country_id":233,"country_code":"US","country_name":"United States","latitude":"39.51271000","longitude":"-115.96061000","native":"Eureka","type":"adm2","level":null,"parent_id":null,"population":662,"timezone":"America/Los_Angeles","translations":{"br":"Eureka","ko":"유레카","pt-BR":"Eureca","pt":"Eureca","nl":"Eureka","hr":"Eureka","fa":"یوریکا","de":"Eureka","es":"Eureka","fr":"Eurêka","ja":"ユーレカ","it":"Eureka","zh-CN":"尤里卡","tr":"Evreka","ru":"Эврика","uk":"Еврика","pl":"Eureka","hi":"यूरेका","ar":"يوريكا"},"wikiDataId":"Q548856"},{"id":116238,"name":"Eureka County","state_id":1458,"state_code":"NV","state_name":"Nevada","country_id":233,"country_code":"US","country_name":"United States","latitude":"39.98389000","longitude":"-116.26856000","native":"Eureka County","type":"county","level":null,"parent_id":null,"population":1855,"timezone":"America/Los_Angeles","translations":{"br":"Kontelezh Eureka","ko":"유레카 카운티","pt-BR":"Condado de Eureka","pt":"Condado de Eureka","nl":"Eureka County","hr":"Okrug Eureka","fa":"شهرستان یوریکا","de":"Eureka County","es":"Condado de Eureka","fr":"Comté d'Eureka","ja":"ユーレカ郡","it":"Contea di Eureka","zh-CN":"尤里卡县","tr":"Eureka İlçesi","ru":"Округ Эврика","uk":"Округ Юрика","pl":"Hrabstwo Eureka","hi":"यूरेका काउंटी","ar":"مقاطعة يوريكا"},"wikiDataId":"Q484381"},{"id":116378,"name":"Fallon","state_id":1458,"state_code":"NV","state_name":"Nevada","country_id":233,"country_code":"US","country_name":"United States","latitude":"39.47353000","longitude":"-118.77737000","native":"Fallon","type":"adm2","level":null,"parent_id":null,"population":9327,"timezone":"America/Los_Angeles","translations":{"br":"Fallon","ko":"팔론","pt-BR":"Cair sobre","pt":"Cair sobre","nl":"Fallon","hr":"Fallon","fa":"فالون","de":"Fallon","es":"Fallon","fr":"Fallon","ja":"ファロン","it":"Fallon","zh-CN":"法伦","tr":"Fallon","ru":"Фэллон","uk":"Феллон","pl":"Fallon","hi":"फॉलन","ar":"فالون"},"wikiDataId":"Q985524"},{"id":116491,"name":"Fernley","state_id":1458,"state_code":"NV","state_name":"Nevada","country_id":233,"country_code":"US","country_name":"United States","latitude":"39.60797000","longitude":"-119.25183000","native":"Fernley","type":"city","level":null,"parent_id":null,"population":22895,"timezone":"America/Los_Angeles","translations":{"br":"Fernley","ko":"펀리","pt-BR":"Fernley","pt":"Fernley","nl":"Fernley","hr":"Fernley","fa":"فرنلی","de":"Fernley","es":"Fernley","fr":"Fernley","ja":"ファーンリー","it":"Fernley","zh-CN":"弗恩利","tr":"Fernley","ru":"Фернли","uk":"Фернлі","pl":"Fernley","hi":"फर्नले","ar":"فيرنلي"},"wikiDataId":"Q1948662"},{"id":117078,"name":"Gardnerville","state_id":1458,"state_code":"NV","state_name":"Nevada","country_id":233,"country_code":"US","country_name":"United States","latitude":"38.94130000","longitude":"-119.74962000","native":"Gardnerville","type":"city","level":null,"parent_id":null,"population":5656,"timezone":"America/Los_Angeles","translations":{"br":"Gardnerville","ko":"가드너빌","pt-BR":"Gardnerville","pt":"Gardnerville","nl":"Gardnerville","hr":"Gardnerville","fa":"گاردنرویل","de":"Gardnerville","es":"Gardnerville","fr":"Gardnerville","ja":"ガードナービル","it":"Gardnerville","zh-CN":"加德纳维尔","tr":"Gardnerville","ru":"Гарднервилль","uk":"Гарднервілл","pl":"Gardnerville","hi":"गार्डनरविले","ar":"غاردنرفيل"},"wikiDataId":"Q2466325"},{"id":117079,"name":"Gardnerville Ranchos","state_id":1458,"state_code":"NV","state_name":"Nevada","country_id":233,"country_code":"US","country_name":"United States","latitude":"38.88824000","longitude":"-119.74129000","native":"Gardnerville Ranchos","type":"city","level":null,"parent_id":null,"population":11312,"timezone":"America/Los_Angeles","translations":{"br":"Gardnerville Ranchos","ko":"가드너빌 랜초스","pt-BR":"Ranchos Gardnerville","pt":"Ranchos Gardnerville","nl":"Gardnerville Ranchos","hr":"Rančevi Gardnerville","fa":"گاردنرویل رانچوس","de":"Gardnerville Ranchos","es":"Ranchos de Gardnerville","fr":"Ranchos de Gardnerville","ja":"ガードナービルランチョス","it":"Gardnerville Ranchos","zh-CN":"加德纳维尔牧场","tr":"Gardnerville Çiftlikleri","ru":"Гарднервилль Ранчо","uk":"Ранчо Гарднервілл","pl":"Gardnerville Ranchos","hi":"गार्डनरविले रैंचोस","ar":"مزارع غاردنرفيل"},"wikiDataId":"Q1019324"},{"id":117357,"name":"Golden Valley","state_id":1458,"state_code":"NV","state_name":"Nevada","country_id":233,"country_code":"US","country_name":"United States","latitude":"39.61547000","longitude":"-119.82658000","native":"Golden Valley","type":"city","level":null,"parent_id":null,"population":1556,"timezone":"America/Los_Angeles","translations":{"br":"Traoñienn Aour","ko":"골든 밸리","pt-BR":"Vale Dourado","pt":"Vale Dourado","nl":"Gouden Vallei","hr":"Zlatna dolina","fa":"دره طلایی","de":"Goldenes Tal","es":"Valle Dorado","fr":"Vallée d'Or","ja":"ゴールデンバレー","it":"Valle d'Oro","zh-CN":"金谷","tr":"Altın Vadi","ru":"Золотая долина","uk":"Золота долина","pl":"Złota Dolina","hi":"गोल्डन वैली","ar":"الوادي الذهبي"},"wikiDataId":"Q5579930"},{"id":117363,"name":"Goldfield","state_id":1458,"state_code":"NV","state_name":"Nevada","country_id":233,"country_code":"US","country_name":"United States","latitude":"37.70854000","longitude":"-117.23563000","native":"Goldfield","type":"adm2","level":null,"parent_id":null,"population":268,"timezone":"America/Los_Angeles","translations":{"br":"Goldfield","ko":"골드필드","pt-BR":"Campo de ouro","pt":"Campo de ouro","nl":"Goudveld","hr":"Nalazište zlata","fa":"گلدفیلد","de":"Goldfield","es":"Yacimiento aurífero","fr":"Goldfield","ja":"ゴールドフィールド","it":"Goldfield","zh-CN":"戈德菲尔德","tr":"Altın sahası","ru":"Голдфилд","uk":"Голдфілд","pl":"Goldfield","hi":"सोने की खान","ar":"جولدفيلد"},"wikiDataId":"Q930361"},{"id":118176,"name":"Hawthorne","state_id":1458,"state_code":"NV","state_name":"Nevada","country_id":233,"country_code":"US","country_name":"United States","latitude":"38.52464000","longitude":"-118.62458000","native":"Hawthorne","type":"adm2","level":null,"parent_id":null,"population":3269,"timezone":"America/Los_Angeles","translations":{"br":"Hawthorne","ko":"호손","pt-BR":"Hawthorne","pt":"Hawthorne","nl":"Meidoorn","hr":"Hawthorne","fa":"هاثورن","de":"Hawthorne","es":"Hawthorne","fr":"Hawthorne","ja":"ホーソーン","it":"Biancospino","zh-CN":"霍桑","tr":"Hawthorne","ru":"Хоторн","uk":"Готорн","pl":"Głóg","hi":"Hawthorne","ar":"هوثورن"},"wikiDataId":"Q1776138"},{"id":118278,"name":"Henderson","state_id":1458,"state_code":"NV","state_name":"Nevada","country_id":233,"country_code":"US","country_name":"United States","latitude":"36.03970000","longitude":"-114.98194000","native":"Henderson","type":"city","level":null,"parent_id":null,"population":285667,"timezone":"America/Los_Angeles","translations":{"br":"Henderson","ko":"헨더슨","pt-BR":"Henderson","pt":"Henderson","nl":"Henderson","hr":"Henderson","fa":"هندرسون","de":"Henderson","es":"Henderson","fr":"Henderson","ja":"ヘンダーソン","it":"Henderson","zh-CN":"亨德森","tr":"Henderson","ru":"Хендерсон","uk":"Хендерсон","pl":"Henderson","hi":"HENDERSON","ar":"هندرسون"},"wikiDataId":"Q49267"},{"id":118780,"name":"Humboldt County","state_id":1458,"state_code":"NV","state_name":"Nevada","country_id":233,"country_code":"US","country_name":"United States","latitude":"41.40684000","longitude":"-118.11197000","native":"Humboldt County","type":"county","level":null,"parent_id":null,"population":17285,"timezone":"America/Los_Angeles","translations":{"br":"Kontelezh Humboldt","ko":"훔볼트 카운티","pt-BR":"Condado de Humboldt","pt":"Condado de Humboldt","nl":"Humboldt County","hr":"Okrug Humboldt","fa":"شهرستان هامبولت","de":"Humboldt County","es":"Condado de Humboldt","fr":"Comté de Humboldt","ja":"ハンボルト郡","it":"Contea di Humboldt","zh-CN":"洪堡县","tr":"Humboldt İlçesi","ru":"Округ Гумбольдт","uk":"Округ Гумбольдт","pl":"Hrabstwo Humboldt","hi":"हम्बोल्ट काउंटी","ar":"مقاطعة هومبولت"},"wikiDataId":"Q495376"},{"id":118888,"name":"Incline Village","state_id":1458,"state_code":"NV","state_name":"Nevada","country_id":233,"country_code":"US","country_name":"United States","latitude":"39.25130000","longitude":"-119.97297000","native":"Incline Village","type":"city","level":null,"parent_id":null,"population":8777,"timezone":"America/Los_Angeles","translations":{"br":"Kêriadenn Incline","ko":"인클라인 빌리지","pt-BR":"Vila Incline","pt":"Vila Incline","nl":"Incline Village","hr":"Incline Village","fa":"روستای اینشلین","de":"Incline Village","es":"Pueblo inclinado","fr":"Village incliné","ja":"インクラインビレッジ","it":"Incline Village","zh-CN":"因克莱恩村","tr":"Eğimli Köy","ru":"Инклайн Виллидж","uk":"Інклайн-Вілледж","pl":"Incline Village","hi":"इनक्लाइन विलेज","ar":"قرية إنكلاين"},"wikiDataId":"Q20484109"},{"id":118909,"name":"Indian Hills","state_id":1458,"state_code":"NV","state_name":"Nevada","country_id":233,"country_code":"US","country_name":"United States","latitude":"39.08602000","longitude":"-119.78407000","native":"Indian Hills","type":"city","level":null,"parent_id":null,"population":5627,"timezone":"America/Los_Angeles","translations":{"br":"Menezioù India","ko":"인디언 힐스","pt-BR":"Colinas indianas","pt":"Colinas indianas","nl":"Indiase heuvels","hr":"Indijska brda","fa":"تپه‌های ایندیان","de":"Indische Hügel","es":"Colinas indias","fr":"Collines indiennes","ja":"インディアンヒルズ","it":"Colline indiane","zh-CN":"印第安山","tr":"Hint Tepeleri","ru":"Индиан-Хиллз","uk":"Індіан-Гіллз","pl":"Wzgórza Indyjskie","hi":"इंडियन हिल्स","ar":"التلال الهندية"},"wikiDataId":"Q1661246"},{"id":119057,"name":"Jackpot","state_id":1458,"state_code":"NV","state_name":"Nevada","country_id":233,"country_code":"US","country_name":"United States","latitude":"41.98324000","longitude":"-114.67476000","native":"Jackpot","type":"city","level":null,"parent_id":null,"population":1195,"timezone":"America/Los_Angeles","translations":{"br":"Jackpot","ko":"공동 자금","pt-BR":"Jackpot","pt":"Jackpot","nl":"Jackpot","hr":"Jackpot","fa":"جک‌پات","de":"Jackpot","es":"Bote","fr":"Cagnotte","ja":"ジャックポット","it":"Jackpot","zh-CN":"大奖","tr":"Büyük ikramiye","ru":"Джекпот","uk":"Джекпот","pl":"Pula","hi":"जैकपोट","ar":"الفوز بالجائزة الكبرى"},"wikiDataId":"Q2917481"},{"id":119273,"name":"Johnson Lane","state_id":1458,"state_code":"NV","state_name":"Nevada","country_id":233,"country_code":"US","country_name":"United States","latitude":"39.04796000","longitude":"-119.72212000","native":"Johnson Lane","type":"city","level":null,"parent_id":null,"population":6490,"timezone":"America/Los_Angeles","translations":{"br":"Johnson Lane","ko":"존슨 레인","pt-BR":"Johnson Lane","pt":"Johnson Lane","nl":"Johnson Lane","hr":"Johnson Lane","fa":"جانسون لین","de":"Johnson Lane","es":"Johnson Lane","fr":"Johnson Lane","ja":"ジョンソンレーン","it":"Johnson Lane","zh-CN":"约翰逊巷","tr":"Johnson Lane","ru":"Джонсон Лейн","uk":"Джонсон Лейн","pl":"Johnson Lane","hi":"जॉनसन लेन","ar":"جونسون لين"},"wikiDataId":"Q771047"},{"id":119610,"name":"Kingsbury","state_id":1458,"state_code":"NV","state_name":"Nevada","country_id":233,"country_code":"US","country_name":"United States","latitude":"38.97713000","longitude":"-119.90685000","native":"Kingsbury","type":"city","level":null,"parent_id":null,"population":2152,"timezone":"America/Los_Angeles","translations":{"br":"Kingsbury","ko":"킹스버리","pt-BR":"Kingsbury","pt":"Kingsbury","nl":"Kingsbury","hr":"Kingsbury","fa":"کینگزبری","de":"Kingsbury","es":"Kingsbury","fr":"Kingsbury","ja":"キングズベリー","it":"Kingsbury","zh-CN":"金斯伯里","tr":"Kingsbury","ru":"Кингсбери","uk":"Кінгсбері","pl":"Kingsbury","hi":"किंग्सबरी","ar":"كينغسبري"},"wikiDataId":"Q2392180"},{"id":120097,"name":"Lander","state_id":1458,"state_code":"NV","state_name":"Nevada","country_id":233,"country_code":"US","country_name":"United States","latitude":"39.93381000","longitude":"-117.03791000","native":"Lander County","type":"county","level":null,"parent_id":null,"population":5734,"timezone":"America/Los_Angeles","translations":{"br":"Kontelezh Lander","ko":"랜더 카운티","pt-BR":"Condado de Lander","pt":"Condado de Lander","nl":"Lander County","hr":"Okrug Lander","fa":"شهرستان لندر","de":"Lander County","es":"Condado de Lander","fr":"Comté de Lander","ja":"ランダー郡","it":"Contea di Lander","zh-CN":"兰德县","tr":"Lander İlçesi","ru":"Округ Ландер","uk":"Округ Ландер","pl":"Hrabstwo Lander","hi":"लैंडर काउंटी","ar":"مقاطعة لاندر"},"wikiDataId":"Q495349"},{"id":120163,"name":"Las Vegas","state_id":1458,"state_code":"NV","state_name":"Nevada","country_id":233,"country_code":"US","country_name":"United States","latitude":"36.17497000","longitude":"-115.13722000","native":"Las Vegas","type":"adm2","level":null,"parent_id":null,"population":641903,"timezone":"America/Los_Angeles","translations":{"br":"Las Vegas","ko":"라스베가스","pt-BR":"Las Vegas","pt":"Las Vegas","nl":"Las Vegas","hr":"Las Vegas","fa":"لاس وگاس","de":"Las Vegas","es":"Las Vegas","fr":"Las Vegas","ja":"ラスベガス","it":"Las Vegas","zh-CN":"拉斯维加斯","tr":"Las Vegas","ru":"Лас-Вегас","uk":"Лас-Вегас","pl":"Las Vegas","hi":"लास वेगास","ar":"لاس فيغاس"},"wikiDataId":"Q23768"},{"id":120185,"name":"Laughlin","state_id":1458,"state_code":"NV","state_name":"Nevada","country_id":233,"country_code":"US","country_name":"United States","latitude":"35.16778000","longitude":"-114.57302000","native":"Laughlin","type":"city","level":null,"parent_id":null,"population":7323,"timezone":"America/Los_Angeles","translations":{"br":"Laughlin","ko":"라플린","pt-BR":"Rir","pt":"Rir","nl":"Lachen","hr":"Laughlin","fa":"لافلین","de":"Laughlin","es":"Laughlin","fr":"Laughlin","ja":"ラフリン","it":"Laughlin","zh-CN":"劳克林","tr":"Laughlin","ru":"Лафлин","uk":"Лафлін","pl":"Śmiech","hi":"लाफलिन","ar":"لافلين"},"wikiDataId":"Q594154"},{"id":120358,"name":"Lemmon Valley","state_id":1458,"state_code":"NV","state_name":"Nevada","country_id":233,"country_code":"US","country_name":"United States","latitude":"39.63602000","longitude":"-119.84325000","native":"Lemmon Valley","type":"city","level":null,"parent_id":null,"population":5040,"timezone":"America/Los_Angeles","translations":{"br":"Traoñienn al Limon","ko":"레몬 밸리","pt-BR":"Vale do Limão","pt":"Vale do Limão","nl":"Lemmon Vallei","hr":"Dolina Lemmon","fa":"دره لیمون","de":"Lemmon Valley","es":"Valle del limón","fr":"Vallée de Lemmon","ja":"レモンバレー","it":"Valle del Limone","zh-CN":"莱蒙谷","tr":"Lemmon Vadisi","ru":"Леммон-Вэлли","uk":"Леммон-Веллі","pl":"Dolina Cytrynowa","hi":"लेमन घाटी","ar":"وادي الليمون"},"wikiDataId":"Q6521224"},{"id":120532,"name":"Lincoln County","state_id":1458,"state_code":"NV","state_name":"Nevada","country_id":233,"country_code":"US","country_name":"United States","latitude":"37.64335000","longitude":"-114.87755000","native":"Lincoln County","type":"county","level":null,"parent_id":null,"population":86810,"timezone":"America/Los_Angeles","translations":{"br":"Kontelezh Lincoln","ko":"링컨 카운티","pt-BR":"Condado de Lincoln","pt":"Condado de Lincoln","nl":"Lincoln County","hr":"Okrug Lincoln","fa":"شهرستان لینکلن","de":"Lincoln County","es":"Condado de Lincoln","fr":"Comté de Lincoln","ja":"リンカーン郡","it":"Contea di Lincoln","zh-CN":"林肯县","tr":"Lincoln İlçesi","ru":"округ Линкольн","uk":"Округ Лінкольн","pl":"Hrabstwo Lincoln","hi":"लिंकन काउंटी","ar":"مقاطعة لينكولن"},"wikiDataId":"Q484335"},{"id":120825,"name":"Lovelock","state_id":1458,"state_code":"NV","state_name":"Nevada","country_id":233,"country_code":"US","country_name":"United States","latitude":"40.17935000","longitude":"-118.47348000","native":"Lovelock","type":"adm2","level":null,"parent_id":null,"population":1805,"timezone":"America/Los_Angeles","translations":{"br":"Lovelock","ko":"애교 머리","pt-BR":"Lovelock","pt":"Lovelock","nl":"Liefdesslot","hr":"Šiška","fa":"لاولاک","de":"Liebesschloss","es":"Lovelock","fr":"Lovelock","ja":"ラブロック","it":"Blocco d'amore","zh-CN":"洛夫洛克","tr":"Lovelock","ru":"Лавлок","uk":"Лавлок","pl":"Zalotny loczek","hi":"घूंघर","ar":"لوفلوك"},"wikiDataId":"Q652027"},{"id":120939,"name":"Lyon","state_id":1458,"state_code":"NV","state_name":"Nevada","country_id":233,"country_code":"US","country_name":"United States","latitude":"39.02040000","longitude":"-119.18920000","native":"Lyon County","type":"county","level":null,"parent_id":null,"population":59235,"timezone":"America/Los_Angeles","translations":{"br":"Kontelezh Lyon","ko":"리옹 카운티","pt-BR":"Condado de Lyon","pt":"Condado de Lyon","nl":"Lyon County","hr":"Okrug Lyon","fa":"شهرستان لیون","de":"Grafschaft Lyon","es":"Condado de Lyon","fr":"Comté de Lyon","ja":"ライオン郡","it":"Contea di Lione","zh-CN":"里昂县","tr":"Lyon İlçesi","ru":"округ Лайон","uk":"Округ Ліон","pl":"Hrabstwo Lyon","hi":"ल्यों काउंटी","ar":"مقاطعة ليون"},"wikiDataId":"Q835104"},{"id":121502,"name":"McGill","state_id":1458,"state_code":"NV","state_name":"Nevada","country_id":233,"country_code":"US","country_name":"United States","latitude":"39.40494000","longitude":"-114.77863000","native":"McGill","type":"city","level":null,"parent_id":null,"population":1148,"timezone":"America/Los_Angeles","translations":{"br":"McGill","ko":"맥길","pt-BR":"McGill","pt":"McGill","nl":"McGill","hr":"McGill","fa":"مک‌گیل","de":"McGill","es":"McGill","fr":"McGill","ja":"マギル","it":"McGill","zh-CN":"麦吉尔","tr":"McGill","ru":"Макгилл","uk":"Макгілл","pl":"McGill","hi":"मैकगिल","ar":"ماكجيل"},"wikiDataId":"Q1014017"},{"id":121727,"name":"Mesquite","state_id":1458,"state_code":"NV","state_name":"Nevada","country_id":233,"country_code":"US","country_name":"United States","latitude":"36.80553000","longitude":"-114.06719000","native":"Mesquite","type":"city","level":null,"parent_id":null,"population":20471,"timezone":"America/Los_Angeles","translations":{"br":"Meskite","ko":"메스키트","pt-BR":"Algaroba","pt":"Algaroba","nl":"Mesquite","hr":"Mesquite","fa":"مسکیت","de":"Mesquite","es":"Mezquite","fr":"Mesquite","ja":"メスキート","it":"Mesquite","zh-CN":"牧豆树","tr":"Mesquite","ru":"Мескит","uk":"Мескіт","pl":"Mesquite","hi":"मेस्काइट","ar":"مسكيت"},"wikiDataId":"Q991218"},{"id":121930,"name":"Minden","state_id":1458,"state_code":"NV","state_name":"Nevada","country_id":233,"country_code":"US","country_name":"United States","latitude":"38.95407000","longitude":"-119.76573000","native":"All","type":"adm2","level":null,"parent_id":null,"population":3118,"timezone":"America/Los_Angeles","translations":{"br":"Minden","ko":"민덴","pt-BR":"Minden","pt":"Minden","nl":"Minden","hr":"Minden","fa":"میندن","de":"Minden","es":"Minden","fr":"Minden","ja":"ミンデン","it":"Minden","zh-CN":"明登","tr":"Minden","ru":"Минден","uk":"Мінден","pl":"Minden","hi":"मिंडेन","ar":"مايندن"},"wikiDataId":"Q680911"},{"id":121936,"name":"Mineral","state_id":1458,"state_code":"NV","state_name":"Nevada","country_id":233,"country_code":"US","country_name":"United States","latitude":"38.53881000","longitude":"-118.43521000","native":"Mineral County","type":"county","level":null,"parent_id":null,"population":4535,"timezone":"America/Los_Angeles","translations":{"br":"Kontelezh Mineral","ko":"미네랄 카운티","pt-BR":"Condado de Mineral","pt":"Condado de Mineral","nl":"Minerale Provincie","hr":"Okrug Mineral","fa":"شهرستان معدنی","de":"Mineral County","es":"Condado de Mineral","fr":"Comté de Mineral","ja":"ミネラル郡","it":"Contea di Mineral","zh-CN":"矿产县","tr":"Mineral İlçesi","ru":"Минерал Каунти","uk":"Округ Мінерал","pl":"Hrabstwo Mineral","hi":"मिनरल काउंटी","ar":"مقاطعة مينيرال"},"wikiDataId":"Q203022"},{"id":122007,"name":"Moapa Town","state_id":1458,"state_code":"NV","state_name":"Nevada","country_id":233,"country_code":"US","country_name":"United States","latitude":"36.68219000","longitude":"-114.59416000","native":"Moabo Town","type":"city","level":null,"parent_id":null,"population":1025,"timezone":"America/Los_Angeles","translations":{"br":"Kêr Moapa","ko":"모아파 타운","pt-BR":"Cidade de Moapa","pt":"Cidade de Moapa","nl":"Moapa-stad","hr":"Grad Moapa","fa":"شهر موآپا","de":"Moapa-Stadt","es":"Pueblo de Moapa","fr":"Ville de Moapa","ja":"モアパタウン","it":"Città di Moapa","zh-CN":"莫阿帕镇","tr":"Moapa Kasabası","ru":"Город Моапа","uk":"Моапа-Таун","pl":"Miasto Moapa","hi":"मोपा टाउन","ar":"مدينة موابا"},"wikiDataId":"Q130134"},{"id":122008,"name":"Moapa Valley","state_id":1458,"state_code":"NV","state_name":"Nevada","country_id":233,"country_code":"US","country_name":"United States","latitude":"36.58053000","longitude":"-114.47026000","native":"Moab Valley","type":"city","level":null,"parent_id":null,"population":6924,"timezone":"America/Los_Angeles","translations":{"br":"Traoñienn Moapa","ko":"모아파 밸리","pt-BR":"Vale de Moapa","pt":"Vale de Moapa","nl":"Moapa-vallei","hr":"Dolina Moapa","fa":"دره موآپا","de":"Moapa-Tal","es":"Valle de Moapa","fr":"Vallée de Moapa","ja":"モアパバレー","it":"Valle di Moapa","zh-CN":"莫阿帕谷","tr":"Moapa Vadisi","ru":"Долина Моапа","uk":"Долина Моапа","pl":"Dolina Moapa","hi":"मोपा घाटी","ar":"وادي موابا"},"wikiDataId":"Q2323152"},{"id":122017,"name":"Mogul","state_id":1458,"state_code":"NV","state_name":"Nevada","country_id":233,"country_code":"US","country_name":"United States","latitude":"39.51380000","longitude":"-119.92603000","native":"Mogul","type":"city","level":null,"parent_id":null,"population":1290,"timezone":"America/Los_Angeles","translations":{"br":"Mogul","ko":"무굴 사람","pt-BR":"Magnata","pt":"Magnata","nl":"Mogul","hr":"Mogul","fa":"مغول","de":"Mogul","es":"magnate","fr":"Magnat","ja":"大物","it":"Mogol","zh-CN":"莫卧儿","tr":"Moğol","ru":"Магнат","uk":"Могол","pl":"mogoł","hi":"मंगोली","ar":"المغول"},"wikiDataId":"Q5694773"},{"id":122622,"name":"Nellis Air Force Base","state_id":1458,"state_code":"NV","state_name":"Nevada","country_id":233,"country_code":"US","country_name":"United States","latitude":"36.24607000","longitude":"-115.05721000","native":"Nellis Air Force Base","type":"city","level":null,"parent_id":null,"population":3187,"timezone":"America/Los_Angeles","translations":{"br":"Diazez aerlu Nellis","ko":"넬리스 공군 기지","pt-BR":"Base Aérea de Nellis","pt":"Base Aérea de Nellis","nl":"Luchtmachtbasis Nellis","hr":"Zračna baza Nellis","fa":"پایگاه نیروی هوایی نلیس","de":"Luftwaffenstützpunkt Nellis","es":"Base de la Fuerza Aérea Nellis","fr":"Base aérienne de Nellis","ja":"ネリス空軍基地","it":"Base aeronautica militare di Nellis","zh-CN":"内利斯空军基地","tr":"Nellis Hava Kuvvetleri Üssü","ru":"База ВВС Неллис","uk":"Авіабаза Нелліс","pl":"Baza Sił Powietrznych Nellis","hi":"नेलिस वायु सेना बेस","ar":"قاعدة نيلس الجوية"},"wikiDataId":"Q960384"},{"id":123052,"name":"North Las Vegas","state_id":1458,"state_code":"NV","state_name":"Nevada","country_id":233,"country_code":"US","country_name":"United States","latitude":"36.19886000","longitude":"-115.11750000","native":"North Las Vegas","type":"city","level":null,"parent_id":null,"population":262527,"timezone":"America/Los_Angeles","translations":{"br":"Norzh Las Vegas","ko":"노스 라스베가스","pt-BR":"Norte de Las Vegas","pt":"Norte de Las Vegas","nl":"Noord-Las Vegas","hr":"Sjeverni Las Vegas","fa":"شمال لاس وگاس","de":"Nord-Las Vegas","es":"Norte de Las Vegas","fr":"Las Vegas Nord","ja":"ノースラスベガス","it":"Las Vegas Nord","zh-CN":"北拉斯维加斯","tr":"Kuzey Las Vegas","ru":"Северный Лас-Вегас","uk":"Північний Лас-Вегас","pl":"Północny Las Vegas","hi":"उत्तरी लास वेगास","ar":"شمال لاس فيغاس"},"wikiDataId":"Q143782"},{"id":123222,"name":"Nye","state_id":1458,"state_code":"NV","state_name":"Nevada","country_id":233,"country_code":"US","country_name":"United States","latitude":"38.04238000","longitude":"-116.47193000","native":"is a county","type":"county","level":null,"parent_id":null,"population":51591,"timezone":"America/Los_Angeles","translations":{"br":"Kontelezh Nye","ko":"나이 카운티","pt-BR":"Condado de Nye","pt":"Condado de Nye","nl":"Nye County","hr":"Okrug Nye","fa":"شهرستان نای","de":"Landkreis Nye","es":"Condado de Nye","fr":"Comté de Nye","ja":"ナイ郡","it":"Contea di Nye","zh-CN":"奈县","tr":"Nye İlçesi","ru":"Округ Най","uk":"Округ Най","pl":"Hrabstwo Nye","hi":"नाये काउंटी","ar":"مقاطعة ني"},"wikiDataId":"Q484418"},{"id":123724,"name":"Pahrump","state_id":1458,"state_code":"NV","state_name":"Nevada","country_id":233,"country_code":"US","country_name":"United States","latitude":"36.20829000","longitude":"-115.98391000","native":"Pahrump","type":"city","level":null,"parent_id":null,"population":36441,"timezone":"America/Los_Angeles","translations":{"br":"Pahrump","ko":"파럼프","pt-BR":"Pahrump","pt":"Pahrump","nl":"Pahrump","hr":"Pahrump","fa":"پهرامپ","de":"Pahrump","es":"Pahrump","fr":"Pahrump","ja":"パランプ","it":"Pahrump","zh-CN":"帕朗","tr":"Pahrump","ru":"Парамп","uk":"Пахрампа","pl":"Pahrump","hi":"Pahrump","ar":"باهرومب"},"wikiDataId":"Q985486"},{"id":123819,"name":"Paradise","state_id":1458,"state_code":"NV","state_name":"Nevada","country_id":233,"country_code":"US","country_name":"United States","latitude":"36.09719000","longitude":"-115.14666000","native":"Paradise","type":"city","level":null,"parent_id":null,"population":223167,"timezone":"America/Los_Angeles","translations":{"br":"Baradoz","ko":"천국","pt-BR":"Paraíso","pt":"Paraíso","nl":"Paradijs","hr":"Raj","fa":"بهشت","de":"Paradies","es":"Paraíso","fr":"Paradis","ja":"パラダイス","it":"Paradiso","zh-CN":"天堂","tr":"Cennet","ru":"Рай","uk":"Рай","pl":"Raj","hi":"स्वर्ग","ar":"جَنَّة"},"wikiDataId":"Q984542"},{"id":124091,"name":"Pershing","state_id":1458,"state_code":"NV","state_name":"Nevada","country_id":233,"country_code":"US","country_name":"United States","latitude":"40.44036000","longitude":"-118.40444000","native":"Pershing County","type":"county","level":null,"parent_id":null,"population":6650,"timezone":"America/Los_Angeles","translations":{"br":"Kontelezh Pershing","ko":"퍼싱 카운티","pt-BR":"Condado de Pershing","pt":"Condado de Pershing","nl":"Pershing County","hr":"Okrug Pershing","fa":"شهرستان پرشینگ","de":"Pershing County","es":"Condado de Pershing","fr":"Comté de Pershing","ja":"パーシング郡","it":"Contea di Pershing","zh-CN":"潘兴县","tr":"Pershing İlçesi","ru":"округ Першинг","uk":"Округ Першинг","pl":"Hrabstwo Pershing","hi":"पर्शिंग काउंटी","ar":"مقاطعة بيرشينج"},"wikiDataId":"Q484342"},{"id":124273,"name":"Pioche","state_id":1458,"state_code":"NV","state_name":"Nevada","country_id":233,"country_code":"US","country_name":"United States","latitude":"37.92969000","longitude":"-114.45221000","native":"Pickaxe","type":"adm2","level":null,"parent_id":null,"population":1002,"timezone":"America/Los_Angeles","translations":{"br":"Pioche","ko":"피오체","pt-BR":"Pioche","pt":"Pioche","nl":"Pioche","hr":"Pioche","fa":"پیوچه","de":"Pioche","es":"Pioche","fr":"Pioche","ja":"ピオッシュ","it":"Pioche","zh-CN":"皮奥什","tr":"Pioche","ru":"Пиоче","uk":"Піоче","pl":"Pioche","hi":"पियोचे","ar":"بيوتشي"},"wikiDataId":"Q3245936"},{"id":125020,"name":"Reno","state_id":1458,"state_code":"NV","state_name":"Nevada","country_id":233,"country_code":"US","country_name":"United States","latitude":"39.52963000","longitude":"-119.81380000","native":"Reno","type":"adm2","level":null,"parent_id":null,"population":264165,"timezone":"America/Los_Angeles","translations":{"br":"Reno","ko":"리노","pt-BR":"Reno","pt":"Reno","nl":"Reno","hr":"Reno","fa":"رنو","de":"Reno","es":"Reno","fr":"Réno","ja":"リノ","it":"Reno","zh-CN":"里诺","tr":"Reno","ru":"Рено","uk":"Ріно","pl":"Reno","hi":"रेनो","ar":"رينو"},"wikiDataId":"Q49225"},{"id":125885,"name":"Sandy Valley","state_id":1458,"state_code":"NV","state_name":"Nevada","country_id":233,"country_code":"US","country_name":"United States","latitude":"35.81692000","longitude":"-115.63223000","native":"Sandy Valley","type":"city","level":null,"parent_id":null,"population":2051,"timezone":"America/Los_Angeles","translations":{"br":"Sandy Valley","ko":"샌디 밸리","pt-BR":"Vale Sandy","pt":"Vale Sandy","nl":"Zandige Vallei","hr":"Pješčana dolina","fa":"سندی ولی","de":"Sandy Valley","es":"Valle arenoso","fr":"Vallée de Sable","ja":"サンディバレー","it":"Valle sabbiosa","zh-CN":"桑迪谷","tr":"Sandy Vadisi","ru":"Сэнди-Вэлли","uk":"Сенді-Веллі","pl":"Dolina Piaszczysta","hi":"सैंडी घाटी","ar":"وادي ساندي"},"wikiDataId":"Q2323266"},{"id":126435,"name":"Silver Springs","state_id":1458,"state_code":"NV","state_name":"Nevada","country_id":233,"country_code":"US","country_name":"United States","latitude":"39.41547000","longitude":"-119.22461000","native":"Silver Springs","type":"city","level":null,"parent_id":null,"population":5296,"timezone":"America/Los_Angeles","translations":{"br":"Silver Springs","ko":"실버 스프링스","pt-BR":"Silver Springs","pt":"Silver Springs","nl":"Zilveren bronnen","hr":"Silver Springs","fa":"سیلور اسپرینگز","de":"Silberne Quellen","es":"Manantiales de plata","fr":"Silver Springs","ja":"シルバースプリングス","it":"Silver Springs","zh-CN":"银泉","tr":"Gümüş Yaylar","ru":"Сильвер-Спрингс","uk":"Сільвер-Спрінгс","pl":"Srebrne Źródła","hi":"सिल्वर स्प्रिंग्स","ar":"سيلفر سبرينغز"},"wikiDataId":"Q2323239"},{"id":126510,"name":"Smith","state_id":1458,"state_code":"NV","state_name":"Nevada","country_id":233,"country_code":"US","country_name":"United States","latitude":"38.80047000","longitude":"-119.32738000","native":"Smith","type":"city","level":null,"parent_id":null,"population":1033,"timezone":"America/Los_Angeles","translations":{"br":"Smith","ko":"스미스","pt-BR":"Ferreiro","pt":"Ferreiro","nl":"Smid","hr":"Smith","fa":"اسمیت","de":"Schmied","es":"Herrero","fr":"Forgeron","ja":"スミス","it":"Fabbro","zh-CN":"史密斯","tr":"Smith","ru":"Смит","uk":"Сміт","pl":"Kowal","hi":"लोहार","ar":"سميث"},"wikiDataId":"Q3452109"},{"id":126517,"name":"Smith Valley","state_id":1458,"state_code":"NV","state_name":"Nevada","country_id":233,"country_code":"US","country_name":"United States","latitude":"38.78421000","longitude":"-119.34425000","native":"Smith Valley","type":"city","level":null,"parent_id":null,"population":1603,"timezone":"America/Los_Angeles","translations":{"br":"Smith Valley","ko":"스미스 밸리","pt-BR":"Vale Smith","pt":"Vale Smith","nl":"Smithvallei","hr":"Smithova dolina","fa":"دره اسمیت","de":"Smith Valley","es":"Valle Smith","fr":"Vallée de Smith","ja":"スミスバレー","it":"Smith Valley","zh-CN":"史密斯谷","tr":"Smith Vadisi","ru":"Смит-Вэлли","uk":"Сміт-Веллі","pl":"Dolina Smitha","hi":"स्मिथ वैली","ar":"وادي سميث"},"wikiDataId":"Q2569125"},{"id":126801,"name":"Spanish Springs","state_id":1458,"state_code":"NV","state_name":"Nevada","country_id":233,"country_code":"US","country_name":"United States","latitude":"39.64908000","longitude":"-119.70741000","native":"Spanish Springs","type":"city","level":null,"parent_id":null,"population":15064,"timezone":"America/Los_Angeles","translations":{"br":"Feunteunioù Spagn","ko":"스페인 스프링스","pt-BR":"Fontes Espanhóis","pt":"Fontes Espanhóis","nl":"Spaanse bronnen","hr":"Španjolski izvori","fa":"چشمه‌های اسپانیایی","de":"Spanische Quellen","es":"Manantiales españoles","fr":"Sources espagnoles","ja":"スパニッシュスプリングス","it":"Sorgenti spagnole","zh-CN":"西班牙泉","tr":"İspanyol Kaynakları","ru":"Испанские источники","uk":"Іспанські джерела","pl":"Hiszpańskie Źródła","hi":"स्पैनिश स्प्रिंग्स","ar":"الينابيع الإسبانية"},"wikiDataId":"Q376269"},{"id":126805,"name":"Sparks","state_id":1458,"state_code":"NV","state_name":"Nevada","country_id":233,"country_code":"US","country_name":"United States","latitude":"39.53491000","longitude":"-119.75269000","native":"Sparks","type":"city","level":null,"parent_id":null,"population":96094,"timezone":"America/Los_Angeles","translations":{"br":"Sparkoù","ko":"스파크스","pt-BR":"Faíscas","pt":"Faíscas","nl":"Vonken","hr":"Iskre","fa":"جرقه‌ها","de":"Funken","es":"Moscas","fr":"Étincelles","ja":"スパークス","it":"Scintille","zh-CN":"火花","tr":"Kıvılcımlar","ru":"Искры","uk":"Іскри","pl":"Iskry","hi":"स्पार्क्स","ar":"شرارات"},"wikiDataId":"Q211629"},{"id":126854,"name":"Spring Creek","state_id":1458,"state_code":"NV","state_name":"Nevada","country_id":233,"country_code":"US","country_name":"United States","latitude":"40.72659000","longitude":"-115.58590000","native":"Spring Creek","type":"city","level":null,"parent_id":null,"population":12361,"timezone":"America/Los_Angeles","translations":{"br":"Spring Creek","ko":"스프링 크릭","pt-BR":"Riacho da Primavera","pt":"Riacho da Primavera","nl":"Lentekreek","hr":"Spring Creek","fa":"نهر اسپرینگ","de":"Spring Creek","es":"Arroyo de primavera","fr":"Ruisseau Spring","ja":"スプリングクリーク","it":"Spring Creek","zh-CN":"春溪","tr":"Bahar Deresi","ru":"Спринг-Крик","uk":"Спрінг-Крік","pl":"Wiosenny potok","hi":"स्प्रिंग क्रीक","ar":"سبرينغ كريك"},"wikiDataId":"Q2283301"},{"id":126881,"name":"Spring Valley","state_id":1458,"state_code":"NV","state_name":"Nevada","country_id":233,"country_code":"US","country_name":"United States","latitude":"36.10803000","longitude":"-115.24500000","native":"Spring Valley","type":"city","level":null,"parent_id":null,"population":178395,"timezone":"America/Los_Angeles","translations":{"br":"Traoñienn ar Gouere","ko":"스프링 밸리","pt-BR":"Vale da Primavera","pt":"Vale da Primavera","nl":"Lentevallei","hr":"Proljetna dolina","fa":"دره بهاری","de":"Frühlingstal","es":"Valle de la primavera","fr":"Vallée du Printemps","ja":"スプリングバレー","it":"Spring Valley","zh-CN":"春谷","tr":"Bahar Vadisi","ru":"Спринг-Вэлли","uk":"Спрінг-Веллі","pl":"Dolina Wiosenna","hi":"बसंत घाटी","ar":"وادي الربيع"},"wikiDataId":"Q992507"},{"id":126939,"name":"Stagecoach","state_id":1458,"state_code":"NV","state_name":"Nevada","country_id":233,"country_code":"US","country_name":"United States","latitude":"39.37380000","longitude":"-119.37406000","native":"Stagecoach","type":"city","level":null,"parent_id":null,"population":1874,"timezone":"America/Los_Angeles","translations":{"br":"Stagecoach","ko":"역마차","pt-BR":"Diligência","pt":"Diligência","nl":"Postkoets","hr":"Poštanska kočija","fa":"استیج‌کوچ","de":"Postkutsche","es":"Diligencia","fr":"Diligence","ja":"駅馬車","it":"Diligenza","zh-CN":"驿马车","tr":"Posta arabası","ru":"Дилижанс","uk":"Диліжанс","pl":"Dyliżans","hi":"किराये पर चलनेवाली गाड़ी","ar":"عربة نقل"},"wikiDataId":"Q7596836"},{"id":127102,"name":"Storey","state_id":1458,"state_code":"NV","state_name":"Nevada","country_id":233,"country_code":"US","country_name":"United States","latitude":"39.44653000","longitude":"-119.52917000","native":"Storey County","type":"county","level":null,"parent_id":null,"population":4104,"timezone":"America/Los_Angeles","translations":{"br":"Kontelezh Storey","ko":"스토리 카운티","pt-BR":"Condado de Storey","pt":"Condado de Storey","nl":"Storey County","hr":"Okrug Storey","fa":"شهرستان استوری","de":"Storey County","es":"Condado de Storey","fr":"Comté de Storey","ja":"ストーリー郡","it":"Contea di Storey","zh-CN":"斯托里县","tr":"Storey İlçesi","ru":"Округ Стори","uk":"Округ Сторі","pl":"Hrabstwo Storey","hi":"स्टोरी काउंटी","ar":"مقاطعة ستوري"},"wikiDataId":"Q484431"},{"id":127205,"name":"Summerlin South","state_id":1458,"state_code":"NV","state_name":"Nevada","country_id":233,"country_code":"US","country_name":"United States","latitude":"36.11708000","longitude":"-115.33001000","native":"Summerlin South","type":"city","level":null,"parent_id":null,"population":24085,"timezone":"America/Los_Angeles","translations":{"br":"Summerlin Su","ko":"서머린 사우스","pt-BR":"Summerlin Sul","pt":"Summerlin Sul","nl":"Summerlin Zuid","hr":"Summerlin Jug","fa":"سامرلین جنوبی","de":"Summerlin Süd","es":"Summerlin Sur","fr":"Summerlin Sud","ja":"サマーリン・サウス","it":"Summerlin South","zh-CN":"萨默林南","tr":"Summerlin Güney","ru":"Саммерлин Саут","uk":"Саммерлін Саут","pl":"Summerlin Południe","hi":"समरलिन साउथ","ar":"سمرلين ساوث"},"wikiDataId":"Q1112096"},{"id":127242,"name":"Sun Valley","state_id":1458,"state_code":"NV","state_name":"Nevada","country_id":233,"country_code":"US","country_name":"United States","latitude":"39.59630000","longitude":"-119.77602000","native":"Sun Valley","type":"city","level":null,"parent_id":null,"population":19299,"timezone":"America/Los_Angeles","translations":{"br":"Traoñienn an Heol","ko":"선 밸리","pt-BR":"Vale do Sol","pt":"Vale do Sol","nl":"Zonnevallei","hr":"Sun Valley","fa":"سان ولی","de":"Sun Valley","es":"Valle del sol","fr":"Vallée du Soleil","ja":"サンバレー","it":"Sun Valley","zh-CN":"太阳谷","tr":"Güneş Vadisi","ru":"Солнечная долина","uk":"Сонячна долина","pl":"Dolina Słońca","hi":"सन वैली","ar":"صن فالي"},"wikiDataId":"Q513757"},{"id":127269,"name":"Sunrise Manor","state_id":1458,"state_code":"NV","state_name":"Nevada","country_id":233,"country_code":"US","country_name":"United States","latitude":"36.21108000","longitude":"-115.07306000","native":"Sunrise Manor","type":"city","level":null,"parent_id":null,"population":189372,"timezone":"America/Los_Angeles","translations":{"br":"Sunrise Manor","ko":"선라이즈 매너","pt-BR":"Mansão Sunrise","pt":"Mansão Sunrise","nl":"Zonsopgang Landhuis","hr":"Dvorac Sunrise","fa":"عمارت طلوع آفتاب","de":"Sunrise Manor","es":"Mansión Sunrise","fr":"Manoir du lever du soleil","ja":"サンライズマナー","it":"Sunrise Manor","zh-CN":"日出庄园","tr":"Sunrise Malikanesi","ru":"Усадьба Санрайз","uk":"Санрайз Манор","pl":"Dwór Sunrise","hi":"सनराइज मैनर","ar":"قصر صن رايز"},"wikiDataId":"Q993749"},{"id":127722,"name":"Tonopah","state_id":1458,"state_code":"NV","state_name":"Nevada","country_id":233,"country_code":"US","country_name":"United States","latitude":"38.06716000","longitude":"-117.23008000","native":"Tonopah","type":"adm2","level":null,"parent_id":null,"population":2478,"timezone":"America/Los_Angeles","translations":{"br":"Tonopah","ko":"토노파","pt-BR":"Tonopah","pt":"Tonopah","nl":"Tonopah","hr":"Tonopah","fa":"تونوپا","de":"Tonopah","es":"Tonopah","fr":"Tonopah","ja":"トノパ","it":"Tonopah","zh-CN":"托诺帕","tr":"Tonopah","ru":"Тонопа","uk":"Тонопа","pl":"Tonopah","hi":"Tonopah","ar":"تونوباه"},"wikiDataId":"Q988827"},{"id":127731,"name":"Topaz Ranch Estates","state_id":1458,"state_code":"NV","state_name":"Nevada","country_id":233,"country_code":"US","country_name":"United States","latitude":"38.73565000","longitude":"-119.50079000","native":"Topaz Ranch Estates","type":"city","level":null,"parent_id":null,"population":1501,"timezone":"America/Los_Angeles","translations":{"br":"Topaz Ranch Estates","ko":"토파즈 랜치 에스테이트","pt-BR":"Topaz Ranch Estates","pt":"Topaz Ranch Estates","nl":"Topaz Ranch Landgoederen","hr":"Topaz Ranch Estates","fa":"املاک توپاز رانچ","de":"Topaz Ranch Estates","es":"Fincas Topaz Ranch","fr":"Topaz Ranch Estates","ja":"トパーズランチエステーツ","it":"Topaz Ranch Estates","zh-CN":"黄玉牧场庄园","tr":"Topaz Çiftlik Evleri","ru":"Поместья Топаз Ранч","uk":"Топаз Ранч Естейтс","pl":"Topaz Ranch Estates","hi":"टोपाज़ रैंच एस्टेट्स","ar":"عقارات توباز رانش"},"wikiDataId":"Q144792"},{"id":128180,"name":"Verdi","state_id":1458,"state_code":"NV","state_name":"Nevada","country_id":233,"country_code":"US","country_name":"United States","latitude":"39.51824000","longitude":"-119.98881000","native":"Verdi","type":"city","level":null,"parent_id":null,"population":1415,"timezone":"America/Los_Angeles","translations":{"br":"Verdi","ko":"베르디","pt-BR":"Verdi","pt":"Verdi","nl":"Verdi","hr":"Verdi","fa":"وردی","de":"Verdi","es":"Verdi","fr":"Verdi","ja":"ヴェルディ","it":"Verdi","zh-CN":"威尔第","tr":"Verdi","ru":"Верди","uk":"Верді","pl":"Verdi","hi":"वर्डी","ar":"فيردي"},"wikiDataId":"Q7921102"},{"id":128290,"name":"Virginia City","state_id":1458,"state_code":"NV","state_name":"Nevada","country_id":233,"country_code":"US","country_name":"United States","latitude":"39.30963000","longitude":"-119.64962000","native":"Virginia City","type":"adm2","level":null,"parent_id":null,"population":855,"timezone":"America/Los_Angeles","translations":{"br":"Kêr Virginia","ko":"버지니아 시티","pt-BR":"Cidade da Virgínia","pt":"Cidade da Virgínia","nl":"Virginia City","hr":"Virginia City","fa":"ویرجینیا سیتی","de":"Virginia-Stadt","es":"Virginia City","fr":"Virginia City","ja":"バージニアシティ","it":"Città della Virginia","zh-CN":"弗吉尼亚城","tr":"Virginia Şehri","ru":"Вирджиния-Сити","uk":"Вірджинія-Сіті","pl":"Miasto Wirginia","hi":"वर्जीनिया सिटी","ar":"مدينة فيرجينيا"},"wikiDataId":"Q987262"},{"id":128590,"name":"Washoe","state_id":1458,"state_code":"NV","state_name":"Nevada","country_id":233,"country_code":"US","country_name":"United States","latitude":"40.66542000","longitude":"-119.66430000","native":"Washoe County","type":"county","level":null,"parent_id":null,"population":486492,"timezone":"America/Los_Angeles","translations":{"br":"Kontelezh Washoe","ko":"와쇼 카운티","pt-BR":"Condado de Washoe","pt":"Condado de Washoe","nl":"Washoe County","hr":"Okrug Washoe","fa":"شهرستان واشو","de":"Washoe County","es":"Condado de Washoe","fr":"Comté de Washoe","ja":"ワショー郡","it":"Contea di Washoe","zh-CN":"瓦肖县","tr":"Washoe İlçesi","ru":"Округ Уошо","uk":"Округ Вошоу","pl":"Hrabstwo Washoe","hi":"वाशो काउंटी","ar":"مقاطعة واشو"},"wikiDataId":"Q484340"},{"id":128783,"name":"Wells","state_id":1458,"state_code":"NV","state_name":"Nevada","country_id":233,"country_code":"US","country_name":"United States","latitude":"41.11159000","longitude":"-114.96449000","native":"Wells","type":"city","level":null,"parent_id":null,"population":1237,"timezone":"America/Los_Angeles","translations":{"br":"Poulloù","ko":"웰스","pt-BR":"Poços","pt":"Poços","nl":"Putten","hr":"Bunari","fa":"ولز","de":"Brunnen","es":"Pozos","fr":"Puits","ja":"ウェルズ","it":"Pozzi","zh-CN":"威尔斯","tr":"Kuyular","ru":"Уэллс","uk":"Колодязі","pl":"Studnie","hi":"वेल्स","ar":"الآبار"},"wikiDataId":"Q2076290"},{"id":129004,"name":"West Wendover","state_id":1458,"state_code":"NV","state_name":"Nevada","country_id":233,"country_code":"US","country_name":"United States","latitude":"40.73910000","longitude":"-114.07335000","native":"West Wendover","type":"city","level":null,"parent_id":null,"population":4512,"timezone":"America/Los_Angeles","translations":{"br":"West Wendover","ko":"웨스트 웬도버","pt-BR":"Wendover Ocidental","pt":"Wendover Ocidental","nl":"West Wendover","hr":"Zapadni Wendover","fa":"وست وندوور","de":"West Wendover","es":"West Wendover","fr":"West Wendover","ja":"ウェストウェンドーバー","it":"West Wendover","zh-CN":"西温多弗","tr":"Batı Wendover","ru":"Западный Вендовер","uk":"Вест-Вендовер","pl":"Zachodni Wendover","hi":"वेस्ट वेंडोवर","ar":"ويست ويندوفر"},"wikiDataId":"Q983790"},{"id":129153,"name":"White Pine","state_id":1458,"state_code":"NV","state_name":"Nevada","country_id":233,"country_code":"US","country_name":"United States","latitude":"39.44216000","longitude":"-114.90159000","native":"White Pine County","type":"county","level":null,"parent_id":null,"population":9080,"timezone":"America/Los_Angeles","translations":{"br":"Kontelezh Pin Gwenn","ko":"화이트 파인 카운티","pt-BR":"Condado de White Pine","pt":"Condado de White Pine","nl":"Witte Pijnboom County","hr":"Okrug Bijeli bor","fa":"شهرستان وایت پاین","de":"White Pine County","es":"Condado de White Pine","fr":"Comté de White Pine","ja":"ホワイトパイン郡","it":"Contea di White Pine","zh-CN":"白松县","tr":"White Pine İlçesi","ru":"Округ Уайт-Пайн","uk":"Округ Вайт-Пайн","pl":"Hrabstwo White Pine","hi":"व्हाइट पाइन काउंटी","ar":"مقاطعة وايت باين"},"wikiDataId":"Q495398"},{"id":129209,"name":"Whitney","state_id":1458,"state_code":"NV","state_name":"Nevada","country_id":233,"country_code":"US","country_name":"United States","latitude":"36.09831000","longitude":"-115.03630000","native":"Whitney","type":"city","level":null,"parent_id":null,"population":38585,"timezone":"America/Los_Angeles","translations":{"br":"Whitney","ko":"휘트니","pt-BR":"Whitney","pt":"Whitney","nl":"Whitney","hr":"Whitney","fa":"ویتنی","de":"Whitney","es":"Whitney","fr":"Whitney","ja":"ホイットニー","it":"Whitney","zh-CN":"惠特尼","tr":"Whitney","ru":"Уитни","uk":"Вітні","pl":"Whitney","hi":"व्हिटनी","ar":"ويتني"},"wikiDataId":"Q2323325"},{"id":129361,"name":"Winchester","state_id":1458,"state_code":"NV","state_name":"Nevada","country_id":233,"country_code":"US","country_name":"United States","latitude":"36.12997000","longitude":"-115.11889000","native":"Winchester","type":"city","level":null,"parent_id":null,"population":27978,"timezone":"America/Los_Angeles","translations":{"br":"Winchester","ko":"윈체스터","pt-BR":"Winchester","pt":"Winchester","nl":"Winchester","hr":"Winchester","fa":"وینچستر","de":"Winchester","es":"Winchester","fr":"Winchester","ja":"ウィンチェスター","it":"Winchester","zh-CN":"温彻斯特","tr":"Winchester","ru":"Винчестер","uk":"Вінчестер","pl":"Winchester","hi":"विनचेस्टर","ar":"وينشستر"},"wikiDataId":"Q774784"},{"id":129411,"name":"Winnemucca","state_id":1458,"state_code":"NV","state_name":"Nevada","country_id":233,"country_code":"US","country_name":"United States","latitude":"40.97296000","longitude":"-117.73568000","native":"Winnemucca","type":"adm2","level":null,"parent_id":null,"population":8431,"timezone":"America/Los_Angeles","translations":{"br":"Winnemucca","ko":"위네무카","pt-BR":"Winnemucca","pt":"Winnemucca","nl":"Winnemucca","hr":"Winnemucca","fa":"وینموکا","de":"Winnemucca","es":"Winnemucca","fr":"Winnemucca","ja":"ウィネマッカ","it":"Winnemucca","zh-CN":"温尼马卡","tr":"Winnemucca","ru":"Виннемукка","uk":"Віннемукка","pl":"Winnemucca","hi":"Winnemucca","ar":"وينيموكا"},"wikiDataId":"Q983426"},{"id":129682,"name":"Yerington","state_id":1458,"state_code":"NV","state_name":"Nevada","country_id":233,"country_code":"US","country_name":"United States","latitude":"38.98575000","longitude":"-119.16293000","native":"Yerington","type":"adm2","level":null,"parent_id":null,"population":3121,"timezone":"America/Los_Angeles","translations":{"br":"Yerington","ko":"예링턴","pt-BR":"Yerington","pt":"Yerington","nl":"Yerington","hr":"Yerington","fa":"یرینگتون","de":"Yerington","es":"Yerington","fr":"Yerington","ja":"イェリントン","it":"Yerington","zh-CN":"耶灵顿","tr":"Yerington","ru":"Йерингтон","uk":"Єрінгтон","pl":"Yerington","hi":"येरिंगटन","ar":"يرينغتون"},"wikiDataId":"Q985297"}]