[{"id":109048,"name":"Biharamulo","state_id":1465,"state_code":"05","state_name":"Kagera","country_id":218,"country_code":"TZ","country_name":"Tanzania","latitude":"-2.63194000","longitude":"31.30889000","native":"Biharamulo","type":"city","level":null,"parent_id":null,"population":34038,"timezone":"Africa/Dar_es_Salaam","translations":{"br":"Biharamulo","ko":"비하라물로","pt-BR":"Biharamulo","pt":"Biharamulo","nl":"Biharamulo","hr":"Biharamulo","fa":"بیهارامولو","de":"Biharamulo","es":"Biharamulo","fr":"Biharamulo","ja":"ビハラムロ","it":"Biharamulo","zh-CN":"比哈拉穆洛","tr":"Biharamulo","ru":"Бихарамуло","uk":"Біхарамуло","pl":"Biharamulo","hi":"बिहारमुलो","ar":"بيهارامولو"},"wikiDataId":"Q15941811"},{"id":109049,"name":"Bugarama","state_id":1465,"state_code":"05","state_name":"Kagera","country_id":218,"country_code":"TZ","country_name":"Tanzania","latitude":"-2.87056000","longitude":"30.52806000","native":"Bugarama","type":"city","level":null,"parent_id":null,"population":32494,"timezone":"Africa/Dar_es_Salaam","translations":{"br":"Bugarama","ko":"부가라마","pt-BR":"Bugarama","pt":"Bugarama","nl":"Bugarama","hr":"Bugarama","fa":"بوگاراما","de":"Bugarama","es":"Bugarama","fr":"Bugarama","ja":"ブガラマ","it":"Bugarama","zh-CN":"布加拉马","tr":"Bugarama","ru":"Бугарама","uk":"Бугарама","pl":"Bugarama","hi":"बुगारामा","ar":"بوغاراما"},"wikiDataId":"Q15941811"},{"id":109050,"name":"Bugene","state_id":1465,"state_code":"05","state_name":"Kagera","country_id":218,"country_code":"TZ","country_name":"Tanzania","latitude":"-1.59111000","longitude":"31.14028000","native":"Bugene","type":"city","level":null,"parent_id":null,"population":10609,"timezone":"Africa/Dar_es_Salaam","translations":{"br":"Bugene","ko":"부게네","pt-BR":"Bugene","pt":"Bugene","nl":"Bugene","hr":"Bugene","fa":"بوگن","de":"Bugene","es":"Bugene","fr":"Bugène","ja":"ブゲネ","it":"Bugene","zh-CN":"布根尼","tr":"Bugene","ru":"Бугене","uk":"Бугене","pl":"Bugene","hi":"बुगेने","ar":"بوغيني"},"wikiDataId":"Q15941811"},{"id":109052,"name":"Bukoba","state_id":1465,"state_code":"05","state_name":"Kagera","country_id":218,"country_code":"TZ","country_name":"Tanzania","latitude":"-1.33167000","longitude":"31.81222000","native":"Bukoba","type":"adm1","level":null,"parent_id":null,"population":144938,"timezone":"Africa/Dar_es_Salaam","translations":{"br":"Bukoba","ko":"부코바","pt-BR":"Bukoba","pt":"Bukoba","nl":"Bukoba","hr":"Bukoba","fa":"بوکوبا","de":"Bukoba","es":"Bukoba","fr":"Bukoba","ja":"ブコバ","it":"Bukoba","zh-CN":"布科巴","tr":"Bukoba","ru":"Букоба","uk":"Букоба","pl":"Bukoba","hi":"बुकोबा","ar":"بوكوبا"},"wikiDataId":"Q654259"},{"id":109088,"name":"Kabanga","state_id":1465,"state_code":"05","state_name":"Kagera","country_id":218,"country_code":"TZ","country_name":"Tanzania","latitude":"-2.63861000","longitude":"30.46778000","native":"Kabanga","type":"city","level":null,"parent_id":null,"population":19421,"timezone":"Africa/Dar_es_Salaam","translations":{"br":"Kabanga","ko":"카방가","pt-BR":"Kabanga","pt":"Kabanga","nl":"Kabanga","hr":"Kabanga","fa":"کابانگا","de":"Kabanga","es":"Kabanga","fr":"Kabanga","ja":"カバンガ","it":"Kabanga","zh-CN":"卡班加","tr":"Kabanga","ru":"Кабанга","uk":"Кабанга","pl":"Kabanga","hi":"कबंगा","ar":"كابانجا"},"wikiDataId":"Q6101781"},{"id":109092,"name":"Kamachumu","state_id":1465,"state_code":"05","state_name":"Kagera","country_id":218,"country_code":"TZ","country_name":"Tanzania","latitude":"-1.61861000","longitude":"31.62000000","native":"Kamachumu","type":"city","level":null,"parent_id":null,"population":15701,"timezone":"Africa/Dar_es_Salaam","translations":{"br":"Kamachumu","ko":"카마추무","pt-BR":"Kamachumu","pt":"Kamachumu","nl":"Kamachumu","hr":"Kamachumu","fa":"کاماچومو","de":"Kamachumu","es":"Kamachumu","fr":"Kamachumu","ja":"カマチュム","it":"Kamachumu","zh-CN":"卡玛楚穆","tr":"Kamachumu","ru":"Камачуму","uk":"Камачуму","pl":"Kamachumu","hi":"कामाचुमु","ar":"كاماتشومو"},"wikiDataId":"Q1722298"},{"id":109096,"name":"Katerero","state_id":1465,"state_code":"05","state_name":"Kagera","country_id":218,"country_code":"TZ","country_name":"Tanzania","latitude":"-1.40000000","longitude":"31.73333000","native":"Katerero","type":"city","level":null,"parent_id":null,"population":18430,"timezone":"Africa/Dar_es_Salaam","translations":{"br":"Katerero","ko":"카테레로","pt-BR":"Katerero","pt":"Katerero","nl":"Katerero","hr":"Katerero","fa":"کاترو","de":"Katerero","es":"Katerero","fr":"Katerero","ja":"カテレロ","it":"Katerero","zh-CN":"卡特雷罗","tr":"Katerero","ru":"Катереро","uk":"Катереро","pl":"Katerero","hi":"कटेरेरो","ar":"كاتيرو"},"wikiDataId":"Q13123273"},{"id":109099,"name":"Katoro","state_id":1465,"state_code":"05","state_name":"Kagera","country_id":218,"country_code":"TZ","country_name":"Tanzania","latitude":"-1.39972000","longitude":"31.50028000","native":"Katoro","type":"city","level":null,"parent_id":null,"population":11925,"timezone":"Africa/Dar_es_Salaam","translations":{"br":"Katoro","ko":"카토로","pt-BR":"Katoro","pt":"Katoro","nl":"Katoro","hr":"Katoro","fa":"کاتورو","de":"Katoro","es":"Katoro","fr":"Katoro","ja":"カトロ","it":"Katoro","zh-CN":"卡托罗","tr":"Katoro","ru":"Каторо","uk":"Каторо","pl":"Katoro","hi":"काटोरो","ar":"كاتورو"},"wikiDataId":"Q13123273"},{"id":109138,"name":"Kyaka","state_id":1465,"state_code":"05","state_name":"Kagera","country_id":218,"country_code":"TZ","country_name":"Tanzania","latitude":"-1.25222000","longitude":"31.42028000","native":"Kyaka","type":"city","level":null,"parent_id":null,"population":13810,"timezone":"Africa/Dar_es_Salaam","translations":{"br":"Kyaka","ko":"캬카","pt-BR":"Kyaka","pt":"Kyaka","nl":"Kyaka","hr":"Kyaka","fa":"کیاکا","de":"Kyaka","es":"Kyaka","fr":"Kyaka","ja":"キャカ","it":"Kyaka","zh-CN":"基亚卡","tr":"Kyaka","ru":"Кьяка","uk":"К'яка","pl":"Kyaka","hi":"क्याका","ar":"كياكا"},"wikiDataId":"Q12731755"},{"id":109251,"name":"Ngara","state_id":1465,"state_code":"05","state_name":"Kagera","country_id":218,"country_code":"TZ","country_name":"Tanzania","latitude":"-2.51222000","longitude":"30.65583000","native":"Ngara","type":"city","level":null,"parent_id":null,"population":16890,"timezone":"Africa/Dar_es_Salaam","translations":{"br":"Ngara","ko":"응가라","pt-BR":"Ngara","pt":"Ngara","nl":"Ngara","hr":"Ngara","fa":"نگارا","de":"Ngara","es":"Ngara","fr":"Ngara","ja":"ンガラ","it":"Ngara","zh-CN":"恩加拉","tr":"Ngara","ru":"Нгара","uk":"Нгара","pl":"Ngara","hi":"नगारा","ar":"نغارا"},"wikiDataId":"Q4810507"},{"id":109259,"name":"Nshamba","state_id":1465,"state_code":"05","state_name":"Kagera","country_id":218,"country_code":"TZ","country_name":"Tanzania","latitude":"-1.79833000","longitude":"31.55111000","native":"Maarifa","type":"city","level":null,"parent_id":null,"population":19815,"timezone":"Africa/Dar_es_Salaam","translations":{"br":"Nshamba","ko":"은샴바","pt-BR":"Nshamba","pt":"Nshamba","nl":"Nshamba","hr":"Nšamba","fa":"نشامبا","de":"Nshamba","es":"Nshamba","fr":"Nshamba","ja":"ンシャンバ","it":"Nshamba","zh-CN":"恩尚巴","tr":"Nshamba","ru":"Ншамба","uk":"Ншамба","pl":"Nshamba","hi":"नशम्बा","ar":"نشامبا"},"wikiDataId":"Q7192944"},{"id":109260,"name":"Nsunga","state_id":1465,"state_code":"05","state_name":"Kagera","country_id":218,"country_code":"TZ","country_name":"Tanzania","latitude":"-1.14389000","longitude":"31.39472000","native":"Tone","type":"city","level":null,"parent_id":null,"population":20049,"timezone":"Africa/Dar_es_Salaam","translations":{"br":"Nsunga","ko":"은순가","pt-BR":"Nsunga","pt":"Nsunga","nl":"Nsunga","hr":"Nsunga","fa":"نسونگا","de":"Nsunga","es":"Nsunga","fr":"Nsunga","ja":"ヌスンガ","it":"Nsunga","zh-CN":"恩松加","tr":"Nsunga","ru":"Нсунга","uk":"Нсунга","pl":"Nsunga","hi":"न्सुंगा","ar":"نسونجا"},"wikiDataId":"Q7192944"},{"id":109263,"name":"Nyakahanga","state_id":1465,"state_code":"05","state_name":"Kagera","country_id":218,"country_code":"TZ","country_name":"Tanzania","latitude":"-1.60333000","longitude":"31.14139000","native":"Nyakahanga","type":"city","level":null,"parent_id":null,"population":14611,"timezone":"Africa/Dar_es_Salaam","translations":{"br":"Nyakahanga","ko":"냐카항가","pt-BR":"Nyakahanga","pt":"Nyakahanga","nl":"Nyakahanga","hr":"Njakahanga","fa":"نیاکاهانگا","de":"Nyakahanga","es":"Nyakahanga","fr":"Nyakahanga","ja":"ニャカハンガ","it":"Nyakahanga","zh-CN":"尼亚卡汉加","tr":"Nyakahanga","ru":"Ньякаханга","uk":"Ньякаханга","pl":"Nyakahanga","hi":"न्याकाहांगा","ar":"نياكاهانجا"},"wikiDataId":"Q7192944"},{"id":109273,"name":"Rulenge","state_id":1465,"state_code":"05","state_name":"Kagera","country_id":218,"country_code":"TZ","country_name":"Tanzania","latitude":"-2.71750000","longitude":"30.63250000","native":"Rulenge","type":"city","level":null,"parent_id":null,"population":22069,"timezone":"Africa/Dar_es_Salaam","translations":{"br":"Reolenn","ko":"룰렌지","pt-BR":"Rulenge","pt":"Rulenge","nl":"Rulenge","hr":"Pravilo","fa":"حکومت","de":"Rulenge","es":"Regla","fr":"Rulenge","ja":"ルレンジ","it":"Regola","zh-CN":"规则","tr":"Kural","ru":"Руленге","uk":"Рулендж","pl":"Reguła","hi":"रूलेंगे","ar":"رولنج"},"wikiDataId":"Q1851848"}]