[{"id":109065,"name":"Dodoma","state_id":1466,"state_code":"03","state_name":"Dodoma","country_id":218,"country_code":"TZ","country_name":"Tanzania","latitude":"-6.17221000","longitude":"35.73947000","native":"Dodoma","type":"capital","level":null,"parent_id":null,"population":765179,"timezone":"Africa/Dar_es_Salaam","translations":{"br":"Dodoma","ko":"도도마","pt-BR":"Dodoma","pt":"Dodoma","nl":"Dodoma","hr":"Dodoma","fa":"دودوما","de":"Dodoma","es":"Dodoma","fr":"Dodoma","ja":"ドドマ","it":"Dodoma","zh-CN":"多多玛","tr":"Dodoma","ru":"Додома","uk":"Додома","pl":"Dodoma","hi":"डोडोमा","ar":"دودوما"},"wikiDataId":"Q3866"},{"id":109101,"name":"Kibakwe","state_id":1466,"state_code":"03","state_name":"Dodoma","country_id":218,"country_code":"TZ","country_name":"Tanzania","latitude":"-6.71667000","longitude":"36.36667000","native":"Kibakwe","type":"city","level":null,"parent_id":null,"population":19526,"timezone":"Africa/Dar_es_Salaam","translations":{"br":"Kibakwe","ko":"키바크웨","pt-BR":"Kibakwe","pt":"Kibakwe","nl":"Kibakwe","hr":"Kibakwe","fa":"کیباکوی","de":"Kibakwe","es":"Kibakwe","fr":"Kibakwe","ja":"キバクウェ","it":"Kibakwe","zh-CN":"基巴奎","tr":"Kibakwe","ru":"Кибакве","uk":"Кібакве","pl":"Kibakwe","hi":"किबाकवे","ar":"كيباكوي"},"wikiDataId":"Q6403941"},{"id":109125,"name":"Kisasa","state_id":1466,"state_code":"03","state_name":"Dodoma","country_id":218,"country_code":"TZ","country_name":"Tanzania","latitude":"-6.17526000","longitude":"35.79266000","native":"Kisasa","type":"city","level":null,"parent_id":null,"population":10000,"timezone":"Africa/Dar_es_Salaam","translations":{"br":"Kisasa","ko":"키사사","pt-BR":"Kisasa","pt":"Kisasa","nl":"Kisasa","hr":"Kisasa","fa":"کیساسا","de":"Kisasa","es":"Kisasa","fr":"Kisasa","ja":"キササ","it":"Kisasa","zh-CN":"基萨萨","tr":"Kısasa","ru":"Кисаса","uk":"Кісаса","pl":"Kisasa","hi":"किसासा","ar":"كيساسا"},"wikiDataId":"Q11929863"},{"id":109135,"name":"Kondoa","state_id":1466,"state_code":"03","state_name":"Dodoma","country_id":218,"country_code":"TZ","country_name":"Tanzania","latitude":"-4.70931000","longitude":"35.86227000","native":"Kondoa","type":"city","level":null,"parent_id":null,"population":80443,"timezone":"Africa/Dar_es_Salaam","translations":{"br":"Kondoa","ko":"콘도아","pt-BR":"Kondoa","pt":"Kondoa","nl":"Kondoa","hr":"Kondoa","fa":"کوندوا","de":"Kondoa","es":"Kondoa","fr":"Kondoa","ja":"コンドア","it":"Kondoa","zh-CN":"近藤亚","tr":"Kondoa","ru":"Кондоа","uk":"Кондоа","pl":"Kondoa","hi":"कोंडोआ","ar":"كوندوا"},"wikiDataId":"Q1327204"},{"id":109136,"name":"Kongwa","state_id":1466,"state_code":"03","state_name":"Dodoma","country_id":218,"country_code":"TZ","country_name":"Tanzania","latitude":"-6.20000000","longitude":"36.41667000","native":"Kongwa","type":"city","level":null,"parent_id":null,"population":11840,"timezone":"Africa/Dar_es_Salaam","translations":{"br":"Kongwa","ko":"콩와","pt-BR":"Kongwa","pt":"Kongwa","nl":"Kongwa","hr":"Kongwa","fa":"کنگوا","de":"Kongwa","es":"Kongwa","fr":"Kongwa","ja":"コングワ","it":"Kongwa","zh-CN":"孔瓦","tr":"Kongwa","ru":"Конгва","uk":"Конґва","pl":"Kongwa","hi":"कोंग्वा","ar":"كونغوا"},"wikiDataId":"Q5318130"},{"id":109211,"name":"Mpwapwa","state_id":1466,"state_code":"03","state_name":"Dodoma","country_id":218,"country_code":"TZ","country_name":"Tanzania","latitude":"-6.35000000","longitude":"36.48333000","native":"Mpwapwa","type":"city","level":null,"parent_id":null,"population":30000,"timezone":"Africa/Dar_es_Salaam","translations":{"br":"Mpwapwa","ko":"음프와프와","pt-BR":"Mpwapwa","pt":"Mpwapwa","nl":"Mpwapwa","hr":"Mpwapwa","fa":"امپواپوا","de":"Mpwapwa","es":"Mpwapwa","fr":"Mpwapwa","ja":"ムプワプワ","it":"Mpwapwa","zh-CN":"姆普瓦普瓦","tr":"Mpwapwa","ru":"Мпвапва","uk":"Мпвапва","pl":"Mpwapwa","hi":"मप्वाप्वा","ar":"مبوابوا"},"wikiDataId":"Q3711197"},{"id":109212,"name":"Msanga","state_id":1466,"state_code":"03","state_name":"Dodoma","country_id":218,"country_code":"TZ","country_name":"Tanzania","latitude":"-6.05000000","longitude":"36.03333000","native":"Mara moja","type":"city","level":null,"parent_id":null,"population":5527,"timezone":"Africa/Dar_es_Salaam","translations":{"br":"Msanga","ko":"므산가","pt-BR":"Msanga","pt":"Msanga","nl":"Msanga","hr":"Msanga","fa":"مسانگا","de":"Msanga","es":"Msanga","fr":"Msanga","ja":"ムサンガ","it":"Msanga","zh-CN":"姆桑加","tr":"Msanga","ru":"Мсанга","uk":"Мсанга","pl":"Msanga","hi":"मसंगा","ar":"مسانغا"},"wikiDataId":"Q3711197"}]