[{"id":109070,"name":"Geiro","state_id":1470,"state_code":"16","state_name":"Morogoro","country_id":218,"country_code":"TZ","country_name":"Tanzania","latitude":"-6.15000000","longitude":"36.86667000","native":"Geiro","type":"city","level":null,"parent_id":null,"population":40000,"timezone":"Africa/Dar_es_Salaam","translations":{"br":"Geiro","ko":"게이로","pt-BR":"Geiro","pt":"Geiro","nl":"Geiro","hr":"Geiro","fa":"جایرو","de":"Geiro","es":"Geiro","fr":"Geiro","ja":"ゲイロ","it":"Geiro","zh-CN":"盖罗","tr":"Geiro","ru":"Гейро","uk":"Гейро","pl":"Geiro","hi":"गीरो","ar":"جيرو"},"wikiDataId":"Q49349721"},{"id":109073,"name":"Ifakara","state_id":1470,"state_code":"16","state_name":"Morogoro","country_id":218,"country_code":"TZ","country_name":"Tanzania","latitude":"-8.13333000","longitude":"36.68333000","native":"Ifakara","type":"city","level":null,"parent_id":null,"population":205843,"timezone":"Africa/Dar_es_Salaam","translations":{"br":"Ifakara","ko":"이파카라","pt-BR":"Ifakara","pt":"Ifakara","nl":"Ifakara","hr":"Ifakara","fa":"ایفاکارا","de":"Ifakara","es":"Ifakara","fr":"Ifakara","ja":"イファカラ","it":"Ifakara","zh-CN":"伊法卡拉","tr":"Ifakara","ru":"Ифакара","uk":"Іфакара","pl":"Ifakara","hi":"इफाकारा","ar":"إيفاكارا"},"wikiDataId":"Q995454"},{"id":109106,"name":"Kidatu","state_id":1470,"state_code":"16","state_name":"Morogoro","country_id":218,"country_code":"TZ","country_name":"Tanzania","latitude":"-7.69916000","longitude":"36.95722000","native":"Kidatu","type":"city","level":null,"parent_id":null,"population":37542,"timezone":"Africa/Dar_es_Salaam","translations":{"br":"Kidatu","ko":"키다투","pt-BR":"Kidatu","pt":"Kidatu","nl":"Kidatu","hr":"Kidatu","fa":"کیداتو","de":"Kidatu","es":"Kidatu","fr":"Kidatu","ja":"キダトゥ","it":"Kidatu","zh-CN":"基达图","tr":"Kidatu","ru":"Кидату","uk":"Кідату","pl":"Kidatu","hi":"किदातु","ar":"كيداتو"},"wikiDataId":"Q939295"},{"id":109107,"name":"Kidodi","state_id":1470,"state_code":"16","state_name":"Morogoro","country_id":218,"country_code":"TZ","country_name":"Tanzania","latitude":"-7.60361000","longitude":"37.00438000","native":"Kidodi","type":"city","level":null,"parent_id":null,"population":35953,"timezone":"Africa/Dar_es_Salaam","translations":{"br":"Kidodi","ko":"키도디","pt-BR":"Kidodi","pt":"Kidodi","nl":"Kidodi","hr":"Kidodi","fa":"کیدودی","de":"Kidodi","es":"Kidodi","fr":"Kidodi","ja":"キドディ","it":"Kidodi","zh-CN":"基多迪","tr":"Kidodi","ru":"Кидоди","uk":"Кідоді","pl":"Kidodi","hi":"किडोडी","ar":"كيدودي"},"wikiDataId":"Q939295"},{"id":109115,"name":"Kilosa","state_id":1470,"state_code":"16","state_name":"Morogoro","country_id":218,"country_code":"TZ","country_name":"Tanzania","latitude":"-6.83333000","longitude":"36.98333000","native":"Kilosa","type":"city","level":null,"parent_id":null,"population":91889,"timezone":"Africa/Dar_es_Salaam","translations":{"br":"Kilosa","ko":"킬로사","pt-BR":"Quilosa","pt":"Quilosa","nl":"Kilosa","hr":"Kilosa","fa":"کیلوسا","de":"Kilosa","es":"Kilosa","fr":"Kilosa","ja":"キロサ","it":"Kilosa","zh-CN":"基洛萨","tr":"Kilosa","ru":"Килоса","uk":"Кілоза","pl":"Kilosa","hi":"किलोसा","ar":"كيلوسا"},"wikiDataId":"Q6408133"},{"id":109116,"name":"Kimamba","state_id":1470,"state_code":"16","state_name":"Morogoro","country_id":218,"country_code":"TZ","country_name":"Tanzania","latitude":"-6.78333000","longitude":"37.13333000","native":"Kimamba","type":"city","level":null,"parent_id":null,"population":11235,"timezone":"Africa/Dar_es_Salaam","translations":{"br":"Kimamba","ko":"키맘바","pt-BR":"Kimamba","pt":"Kimamba","nl":"Kimamba","hr":"Kimamba","fa":"کیمامبا","de":"Kimamba","es":"Kimamba","fr":"Kimamba","ja":"キマンバ","it":"Kimamba","zh-CN":"金巴","tr":"Kimamba","ru":"Кимамба","uk":"Кімамба","pl":"Kimamba","hi":"किमाम्बा","ar":"كيمامبا"},"wikiDataId":"Q6408133"},{"id":109123,"name":"Kisanga","state_id":1470,"state_code":"16","state_name":"Morogoro","country_id":218,"country_code":"TZ","country_name":"Tanzania","latitude":"-7.43622000","longitude":"37.70337000","native":"Kisanga","type":"city","level":null,"parent_id":null,"population":10978,"timezone":"Africa/Dar_es_Salaam","translations":{"br":"Kisanga","ko":"키상가","pt-BR":"Kisanga","pt":"Kisanga","nl":"Kisanga","hr":"Kisanga","fa":"کیسانگا","de":"Kisanga","es":"Kisanga","fr":"Kisanga","ja":"キサンガ","it":"Kisanga","zh-CN":"基桑加","tr":"Kisanga","ru":"Кисанга","uk":"Кісанга","pl":"Kisanga","hi":"Kissmanga","ar":"كيسانغا"},"wikiDataId":"Q11929863"},{"id":109149,"name":"Lupiro","state_id":1470,"state_code":"16","state_name":"Morogoro","country_id":218,"country_code":"TZ","country_name":"Tanzania","latitude":"-8.38333000","longitude":"36.66667000","native":"Lupiro","type":"city","level":null,"parent_id":null,"population":11430,"timezone":"Africa/Dar_es_Salaam","translations":{"br":"Lupiro","ko":"루피로","pt-BR":"Lupiro","pt":"Lupiro","nl":"Lupiro","hr":"Lupiro","fa":"لوپیرو","de":"Lupiro","es":"Lupiro","fr":"Lupiro","ja":"ルピロ","it":"Lupiro","zh-CN":"卢皮罗","tr":"Lupiro","ru":"Лупиро","uk":"Лупіро","pl":"Lupiro","hi":"लुपिरो","ar":"لوبيرو"},"wikiDataId":"Q1877120"},{"id":109155,"name":"Magole","state_id":1470,"state_code":"16","state_name":"Morogoro","country_id":218,"country_code":"TZ","country_name":"Tanzania","latitude":"-6.37697000","longitude":"37.37373000","native":"Magole","type":"city","level":null,"parent_id":null,"population":18753,"timezone":"Africa/Dar_es_Salaam","translations":{"br":"Magole","ko":"마골레","pt-BR":"Magole","pt":"Magole","nl":"Magole","hr":"Magole","fa":"ماگول","de":"Magole","es":"Magole","fr":"Magole","ja":"マゴレ","it":"Magole","zh-CN":"马格尔","tr":"Magole","ru":"Маголе","uk":"Маголе","pl":"Magole","hi":"मागोले","ar":"ماغولي"},"wikiDataId":"Q35722319"},{"id":109160,"name":"Mahenge","state_id":1470,"state_code":"16","state_name":"Morogoro","country_id":218,"country_code":"TZ","country_name":"Tanzania","latitude":"-8.68333000","longitude":"36.71667000","native":"Mahenge","type":"city","level":null,"parent_id":null,"population":7768,"timezone":"Africa/Dar_es_Salaam","translations":{"br":"Mahenge","ko":"마헨지","pt-BR":"Mahenge","pt":"Mahenge","nl":"Mahenge","hr":"Mahenge","fa":"ماهنگه","de":"Mahenge","es":"Mahenge","fr":"Mahenge","ja":"マヘンゲ","it":"Mahenge","zh-CN":"马亨盖","tr":"Mahenge","ru":"Махенге","uk":"Махенге","pl":"Mahenge","hi":"महेंगे","ar":"ماهينجي"},"wikiDataId":"Q13123849"},{"id":109170,"name":"Malinyi","state_id":1470,"state_code":"16","state_name":"Morogoro","country_id":218,"country_code":"TZ","country_name":"Tanzania","latitude":"-8.93333000","longitude":"36.13333000","native":"Malinyi","type":"city","level":null,"parent_id":null,"population":27041,"timezone":"Africa/Dar_es_Salaam","translations":{"br":"Malinyi","ko":"말린이","pt-BR":"Malinyi","pt":"Malinyi","nl":"Malinyi","hr":"Malinyi","fa":"مالینی","de":"Malinyi","es":"Malinyi","fr":"Malinyi","ja":"マリンイ","it":"Malinyi","zh-CN":"马林伊","tr":"Malinyi","ru":"Малиньи","uk":"Маліні","pl":"Malinyi","hi":"मालिनी","ar":"ماليني"},"wikiDataId":"Q6272925"},{"id":109197,"name":"Mikumi","state_id":1470,"state_code":"16","state_name":"Morogoro","country_id":218,"country_code":"TZ","country_name":"Tanzania","latitude":"-7.40409000","longitude":"36.98309000","native":"Mikumi","type":"city","level":null,"parent_id":null,"population":20000,"timezone":"Africa/Dar_es_Salaam","translations":{"br":"Mikumi","ko":"미쿠미","pt-BR":"Mikumi","pt":"Mikumi","nl":"Mikumi","hr":"Mikumi","fa":"میکومی","de":"Mikumi","es":"Mikumi","fr":"Mikumi","ja":"ミクミ","it":"Mikumi","zh-CN":"米库米","tr":"Mikumi","ru":"Микуми","uk":"Мікумі","pl":"Mikumi","hi":"मिकुमी","ar":"ميكومي"},"wikiDataId":"Q6850269"},{"id":109206,"name":"Mlimba","state_id":1470,"state_code":"16","state_name":"Morogoro","country_id":218,"country_code":"TZ","country_name":"Tanzania","latitude":"-8.80000000","longitude":"35.81667000","native":"Mlimba","type":"city","level":null,"parent_id":null,"population":34970,"timezone":"Africa/Dar_es_Salaam","translations":{"br":"Mlimba","ko":"믈림바","pt-BR":"Mlimba","pt":"Mlimba","nl":"Mlimba","hr":"Mlimba","fa":"ملیمبا","de":"Mlimba","es":"Mlimba","fr":"Mlimba","ja":"ムリンバ","it":"Mlimba","zh-CN":"姆林巴","tr":"Mlimba","ru":"Млимба","uk":"Млімба","pl":"Mlimba","hi":"म्लिम्बा","ar":"مليمبا"},"wikiDataId":"Q29578870"},{"id":109208,"name":"Morogoro","state_id":1470,"state_code":"16","state_name":"Morogoro","country_id":218,"country_code":"TZ","country_name":"Tanzania","latitude":"-6.82102000","longitude":"37.66122000","native":"Morogoro","type":"adm1","level":null,"parent_id":null,"population":471409,"timezone":"Africa/Dar_es_Salaam","translations":{"br":"Morogoro","ko":"모로고로","pt-BR":"Morogoro","pt":"Morogoro","nl":"Morogoro","hr":"Morogoro","fa":"موروگورو","de":"Morogoro","es":"Morogoro","fr":"Morogoro","ja":"モロゴロ","it":"Morogoro","zh-CN":"莫罗戈罗","tr":"Morogoro","ru":"Морогоро","uk":"Морогоро","pl":"Morogoro","hi":"मोरोगोरो","ar":"موروغورو"},"wikiDataId":"Q243319"},{"id":109213,"name":"Msowero","state_id":1470,"state_code":"16","state_name":"Morogoro","country_id":218,"country_code":"TZ","country_name":"Tanzania","latitude":"-6.53333000","longitude":"37.20000000","native":"Msowero","type":"city","level":null,"parent_id":null,"population":17861,"timezone":"Africa/Dar_es_Salaam","translations":{"br":"Msowero","ko":"므소웨로","pt-BR":"Msowero","pt":"Msowero","nl":"Msowero","hr":"Msowero","fa":"مسوورو","de":"Msowero","es":"Msowero","fr":"Msowero","ja":"ムソウェロ","it":"Msowero","zh-CN":"姆索韦罗","tr":"Msowero","ru":"Мсоверо","uk":"Мсоверо","pl":"Msowero","hi":"म्सोवरो","ar":"مسوورو"},"wikiDataId":"Q3711197"},{"id":109216,"name":"Mtimbira","state_id":1470,"state_code":"16","state_name":"Morogoro","country_id":218,"country_code":"TZ","country_name":"Tanzania","latitude":"-8.78333000","longitude":"36.35000000","native":"Kata","type":"city","level":null,"parent_id":null,"population":11122,"timezone":"Africa/Dar_es_Salaam","translations":{"br":"Mtimbira","ko":"음팀비라","pt-BR":"Mtimbira","pt":"Mtimbira","nl":"Mtimbira","hr":"Mtimbira","fa":"متیمبیرا","de":"Mtimbira","es":"Mtimbira","fr":"Mtimbira","ja":"ムティンビラ","it":"Mtimbira","zh-CN":"姆廷比拉","tr":"Mtimbira","ru":"Мтимбира","uk":"Мтімбіра","pl":"Mtimbira","hi":"मटिम्बिरा","ar":"متيمبيرا"},"wikiDataId":"Q13124271"},{"id":109228,"name":"Mvomero","state_id":1470,"state_code":"16","state_name":"Morogoro","country_id":218,"country_code":"TZ","country_name":"Tanzania","latitude":"-6.30000000","longitude":"37.45000000","native":"Wilaya ya Mvomero","type":"district","level":null,"parent_id":null,"population":0,"timezone":"Africa/Dar_es_Salaam","translations":{"br":"Distrig Mvomero","ko":"음보메로 지구","pt-BR":"Distrito de Mvomero","pt":"Distrito de Mvomero","nl":"Mvomero-district","hr":"Okrug Mvomero","fa":"ناحیه موومرو","de":"Mvomero-Distrikt","es":"Distrito de Mvomero","fr":"District de Mvomero","ja":"ムヴォメロ地区","it":"Distretto di Mvomero","zh-CN":"姆沃梅罗区","tr":"Mvomero Bölgesi","ru":"Район Мвомеро","uk":"Район Мвомеро","pl":"Dystrykt Mvomero","hi":"मवोमेरो जिला","ar":"منطقة مفوميرو"},"wikiDataId":"Q3711212"},{"id":109252,"name":"Ngerengere","state_id":1470,"state_code":"16","state_name":"Morogoro","country_id":218,"country_code":"TZ","country_name":"Tanzania","latitude":"-6.75000000","longitude":"38.11667000","native":"Ngerengere","type":"city","level":null,"parent_id":null,"population":17181,"timezone":"Africa/Dar_es_Salaam","translations":{"br":"Ngerengere","ko":"응게렌게레","pt-BR":"Ngerengere","pt":"Ngerengere","nl":"Ngerengere","hr":"Ngerengere","fa":"نگرنگره","de":"Ngerengere","es":"Ngerengere","fr":"Ngerengere","ja":"ンゲレンゲレ","it":"Ngerengere","zh-CN":"恩格伦盖雷","tr":"Ngerengere","ru":"Нгеренгере","uk":"Нгеренгере","pl":"Ngerengere","hi":"न्गेरेंगेरे","ar":"نجيرينجري"},"wikiDataId":"Q3875760"}]