[{"id":109074,"name":"Igugunu","state_id":1474,"state_code":"23","state_name":"Singida","country_id":218,"country_code":"TZ","country_name":"Tanzania","latitude":"-4.56667000","longitude":"34.63333000","native":"Igugunu","type":"city","level":null,"parent_id":null,"population":22810,"timezone":"Africa/Dar_es_Salaam","translations":{"br":"Igugunu","ko":"이구구누","pt-BR":"Igugunu","pt":"Igugunu","nl":"Igugunu","hr":"Igugunu","fa":"ایگوگونو","de":"Igugunu","es":"Igugunu","fr":"Igugunu","ja":"イググヌ","it":"Igugunu","zh-CN":"伊古古努","tr":"Igugunu","ru":"Игугуну","uk":"Ігугуну","pl":"Igugunu","hi":"इगुगुनु","ar":"إيغوغونو"},"wikiDataId":"Q13123047"},{"id":109076,"name":"Ikungi","state_id":1474,"state_code":"23","state_name":"Singida","country_id":218,"country_code":"TZ","country_name":"Tanzania","latitude":"-5.13333000","longitude":"34.76667000","native":"Ikungi","type":"city","level":null,"parent_id":null,"population":19692,"timezone":"Africa/Dar_es_Salaam","translations":{"br":"Ikungi","ko":"이쿵기","pt-BR":"Ikungi","pt":"Ikungi","nl":"Ikungi","hr":"Ikungi","fa":"ایکونگی","de":"Ikungi","es":"Ikungi","fr":"Ikungi","ja":"イクンギ","it":"Ikungi","zh-CN":"伊孔吉","tr":"Ikungi","ru":"Икунги","uk":"Ікунгі","pl":"Ikungi","hi":"इकुंगी","ar":"إيكونجي"},"wikiDataId":"Q13123059"},{"id":109080,"name":"Ilongero","state_id":1474,"state_code":"23","state_name":"Singida","country_id":218,"country_code":"TZ","country_name":"Tanzania","latitude":"-4.66667000","longitude":"34.86667000","native":"Ilongero","type":"city","level":null,"parent_id":null,"population":17342,"timezone":"Africa/Dar_es_Salaam","translations":{"br":"Ilongero","ko":"일롱게로","pt-BR":"Ilongero","pt":"Ilongero","nl":"Ilongero","hr":"Ilongero","fa":"ایلونگرو","de":"Ilongero","es":"Ilongero","fr":"Ilongero","ja":"イロンジェロ","it":"Ilongaro","zh-CN":"伊隆杰罗","tr":"Ilongero","ru":"Илонгеро","uk":"Ілонгеро","pl":"Ilongero","hi":"इलोंगेरो","ar":"إيلونغيرو"},"wikiDataId":"Q5997545"},{"id":109086,"name":"Itigi","state_id":1474,"state_code":"23","state_name":"Singida","country_id":218,"country_code":"TZ","country_name":"Tanzania","latitude":"-5.70000000","longitude":"34.48333000","native":"Itigi","type":"city","level":null,"parent_id":null,"population":24000,"timezone":"Africa/Dar_es_Salaam","translations":{"br":"Itigi","ko":"이티기","pt-BR":"Itigi","pt":"Itigi","nl":"Itigi","hr":"Itigi","fa":"ایتیگی","de":"Itigi","es":"Itigi","fr":"Itigi","ja":"イティギ","it":"Itigi","zh-CN":"伊蒂吉","tr":"Itigi","ru":"Итиги","uk":"Ітігі","pl":"Itigi","hi":"इतिगी","ar":"إيتيجي"},"wikiDataId":"Q13123112"},{"id":109113,"name":"Kilimatinde","state_id":1474,"state_code":"23","state_name":"Singida","country_id":218,"country_code":"TZ","country_name":"Tanzania","latitude":"-5.85000000","longitude":"34.95000000","native":"Rug","type":"city","level":null,"parent_id":null,"population":5975,"timezone":"Africa/Dar_es_Salaam","translations":{"br":"Kilimatinde","ko":"킬리마틴데","pt-BR":"Kilimatinde","pt":"Kilimatinde","nl":"Kilimatinde","hr":"Kilimatinde","fa":"کلیماتینده","de":"Kilimatinde","es":"Kilimatinde","fr":"Kilimatinde","ja":"キリマティンデ","it":"Kilimatinde","zh-CN":"基利马丁德","tr":"Kilimatinde","ru":"Килиматинде","uk":"Кіліматінде","pl":"Kilimatinde","hi":"किलिमाटिंडे","ar":"كليماتيندي"},"wikiDataId":"Q6406979"},{"id":109118,"name":"Kintinku","state_id":1474,"state_code":"23","state_name":"Singida","country_id":218,"country_code":"TZ","country_name":"Tanzania","latitude":"-5.88333000","longitude":"35.23333000","native":"Yako","type":"city","level":null,"parent_id":null,"population":7906,"timezone":"Africa/Dar_es_Salaam","translations":{"br":"Kintinku","ko":"킨틴쿠","pt-BR":"Kintinku","pt":"Kintinku","nl":"Kintinku","hr":"Kintinku","fa":"کینتینکو","de":"Kintinku","es":"Kintinku","fr":"Kintinku","ja":"キンティンク","it":"Kintinku","zh-CN":"金廷库","tr":"Kintinku","ru":"Кинтинку","uk":"Кінтінку","pl":"Kintinku","hi":"किंटिंकु","ar":"كينتينكو"},"wikiDataId":"Q13123489"},{"id":109119,"name":"Kiomboi","state_id":1474,"state_code":"23","state_name":"Singida","country_id":218,"country_code":"TZ","country_name":"Tanzania","latitude":"-4.26667000","longitude":"34.36667000","native":"Kiomboi","type":"city","level":null,"parent_id":null,"population":23519,"timezone":"Africa/Dar_es_Salaam","translations":{"br":"Kiomboi","ko":"키옴보이","pt-BR":"Kiomboi","pt":"Kiomboi","nl":"Kiomboi","hr":"Kiomboi","fa":"کیومبوی","de":"Kiomboi","es":"Kiomboi","fr":"Kiomboi","ja":"キオンボイ","it":"Kiomboi","zh-CN":"基奥姆博伊","tr":"Kiomboi","ru":"Киомбой","uk":"Кіомбой","pl":"Kiomboi","hi":"किओम्बोई","ar":"كيومبوي"},"wikiDataId":"Q11929863"},{"id":109194,"name":"Mgandu","state_id":1474,"state_code":"23","state_name":"Singida","country_id":218,"country_code":"TZ","country_name":"Tanzania","latitude":"-5.95000000","longitude":"34.13333000","native":"Kamili","type":"city","level":null,"parent_id":null,"population":23718,"timezone":"Africa/Dar_es_Salaam","translations":{"br":"Mgandu","ko":"므간두","pt-BR":"Mgandu","pt":"Mgandu","nl":"Mgandu","hr":"Mgandu","fa":"مگاندو","de":"Mgandu","es":"Mgandu","fr":"Mgandu","ja":"ムガンドゥ","it":"Mgandu","zh-CN":"姆甘杜","tr":"Mgandu","ru":"Мганду","uk":"Мганду","pl":"Mgandu","hi":"मगंडु","ar":"مغاندو"},"wikiDataId":"Q6826825"},{"id":109217,"name":"Mtinko","state_id":1474,"state_code":"23","state_name":"Singida","country_id":218,"country_code":"TZ","country_name":"Tanzania","latitude":"-4.55000000","longitude":"34.85000000","native":"Mtinko","type":"city","level":null,"parent_id":null,"population":26725,"timezone":"Africa/Dar_es_Salaam","translations":{"br":"Mtinko","ko":"므팅코","pt-BR":"Mtinko","pt":"Mtinko","nl":"Mtinko","hr":"Mtinko","fa":"متینکو","de":"Mtinko","es":"Mtinko","fr":"Mtinko","ja":"ムティンコ","it":"Mtinko","zh-CN":"姆廷科","tr":"Mtinko","ru":"Мтинко","uk":"Мтінко","pl":"Mtinko","hi":"म्टिंको","ar":"متنكو"},"wikiDataId":"Q13124271"},{"id":109224,"name":"Mungaa","state_id":1474,"state_code":"23","state_name":"Singida","country_id":218,"country_code":"TZ","country_name":"Tanzania","latitude":"-4.96667000","longitude":"34.88333000","native":"Mungaa","type":"city","level":null,"parent_id":null,"population":16715,"timezone":"Africa/Dar_es_Salaam","translations":{"br":"Mungaa","ko":"문가","pt-BR":"Mungaa","pt":"Mungaa","nl":"Mungaa","hr":"Mungaa","fa":"مونگا","de":"Mungaa","es":"Mungaa","fr":"Mungaa","ja":"ムンガー","it":"Mungaa","zh-CN":"蒙加","tr":"Mungaa","ru":"Мунгаа","uk":"Мунгаа","pl":"Mungaa","hi":"मुंगा","ar":"مونجا"},"wikiDataId":"Q13124334"},{"id":109247,"name":"Ndago","state_id":1474,"state_code":"23","state_name":"Singida","country_id":218,"country_code":"TZ","country_name":"Tanzania","latitude":"-4.60000000","longitude":"34.35000000","native":"Ndago","type":"city","level":null,"parent_id":null,"population":13012,"timezone":"Africa/Dar_es_Salaam","translations":{"br":"Ndago","ko":"은다고","pt-BR":"Ndago","pt":"Ndago","nl":"Ndago","hr":"Ndago","fa":"نداگو","de":"Ndago","es":"Ndago","fr":"Ndago","ja":"ンダゴ","it":"Ndago","zh-CN":"恩达戈","tr":"Ndago","ru":"Ндаго","uk":"Ндаго","pl":"Ndago","hi":"नदागो","ar":"نداغو"},"wikiDataId":"Q6983666"},{"id":109271,"name":"Puma","state_id":1474,"state_code":"23","state_name":"Singida","country_id":218,"country_code":"TZ","country_name":"Tanzania","latitude":"-5.00000000","longitude":"34.73333000","native":"Puma","type":"city","level":null,"parent_id":null,"population":17092,"timezone":"Africa/Dar_es_Salaam","translations":{"br":"Puma","ko":"퓨마","pt-BR":"Puma","pt":"Puma","nl":"Poema","hr":"Puma","fa":"پوما","de":"Puma","es":"Puma","fr":"Puma","ja":"プーマ","it":"Puma","zh-CN":"彪马","tr":"Puma","ru":"Пума","uk":"Пума","pl":"Puma","hi":"प्यूमा","ar":"بوما"},"wikiDataId":"Q1851848"},{"id":109275,"name":"Sepuka","state_id":1474,"state_code":"23","state_name":"Singida","country_id":218,"country_code":"TZ","country_name":"Tanzania","latitude":"-4.75000000","longitude":"34.53333000","native":"Sepuka","type":"city","level":null,"parent_id":null,"population":25657,"timezone":"Africa/Dar_es_Salaam","translations":{"br":"Sepuka","ko":"세푸카","pt-BR":"Sepuka","pt":"Sepuka","nl":"Sepuka","hr":"Sepuka","fa":"سپوکا","de":"Sepuka","es":"Sepuka","fr":"Sepuka","ja":"セプカ","it":"Sepuka","zh-CN":"塞普卡","tr":"Sepuka","ru":"Сепука","uk":"Сепука","pl":"Sepuka","hi":"सेपुका","ar":"سيبوكا"},"wikiDataId":"Q13124872"},{"id":109276,"name":"Shelui","state_id":1474,"state_code":"23","state_name":"Singida","country_id":218,"country_code":"TZ","country_name":"Tanzania","latitude":"-4.36667000","longitude":"34.20000000","native":"Shelui","type":"city","level":null,"parent_id":null,"population":24817,"timezone":"Africa/Dar_es_Salaam","translations":{"br":"Shelui","ko":"셸루이","pt-BR":"Shelui","pt":"Shelui","nl":"Shelui","hr":"Shelui","fa":"شلویی","de":"Shelui","es":"Shelui","fr":"Shelui","ja":"シェルイ","it":"Shelui","zh-CN":"舍吕","tr":"Shelui","ru":"Шелуй","uk":"Шелуй","pl":"Shelui","hi":"शेलुई","ar":"شيلوي"},"wikiDataId":"Q7494040"},{"id":109279,"name":"Singida","state_id":1474,"state_code":"23","state_name":"Singida","country_id":218,"country_code":"TZ","country_name":"Tanzania","latitude":"-4.81629000","longitude":"34.74358000","native":"Singida","type":"adm1","level":null,"parent_id":null,"population":232459,"timezone":"Africa/Dar_es_Salaam","translations":{"br":"Singida","ko":"싱기다","pt-BR":"Singida","pt":"Singida","nl":"Singida","hr":"Singida","fa":"سینگیدا","de":"Singida","es":"Singida","fr":"Singida","ja":"シンギダ","it":"Singida","zh-CN":"辛吉达","tr":"Singida","ru":"Сингида","uk":"Сінгіда","pl":"Singida","hi":"सिंगिदा","ar":"سينجيدا"},"wikiDataId":"Q153331"}]