[{"id":109058,"name":"Chala","state_id":1477,"state_code":"20","state_name":"Rukwa","country_id":218,"country_code":"TZ","country_name":"Tanzania","latitude":"-7.58333000","longitude":"31.26667000","native":"Chala","type":"city","level":null,"parent_id":null,"population":22624,"timezone":"Africa/Dar_es_Salaam","translations":{"br":"Chala","ko":"찰라","pt-BR":"Chala","pt":"Chala","nl":"Chala","hr":"Čala","fa":"چالا","de":"Chala","es":"Chala","fr":"Chala","ja":"チャラ","it":"Chala","zh-CN":"查拉","tr":"Çala","ru":"Чала","uk":"Чала","pl":"Chala","hi":"चला","ar":"شالا"},"wikiDataId":"Q993159"},{"id":109120,"name":"Kirando","state_id":1477,"state_code":"20","state_name":"Rukwa","country_id":218,"country_code":"TZ","country_name":"Tanzania","latitude":"-7.41667000","longitude":"30.60000000","native":"Kirando","type":"city","level":null,"parent_id":null,"population":33111,"timezone":"Africa/Dar_es_Salaam","translations":{"br":"Kirando","ko":"키란도","pt-BR":"Kirando","pt":"Kirando","nl":"Kirando","hr":"Kirando","fa":"کیراندو","de":"Kirando","es":"Kirando","fr":"Kirando","ja":"キランド","it":"Kirando","zh-CN":"基兰多","tr":"Kirando","ru":"Кирандо","uk":"Кірандо","pl":"Kirando","hi":"किरांडो","ar":"كيراندو"},"wikiDataId":"Q11929863"},{"id":109139,"name":"Laela","state_id":1477,"state_code":"20","state_name":"Rukwa","country_id":218,"country_code":"TZ","country_name":"Tanzania","latitude":"-8.56667000","longitude":"32.05000000","native":"Agizo","type":"city","level":null,"parent_id":null,"population":19185,"timezone":"Africa/Dar_es_Salaam","translations":{"br":"Laela","ko":"라엘라","pt-BR":"Laela","pt":"Laela","nl":"Laela","hr":"Laela","fa":"لیلا","de":"Laela","es":"Laela","fr":"Laela","ja":"ラエラ","it":"Laela","zh-CN":"莱拉","tr":"Laela","ru":"Лаэла","uk":"Лаела","pl":"Laela","hi":"लेला","ar":"ليلى"},"wikiDataId":"Q12731755"},{"id":109180,"name":"Matai","state_id":1477,"state_code":"20","state_name":"Rukwa","country_id":218,"country_code":"TZ","country_name":"Tanzania","latitude":"-8.30000000","longitude":"31.51667000","native":"Mwalimu","type":"city","level":null,"parent_id":null,"population":24070,"timezone":"Africa/Dar_es_Salaam","translations":{"br":"Matai","ko":"마타이","pt-BR":"Matai","pt":"Matai","nl":"Matai","hr":"Matai","fa":"ماتای","de":"Matai","es":"Matai","fr":"Matai","ja":"マタイ","it":"Matai","zh-CN":"马泰","tr":"Matai","ru":"Матай","uk":"Матай","pl":"Matai","hi":"मताई","ar":"ماتاي"},"wikiDataId":"Q6272925"},{"id":109239,"name":"Namanyere","state_id":1477,"state_code":"20","state_name":"Rukwa","country_id":218,"country_code":"TZ","country_name":"Tanzania","latitude":"-7.51667000","longitude":"31.05000000","native":"Namanyere","type":"city","level":null,"parent_id":null,"population":40000,"timezone":"Africa/Dar_es_Salaam","translations":{"br":"Anv all","ko":"나만예레","pt-BR":"Namanyere","pt":"Namanyere","nl":"Namanyere","hr":"Namanyere","fa":"نامانیر","de":"Namanyere","es":"Namanyere","fr":"Namanyere","ja":"ナマニエレ","it":"Namanyere","zh-CN":"纳曼耶尔","tr":"Namanyere","ru":"Наманьере","uk":"Наман'єре","pl":"Namanyere","hi":"नामन्येरे","ar":"نامانيري"},"wikiDataId":"Q6961283"},{"id":109258,"name":"Nkove","state_id":1477,"state_code":"20","state_name":"Rukwa","country_id":218,"country_code":"TZ","country_name":"Tanzania","latitude":"-7.95000000","longitude":"30.85000000","native":"Nkove","type":"city","level":null,"parent_id":null,"population":5389,"timezone":"Africa/Dar_es_Salaam","translations":{"br":"Nkove","ko":"은코베","pt-BR":"Nkove","pt":"Nkove","nl":"Nkove","hr":"Nkove","fa":"نکوو","de":"Nkove","es":"Nkove","fr":"Nkove","ja":"ンコヴェ","it":"Nkove","zh-CN":"恩科韦","tr":"Nkove","ru":"Нкове","uk":"Нкове","pl":"Nkove","hi":"नकोव","ar":"نكوف"},"wikiDataId":"Q7192944"},{"id":109286,"name":"Sumbawanga","state_id":1477,"state_code":"20","state_name":"Rukwa","country_id":218,"country_code":"TZ","country_name":"Tanzania","latitude":"-7.96667000","longitude":"31.61667000","native":"Sumbawanga","type":"adm1","level":null,"parent_id":null,"population":303986,"timezone":"Africa/Dar_es_Salaam","translations":{"br":"Sumbawanga","ko":"숨바왕가","pt-BR":"Sumbawanga","pt":"Sumbawanga","nl":"Sumbawanga","hr":"Sumbawanga","fa":"سومباوانگا","de":"Sumbawanga","es":"Sumbawanga","fr":"Sumbawanga","ja":"スンバワンガ","it":"Sumbawanga","zh-CN":"松巴旺加","tr":"Sumbawanga","ru":"Сумбаванга","uk":"Сумбаванга","pl":"Sumbawanga","hi":"सुम्बावांगा","ar":"سومباوانجا"},"wikiDataId":"Q115323"}]