[{"id":109090,"name":"Kakonko","state_id":1478,"state_code":"08","state_name":"Kigoma","country_id":218,"country_code":"TZ","country_name":"Tanzania","latitude":"-3.28278000","longitude":"30.96417000","native":"Kakonko","type":"city","level":null,"parent_id":null,"population":24688,"timezone":"Africa/Dar_es_Salaam","translations":{"br":"Kakonko","ko":"카콘코","pt-BR":"Kakonko","pt":"Kakonko","nl":"Kakonko","hr":"Kakonko","fa":"کاکونکو","de":"Kakonko","es":"Kakonko","fr":"Kakonko","ja":"カコンコ","it":"Kakonko","zh-CN":"卡孔科","tr":"Kakonko","ru":"Каконко","uk":"Каконко","pl":"Kakonko","hi":"काकोन्को","ar":"كاكونكو"},"wikiDataId":"Q6346798"},{"id":109095,"name":"Kasulu","state_id":1478,"state_code":"08","state_name":"Kigoma","country_id":218,"country_code":"TZ","country_name":"Tanzania","latitude":"-4.57667000","longitude":"30.10250000","native":"Kasulu","type":"city","level":null,"parent_id":null,"population":234452,"timezone":"Africa/Dar_es_Salaam","translations":{"br":"Kasulu","ko":"카술루","pt-BR":"Kasulu","pt":"Kasulu","nl":"Kasulu","hr":"Kasulu","fa":"کاسولو","de":"Kasulu","es":"Kasulu","fr":"Kasulu","ja":"カスル","it":"Kasulu","zh-CN":"卡苏鲁","tr":"Kasulu","ru":"Касулу","uk":"Касулу","pl":"Kasulu","hi":"कासुलु","ar":"كاسولو"},"wikiDataId":"Q15554012"},{"id":109105,"name":"Kibondo","state_id":1478,"state_code":"08","state_name":"Kigoma","country_id":218,"country_code":"TZ","country_name":"Tanzania","latitude":"-3.58639000","longitude":"30.72028000","native":"Kibondo","type":"city","level":null,"parent_id":null,"population":28666,"timezone":"Africa/Dar_es_Salaam","translations":{"br":"Kibondo","ko":"키본도","pt-BR":"Kibondo","pt":"Kibondo","nl":"Kibondo","hr":"Kibondo","fa":"کیبوندو","de":"Kibondo","es":"Kibondo","fr":"Kibondo","ja":"キボンド","it":"Kibondo","zh-CN":"基邦多","tr":"Kibondo","ru":"Кибондо","uk":"Кібондо","pl":"Kibondo","hi":"किबोंडो","ar":"كيبوندو"},"wikiDataId":"Q6403941"},{"id":109108,"name":"Kigoma","state_id":1478,"state_code":"08","state_name":"Kigoma","country_id":218,"country_code":"TZ","country_name":"Tanzania","latitude":"-4.87694000","longitude":"29.62667000","native":"Kigoma","type":"adm1","level":null,"parent_id":null,"population":232388,"timezone":"Africa/Dar_es_Salaam","translations":{"br":"Kigoma","ko":"키고마","pt-BR":"Kigoma","pt":"Kigoma","nl":"Kigoma","hr":"Kigoma","fa":"کیگوما","de":"Kigoma","es":"Kigoma","fr":"Kigoma","ja":"キゴマ","it":"Kigoma","zh-CN":"基戈马","tr":"Kigoma","ru":"Кигома","uk":"Кігома","pl":"Kigoma","hi":"किगोमा","ar":"كيغوما"},"wikiDataId":"Q244509"},{"id":109152,"name":"Mabamba","state_id":1478,"state_code":"08","state_name":"Kigoma","country_id":218,"country_code":"TZ","country_name":"Tanzania","latitude":"-3.59833000","longitude":"30.50194000","native":"Mabamba","type":"city","level":null,"parent_id":null,"population":14140,"timezone":"Africa/Dar_es_Salaam","translations":{"br":"Mabamba","ko":"마밤바","pt-BR":"Mabamba","pt":"Mabamba","nl":"Mabamba","hr":"Mabamba","fa":"مابامبا","de":"Mabamba","es":"Mabamba","fr":"Mabamba","ja":"マバンバ","it":"Mabamba","zh-CN":"马班巴","tr":"Mabamba","ru":"Мабамба","uk":"Мабамба","pl":"Mabamba","hi":"मबाम्बा","ar":"مابامبا"},"wikiDataId":"Q1877120"},{"id":109230,"name":"Mwandiga","state_id":1478,"state_code":"08","state_name":"Kigoma","country_id":218,"country_code":"TZ","country_name":"Tanzania","latitude":"-4.83000000","longitude":"29.65806000","native":"Mwandiga","type":"city","level":null,"parent_id":null,"population":16822,"timezone":"Africa/Dar_es_Salaam","translations":{"br":"Mwandiga","ko":"므완디가","pt-BR":"Mwandiga","pt":"Mwandiga","nl":"Mwandiga","hr":"Mwandiga","fa":"موآندیگا","de":"Mwandiga","es":"Mwandiga","fr":"Mwandiga","ja":"ムワンディガ","it":"Mwandiga","zh-CN":"姆万迪加","tr":"Mwandiga","ru":"Мвандига","uk":"Мвандіга","pl":"Mwandiga","hi":"म्वांडीगा","ar":"مواندايجا"},"wikiDataId":"Q20621755"},{"id":109255,"name":"Nguruka","state_id":1478,"state_code":"08","state_name":"Kigoma","country_id":218,"country_code":"TZ","country_name":"Tanzania","latitude":"-5.10917000","longitude":"31.04194000","native":"Nguruka","type":"city","level":null,"parent_id":null,"population":39135,"timezone":"Africa/Dar_es_Salaam","translations":{"br":"Nguruka","ko":"응구루카","pt-BR":"Nguruka","pt":"Nguruka","nl":"Nguruka","hr":"Nguruka","fa":"نگوروکا","de":"Nguruka","es":"Nguruka","fr":"Nguruka","ja":"ングルカ","it":"Nguruka","zh-CN":"恩古鲁卡","tr":"Nguruka","ru":"Нгурука","uk":"Нгурука","pl":"Nguruka","hi":"न्गुरुका","ar":"نجوروكا"},"wikiDataId":"Q7192944"},{"id":109299,"name":"Uvinza","state_id":1478,"state_code":"08","state_name":"Kigoma","country_id":218,"country_code":"TZ","country_name":"Tanzania","latitude":"-5.10361000","longitude":"30.39111000","native":"Uvinza","type":"city","level":null,"parent_id":null,"population":24650,"timezone":"Africa/Dar_es_Salaam","translations":{"br":"Uvinza","ko":"우빈자","pt-BR":"Uvinza","pt":"Uvinza","nl":"Uvinza","hr":"Uvinza","fa":"اووینزا","de":"Uvinza","es":"Uvinza","fr":"Uvinza","ja":"ウヴィンザ","it":"Uvinza","zh-CN":"乌温扎","tr":"Uvinza","ru":"Увинза","uk":"Увінза","pl":"Uvinza","hi":"उविंजा","ar":"أوفينزا"},"wikiDataId":"Q133448"}]