[{"id":109079,"name":"Ilemela","state_id":1479,"state_code":"18","state_name":"Mwanza","country_id":218,"country_code":"TZ","country_name":"Tanzania","latitude":"-2.44783000","longitude":"33.03177000","native":"Wilaya ya Ilemela","type":"district","level":null,"parent_id":null,"population":509687,"timezone":"Africa/Dar_es_Salaam","translations":{"br":"Distrig Ilemela","ko":"일레멜라 지구","pt-BR":"Distrito de Ilemela","pt":"Distrito de Ilemela","nl":"Ilemela-district","hr":"Okrug Ilemela","fa":"ناحیه ایلِمِلا","de":"Bezirk Ilemela","es":"Distrito de Ilemela","fr":"District d'Ilemela","ja":"イレメラ地区","it":"Distretto di Ilemela","zh-CN":"伊莱梅拉区","tr":"Ilemela Bölgesi","ru":"Район Илемела","uk":"Район Ілемела","pl":"Dystrykt Ilemela","hi":"इलेमेला जिला","ar":"منطقة إيليميلا"},"wikiDataId":"Q5997545"},{"id":109110,"name":"Kihangara","state_id":1479,"state_code":"18","state_name":"Mwanza","country_id":218,"country_code":"TZ","country_name":"Tanzania","latitude":"-2.58333000","longitude":"33.35000000","native":"Khangira","type":"city","level":null,"parent_id":null,"population":19082,"timezone":"Africa/Dar_es_Salaam","translations":{"br":"Kihangara","ko":"키항가라","pt-BR":"Kihangara","pt":"Kihangara","nl":"Kihangara","hr":"Kihangara","fa":"کیهانگارا","de":"Kihangara","es":"Kihangara","fr":"Kihangara","ja":"キハンガラ","it":"Kihangara","zh-CN":"基汉加拉","tr":"Kihangara","ru":"Кихангара","uk":"Кіхангара","pl":"Kihangara","hi":"किहंगारा","ar":"كيهانغارا"},"wikiDataId":"Q244509"},{"id":109171,"name":"Malya","state_id":1479,"state_code":"18","state_name":"Mwanza","country_id":218,"country_code":"TZ","country_name":"Tanzania","latitude":"-2.98333000","longitude":"33.51667000","native":"Malya","type":"city","level":null,"parent_id":null,"population":12627,"timezone":"Africa/Dar_es_Salaam","translations":{"br":"Malya","ko":"말리아","pt-BR":"Malya","pt":"Malya","nl":"Malya","hr":"Malja","fa":"مالیا","de":"Malya","es":"Malaya","fr":"Malya","ja":"マリア","it":"Malya","zh-CN":"马利亚","tr":"Malya","ru":"Маля","uk":"Маля","pl":"Malya","hi":"माल्या","ar":"ماليا"},"wikiDataId":"Q6272925"},{"id":109199,"name":"Misasi","state_id":1479,"state_code":"18","state_name":"Mwanza","country_id":218,"country_code":"TZ","country_name":"Tanzania","latitude":"-3.00000000","longitude":"33.08333000","native":"Nini","type":"city","level":null,"parent_id":null,"population":14170,"timezone":"Africa/Dar_es_Salaam","translations":{"br":"Misasi","ko":"미사시","pt-BR":"Misasi","pt":"Misasi","nl":"Misasi","hr":"Misasi","fa":"میساسی","de":"Misasi","es":"Misasi","fr":"Misasi","ja":"ミサシ","it":"Misasi","zh-CN":"米萨西","tr":"Misasi","ru":"Мисаси","uk":"Місасі","pl":"Misasi","hi":"मिसासी","ar":"ميساسي"},"wikiDataId":"Q6850269"},{"id":109200,"name":"Misungwi","state_id":1479,"state_code":"18","state_name":"Mwanza","country_id":218,"country_code":"TZ","country_name":"Tanzania","latitude":"-2.85000000","longitude":"33.08333000","native":"Misungwi","type":"city","level":null,"parent_id":null,"population":35530,"timezone":"Africa/Dar_es_Salaam","translations":{"br":"Misungwi","ko":"미숭귀","pt-BR":"Misungwi","pt":"Misungwi","nl":"Misungwi","hr":"Misungwi","fa":"میسونگوی","de":"Misungwi","es":"Misungwi","fr":"Misungwi","ja":"ミスンウィ","it":"Misungwi","zh-CN":"美成威","tr":"Misungwi","ru":"Мисунгви","uk":"Місунґві","pl":"Misungwi","hi":"मिसुंगवी","ar":"ميسونغوي"},"wikiDataId":"Q6850269"},{"id":109232,"name":"Mwanza","state_id":1479,"state_code":"18","state_name":"Mwanza","country_id":218,"country_code":"TZ","country_name":"Tanzania","latitude":"-2.51667000","longitude":"32.90000000","native":"Mwanza","type":"adm1","level":null,"parent_id":null,"population":1104521,"timezone":"Africa/Dar_es_Salaam","translations":{"br":"Mwanza","ko":"므완자","pt-BR":"Mwanza","pt":"Mwanza","nl":"Mwanza","hr":"Mwanza","fa":"موانزا","de":"Mwanza","es":"Mwanza","fr":"Mwanza","ja":"ムワンザ","it":"Mwanza","zh-CN":"姆万扎","tr":"Mwanza","ru":"Мванза","uk":"Мванза","pl":"Mwanza","hi":"म्वांजा","ar":"موانزا"},"wikiDataId":"Q110218"},{"id":109254,"name":"Ngudu","state_id":1479,"state_code":"18","state_name":"Mwanza","country_id":218,"country_code":"TZ","country_name":"Tanzania","latitude":"-2.96667000","longitude":"33.33333000","native":"Ngudu","type":"city","level":null,"parent_id":null,"population":32446,"timezone":"Africa/Dar_es_Salaam","translations":{"br":"Ngudu","ko":"응구두","pt-BR":"Ngudu","pt":"Ngudu","nl":"Ngudu","hr":"Ngudu","fa":"نگودو","de":"Ngudu","es":"Ngudu","fr":"Ngudu","ja":"ングドゥ","it":"Ngudu","zh-CN":"恩古杜","tr":"Ngudu","ru":"Нгуду","uk":"Нгуду","pl":"Ngudu","hi":"न्गुडु","ar":"نغودو"},"wikiDataId":"Q7192944"},{"id":109267,"name":"Nyanguge","state_id":1479,"state_code":"18","state_name":"Mwanza","country_id":218,"country_code":"TZ","country_name":"Tanzania","latitude":"-2.55000000","longitude":"33.20000000","native":"Nyanguge","type":"city","level":null,"parent_id":null,"population":10746,"timezone":"Africa/Dar_es_Salaam","translations":{"br":"Nyanguage","ko":"냥구게","pt-BR":"Nyanguge","pt":"Nyanguge","nl":"Nyanguge","hr":"Nyanguge","fa":"نیانگوگ","de":"Nyanguge","es":"Nyanguge","fr":"Nyanguge","ja":"ニャングゲ","it":"Nyanguge","zh-CN":"尼亚古格","tr":"Nyanguge","ru":"Ньянгуге","uk":"Ньянгуге","pl":"Nyanguge","hi":"न्यांगुगे","ar":"نيانغوغي"},"wikiDataId":"Q13124592"},{"id":109294,"name":"Usagara","state_id":1479,"state_code":"18","state_name":"Mwanza","country_id":218,"country_code":"TZ","country_name":"Tanzania","latitude":"-2.68333000","longitude":"33.00000000","native":"Usikae","type":"city","level":null,"parent_id":null,"population":15514,"timezone":"Africa/Dar_es_Salaam","translations":{"br":"Usagara","ko":"우사가라","pt-BR":"Usagara","pt":"Usagara","nl":"Usagara","hr":"Usagara","fa":"اوساگارا","de":"Usagara","es":"Usagara","fr":"Usagara","ja":"うさがら","it":"Usagara","zh-CN":"乌萨加拉","tr":"Usagara","ru":"Усагара","uk":"Усагара","pl":"Usagara","hi":"उसागरा","ar":"أوساجارا"},"wikiDataId":"Q49369134"}]