[{"id":109043,"name":"Babati","state_id":1484,"state_code":"26","state_name":"Manyara","country_id":218,"country_code":"TZ","country_name":"Tanzania","latitude":"-4.21667000","longitude":"35.75000000","native":"Babati","type":"adm1","level":null,"parent_id":null,"population":67445,"timezone":"Africa/Dar_es_Salaam","translations":{"br":"Babati","ko":"바바티","pt-BR":"Babati","pt":"Babati","nl":"Babati","hr":"Babati","fa":"باباتی","de":"Babati","es":"Babatí","fr":"Babati","ja":"ババティ","it":"Babati","zh-CN":"巴巴蒂","tr":"Babati","ru":"Бабати","uk":"Бабаті","pl":"Babati","hi":"बाबाती","ar":"باباتي"},"wikiDataId":"Q276746"},{"id":109046,"name":"Bashanet","state_id":1484,"state_code":"26","state_name":"Manyara","country_id":218,"country_code":"TZ","country_name":"Tanzania","latitude":"-4.23333000","longitude":"35.41667000","native":"Bashanet","type":"city","level":null,"parent_id":null,"population":19087,"timezone":"Africa/Dar_es_Salaam","translations":{"br":"Bashanet","ko":"바샤네트","pt-BR":"Bashanet","pt":"Bashanet","nl":"Bashanet","hr":"Bašanet","fa":"باشانت","de":"Baschanet","es":"Bashanet","fr":"Bashanet","ja":"バシャネット","it":"Bashanet","zh-CN":"巴沙内特","tr":"Başanet","ru":"Башанет","uk":"Башанет","pl":"Bashanet","hi":"बशानेट","ar":"بشنت"},"wikiDataId":"Q799843"},{"id":109047,"name":"Basotu","state_id":1484,"state_code":"26","state_name":"Manyara","country_id":218,"country_code":"TZ","country_name":"Tanzania","latitude":"-4.36667000","longitude":"35.08333000","native":"Nguvu","type":"city","level":null,"parent_id":null,"population":20937,"timezone":"Africa/Dar_es_Salaam","translations":{"br":"Basotu","ko":"바소투","pt-BR":"Basotu","pt":"Basotu","nl":"Basotu","hr":"Basotu","fa":"باسوتو","de":"Basotu","es":"Basotu","fr":"Basotu","ja":"バソトゥ","it":"Basotu","zh-CN":"巴索图","tr":"Basotu","ru":"Басоту","uk":"Басоту","pl":"Basotu","hi":"बसोटू","ar":"باسوتو"},"wikiDataId":"Q799843"},{"id":109064,"name":"Dareda","state_id":1484,"state_code":"26","state_name":"Manyara","country_id":218,"country_code":"TZ","country_name":"Tanzania","latitude":"-4.21667000","longitude":"35.55000000","native":"Dareda","type":"city","level":null,"parent_id":null,"population":19876,"timezone":"Africa/Dar_es_Salaam","translations":{"br":"Dareda","ko":"다레다","pt-BR":"Dareda","pt":"Dareda","nl":"Durven","hr":"Dareda","fa":"داردا","de":"Dareda","es":"Dareda","fr":"Dareda","ja":"ダレダ","it":"Dareda","zh-CN":"达雷达","tr":"Cesaret","ru":"Дареда","uk":"Дареда","pl":"Dareda","hi":"दारेदा","ar":"داريدا"},"wikiDataId":"Q5222492"},{"id":109066,"name":"Dongobesh","state_id":1484,"state_code":"26","state_name":"Manyara","country_id":218,"country_code":"TZ","country_name":"Tanzania","latitude":"-4.06667000","longitude":"35.38333000","native":"Dongobesh","type":"city","level":null,"parent_id":null,"population":18864,"timezone":"Africa/Dar_es_Salaam","translations":{"br":"Dongobesh","ko":"돈고베시","pt-BR":"Dongobesh","pt":"Dongobesh","nl":"Dongobesh","hr":"Dongobesh","fa":"دونگوبش","de":"Dongobesh","es":"Dongobesh","fr":"Dongobesh","ja":"ドンゴベシュ","it":"Dongobesh","zh-CN":"东戈贝什","tr":"Dongobesh","ru":"Донгобеш","uk":"Донгобеш","pl":"Dongobesh","hi":"डोंगोबेश","ar":"دونجوبيش"},"wikiDataId":"Q13122853"},{"id":109067,"name":"Endasak","state_id":1484,"state_code":"26","state_name":"Manyara","country_id":218,"country_code":"TZ","country_name":"Tanzania","latitude":"-4.41667000","longitude":"35.51667000","native":"Endasak","type":"city","level":null,"parent_id":null,"population":14576,"timezone":"Africa/Dar_es_Salaam","translations":{"br":"Endasak","ko":"엔다삭","pt-BR":"Endasak","pt":"Endasak","nl":"Endasak","hr":"Endasak","fa":"انداساک","de":"Endasak","es":"Endasak","fr":"Endasak","ja":"エンダサック","it":"Endasak","zh-CN":"恩达萨克","tr":"Endasak","ru":"Эндасак","uk":"Ендасак","pl":"Endasak","hi":"एंडासाक","ar":"إنداساك"},"wikiDataId":"Q49349721"},{"id":109068,"name":"Galappo","state_id":1484,"state_code":"26","state_name":"Manyara","country_id":218,"country_code":"TZ","country_name":"Tanzania","latitude":"-4.26667000","longitude":"35.85000000","native":"Galappo","type":"city","level":null,"parent_id":null,"population":18528,"timezone":"Africa/Dar_es_Salaam","translations":{"br":"Galappo","ko":"갈라포","pt-BR":"Galappo","pt":"Galappo","nl":"Galappo","hr":"Galappo","fa":"گالاپو","de":"Galappo","es":"Galappo","fr":"Galappo","ja":"ガラッポ","it":"Galappo","zh-CN":"加拉波","tr":"Galappo","ru":"Галаппо","uk":"Галаппо","pl":"Galappo","hi":"गैलाप्पो","ar":"جزر غالابو"},"wikiDataId":"Q49349721"},{"id":109097,"name":"Katesh","state_id":1484,"state_code":"26","state_name":"Manyara","country_id":218,"country_code":"TZ","country_name":"Tanzania","latitude":"-4.52483000","longitude":"35.38490000","native":"Duka","type":"city","level":null,"parent_id":null,"population":21462,"timezone":"Africa/Dar_es_Salaam","translations":{"br":"Katesh","ko":"카테쉬","pt-BR":"Katesh","pt":"Katesh","nl":"Katesh","hr":"Kateš","fa":"کاتش","de":"Katesh","es":"Katesh","fr":"Katesh","ja":"カテシュ","it":"Katesh","zh-CN":"卡特什","tr":"Kateş","ru":"Катеш","uk":"Катеш","pl":"Katesh","hi":"कटेश","ar":"كاتيش"},"wikiDataId":"Q13123273"},{"id":109103,"name":"Kibaya","state_id":1484,"state_code":"26","state_name":"Manyara","country_id":218,"country_code":"TZ","country_name":"Tanzania","latitude":"-5.30000000","longitude":"36.56667000","native":"Kibaya","type":"city","level":null,"parent_id":null,"population":5028,"timezone":"Africa/Dar_es_Salaam","translations":{"br":"Kibaya","ko":"키바야","pt-BR":"Kibaya","pt":"Kibaya","nl":"Kibaya","hr":"Kibaya","fa":"کیبایا","de":"Kibaya","es":"Kibaya","fr":"Kibaya","ja":"キバヤ","it":"Kibaya","zh-CN":"基巴亚","tr":"Kibaya","ru":"Кибая","uk":"Кібая","pl":"Kibaya","hi":"किबाया","ar":"كيبايا"},"wikiDataId":"Q6403941"},{"id":109122,"name":"Kirya","state_id":1484,"state_code":"26","state_name":"Manyara","country_id":218,"country_code":"TZ","country_name":"Tanzania","latitude":"-3.91667000","longitude":"37.48333000","native":"Kirya","type":"city","level":null,"parent_id":null,"population":3998,"timezone":"Africa/Dar_es_Salaam","translations":{"br":"Kirya","ko":"키리아","pt-BR":"Kirya","pt":"Kirya","nl":"Kirya","hr":"Kirya","fa":"کیریا","de":"Kirya","es":"Kirya","fr":"Kirya","ja":"キルヤ","it":"Kirya","zh-CN":"基里亚","tr":"Kirya","ru":"Кирья","uk":"Кір'я","pl":"Kirya","hi":"किर्या","ar":"كيريا"},"wikiDataId":"Q11929863"},{"id":109158,"name":"Magugu","state_id":1484,"state_code":"26","state_name":"Manyara","country_id":218,"country_code":"TZ","country_name":"Tanzania","latitude":"-4.01667000","longitude":"35.76667000","native":"Magugu","type":"city","level":null,"parent_id":null,"population":26131,"timezone":"Africa/Dar_es_Salaam","translations":{"br":"Magugu","ko":"마구구","pt-BR":"Magugu","pt":"Magugu","nl":"Magugu","hr":"Magugu","fa":"ماگوگو","de":"Magugu","es":"Magugu","fr":"Magugu","ja":"マググ","it":"Magugu","zh-CN":"马古古","tr":"Magugu","ru":"Магугу","uk":"Магугу","pl":"Magugu","hi":"मगुगु","ar":"ماغوغو"},"wikiDataId":"Q13123849"},{"id":109190,"name":"Mbulu","state_id":1484,"state_code":"26","state_name":"Manyara","country_id":218,"country_code":"TZ","country_name":"Tanzania","latitude":"-3.85000000","longitude":"35.53333000","native":"Mbulu","type":"city","level":null,"parent_id":null,"population":45384,"timezone":"Africa/Dar_es_Salaam","translations":{"br":"Mbulu","ko":"음불루","pt-BR":"Mbulu","pt":"Mbulu","nl":"Mbulu","hr":"Mbulu","fa":"امبولو","de":"Mbulu","es":"Mbulu","fr":"Mbulu","ja":"ムブル","it":"Mbulu","zh-CN":"姆布鲁","tr":"Mbulu","ru":"Мбулу","uk":"Мбулу","pl":"Mbulu","hi":"म्बुलु","ar":"مبولو"},"wikiDataId":"Q15252474"},{"id":109234,"name":"Naberera","state_id":1484,"state_code":"26","state_name":"Manyara","country_id":218,"country_code":"TZ","country_name":"Tanzania","latitude":"-4.20000000","longitude":"36.93333000","native":"Naberera","type":"city","level":null,"parent_id":null,"population":13499,"timezone":"Africa/Dar_es_Salaam","translations":{"br":"Naberera","ko":"나베레라","pt-BR":"Naberera","pt":"Naberera","nl":"Naberera","hr":"Naberera","fa":"نابرا","de":"Naberera","es":"Naberera","fr":"Naberera","ja":"ナベレラ","it":"Naberera","zh-CN":"纳贝雷拉","tr":"Naberera","ru":"Наберера","uk":"Наберера","pl":"Naberera","hi":"नबेरेरा","ar":"نابيريرا"},"wikiDataId":"Q13124414"},{"id":109243,"name":"Nangwa","state_id":1484,"state_code":"26","state_name":"Manyara","country_id":218,"country_code":"TZ","country_name":"Tanzania","latitude":"-4.46667000","longitude":"35.45000000","native":"Nangwa","type":"city","level":null,"parent_id":null,"population":18595,"timezone":"Africa/Dar_es_Salaam","translations":{"br":"Nangwa","ko":"낭와","pt-BR":"Nangwa","pt":"Nangwa","nl":"Nangwa","hr":"Nangwa","fa":"نانگوا","de":"Nangwa","es":"Nangwa","fr":"Nangwa","ja":"ナンワ","it":"Nangwa","zh-CN":"南瓦","tr":"Nangwa","ru":"Нангва","uk":"Нангва","pl":"Nangwa","hi":"नांगवा","ar":"نانغوا"},"wikiDataId":"Q20622164"}]