[{"id":109134,"name":"Konde","state_id":1488,"state_code":"06","state_name":"Pemba North","country_id":218,"country_code":"TZ","country_name":"Tanzania","latitude":"-4.95000000","longitude":"39.75000000","native":"Konde","type":"city","level":null,"parent_id":null,"population":9530,"timezone":"Africa/Dar_es_Salaam","translations":{"br":"Konde","ko":"콘데","pt-BR":"Konde","pt":"Konde","nl":"Konde","hr":"Konde","fa":"کونده","de":"Konde","es":"Conde","fr":"Kondé","ja":"コンデ","it":"Konde","zh-CN":"孔德","tr":"Konde","ru":"Конде","uk":"Конде","pl":"Konde","hi":"कोंडे","ar":"كوندي"},"wikiDataId":"Q35697548"},{"id":109196,"name":"Micheweni","state_id":1488,"state_code":"06","state_name":"Pemba North","country_id":218,"country_code":"TZ","country_name":"Tanzania","latitude":"-4.96667000","longitude":"39.83333000","native":"Micheweni","type":"city","level":null,"parent_id":null,"population":9838,"timezone":"Africa/Dar_es_Salaam","translations":{"br":"Micheweni","ko":"미체웨니","pt-BR":"Micheweni","pt":"Micheweni","nl":"Micheweni","hr":"Micheweni","fa":"میچوینی","de":"Micheweni","es":"Micheweni","fr":"Micheweni","ja":"ミチェウェニ","it":"Micheweni","zh-CN":"米切韦尼","tr":"Micheweni","ru":"Мичевени","uk":"Мічевені","pl":"Micheweni","hi":"मिचेवेनी","ar":"ميشويني"},"wikiDataId":"Q6826825"},{"id":109303,"name":"Wete","state_id":1488,"state_code":"06","state_name":"Pemba North","country_id":218,"country_code":"TZ","country_name":"Tanzania","latitude":"-5.05589000","longitude":"39.72938000","native":"Maarifa","type":"adm1","level":null,"parent_id":null,"population":35951,"timezone":"Africa/Dar_es_Salaam","translations":{"br":"Wete","ko":"웨테","pt-BR":"Wete","pt":"Wete","nl":"Wete","hr":"Wete","fa":"وت","de":"Wete","es":"Wete","fr":"Humide","ja":"ウェテ","it":"Wete","zh-CN":"韦特","tr":"Islak","ru":"Вете","uk":"Вете","pl":"Mokro","hi":"वेटे","ar":"ويتي"},"wikiDataId":"Q1023718"}]