[{"id":38752,"name":"Forssa","state_id":1493,"state_code":"06","state_name":"Tavastia Proper","country_id":74,"country_code":"FI","country_name":"Finland","latitude":"60.81462000","longitude":"23.62146000","native":"Forssa","type":"adm3","level":null,"parent_id":null,"population":16469,"timezone":"Europe/Helsinki","translations":{"br":"Forssa","ko":"포르사","pt-BR":"Forssa","pt":"Forssa","nl":"Forssa","hr":"Forssa","fa":"فورسا","de":"Forssa","es":"Forssa","fr":"Forssa","ja":"フォルサ","it":"Forssa","zh-CN":"福尔萨","tr":"Forssa","ru":"Форсса","uk":"Форсса","pl":"Forssa","hi":"फ़ोर्सा","ar":"فورسا"},"wikiDataId":"Q829842"},{"id":38781,"name":"Hämeenlinna","state_id":1493,"state_code":"06","state_name":"Tavastia Proper","country_id":74,"country_code":"FI","country_name":"Finland","latitude":"60.99596000","longitude":"24.46434000","native":"Hämeenlinna","type":"adm1","level":null,"parent_id":null,"population":68288,"timezone":"Europe/Helsinki","translations":{"br":"Hämeenlinna","ko":"헤멘린나","pt-BR":"Hämeenlinna","pt":"Hämeenlinna","nl":"Hämeenlinna","hr":"Hämeenlinna","fa":"هامینلینا","de":"Hämeenlinna","es":"Hämeenlinna","fr":"Hämeenlinna","ja":"ハメーンリンナ","it":"Hämeenlinna","zh-CN":"海门林纳","tr":"Hämeenlinna","ru":"Хямеэнлинна","uk":"Хямеенлінна","pl":"Hämeenlinna","hi":"हेमेनलिना","ar":"هامينلينا"},"wikiDataId":"Q202158"},{"id":38764,"name":"Hauho","state_id":1493,"state_code":"06","state_name":"Tavastia Proper","country_id":74,"country_code":"FI","country_name":"Finland","latitude":"61.17255000","longitude":"24.56303000","native":"Hauho","type":"adm3","level":null,"parent_id":null,"population":3755,"timezone":"Europe/Helsinki","translations":{"br":"Hauho","ko":"하우호","pt-BR":"Hauho","pt":"Hauho","nl":"Hauho","hr":"Hauho","fa":"هاهو","de":"Hauho","es":"Hauho","fr":"Hauho","ja":"ハウホ","it":"Hauho","zh-CN":"豪霍","tr":"Hauho","ru":"Хаухо","uk":"Хаухо","pl":"Hauho","hi":"हाउहो","ar":"هاوهو"},"wikiDataId":"Q1013639"},{"id":38767,"name":"Hausjärvi","state_id":1493,"state_code":"06","state_name":"Tavastia Proper","country_id":74,"country_code":"FI","country_name":"Finland","latitude":"60.78333000","longitude":"24.93333000","native":"Hausjärvi","type":"adm3","level":null,"parent_id":null,"population":7998,"timezone":"Europe/Helsinki","translations":{"br":"Hausjärvi","ko":"하우스야르비","pt-BR":"Hausjärvi","pt":"Hausjärvi","nl":"Hausjärvi","hr":"Hausjärvi","fa":"هاوسجاروی","de":"Hausjärvi","es":"Hausjärvi","fr":"Hausjärvi","ja":"ハウスヤルヴィ","it":"Hausjärvi","zh-CN":"豪斯耶尔维","tr":"Hausjärvi","ru":"Хаусъярви","uk":"Хаус'ярві","pl":"Hausjärvi","hi":"हौसजार्वी","ar":"هاوسجارفي"},"wikiDataId":"Q369720"},{"id":38777,"name":"Humppila","state_id":1493,"state_code":"06","state_name":"Tavastia Proper","country_id":74,"country_code":"FI","country_name":"Finland","latitude":"60.93333000","longitude":"23.36667000","native":"Humppila","type":"adm3","level":null,"parent_id":null,"population":2125,"timezone":"Europe/Helsinki","translations":{"br":"Humppila","ko":"험필라","pt-BR":"Humppila","pt":"Humppila","nl":"Humppila","hr":"Humppila","fa":"هامپیلا","de":"Humppila","es":"Humppila","fr":"Humppila","ja":"フンピラ","it":"Humppila","zh-CN":"洪皮拉","tr":"Humppila","ru":"Хумппила","uk":"Хумппіла","pl":"Humppila","hi":"हम्पपीला","ar":"هومبيلا"},"wikiDataId":"Q1025722"},{"id":38797,"name":"Janakkala","state_id":1493,"state_code":"06","state_name":"Tavastia Proper","country_id":74,"country_code":"FI","country_name":"Finland","latitude":"60.90000000","longitude":"24.60000000","native":"Janakkala","type":"adm3","level":null,"parent_id":null,"population":16123,"timezone":"Europe/Helsinki","translations":{"br":"Janakkala","ko":"자나칼라","pt-BR":"Janakkala","pt":"Janakkala","nl":"Janakkala","hr":"Janakkala","fa":"جاناکالا","de":"Janakkala","es":"Janakkala","fr":"Janakkala","ja":"ジャナカラ","it":"Janakkala","zh-CN":"贾纳卡拉","tr":"Janakkala","ru":"Джанаккала","uk":"Джанаккала","pl":"Janakkala","hi":"जानाक्काला","ar":"جاناكالا"},"wikiDataId":"Q1679567"},{"id":38799,"name":"Jokioinen","state_id":1493,"state_code":"06","state_name":"Tavastia Proper","country_id":74,"country_code":"FI","country_name":"Finland","latitude":"60.80162000","longitude":"23.48004000","native":"Jokioinen","type":"adm3","level":null,"parent_id":null,"population":4916,"timezone":"Europe/Helsinki","translations":{"br":"Jokioinen","ko":"조키오이넨","pt-BR":"Jokioinen","pt":"Jokioinen","nl":"Jokioinen","hr":"Jokioinen","fa":"جوکیواینن","de":"Jokioinen","es":"Jokioinen","fr":"Jokioinen","ja":"ヨキオイネン","it":"Jokioinen","zh-CN":"约基奥伊宁","tr":"Jokioinen","ru":"Йокиойнен","uk":"Йокіойнен","pl":"Jokioinen","hi":"जोकिओइनेन","ar":"جوكيوينن"},"wikiDataId":"Q997600"},{"id":38819,"name":"Kalvola","state_id":1493,"state_code":"06","state_name":"Tavastia Proper","country_id":74,"country_code":"FI","country_name":"Finland","latitude":"61.10081000","longitude":"24.12177000","native":"Kalvola","type":"city","level":null,"parent_id":null,"population":3528,"timezone":"Europe/Helsinki","translations":{"br":"Kalvola","ko":"칼볼라","pt-BR":"Kalvola","pt":"Kalvola","nl":"Kalvola","hr":"Kalvola","fa":"کالولا","de":"Kalvola","es":"Kalvola","fr":"Kalvola","ja":"カルヴォラ","it":"Kalvola","zh-CN":"卡尔沃拉","tr":"Kalvola","ru":"Калвола","uk":"Калвола","pl":"Kalvola","hi":"कलवोला","ar":"كالفولا"},"wikiDataId":"Q930181"},{"id":38895,"name":"Lammi","state_id":1493,"state_code":"06","state_name":"Tavastia Proper","country_id":74,"country_code":"FI","country_name":"Finland","latitude":"61.08333000","longitude":"25.01667000","native":"Lammi","type":"adm3","level":null,"parent_id":null,"population":5634,"timezone":"Europe/Helsinki","translations":{"br":"Lammi","ko":"라미","pt-BR":"Lammi","pt":"Lammi","nl":"Lammi","hr":"Lammi","fa":"لامی","de":"Lammi","es":"Lammi","fr":"Lammi","ja":"ラミ","it":"Lammi","zh-CN":"拉米","tr":"Lammi","ru":"Ламми","uk":"Ламмі","pl":"Lammi","hi":"लाम्मी","ar":"لامي"},"wikiDataId":"Q1025715"},{"id":38919,"name":"Loppi","state_id":1493,"state_code":"06","state_name":"Tavastia Proper","country_id":74,"country_code":"FI","country_name":"Finland","latitude":"60.71667000","longitude":"24.45000000","native":"Loppi","type":"adm3","level":null,"parent_id":null,"population":7692,"timezone":"Europe/Helsinki","translations":{"br":"Loppi","ko":"로피","pt-BR":"Loppi","pt":"Loppi","nl":"Loppi","hr":"Loppi","fa":"لوپی","de":"Loppi","es":"Loppi","fr":"Loppi","ja":"ロッピ","it":"Loppi","zh-CN":"洛皮","tr":"Loppi","ru":"Лоппи","uk":"Лоппі","pl":"Loppi","hi":"लोप्पी","ar":"لوبي"},"wikiDataId":"Q636607"},{"id":39021,"name":"Renko","state_id":1493,"state_code":"06","state_name":"Tavastia Proper","country_id":74,"country_code":"FI","country_name":"Finland","latitude":"60.89563000","longitude":"24.28785000","native":"Renko","type":"adm3","level":null,"parent_id":null,"population":2376,"timezone":"Europe/Helsinki","translations":{"br":"Renko","ko":"렌코","pt-BR":"Renko","pt":"Renko","nl":"Renko","hr":"Renko","fa":"رنکو","de":"Renko","es":"Renko","fr":"Renko","ja":"レンコ","it":"Renko","zh-CN":"莲子","tr":"Renko","ru":"Ренко","uk":"Ренко","pl":"Renko","hi":"रेन्को","ar":"رينكو"},"wikiDataId":"Q1791957"},{"id":39023,"name":"Riihimäki","state_id":1493,"state_code":"06","state_name":"Tavastia Proper","country_id":74,"country_code":"FI","country_name":"Finland","latitude":"60.73769000","longitude":"24.77726000","native":"Riihimäki","type":"adm3","level":null,"parent_id":null,"population":26451,"timezone":"Europe/Helsinki","translations":{"br":"Riihimäki","ko":"리히마키","pt-BR":"Riihimäki","pt":"Riihimäki","nl":"Riihimäki","hr":"Riihimäki","fa":"رییخیماکی","de":"Riihimäki","es":"Riihimäki","fr":"Riihimäki","ja":"リーヒマキ","it":"Riihimäki","zh-CN":"里希迈基","tr":"Riihimäki","ru":"Риихимяки","uk":"Рійхімякі","pl":"Riihimäki","hi":"रिहिमाकी","ar":"ريهيماكي"},"wikiDataId":"Q429864"},{"id":39070,"name":"Tammela","state_id":1493,"state_code":"06","state_name":"Tavastia Proper","country_id":74,"country_code":"FI","country_name":"Finland","latitude":"60.81035000","longitude":"23.76823000","native":"Tammela","type":"adm3","level":null,"parent_id":null,"population":5844,"timezone":"Europe/Helsinki","translations":{"br":"Tammela","ko":"탐멜라","pt-BR":"Tammela","pt":"Tammela","nl":"Tammela","hr":"Tammela","fa":"تاملا","de":"Tammela","es":"Tammela","fr":"Tammela","ja":"タメラ","it":"Tammela","zh-CN":"塔梅拉","tr":"Tammela","ru":"Таммела","uk":"Таммела","pl":"Tammela","hi":"तमेला","ar":"تاميلا"},"wikiDataId":"Q1025700"},{"id":39073,"name":"Tervakoski","state_id":1493,"state_code":"06","state_name":"Tavastia Proper","country_id":74,"country_code":"FI","country_name":"Finland","latitude":"60.81412000","longitude":"24.62594000","native":"Tervakoski","type":"city","level":null,"parent_id":null,"population":3972,"timezone":"Europe/Helsinki","translations":{"br":"Tervakoski","ko":"테르바코스키","pt-BR":"Tervakoski","pt":"Tervakoski","nl":"Tervakoski","hr":"Tervakoski","fa":"ترواکوسکی","de":"Tervakoski","es":"Tervakoski","fr":"Tervakoski","ja":"テルヴァコスキ","it":"Tervakoski","zh-CN":"特尔瓦科斯基","tr":"Tervakoski","ru":"Тервакоски","uk":"Тервакоскі","pl":"Tervakoski","hi":"टेर्वाकोस्की","ar":"تيرفاكوسكي"},"wikiDataId":"Q1025700"},{"id":39082,"name":"Tuulos","state_id":1493,"state_code":"06","state_name":"Tavastia Proper","country_id":74,"country_code":"FI","country_name":"Finland","latitude":"61.15000000","longitude":"24.80000000","native":"Tuulos","type":"adm3","level":null,"parent_id":null,"population":1466,"timezone":"Europe/Helsinki","translations":{"br":"Tuulos","ko":"툴로스","pt-BR":"Tuulos","pt":"Tuulos","nl":"Tuulos","hr":"Tuulos","fa":"تولوس","de":"Tuulos","es":"Tuulos","fr":"Tuulos","ja":"トゥーロス","it":"Tuulos","zh-CN":"图洛斯","tr":"Tuulos","ru":"Туулос","uk":"Туулос","pl":"Tuulos","hi":"टुउलोस","ar":"تولوس"},"wikiDataId":"Q1013612"},{"id":39129,"name":"Ypäjä","state_id":1493,"state_code":"06","state_name":"Tavastia Proper","country_id":74,"country_code":"FI","country_name":"Finland","latitude":"60.80000000","longitude":"23.28333000","native":"Ypäjä","type":"adm3","level":null,"parent_id":null,"population":2207,"timezone":"Europe/Helsinki","translations":{"br":"Ypäjä","ko":"이파자","pt-BR":"Ypäjä","pt":"Ypäjä","nl":"Ypäjä","hr":"Ypäjä","fa":"ایپاجا","de":"Ypäjä","es":"Ypäjä","fr":"Ypäjä","ja":"イパヤ","it":"Ypäjä","zh-CN":"伊帕亚","tr":"Ypäjä","ru":"Юпяя","uk":"Іпяя","pl":"Ypäjä","hi":"पाजा","ar":"يباجا"},"wikiDataId":"Q1407166"}]