[{"id":38746,"name":"Enonkoski","state_id":1495,"state_code":"04","state_name":"Southern Savonia","country_id":74,"country_code":"FI","country_name":"Finland","latitude":"62.08333000","longitude":"28.93333000","native":"Enonkoski","type":"adm3","level":null,"parent_id":null,"population":1320,"timezone":"Europe/Helsinki","translations":{"br":"Enonkoski","ko":"에논코스키","pt-BR":"Enonkoski","pt":"Enonkoski","nl":"Enonkoski","hr":"Enonkoski","fa":"انونکوسکی","de":"Enonkoski","es":"Enonkoski","fr":"Enonkoski","ja":"エノンコスキ","it":"Enonkoski","zh-CN":"埃农科斯基","tr":"Enonkoski","ru":"Энонкоски","uk":"Енонкоскі","pl":"Enonkoski","hi":"एनोनकोस्की","ar":"إينونكوسكي"},"wikiDataId":"Q1010490"},{"id":38766,"name":"Haukivuori","state_id":1495,"state_code":"04","state_name":"Southern Savonia","country_id":74,"country_code":"FI","country_name":"Finland","latitude":"62.01753000","longitude":"27.21906000","native":"Haukivuori","type":"city","level":null,"parent_id":null,"population":2292,"timezone":"Europe/Helsinki","translations":{"br":"Haukivuori","ko":"하우키부오리","pt-BR":"Haukivuori","pt":"Haukivuori","nl":"Haukivuori","hr":"Haukivuori","fa":"هاکیووری","de":"Haukivuori","es":"Haukivuori","fr":"Haukivuori","ja":"ハウキヴオリ","it":"Haukivuori","zh-CN":"豪基沃里","tr":"Haukivuori","ru":"Хаукивуори","uk":"Хауківуорі","pl":"Haukivuori","hi":"हौकिवुओरी","ar":"هاوكيفوري"},"wikiDataId":"Q1589322"},{"id":38769,"name":"Heinävesi","state_id":1495,"state_code":"04","state_name":"Southern Savonia","country_id":74,"country_code":"FI","country_name":"Finland","latitude":"62.43333000","longitude":"28.60000000","native":"Heinävesi","type":"adm3","level":null,"parent_id":null,"population":3001,"timezone":"Europe/Helsinki","translations":{"br":"Heinävesi","ko":"하이네베시","pt-BR":"Heinävesi","pt":"Heinävesi","nl":"Heinävesi","hr":"Heinävesi","fa":"هایناوسی","de":"Heinävesi","es":"Heinävesi","fr":"Heinävesi","ja":"ヘイナヴェシ","it":"Heinävesi","zh-CN":"海纳韦西","tr":"Heinävesi","ru":"Хейнявеси","uk":"Хейнявесі","pl":"Heinävesi","hi":"हेइनावेसी","ar":"هينافيسي"},"wikiDataId":"Q1009124"},{"id":38773,"name":"Hirvensalmi","state_id":1495,"state_code":"04","state_name":"Southern Savonia","country_id":74,"country_code":"FI","country_name":"Finland","latitude":"61.63333000","longitude":"26.80000000","native":"Hirvensalmi","type":"adm3","level":null,"parent_id":null,"population":2062,"timezone":"Europe/Helsinki","translations":{"br":"Hirvensalmi","ko":"히르벤살미","pt-BR":"Hirvensalmi","pt":"Hirvensalmi","nl":"Hirvensalmi","hr":"Hirvensalmi","fa":"هیرونسالمی","de":"Hirvensalmi","es":"Hirvensalmi","fr":"Hirvensalmi","ja":"ヒルヴェンサルミ","it":"Hirvensalmi","zh-CN":"希尔文萨尔米","tr":"Hirvensalmi","ru":"Хирвенсалми","uk":"Хірвенсалмі","pl":"Hirvensalmi","hi":"हिरवेनसाल्मी","ar":"هيرفينسالمي"},"wikiDataId":"Q1025731"},{"id":38811,"name":"Jäppilä","state_id":1495,"state_code":"04","state_name":"Southern Savonia","country_id":74,"country_code":"FI","country_name":"Finland","latitude":"62.37899000","longitude":"27.43372000","native":"Jäppilä","type":"city","level":null,"parent_id":null,"population":1603,"timezone":"Europe/Helsinki","translations":{"br":"Jäppilä","ko":"예필래","pt-BR":"Jäppilä","pt":"Jäppilä","nl":"Jäppilä","hr":"Jäppila","fa":"یاپیلا","de":"Jäppilä","es":"Jäppilä","fr":"Jäppilä","ja":"ヤッピラ","it":"Jäppilä","zh-CN":"亚皮莱","tr":"Jäppilä","ru":"Яппиля","uk":"Яппіля","pl":"Jäppilä","hi":"जप्पिला","ar":"جابيلا"},"wikiDataId":"Q2925272"},{"id":38800,"name":"Joroinen","state_id":1495,"state_code":"04","state_name":"Southern Savonia","country_id":74,"country_code":"FI","country_name":"Finland","latitude":"62.17823000","longitude":"27.83165000","native":"Joroinen","type":"adm3","level":null,"parent_id":null,"population":4590,"timezone":"Europe/Helsinki","translations":{"br":"Joroinen","ko":"조로이넨","pt-BR":"Joroinen","pt":"Joroinen","nl":"Joroinen","hr":"Joroinen","fa":"جوروینن","de":"Joroinen","es":"Joroinen","fr":"Joroinen","ja":"ヨロイネン","it":"Joroinen","zh-CN":"约罗伊宁","tr":"Joroinen","ru":"Йоройнен","uk":"Йоройнен","pl":"Joroinen","hi":"जोरोइनेन","ar":"جورونين"},"wikiDataId":"Q997600"},{"id":38806,"name":"Juva","state_id":1495,"state_code":"04","state_name":"Southern Savonia","country_id":74,"country_code":"FI","country_name":"Finland","latitude":"61.90000000","longitude":"27.85000000","native":"Juva","type":"adm3","level":null,"parent_id":null,"population":5734,"timezone":"Europe/Helsinki","translations":{"br":"Juva","ko":"주바","pt-BR":"Juva","pt":"Juva","nl":"Juva","hr":"Juva","fa":"جووا","de":"Juva","es":"Juva","fr":"Juva","ja":"ジュヴァ","it":"Juva","zh-CN":"尤瓦","tr":"Juva","ru":"Джува","uk":"Юва","pl":"Juva","hi":"जुवा","ar":"جوفا"},"wikiDataId":"Q1369780"},{"id":38821,"name":"Kangasniemi","state_id":1495,"state_code":"04","state_name":"Southern Savonia","country_id":74,"country_code":"FI","country_name":"Finland","latitude":"61.99357000","longitude":"26.64785000","native":"Kangasniemi","type":"adm3","level":null,"parent_id":null,"population":5114,"timezone":"Europe/Helsinki","translations":{"br":"Kangasniemi","ko":"강가스니에미","pt-BR":"Kangasniemi","pt":"Kangasniemi","nl":"Kangasniemi","hr":"Kangasniemi","fa":"کانگاسنیمی","de":"Kangasniemi","es":"Kangasniemi","fr":"Kangasniemi","ja":"カンガスニエミ","it":"Kangasniemi","zh-CN":"坎加斯涅米","tr":"Kangasniemi","ru":"Кангасниеми","uk":"Кангасніємі","pl":"Kangasniemi","hi":"कंगास्नीमी","ar":"كانغاسنيمي"},"wikiDataId":"Q1580024"},{"id":38846,"name":"Kerimäki","state_id":1495,"state_code":"04","state_name":"Southern Savonia","country_id":74,"country_code":"FI","country_name":"Finland","latitude":"61.91069000","longitude":"29.28228000","native":"Kerimäki","type":"city","level":null,"parent_id":null,"population":5841,"timezone":"Europe/Helsinki","translations":{"br":"Kerimäki","ko":"케리매키","pt-BR":"Kerimäki","pt":"Kerimäki","nl":"Kerimäki","hr":"Kerimäki","fa":"کریماکی","de":"Kerimäki","es":"Kerimäki","fr":"Kerimäki","ja":"ケリマキ","it":"Kerimäki","zh-CN":"凯里迈基","tr":"Kerimäki","ru":"Керимяки","uk":"Керімякі","pl":"Kerimäki","hi":"केरीमाकी","ar":"كيريماكي"},"wikiDataId":"Q1025740"},{"id":38947,"name":"Mäntyharju","state_id":1495,"state_code":"04","state_name":"Southern Savonia","country_id":74,"country_code":"FI","country_name":"Finland","latitude":"61.41667000","longitude":"26.88333000","native":"Mäntyharju","type":"adm3","level":null,"parent_id":null,"population":7076,"timezone":"Europe/Helsinki","translations":{"br":"Mäntyharju","ko":"Mäntyharju","pt-BR":"Mäntyharju","pt":"Mäntyharju","nl":"Mäntyharju","hr":"Mäntyharju","fa":"مانتیهارجو","de":"Mäntyharju","es":"Mäntyharju","fr":"Mäntyharju","ja":"マンティハルジュ","it":"Mäntyharju","zh-CN":"曼蒂哈尔尤","tr":"Mäntyharju","ru":"Мянтюхарью","uk":"Мянтьюхар'ю","pl":"Mäntyharju","hi":"मंत्यहारजू","ar":"مانتيهارجو"},"wikiDataId":"Q1641649"},{"id":38937,"name":"Mikkeli","state_id":1495,"state_code":"04","state_name":"Southern Savonia","country_id":74,"country_code":"FI","country_name":"Finland","latitude":"61.68857000","longitude":"27.27227000","native":"Mikkeli","type":"adm1","level":null,"parent_id":null,"population":51919,"timezone":"Europe/Helsinki","translations":{"br":"Mikkeli","ko":"미켈리","pt-BR":"Mikkeli","pt":"Mikkeli","nl":"Mikkeli","hr":"Mikkeli","fa":"میکلی","de":"Mikkeli","es":"Mikkeli","fr":"Mikkeli","ja":"ミッケリ","it":"Mikkeli","zh-CN":"米凯利","tr":"Mikkeli","ru":"Миккели","uk":"Міккелі","pl":"Mikkeli","hi":"मिक्केली","ar":"ميكيلي"},"wikiDataId":"Q190583"},{"id":38981,"name":"Pertunmaa","state_id":1495,"state_code":"04","state_name":"Southern Savonia","country_id":74,"country_code":"FI","country_name":"Finland","latitude":"61.50000000","longitude":"26.48333000","native":"Pertunmaa","type":"city","level":null,"parent_id":null,"population":2089,"timezone":"Europe/Helsinki","translations":{"br":"Pertunmaa","ko":"페르툰마","pt-BR":"Pertunmaa","pt":"Pertunmaa","nl":"Pertunmaa","hr":"Pertunmaa","fa":"پرتونما","de":"Pertunmaa","es":"Pertunmaa","fr":"Pertunmaa","ja":"ペルトゥンマー","it":"Pertunmaa","zh-CN":"佩尔图马","tr":"Pertunmaa","ru":"Пертунмаа","uk":"Пертунмаа","pl":"Pertunmaa","hi":"पेर्तुन्मा","ar":"بيرتونما"},"wikiDataId":"Q121715"},{"id":38983,"name":"Pieksämäki","state_id":1495,"state_code":"04","state_name":"Southern Savonia","country_id":74,"country_code":"FI","country_name":"Finland","latitude":"62.30000000","longitude":"27.13333000","native":"Pieksämäki","type":"adm3","level":null,"parent_id":null,"population":17050,"timezone":"Europe/Helsinki","translations":{"br":"Pieksämäki","ko":"피에크사마키","pt-BR":"Pieksämäki","pt":"Pieksämäki","nl":"Pieksämäki","hr":"Pieksämäki","fa":"پیکساماکی","de":"Pieksämäki","es":"Pieksämäki","fr":"Pieksämäki","ja":"ピエクサマキ","it":"Pieksämäki","zh-CN":"皮耶克赛迈基","tr":"Pieksämäki","ru":"Пиексямяки","uk":"Піексямякі","pl":"Pieksämäki","hi":"पिएक्सामाकी","ar":"Pieksämäki"},"wikiDataId":"Q121715"},{"id":38998,"name":"Punkaharju","state_id":1495,"state_code":"04","state_name":"Southern Savonia","country_id":74,"country_code":"FI","country_name":"Finland","latitude":"61.75883000","longitude":"29.38843000","native":"Punkaharju","type":"city","level":null,"parent_id":null,"population":3715,"timezone":"Europe/Helsinki","translations":{"br":"Punkaharju","ko":"푼카하르주","pt-BR":"Punkaharju","pt":"Punkaharju","nl":"Punkaharju","hr":"Punkaharju","fa":"پونکاهارجو","de":"Punkaharju","es":"Punkaharju","fr":"Punkaharju","ja":"プンカハルジュ","it":"Punkaharju","zh-CN":"蓬卡哈尤","tr":"Punkaharju","ru":"Пункахарью","uk":"Пункахар'ю","pl":"Punkaharju","hi":"पुन्काहारजू","ar":"بونكاهارجو"},"wikiDataId":"Q428113"},{"id":39000,"name":"Puumala","state_id":1495,"state_code":"04","state_name":"Southern Savonia","country_id":74,"country_code":"FI","country_name":"Finland","latitude":"61.52728000","longitude":"28.17495000","native":"Puumala","type":"adm3","level":null,"parent_id":null,"population":2693,"timezone":"Europe/Helsinki","translations":{"br":"Puumala","ko":"푸말라","pt-BR":"Puumala","pt":"Puumala","nl":"Puumala","hr":"Puumala","fa":"پومالا","de":"Puumala","es":"Puumala","fr":"Puumala","ja":"プーマラ","it":"Puumala","zh-CN":"普马拉","tr":"Puumala","ru":"Пуумала","uk":"Пуумала","pl":"Puumala","hi":"पुउमाला","ar":"بومالا"},"wikiDataId":"Q1009610"},{"id":39013,"name":"Rantasalmi","state_id":1495,"state_code":"04","state_name":"Southern Savonia","country_id":74,"country_code":"FI","country_name":"Finland","latitude":"62.06667000","longitude":"28.30000000","native":"Rantasalmi","type":"adm3","level":null,"parent_id":null,"population":3297,"timezone":"Europe/Helsinki","translations":{"br":"Rantasalmi","ko":"란타살미","pt-BR":"Rantasalmi","pt":"Rantasalmi","nl":"Rantasalmi","hr":"Rantasalmi","fa":"رانتاسالمی","de":"Rantasalmi","es":"Rantasalmi","fr":"Rantasalmi","ja":"ランタサルミ","it":"Rantasalmi","zh-CN":"兰塔萨尔米","tr":"Rantasalmi","ru":"Рантасалми","uk":"Рантасалмі","pl":"Rantasalmi","hi":"रन्तासाल्मी","ar":"رانتاسالمي"},"wikiDataId":"Q1025745"},{"id":39024,"name":"Ristiina","state_id":1495,"state_code":"04","state_name":"Southern Savonia","country_id":74,"country_code":"FI","country_name":"Finland","latitude":"61.50579000","longitude":"27.24643000","native":"Ristiina","type":"city","level":null,"parent_id":null,"population":4856,"timezone":"Europe/Helsinki","translations":{"br":"Ristiina","ko":"리스티나","pt-BR":"Ristiina","pt":"Ristiina","nl":"Ristiina","hr":"Ristiina","fa":"ریستینا","de":"Ristiina","es":"Ristiina","fr":"Ristiina","ja":"リスティナ","it":"Ristiina","zh-CN":"里斯提娜","tr":"Ristiina","ru":"Ристиина","uk":"Рістійна","pl":"Ristiina","hi":"रिस्टिना","ar":"ريستينا"},"wikiDataId":"Q1641615"},{"id":39041,"name":"Savonlinna","state_id":1495,"state_code":"04","state_name":"Southern Savonia","country_id":74,"country_code":"FI","country_name":"Finland","latitude":"61.86990000","longitude":"28.87999000","native":"Savonlinna","type":"adm3","level":null,"parent_id":null,"population":31842,"timezone":"Europe/Helsinki","translations":{"br":"Savonlinna","ko":"사본린나","pt-BR":"Savonlinna","pt":"Savonlinna","nl":"Savonlinna","hr":"Savonlinna","fa":"ساونلینا","de":"Savonlinna","es":"Savonlinna","fr":"Savonlinna","ja":"サヴォンリンナ","it":"Savonlinna","zh-CN":"萨翁林纳","tr":"Savonlinna","ru":"Савонлинна","uk":"Савонлінна","pl":"Savonlinna","hi":"सैवोन्लिना","ar":"سافونلينا"},"wikiDataId":"Q683512"},{"id":39042,"name":"Savonranta","state_id":1495,"state_code":"04","state_name":"Southern Savonia","country_id":74,"country_code":"FI","country_name":"Finland","latitude":"62.18333000","longitude":"29.20000000","native":"Maistuminen","type":"adm3","level":null,"parent_id":null,"population":1255,"timezone":"Europe/Helsinki","translations":{"br":"Savonranta","ko":"사본란타","pt-BR":"Savonranta","pt":"Savonranta","nl":"Savonranta","hr":"Savonranta","fa":"ساونرانتا","de":"Savonranta","es":"Savonranta","fr":"Savonanta","ja":"サヴォンランタ","it":"Savonranta","zh-CN":"萨翁兰塔","tr":"Savonranta","ru":"Савонранта","uk":"Савонранта","pl":"Savonranta","hi":"सैवोनरांता","ar":"سافونرانتا"},"wikiDataId":"Q568109"},{"id":39057,"name":"Sulkava","state_id":1495,"state_code":"04","state_name":"Southern Savonia","country_id":74,"country_code":"FI","country_name":"Finland","latitude":"61.78691000","longitude":"28.37299000","native":"Sulkava","type":"adm3","level":null,"parent_id":null,"population":2368,"timezone":"Europe/Helsinki","translations":{"br":"Sulkava","ko":"술카바","pt-BR":"Sulkava","pt":"Sulkava","nl":"Sulkava","hr":"Šulkavu","fa":"سولکاوا","de":"Sulkava","es":"Sulkava","fr":"Sulkava","ja":"スルカヴァ","it":"Sulkava","zh-CN":"苏尔卡瓦","tr":"Sulkava","ru":"Сулкава","uk":"Сулкава","pl":"Sułkawa","hi":"सुल्कावा","ar":"سولكافا"},"wikiDataId":"Q738472"},{"id":39113,"name":"Virtasalmi","state_id":1495,"state_code":"04","state_name":"Southern Savonia","country_id":74,"country_code":"FI","country_name":"Finland","latitude":"62.12695000","longitude":"27.46276000","native":"Virtasalmi","type":"city","level":null,"parent_id":null,"population":1158,"timezone":"Europe/Helsinki","translations":{"br":"Virtasalmi","ko":"비르타살미","pt-BR":"Virtasalmi","pt":"Virtasalmi","nl":"Virtasalmi","hr":"Virtasalmi","fa":"ویرتاسلمی","de":"Virtasalmi","es":"Virtasalmi","fr":"Virtasalmi","ja":"ヴィルタサルミ","it":"Virtasalmi","zh-CN":"维尔塔萨尔米","tr":"Virtasalmi","ru":"Виртасалми","uk":"Віртасалмі","pl":"Virtasalmi","hi":"विर्टासल्मी","ar":"فيرتاسالمي"},"wikiDataId":"Q2779906"}]