[{"id":38749,"name":"Eura","state_id":1501,"state_code":"17","state_name":"Satakunta","country_id":74,"country_code":"FI","country_name":"Finland","latitude":"61.13333000","longitude":"22.13333000","native":"Eurot","type":"adm3","level":null,"parent_id":null,"population":11184,"timezone":"Europe/Helsinki","translations":{"br":"Eura","ko":"유라","pt-BR":"Eura","pt":"Eura","nl":"Eura","hr":"Eura","fa":"اورا","de":"Eura","es":"Eura","fr":"Eura","ja":"ユーラ","it":"Eura","zh-CN":"欧拉","tr":"Avrasya","ru":"Эура","uk":"Еура","pl":"Eura","hi":"यूरा","ar":"يورا"},"wikiDataId":"Q984861"},{"id":38750,"name":"Eurajoki","state_id":1501,"state_code":"17","state_name":"Satakunta","country_id":74,"country_code":"FI","country_name":"Finland","latitude":"61.20000000","longitude":"21.73333000","native":"Eurajoki","type":"adm3","level":null,"parent_id":null,"population":9143,"timezone":"Europe/Helsinki","translations":{"br":"Eurajoki","ko":"유라조키","pt-BR":"Eurajoki","pt":"Eurajoki","nl":"Eurajoki","hr":"Eurajoki","fa":"یوراجوکی","de":"Eurajoki","es":"Eurajoki","fr":"Eurajoki","ja":"エウラヨキ","it":"Eurajoki","zh-CN":"埃乌拉约基","tr":"Eurajoki","ru":"Эурайоки","uk":"Єврайокі","pl":"Eurajoki","hi":"यूराजोकी","ar":"يوراجوكي"},"wikiDataId":"Q1001783"},{"id":38762,"name":"Harjavalta","state_id":1501,"state_code":"17","state_name":"Satakunta","country_id":74,"country_code":"FI","country_name":"Finland","latitude":"61.31667000","longitude":"22.13333000","native":"Harjavalta","type":"adm3","level":null,"parent_id":null,"population":6703,"timezone":"Europe/Helsinki","translations":{"br":"Harjavalta","ko":"하르자발타","pt-BR":"Harjavalta","pt":"Harjavalta","nl":"Harjavalta","hr":"Harjavalta","fa":"هارجاوالتا","de":"Harjavalta","es":"Harjavalta","fr":"Harjavalta","ja":"ハルヤヴァルタ","it":"Harjavalta","zh-CN":"哈尔亚瓦尔塔","tr":"Harjavalta","ru":"Харьявалта","uk":"Гар'явалта","pl":"Harjavalta","hi":"हरजावल्टा","ar":"هارجافالتا"},"wikiDataId":"Q216790"},{"id":38776,"name":"Huittinen","state_id":1501,"state_code":"17","state_name":"Satakunta","country_id":74,"country_code":"FI","country_name":"Finland","latitude":"61.18333000","longitude":"22.70000000","native":"Huittinen","type":"adm3","level":null,"parent_id":null,"population":9646,"timezone":"Europe/Helsinki","translations":{"br":"Huittinen","ko":"후이티넨","pt-BR":"Huittinen","pt":"Huittinen","nl":"Huittinen","hr":"Huittinen","fa":"هویتینن","de":"Huittinen","es":"Huittinen","fr":"Huittinen","ja":"ヒュイッティネン","it":"Huittinen","zh-CN":"胡蒂宁","tr":"Huittinen","ru":"Хуйттинен","uk":"Хюїттінен","pl":"Huittinen","hi":"हुइत्तिनेन","ar":"هويتينن"},"wikiDataId":"Q1025722"},{"id":38808,"name":"Jämijärvi","state_id":1501,"state_code":"17","state_name":"Satakunta","country_id":74,"country_code":"FI","country_name":"Finland","latitude":"61.81667000","longitude":"22.70000000","native":"Jämijärvi","type":"adm3","level":null,"parent_id":null,"population":1682,"timezone":"Europe/Helsinki","translations":{"br":"Jämijärvi","ko":"예미예르비","pt-BR":"Jämijärvi","pt":"Jämijärvi","nl":"Jämijärvi","hr":"Jämijärvi","fa":"جامیجاروی","de":"Jämijärvi","es":"Jämijärvi","fr":"Jämijärvi","ja":"ヤミヤルヴィ","it":"Jämijärvi","zh-CN":"耶米耶尔维","tr":"Jämijärvi","ru":"Ямиярви","uk":"Яміярві","pl":"Jämijärvi","hi":"जामिजार्वी","ar":"ياميارفي"},"wikiDataId":"Q134620"},{"id":38822,"name":"Kankaanpää","state_id":1501,"state_code":"17","state_name":"Satakunta","country_id":74,"country_code":"FI","country_name":"Finland","latitude":"61.80000000","longitude":"22.41667000","native":"Kankaanpää","type":"adm3","level":null,"parent_id":null,"population":12394,"timezone":"Europe/Helsinki","translations":{"br":"Kankaanpää","ko":"칸칸파","pt-BR":"Kankaanpää","pt":"Kankaanpää","nl":"Kankaanpää","hr":"Kankaanpää","fa":"کانکانپا","de":"Kankaanpää","es":"Kankaanpää","fr":"Kankaanpää","ja":"カンカーンパー","it":"Kankaanpää","zh-CN":"坎坎帕","tr":"Kankaanpää","ru":"Kankaanpää","uk":"Канкаанпяа","pl":"Kankaanpää","hi":"कंकाअनपा","ar":"كانكانبا"},"wikiDataId":"Q990569"},{"id":38833,"name":"Karvia","state_id":1501,"state_code":"17","state_name":"Satakunta","country_id":74,"country_code":"FI","country_name":"Finland","latitude":"62.13333000","longitude":"22.56667000","native":"Karvia","type":"adm3","level":null,"parent_id":null,"population":2216,"timezone":"Europe/Helsinki","translations":{"br":"Karvia","ko":"카르비아","pt-BR":"Karvia","pt":"Karvia","nl":"Karvia","hr":"Karvia","fa":"کارویا","de":"Karvia","es":"Karvia","fr":"Karvia","ja":"カルビア","it":"Karvia","zh-CN":"卡维亚","tr":"Karvia","ru":"Карвия","uk":"Карвія","pl":"Karvia","hi":"कार्विया","ar":"كارفيا"},"wikiDataId":"Q1010034"},{"id":38860,"name":"Kiukainen","state_id":1501,"state_code":"17","state_name":"Satakunta","country_id":74,"country_code":"FI","country_name":"Finland","latitude":"61.21667000","longitude":"22.08333000","native":"Kiukainen","type":"adm3","level":null,"parent_id":null,"population":3358,"timezone":"Europe/Helsinki","translations":{"br":"Kiukainen","ko":"키우카이넨","pt-BR":"Kiukainen","pt":"Kiukainen","nl":"Kiukainen","hr":"Kiukainen","fa":"کیوکائینن","de":"Kiukainen","es":"Kiukainen","fr":"Kiukainen","ja":"キウカイネン","it":"Kiukainen","zh-CN":"基乌凯宁","tr":"Kiukainen","ru":"Киукайнен","uk":"Кіукайнен","pl":"Kiukainen","hi":"किउकैनेन","ar":"كيوكينن"},"wikiDataId":"Q1743976"},{"id":38863,"name":"Kokemäki","state_id":1501,"state_code":"17","state_name":"Satakunta","country_id":74,"country_code":"FI","country_name":"Finland","latitude":"61.25647000","longitude":"22.35643000","native":"Kokemäki","type":"adm3","level":null,"parent_id":null,"population":6766,"timezone":"Europe/Helsinki","translations":{"br":"Kokemäki","ko":"코케마키","pt-BR":"Kokemäki","pt":"Kokemäki","nl":"Kokemäki","hr":"Kokemäki","fa":"کوکماکی","de":"Kokemäki","es":"Kokemäki","fr":"Kokemäki","ja":"コケマキ","it":"Kokemäki","zh-CN":"科凯迈基","tr":"Kokemäki","ru":"Кокемяки","uk":"Кокемякі","pl":"Kokemäki","hi":"कोकेमाकी","ar":"كوكيماكي"},"wikiDataId":"Q594558"},{"id":38891,"name":"Köyliö","state_id":1501,"state_code":"17","state_name":"Satakunta","country_id":74,"country_code":"FI","country_name":"Finland","latitude":"61.11910000","longitude":"22.30976000","native":"Köyliö","type":"city","level":null,"parent_id":null,"population":2901,"timezone":"Europe/Helsinki","translations":{"br":"Köyliö","ko":"쾨일리외","pt-BR":"Köyliö","pt":"Köyliö","nl":"Köyliö","hr":"Köyliö","fa":"کویلیو","de":"Köyliö","es":"Köyliö","fr":"Köyliö","ja":"キョイリオ","it":"Köyliö","zh-CN":"科于利厄","tr":"Köylüö","ru":"Кёйлиё","uk":"Кьойліо","pl":"Köyliö","hi":"कोइलिओ","ar":"كويليو"},"wikiDataId":"Q992393"},{"id":38880,"name":"Kullaa","state_id":1501,"state_code":"17","state_name":"Satakunta","country_id":74,"country_code":"FI","country_name":"Finland","latitude":"61.46998000","longitude":"22.16145000","native":"Kullaa","type":"city","level":null,"parent_id":null,"population":1494,"timezone":"Europe/Helsinki","translations":{"br":"Kullaa","ko":"쿨라아","pt-BR":"Kullaa","pt":"Kullaa","nl":"Kullaa","hr":"Kullaa","fa":"کولا","de":"Kullaa","es":"Kullaa","fr":"Kullaa","ja":"クラア","it":"Kullaa","zh-CN":"库拉","tr":"Kullaa","ru":"Куллаа","uk":"Куллаа","pl":"Kullaa","hi":"कुल्ला","ar":"كولا"},"wikiDataId":"Q4131730"},{"id":38925,"name":"Längelmäki","state_id":1501,"state_code":"17","state_name":"Satakunta","country_id":74,"country_code":"FI","country_name":"Finland","latitude":"61.65000000","longitude":"22.10000000","native":"Längelmäki","type":"city","level":null,"parent_id":null,"population":1673,"timezone":"Europe/Helsinki","translations":{"br":"Längelmäki","ko":"랭겔마키","pt-BR":"Längelmäki","pt":"Längelmäki","nl":"Längelmäki","hr":"Längelmäki","fa":"لانگلماکی","de":"Längelmäki","es":"Längelmäki","fr":"Längelmäki","ja":"ランゲルマキ","it":"Längelmäki","zh-CN":"朗格尔迈基","tr":"Längelmäki","ru":"Лэнгельмяки","uk":"Ленгельмякі","pl":"Längelmäki","hi":"लांगेलमकी","ar":"لانجيلماكي"},"wikiDataId":"Q959006"},{"id":38900,"name":"Lappi","state_id":1501,"state_code":"17","state_name":"Satakunta","country_id":74,"country_code":"FI","country_name":"Finland","latitude":"61.10000000","longitude":"21.83333000","native":"Lappi","type":"adm3","level":null,"parent_id":null,"population":3212,"timezone":"Europe/Helsinki","translations":{"br":"Lappi","ko":"라피","pt-BR":"Lappi","pt":"Lappi","nl":"Lappi","hr":"Laponija","fa":"لاپی","de":"Lappi","es":"Lappi","fr":"Lapon","ja":"ラッピ","it":"Lappi","zh-CN":"拉皮","tr":"Lappi","ru":"Лаппи","uk":"Лаппі","pl":"Lappi","hi":"लापी","ar":"لابي"},"wikiDataId":"Q1544769"},{"id":38905,"name":"Lavia","state_id":1501,"state_code":"17","state_name":"Satakunta","country_id":74,"country_code":"FI","country_name":"Finland","latitude":"61.60000000","longitude":"22.60000000","native":"Laava","type":"city","level":null,"parent_id":null,"population":null,"timezone":"Europe/Helsinki","translations":{"br":"Lavia","ko":"라비아","pt-BR":"Lavia","pt":"Lavia","nl":"Lavia","hr":"Lavija","fa":"لاویا","de":"Lavia","es":"Lavia","fr":"Lavia","ja":"ラヴィア","it":"Lavia","zh-CN":"拉维亚","tr":"Lavya","ru":"Лавия","uk":"Лавія","pl":"Lavia","hi":"लाविया","ar":"لافيا"},"wikiDataId":"Q990553"},{"id":38924,"name":"Luvia","state_id":1501,"state_code":"17","state_name":"Satakunta","country_id":74,"country_code":"FI","country_name":"Finland","latitude":"61.36375000","longitude":"21.62556000","native":"Luvia","type":"city","level":null,"parent_id":null,"population":3260,"timezone":"Europe/Helsinki","translations":{"br":"Luvia","ko":"루비아","pt-BR":"Luvia","pt":"Luvia","nl":"Luvia","hr":"Luvija","fa":"لوویا","de":"Luvia","es":"Luvia","fr":"Luvia","ja":"ルヴィア","it":"Luvia","zh-CN":"露维娅","tr":"Luvia","ru":"Лувия","uk":"Лувія","pl":"Luvia","hi":"लुविया","ar":"لوفيا"},"wikiDataId":"Q959006"},{"id":38933,"name":"Merikarvia","state_id":1501,"state_code":"17","state_name":"Satakunta","country_id":74,"country_code":"FI","country_name":"Finland","latitude":"61.85839000","longitude":"21.50035000","native":"Merikarvia","type":"adm3","level":null,"parent_id":null,"population":2966,"timezone":"Europe/Helsinki","translations":{"br":"Merikarvia","ko":"메리카르비아","pt-BR":"Merikarvia","pt":"Merikarvia","nl":"Merikarvia","hr":"Merikarvia","fa":"مریکارویا","de":"Merikarvia","es":"Merikarvia","fr":"Mérikarvia","ja":"メリカルビア","it":"Merikarvia","zh-CN":"梅里卡维亚","tr":"Merikarvia","ru":"Мерикарвия","uk":"Мерікарвія","pl":"Merikarvia","hi":"मेरिकार्विया","ar":"ميريكارفيا"},"wikiDataId":"Q1009215"},{"id":38950,"name":"Nakkila","state_id":1501,"state_code":"17","state_name":"Satakunta","country_id":74,"country_code":"FI","country_name":"Finland","latitude":"61.36667000","longitude":"22.00000000","native":"Nakkila","type":"adm3","level":null,"parent_id":null,"population":4966,"timezone":"Europe/Helsinki","translations":{"br":"Nakkila","ko":"나킬라","pt-BR":"Nakkila","pt":"Nakkila","nl":"Nakkila","hr":"Nakkila","fa":"ناکیلا","de":"Nakkila","es":"Nakkila","fr":"Nakkila","ja":"ナッキラ","it":"Nakkila","zh-CN":"纳基拉","tr":"Nakkila","ru":"Наккила","uk":"Наккіла","pl":"Nakkila","hi":"नक्कीला","ar":"ناكيلا"},"wikiDataId":"Q1009109"},{"id":38954,"name":"Noormarkku","state_id":1501,"state_code":"17","state_name":"Satakunta","country_id":74,"country_code":"FI","country_name":"Finland","latitude":"61.59274000","longitude":"21.86846000","native":"Noormarkku","type":"city","level":null,"parent_id":null,"population":6125,"timezone":"Europe/Helsinki","translations":{"br":"Noormarkku","ko":"누르마르쿠","pt-BR":"Noormarkku","pt":"Noormarkku","nl":"Noormarkku","hr":"Noormarkku","fa":"نورمارککو","de":"Noormarkku","es":"Noormarkku","fr":"Noormarkku","ja":"ノールマルック","it":"Noormarkku","zh-CN":"诺尔马库","tr":"Noormarkku","ru":"Ноормаркку","uk":"Нурмарку","pl":"Noormarkku","hi":"नूरमार्क्कू","ar":"نورماركو"},"wikiDataId":"Q1641623"},{"id":38990,"name":"Pomarkku","state_id":1501,"state_code":"17","state_name":"Satakunta","country_id":74,"country_code":"FI","country_name":"Finland","latitude":"61.69348000","longitude":"22.00862000","native":"Pomarkku","type":"adm3","level":null,"parent_id":null,"population":1943,"timezone":"Europe/Helsinki","translations":{"br":"Pomarkku","ko":"포마르크쿠","pt-BR":"Pomarkku","pt":"Pomarkku","nl":"Pomarkku","hr":"Pomarkku","fa":"پومارککو","de":"Pomarkku","es":"Pomarkku","fr":"Pomarkku","ja":"ポマルック","it":"Pomarkku","zh-CN":"波马尔库","tr":"Pomarkku","ru":"Помаркку","uk":"Помарку","pl":"Pomarkku","hi":"पोमार्ककु","ar":"بوماركو"},"wikiDataId":"Q1010030"},{"id":38991,"name":"Pori","state_id":1501,"state_code":"17","state_name":"Satakunta","country_id":74,"country_code":"FI","country_name":"Finland","latitude":"61.48333000","longitude":"21.78333000","native":"Huokos","type":"adm1","level":null,"parent_id":null,"population":83491,"timezone":"Europe/Helsinki","translations":{"br":"Pori","ko":"포리","pt-BR":"Pori","pt":"Pori","nl":"Pori","hr":"Pori","fa":"پوری","de":"Pori","es":"Pori","fr":"Pori","ja":"ポリ","it":"Pori","zh-CN":"波里","tr":"Pori","ru":"Пори","uk":"Порі","pl":"Pori","hi":"पोरी","ar":"بوري"},"wikiDataId":"Q180233"},{"id":39016,"name":"Rauma","state_id":1501,"state_code":"17","state_name":"Satakunta","country_id":74,"country_code":"FI","country_name":"Finland","latitude":"61.12724000","longitude":"21.51127000","native":"Rauma","type":"adm3","level":null,"parent_id":null,"population":38832,"timezone":"Europe/Helsinki","translations":{"br":"Rauma","ko":"라우마","pt-BR":"Rauma","pt":"Rauma","nl":"Rauma","hr":"Rauma","fa":"راوما","de":"Rauma","es":"Rauma","fr":"Rauma","ja":"ラウマ","it":"Rauma","zh-CN":"劳马","tr":"Rauma","ru":"Раума","uk":"Раума","pl":"Rauma","hi":"रौमा","ar":"راوما"},"wikiDataId":"Q37013"},{"id":39064,"name":"Säkylä","state_id":1501,"state_code":"17","state_name":"Satakunta","country_id":74,"country_code":"FI","country_name":"Finland","latitude":"61.03333000","longitude":"22.33333000","native":"Säkylä","type":"adm3","level":null,"parent_id":null,"population":6377,"timezone":"Europe/Helsinki","translations":{"br":"Säkylä","ko":"사킬래","pt-BR":"Säkylä","pt":"Säkylä","nl":"Säkylä","hr":"Säkylä","fa":"ساکیلا","de":"Säkylä","es":"Säkylä","fr":"Säkylä","ja":"サキュラ","it":"Säkylä","zh-CN":"萨屈莱","tr":"Sakylä","ru":"Сякюля","uk":"Сакюля","pl":"Säkylä","hi":"सखीला","ar":"ساكيلا"},"wikiDataId":"Q780914"},{"id":39047,"name":"Siikainen","state_id":1501,"state_code":"17","state_name":"Satakunta","country_id":74,"country_code":"FI","country_name":"Finland","latitude":"61.87703000","longitude":"21.81945000","native":"Siikainen","type":"adm3","level":null,"parent_id":null,"population":1283,"timezone":"Europe/Helsinki","translations":{"br":"Siikainen","ko":"시카이넨","pt-BR":"Siikainen","pt":"Siikainen","nl":"Siikainen","hr":"Siikainen","fa":"سیکائینن","de":"Siikainen","es":"Siikainen","fr":"Siikainen","ja":"シカイネン","it":"Siikainen","zh-CN":"西凯宁","tr":"Siikainen","ru":"Сиикайнен","uk":"Сіікайнен","pl":"Siikainen","hi":"सिइकाइनेन","ar":"سييكاينن"},"wikiDataId":"Q1001761"},{"id":39089,"name":"Ulvila","state_id":1501,"state_code":"17","state_name":"Satakunta","country_id":74,"country_code":"FI","country_name":"Finland","latitude":"61.42844000","longitude":"21.87103000","native":"Ulvila","type":"adm3","level":null,"parent_id":null,"population":12533,"timezone":"Europe/Helsinki","translations":{"br":"Ulvila","ko":"울빌라","pt-BR":"Ulvila","pt":"Ulvila","nl":"Ulvila","hr":"Ulvila","fa":"اولویلا","de":"Ulvila","es":"Ulvila","fr":"Ulvila","ja":"ウルビラ","it":"Ulvila","zh-CN":"乌尔维拉","tr":"Ulvila","ru":"Ульвила","uk":"Ульвіла","pl":"Ulvila","hi":"अल्विला","ar":"أولفيلا"},"wikiDataId":"Q247128"},{"id":39098,"name":"Vampula","state_id":1501,"state_code":"17","state_name":"Satakunta","country_id":74,"country_code":"FI","country_name":"Finland","latitude":"61.01667000","longitude":"22.70000000","native":"Vampula","type":"adm3","level":null,"parent_id":null,"population":1743,"timezone":"Europe/Helsinki","translations":{"br":"Vampula","ko":"뱀풀라","pt-BR":"Vampula","pt":"Vampula","nl":"Vampula","hr":"Vampula","fa":"وامپولا","de":"Vampula","es":"Vampula","fr":"Vampula","ja":"ヴァンプラ","it":"Vampula","zh-CN":"万普拉","tr":"Vampula","ru":"Вампула","uk":"Вампула","pl":"Vampula","hi":"वैम्पुला","ar":"فامبولا"},"wikiDataId":"Q1234987"}]