[{"id":38745,"name":"Eno","state_id":1504,"state_code":"13","state_name":"North Karelia","country_id":74,"country_code":"FI","country_name":"Finland","latitude":"62.80511000","longitude":"30.15422000","native":"Eno","type":"city","level":null,"parent_id":null,"population":6891,"timezone":"Europe/Helsinki","translations":{"br":"Eno","ko":"에노","pt-BR":"Eno","pt":"Eno","nl":"Eno","hr":"Eno","fa":"انو","de":"Eno","es":"Eno","fr":"Éno","ja":"イーノ","it":"Eno","zh-CN":"伊诺","tr":"Eno","ru":"Ино","uk":"Ено","pl":"Eno","hi":"इनो","ar":"إينو"},"wikiDataId":"Q1010490"},{"id":38786,"name":"Ilomantsi","state_id":1504,"state_code":"13","state_name":"North Karelia","country_id":74,"country_code":"FI","country_name":"Finland","latitude":"62.67162000","longitude":"30.93276000","native":"Ilomantsi","type":"adm3","level":null,"parent_id":null,"population":4406,"timezone":"Europe/Helsinki","translations":{"br":"Ilomantsi","ko":"일로만티","pt-BR":"Ilomantsi","pt":"Ilomantsi","nl":"Ilomantsi","hr":"Ilomantsi","fa":"ایلومانتسی","de":"Ilomantsi","es":"Ilomantsi","fr":"Ilomantsi","ja":"イロマンツィ","it":"Ilomantsi","zh-CN":"伊洛曼齐","tr":"Ilomantsi","ru":"Иломантси","uk":"Іломанці","pl":"Ilomantsi","hi":"इलोमांत्सी","ar":"إيلومانتسي"},"wikiDataId":"Q283599"},{"id":38798,"name":"Joensuu","state_id":1504,"state_code":"13","state_name":"North Karelia","country_id":74,"country_code":"FI","country_name":"Finland","latitude":"62.60118000","longitude":"29.76316000","native":"Joensuu","type":"adm1","level":null,"parent_id":null,"population":78175,"timezone":"Europe/Helsinki","translations":{"br":"Joensuu","ko":"조엔수","pt-BR":"Joensuu","pt":"Joensuu","nl":"Joensuu","hr":"Joensuu","fa":"جونسو","de":"Joensuu","es":"Joensuu","fr":"Joensuu","ja":"ヨエンスー","it":"Joensuu","zh-CN":"约恩苏","tr":"Joensuu","ru":"Йоэнсуу","uk":"Йоенсуу","pl":"Joensuu","hi":"Joensuu","ar":"جونسو"},"wikiDataId":"Q186237"},{"id":38805,"name":"Juuka","state_id":1504,"state_code":"13","state_name":"North Karelia","country_id":74,"country_code":"FI","country_name":"Finland","latitude":"63.23333000","longitude":"29.25000000","native":"Juuka","type":"adm3","level":null,"parent_id":null,"population":4259,"timezone":"Europe/Helsinki","translations":{"br":"Juuka","ko":"주카","pt-BR":"Juuka","pt":"Juuka","nl":"Juuka","hr":"Juuka","fa":"جوکا","de":"Juuka","es":"Juuka","fr":"Juuka","ja":"ジュウカ","it":"Juuka","zh-CN":"尤卡","tr":"Juuka","ru":"Джуука","uk":"Джука","pl":"Juuka","hi":"जुका","ar":"جووكا"},"wikiDataId":"Q1369780"},{"id":38848,"name":"Kesälahti","state_id":1504,"state_code":"13","state_name":"North Karelia","country_id":74,"country_code":"FI","country_name":"Finland","latitude":"61.89752000","longitude":"29.83494000","native":"Kesälahti","type":"city","level":null,"parent_id":null,"population":2665,"timezone":"Europe/Helsinki","translations":{"br":"Kesälahti","ko":"케살라티","pt-BR":"Kesälahti","pt":"Kesälahti","nl":"Kesälahti","hr":"Kesälahti","fa":"کسالهاتی","de":"Kesälahti","es":"Kesälahti","fr":"Kesälahti","ja":"ケサラハティ","it":"Kesälahti","zh-CN":"凯萨拉蒂","tr":"Kesälahti","ru":"Кесялахти","uk":"Кесялахті","pl":"Kesälahti","hi":"केसालाहटी","ar":"كيسالاهتي"},"wikiDataId":"Q1002499"},{"id":38850,"name":"Kiihtelysvaara","state_id":1504,"state_code":"13","state_name":"North Karelia","country_id":74,"country_code":"FI","country_name":"Finland","latitude":"62.49525000","longitude":"30.25081000","native":"Kiihtelysvaara","type":"city","level":null,"parent_id":null,"population":2723,"timezone":"Europe/Helsinki","translations":{"br":"Kiihtelysvaara","ko":"키이흐텔리스바라","pt-BR":"Kiihtelysvaara","pt":"Kiihtelysvaara","nl":"Kiihtelysvaara","hr":"Kiihtelysvaara","fa":"کیهتلیسوارا","de":"Kiihtelysvaara","es":"Kiihtelysvaara","fr":"Kiihtelysvaara","ja":"キイテリスヴァーラ","it":"Kiihtelysvaara","zh-CN":"基特利斯瓦拉","tr":"Kiihtelysvaara","ru":"Кийхтелисваара","uk":"Кіхтельісваара","pl":"Kiihtelysvaara","hi":"किह्तेलीसवारा","ar":"كيهتيليسفارا"},"wikiDataId":"Q1724211"},{"id":38858,"name":"Kitee","state_id":1504,"state_code":"13","state_name":"North Karelia","country_id":74,"country_code":"FI","country_name":"Finland","latitude":"62.10000000","longitude":"30.15000000","native":"Kitee","type":"adm3","level":null,"parent_id":null,"population":9689,"timezone":"Europe/Helsinki","translations":{"br":"Kitee","ko":"카이티","pt-BR":"Pipa","pt":"Pipa","nl":"Kitee","hr":"Kitee","fa":"کیتی","de":"Drachen","es":"Cometa","fr":"Cerf-volant","ja":"キティー","it":"Aquilone","zh-CN":"基泰","tr":"Uçurtma","ru":"Китее","uk":"Кіті","pl":"Latawiec","hi":"काइटी","ar":"طائرة ورقية"},"wikiDataId":"Q491603"},{"id":38867,"name":"Kontiolahti","state_id":1504,"state_code":"13","state_name":"North Karelia","country_id":74,"country_code":"FI","country_name":"Finland","latitude":"62.76023000","longitude":"29.84711000","native":"Kontiolahti","type":"adm3","level":null,"parent_id":null,"population":15136,"timezone":"Europe/Helsinki","translations":{"br":"Kontiolahti","ko":"콘티올라티","pt-BR":"Kontiolahti","pt":"Kontiolahti","nl":"Kontiolahti","hr":"Kontiolahti","fa":"کونتیولاهتی","de":"Kontiolahti","es":"Kontiolahti","fr":"Kontiolahti","ja":"コンティオラハティ","it":"Kontiolahti","zh-CN":"孔蒂奥拉赫蒂","tr":"Kontiolahti","ru":"Контиолахти","uk":"Контіолахті","pl":"Kontiolahti","hi":"कोंटियोलाहटी","ar":"كونتيولاهتي"},"wikiDataId":"Q737534"},{"id":38912,"name":"Lieksa","state_id":1504,"state_code":"13","state_name":"North Karelia","country_id":74,"country_code":"FI","country_name":"Finland","latitude":"63.31667000","longitude":"30.01667000","native":"Lieksa","type":"adm3","level":null,"parent_id":null,"population":10228,"timezone":"Europe/Helsinki","translations":{"br":"Lieksa","ko":"리에크사","pt-BR":"Lieksa","pt":"Lieksa","nl":"Lieksa","hr":"Lieksa","fa":"لیکسا","de":"Lieksa","es":"Lieksa","fr":"Lieksa","ja":"リエカ","it":"Lieksa","zh-CN":"列克萨","tr":"Lieksa","ru":"Лиекса","uk":"Ліекса","pl":"Lieksa","hi":"लिएक्सा","ar":"ليكسا"},"wikiDataId":"Q608752"},{"id":38916,"name":"Liperi","state_id":1504,"state_code":"13","state_name":"North Karelia","country_id":74,"country_code":"FI","country_name":"Finland","latitude":"62.53333000","longitude":"29.36667000","native":"Liperi","type":"adm3","level":null,"parent_id":null,"population":11969,"timezone":"Europe/Helsinki","translations":{"br":"Liperi","ko":"리페리","pt-BR":"Liperi","pt":"Liperi","nl":"Liperi","hr":"Liperi","fa":"لیپری","de":"Liperi","es":"Liperi","fr":"Liperi","ja":"リペリ","it":"Liperi","zh-CN":"利佩里","tr":"Liperi","ru":"Липери","uk":"Ліпері","pl":"Lipery","hi":"लिपेरी","ar":"ليبيري"},"wikiDataId":"Q608803"},{"id":38957,"name":"Nurmes","state_id":1504,"state_code":"13","state_name":"North Karelia","country_id":74,"country_code":"FI","country_name":"Finland","latitude":"63.54205000","longitude":"29.13965000","native":"Nurmes","type":"adm3","level":null,"parent_id":null,"population":9130,"timezone":"Europe/Helsinki","translations":{"br":"Infirmierezed","ko":"누르메스","pt-BR":"Números","pt":"Números","nl":"Nummers","hr":"Nurmes","fa":"نورمس","de":"Nurmes","es":"Números","fr":"Nurmes","ja":"ヌルメス","it":"Infermieri","zh-CN":"努尔梅斯","tr":"Hemşireler","ru":"Нурмес","uk":"Нурмес","pl":"Nurmes","hi":"नूरमेस","ar":"نورميس"},"wikiDataId":"Q1641623"},{"id":38968,"name":"Outokumpu","state_id":1504,"state_code":"13","state_name":"North Karelia","country_id":74,"country_code":"FI","country_name":"Finland","latitude":"62.72685000","longitude":"29.01592000","native":"Outokumpu","type":"adm3","level":null,"parent_id":null,"population":6409,"timezone":"Europe/Helsinki","translations":{"br":"Outokumpu","ko":"아우토쿰푸","pt-BR":"Outokumpu","pt":"Outokumpu","nl":"Outokumpu","hr":"Outokumpu","fa":"اوتوکمپو","de":"Outokumpu","es":"Outokumpu","fr":"Outokumpu","ja":"オウトクンプ","it":"Outokumpu","zh-CN":"奥托昆普","tr":"Outokumpu","ru":"Оутокумпу","uk":"Оутокумпу","pl":"Outokumpu","hi":"Outokumpu","ar":"أوتوكومبو"},"wikiDataId":"Q992356"},{"id":38989,"name":"Polvijärvi","state_id":1504,"state_code":"13","state_name":"North Karelia","country_id":74,"country_code":"FI","country_name":"Finland","latitude":"62.85000000","longitude":"29.36667000","native":"Polvijärvi","type":"adm3","level":null,"parent_id":null,"population":4064,"timezone":"Europe/Helsinki","translations":{"br":"Polvijärvi","ko":"폴비예르비","pt-BR":"Polvijärvi","pt":"Polvijärvi","nl":"Polvijärvi","hr":"Polvijärvi","fa":"پولویژروی","de":"Polvijärvi","es":"Polvijärvi","fr":"Polvijärvi","ja":"ポルヴィヤルヴィ","it":"Polvijärvi","zh-CN":"波尔维耶尔维","tr":"Polvijärvi","ru":"Полвиярви","uk":"Полвіярві","pl":"Polvijärvi","hi":"पोल्विजार्वी","ar":"بولفيارفي"},"wikiDataId":"Q1010030"},{"id":39007,"name":"Pyhäselkä","state_id":1504,"state_code":"13","state_name":"North Karelia","country_id":74,"country_code":"FI","country_name":"Finland","latitude":"62.43333000","longitude":"29.96667000","native":"Pyhäselkä","type":"adm3","level":null,"parent_id":null,"population":7775,"timezone":"Europe/Helsinki","translations":{"br":"Pyhäselkä","ko":"Pyhäselkä","pt-BR":"Pyhäselkä","pt":"Pyhäselkä","nl":"Pyhäselkä","hr":"Pyhäselkä","fa":"پیهسلکه","de":"Pyhäselkä","es":"Pyhäselkä","fr":"Pyhäselkä","ja":"ピュハセルカ","it":"Pyhäselkä","zh-CN":"皮哈塞尔卡","tr":"Pyhäselkä","ru":"Пюхяселькя","uk":"Пюхяселькя","pl":"Pyhäselkä","hi":"प्य्हासेल्का","ar":"بيهاسيلكا"},"wikiDataId":"Q1025725"},{"id":39033,"name":"Rääkkylä","state_id":1504,"state_code":"13","state_name":"North Karelia","country_id":74,"country_code":"FI","country_name":"Finland","latitude":"62.31667000","longitude":"29.61667000","native":"Rääkkylä","type":"adm3","level":null,"parent_id":null,"population":1902,"timezone":"Europe/Helsinki","translations":{"br":"Rääkkylä","ko":"래킬래","pt-BR":"Rääkkylä","pt":"Rääkkylä","nl":"Rääkkylä","hr":"Rääkkylä","fa":"رککیلا","de":"Rääkkylä","es":"Rääkkylä","fr":"Rääkkylä","ja":"ラーキラ","it":"Rääkkylä","zh-CN":"拉屈莱","tr":"Rääkkylä","ru":"Ряаккюля","uk":"Ряаккюля","pl":"Rääkkylä","hi":"राक्किला","ar":"راكيلا"},"wikiDataId":"Q1641571"},{"id":39077,"name":"Tohmajärvi","state_id":1504,"state_code":"13","state_name":"North Karelia","country_id":74,"country_code":"FI","country_name":"Finland","latitude":"62.18333000","longitude":"30.38333000","native":"Tohmajärvi","type":"adm3","level":null,"parent_id":null,"population":4066,"timezone":"Europe/Helsinki","translations":{"br":"Tohmajärvi","ko":"토마야르비","pt-BR":"Tohmajärvi","pt":"Tohmajärvi","nl":"Tohmajärvi","hr":"Tohmajärvi","fa":"توهماجروی","de":"Tohmajärvi","es":"Tohmajärvi","fr":"Tohmajärvi","ja":"トーマヤルヴィ","it":"Tohmajärvi","zh-CN":"托赫马耶尔维","tr":"Tohmajärvi","ru":"Тохмаярви","uk":"Тохмаярві","pl":"Tohmajärvi","hi":"तोहमाजार्वी","ar":"توهمايارفي"},"wikiDataId":"Q993003"},{"id":39083,"name":"Tuupovaara","state_id":1504,"state_code":"13","state_name":"North Karelia","country_id":74,"country_code":"FI","country_name":"Finland","latitude":"62.48372000","longitude":"30.62731000","native":"Tupovara","type":"city","level":null,"parent_id":null,"population":2059,"timezone":"Europe/Helsinki","translations":{"br":"Tuupovaara","ko":"투우포바라","pt-BR":"Tuupovaara","pt":"Tuupovaara","nl":"Tuupovaara","hr":"Tuupovaara","fa":"توپووارا","de":"Tuupovaara","es":"Tuupovaara","fr":"Tuupovaara","ja":"トゥーポヴァーラ","it":"Tuupovaara","zh-CN":"图乌波瓦拉","tr":"Tuupovaara","ru":"Тууповаара","uk":"Тууповара","pl":"Tuupovaara","hi":"तुपोवारा","ar":"توبوفارا"},"wikiDataId":"Q255065"},{"id":39097,"name":"Valtimo","state_id":1504,"state_code":"13","state_name":"North Karelia","country_id":74,"country_code":"FI","country_name":"Finland","latitude":"63.66667000","longitude":"28.80000000","native":"Valtimo","type":"adm3","level":null,"parent_id":null,"population":2143,"timezone":"Europe/Helsinki","translations":{"br":"Valtimo","ko":"발티모","pt-BR":"Valtimo","pt":"Valtimo","nl":"Valtimo","hr":"Valtimo","fa":"والتیمو","de":"Valtimo","es":"Valtimo","fr":"Valtimo","ja":"バルティモ","it":"Valtimo","zh-CN":"瓦尔蒂莫","tr":"Valtimo","ru":"Валтимо","uk":"Валтімо","pl":"Valtimo","hi":"वैल्टिमो","ar":"فالتيمو"},"wikiDataId":"Q386061"}]