[{"id":38732,"name":"Alastaro","state_id":1507,"state_code":"19","state_name":"Finland Proper","country_id":74,"country_code":"FI","country_name":"Finland","latitude":"60.95000000","longitude":"22.85000000","native":"Alastaro","type":"adm3","level":null,"parent_id":null,"population":0,"timezone":"Europe/Helsinki","translations":{"br":"Alastaro","ko":"알라스타로","pt-BR":"Alastaro","pt":"Alastaro","nl":"Alastaro","hr":"Alastaro","fa":"آلاستارو","de":"Alastaro","es":"Alastaro","fr":"Alastaro","ja":"アラスタロ","it":"Alastaro","zh-CN":"阿拉斯塔罗","tr":"Alastaro","ru":"Аластаро","uk":"Аластаро","pl":"Alastaro","hi":"अलास्टारो","ar":"ألاستارو"},"wikiDataId":"Q206601"},{"id":38738,"name":"Askainen","state_id":1507,"state_code":"19","state_name":"Finland Proper","country_id":74,"country_code":"FI","country_name":"Finland","latitude":"60.56667000","longitude":"21.86667000","native":"Askainen","type":"adm3","level":null,"parent_id":null,"population":959,"timezone":"Europe/Helsinki","translations":{"br":"Askainen","ko":"아스카이넨","pt-BR":"Askainen","pt":"Askainen","nl":"Askainen","hr":"Askainen","fa":"آسکاینن","de":"Askainen","es":"Askainen","fr":"Askainen","ja":"アスカイネン","it":"Askainen","zh-CN":"阿斯凯宁","tr":"Askainen","ru":"Аскайнен","uk":"Аскайнен","pl":"Askainen","hi":"अस्कैनेन","ar":"أسكاينن"},"wikiDataId":"Q730954"},{"id":38740,"name":"Aura","state_id":1507,"state_code":"19","state_name":"Finland Proper","country_id":74,"country_code":"FI","country_name":"Finland","latitude":"60.64710000","longitude":"22.58755000","native":"Aura","type":"adm3","level":null,"parent_id":null,"population":3961,"timezone":"Europe/Helsinki","translations":{"br":"Aura","ko":"영기","pt-BR":"Aura","pt":"Aura","nl":"Aura","hr":"Aura","fa":"اورا","de":"Aura","es":"Aura","fr":"Aura","ja":"オーラ","it":"Aura","zh-CN":"光环","tr":"Aura","ru":"Аура","uk":"Аура","pl":"Aura","hi":"आभा","ar":"هالة"},"wikiDataId":"Q730954"},{"id":38742,"name":"Dragsfjärd","state_id":1507,"state_code":"19","state_name":"Finland Proper","country_id":74,"country_code":"FI","country_name":"Finland","latitude":"60.06667000","longitude":"22.48333000","native":"Dragsfjärd","type":"adm3","level":null,"parent_id":null,"population":3309,"timezone":"Europe/Helsinki","translations":{"br":"Dragsfjärd","ko":"드래그스피에르드","pt-BR":"Dragsfjärd","pt":"Dragsfjärd","nl":"Dragsfjärd","hr":"Dragsfjärd","fa":"دراگسفیرد","de":"Dragsfjärd","es":"Dragsfjärd","fr":"Dragsfjärd","ja":"ドラッグスフィヤルド","it":"Dragsfjärd","zh-CN":"Dragsfjärd","tr":"Dragsfjärd","ru":"Драгсфьярд","uk":"Драгсф'ярд","pl":"Dragsfjärd","hi":"ड्रैग्सफजार्ड","ar":"دراجسفيارد"},"wikiDataId":"Q1009619"},{"id":38757,"name":"Halikko","state_id":1507,"state_code":"19","state_name":"Finland Proper","country_id":74,"country_code":"FI","country_name":"Finland","latitude":"60.40000000","longitude":"23.08333000","native":"Halikko","type":"adm3","level":null,"parent_id":null,"population":9344,"timezone":"Europe/Helsinki","translations":{"br":"Halikko","ko":"할리코","pt-BR":"Halikko","pt":"Halikko","nl":"Halikko","hr":"Halikko","fa":"هالیکو","de":"Halikko","es":"Halikko","fr":"Halikko","ja":"ハリッコ","it":"Halikko","zh-CN":"哈利科","tr":"Halikko","ru":"Халикко","uk":"Халікко","pl":"Halikko","hi":"हालिक्को","ar":"هاليكو"},"wikiDataId":"Q1571103"},{"id":38775,"name":"Houtskär","state_id":1507,"state_code":"19","state_name":"Finland Proper","country_id":74,"country_code":"FI","country_name":"Finland","latitude":"60.22284000","longitude":"21.37218000","native":"Houtshker","type":"adm3","level":null,"parent_id":null,"population":633,"timezone":"Europe/Helsinki","translations":{"br":"Houtskär","ko":"하우츠케르","pt-BR":"Houtskär","pt":"Houtskär","nl":"Houtskär","hr":"Houtskär","fa":"هوتسکار","de":"Houtskär","es":"Houtskär","fr":"Houtskär","ja":"フーツカー","it":"Houtskär","zh-CN":"豪茨卡","tr":"Houtskär","ru":"Хаутскер","uk":"Хаутскер","pl":"Houtskär","hi":"हौत्स्कर","ar":"هوتسكار"},"wikiDataId":"Q1025722"},{"id":38790,"name":"Iniö","state_id":1507,"state_code":"19","state_name":"Finland Proper","country_id":74,"country_code":"FI","country_name":"Finland","latitude":"60.40000000","longitude":"21.40000000","native":"Iniö","type":"adm3","level":null,"parent_id":null,"population":259,"timezone":"Europe/Helsinki","translations":{"br":"Iniö","ko":"이니오","pt-BR":"Início","pt":"Início","nl":"Iniö","hr":"Iniö","fa":"اینیو","de":"Iniö","es":"Inicio","fr":"Iniö","ja":"イニオ","it":"Iniö","zh-CN":"伊尼厄","tr":"Iniö","ru":"Инио","uk":"Ініо","pl":"Iniö","hi":"इनियो","ar":"إينيو"},"wikiDataId":"Q1025692"},{"id":38814,"name":"Kaarina","state_id":1507,"state_code":"19","state_name":"Finland Proper","country_id":74,"country_code":"FI","country_name":"Finland","latitude":"60.40724000","longitude":"22.36904000","native":"Kaarina","type":"adm3","level":null,"parent_id":null,"population":36389,"timezone":"Europe/Helsinki","translations":{"br":"Kaarina","ko":"카리나","pt-BR":"Kaarina","pt":"Kaarina","nl":"Kaarina","hr":"Kaarina","fa":"کارینا","de":"Kaarina","es":"Kaarina","fr":"Kaarina","ja":"カーリナ","it":"Kaarina","zh-CN":"卡里娜","tr":"Kaarina","ru":"Каарина","uk":"Кааріна","pl":"Kaarina","hi":"कारिना","ar":"كارينا"},"wikiDataId":"Q3068775"},{"id":38827,"name":"Karinainen","state_id":1507,"state_code":"19","state_name":"Finland Proper","country_id":74,"country_code":"FI","country_name":"Finland","latitude":"60.66667000","longitude":"22.76667000","native":"Karinainen","type":"city","level":null,"parent_id":null,"population":null,"timezone":"Europe/Helsinki","translations":{"br":"Karinainen","ko":"카리나이넨","pt-BR":"Karinainen","pt":"Karinainen","nl":"Karinainen","hr":"Karinainen","fa":"کاریناینن","de":"Karinainen","es":"Karinainen","fr":"Karinainen","ja":"カリナイネン","it":"Karinainen","zh-CN":"卡里奈宁","tr":"Karinainen","ru":"Каринайнен","uk":"Карінайнен","pl":"Karinainen","hi":"करिनाइनेन","ar":"كاريناينن"},"wikiDataId":"Q910021"},{"id":38851,"name":"Kiikala","state_id":1507,"state_code":"19","state_name":"Finland Proper","country_id":74,"country_code":"FI","country_name":"Finland","latitude":"60.46667000","longitude":"23.56667000","native":"Kakila","type":"adm3","level":null,"parent_id":null,"population":1810,"timezone":"Europe/Helsinki","translations":{"br":"Kiikala","ko":"키칼라","pt-BR":"Kiikala","pt":"Kiikala","nl":"Kiikala","hr":"Kiikala","fa":"کیکالا","de":"Kiikala","es":"Kiikala","fr":"Kiikala","ja":"キイカラ","it":"Kiikala","zh-CN":"基伊卡拉","tr":"Kiikala","ru":"Киикала","uk":"Кіікала","pl":"Kiikala","hi":"किइकला","ar":"كيكالا"},"wikiDataId":"Q1641643"},{"id":38854,"name":"Kimito","state_id":1507,"state_code":"19","state_name":"Finland Proper","country_id":74,"country_code":"FI","country_name":"Finland","latitude":"60.16047000","longitude":"22.72900000","native":"Kimito","type":"adm3","level":null,"parent_id":null,"population":3287,"timezone":"Europe/Helsinki","translations":{"br":"Kimito","ko":"키미토","pt-BR":"Kimito","pt":"Kimito","nl":"Kimito","hr":"Kimito","fa":"کیمیتو","de":"Kimito","es":"Kimito","fr":"Kimito","ja":"キミト","it":"Kimito","zh-CN":"君人","tr":"Kimito","ru":"Кимито","uk":"Кіміто","pl":"Kimito","hi":"किमिटो","ar":"كيميتو"},"wikiDataId":"Q425790"},{"id":38857,"name":"Kisko","state_id":1507,"state_code":"19","state_name":"Finland Proper","country_id":74,"country_code":"FI","country_name":"Finland","latitude":"60.23333000","longitude":"23.48333000","native":"Kisko","type":"adm3","level":null,"parent_id":null,"population":1958,"timezone":"Europe/Helsinki","translations":{"br":"Kisko","ko":"키스코","pt-BR":"Kisko","pt":"Kisko","nl":"Kisko","hr":"Kisko","fa":"کیسکو","de":"Kisko","es":"Kisko","fr":"Kisko","ja":"キスコ","it":"Kisko","zh-CN":"基斯科","tr":"Kisko","ru":"Киско","uk":"Кіско","pl":"Kisko","hi":"किस्को","ar":"كيسكو"},"wikiDataId":"Q668748"},{"id":38884,"name":"Kustavi","state_id":1507,"state_code":"19","state_name":"Finland Proper","country_id":74,"country_code":"FI","country_name":"Finland","latitude":"60.54529000","longitude":"21.35880000","native":"Kustavi","type":"adm3","level":null,"parent_id":null,"population":949,"timezone":"Europe/Helsinki","translations":{"br":"Kustavi","ko":"쿠스타비","pt-BR":"Kustavi","pt":"Kustavi","nl":"Kustavi","hr":"Kustavi","fa":"کوستاوی","de":"Kustavi","es":"Kustavi","fr":"Kustavi","ja":"クスタヴィ","it":"Kustavi","zh-CN":"库斯塔维","tr":"Kustavi","ru":"Кустави","uk":"Куставі","pl":"Kustawi","hi":"कुस्तावी","ar":"كوستافي"},"wikiDataId":"Q6012"},{"id":38886,"name":"Kuusjoki","state_id":1507,"state_code":"19","state_name":"Finland Proper","country_id":74,"country_code":"FI","country_name":"Finland","latitude":"60.51667000","longitude":"23.20000000","native":"KUUSJOKI","type":"adm3","level":null,"parent_id":null,"population":1775,"timezone":"Europe/Helsinki","translations":{"br":"Kuusjoki","ko":"쿠우스요키","pt-BR":"Kuusjoki","pt":"Kuusjoki","nl":"Kuusjoki","hr":"Kuusjoki","fa":"کووسجوکی","de":"Kuusjoki","es":"Kuusjoki","fr":"Kuusjoki","ja":"クースヨキ","it":"Kuusjoki","zh-CN":"库斯约基","tr":"Kuusjoki","ru":"Куусйоки","uk":"Куусйокі","pl":"Kuusjoki","hi":"कुसजोकी","ar":"كوسجوكي"},"wikiDataId":"Q531620"},{"id":38894,"name":"Laitila","state_id":1507,"state_code":"19","state_name":"Finland Proper","country_id":74,"country_code":"FI","country_name":"Finland","latitude":"60.87575000","longitude":"21.69765000","native":"Laitila","type":"adm3","level":null,"parent_id":null,"population":8441,"timezone":"Europe/Helsinki","translations":{"br":"Laitila","ko":"라이틸라","pt-BR":"Laitila","pt":"Laitila","nl":"Laitila","hr":"Laitila","fa":"لایتیلا","de":"Laitila","es":"Laitila","fr":"Laitila","ja":"ライティラ","it":"Laitila","zh-CN":"莱蒂拉","tr":"Laitila","ru":"Лайтила","uk":"Лайтіла","pl":"Laitila","hi":"लैटिला","ar":"لايتيلا"},"wikiDataId":"Q1580271"},{"id":38909,"name":"Lemu","state_id":1507,"state_code":"19","state_name":"Finland Proper","country_id":74,"country_code":"FI","country_name":"Finland","latitude":"60.56667000","longitude":"21.96667000","native":"Hitaasti","type":"adm3","level":null,"parent_id":null,"population":1762,"timezone":"Europe/Helsinki","translations":{"br":"Lemu","ko":"레무","pt-BR":"Lemu","pt":"Lemu","nl":"Lemu","hr":"Lemu","fa":"لمو","de":"Lemu","es":"Lemu","fr":"Lémeu","ja":"レム","it":"Lemù","zh-CN":"勒穆","tr":"Lemu","ru":"Лему","uk":"Лему","pl":"Lemu","hi":"चब्बी","ar":"ليمو"},"wikiDataId":"Q1641588"},{"id":38913,"name":"Lieto","state_id":1507,"state_code":"19","state_name":"Finland Proper","country_id":74,"country_code":"FI","country_name":"Finland","latitude":"60.51032000","longitude":"22.46176000","native":"Käytetty","type":"adm3","level":null,"parent_id":null,"population":20637,"timezone":"Europe/Helsinki","translations":{"br":"Lieto","ko":"리에토","pt-BR":"Lieto","pt":"Lieto","nl":"Lieto","hr":"Lieto","fa":"لیتو","de":"Lieto","es":"Lieto","fr":"Liéto","ja":"リエト","it":"Lieto","zh-CN":"列托","tr":"Lieto","ru":"Лието","uk":"Лієто","pl":"Lieto","hi":"लिएटो","ar":"ليتو"},"wikiDataId":"Q608752"},{"id":38928,"name":"Marttila","state_id":1507,"state_code":"19","state_name":"Finland Proper","country_id":74,"country_code":"FI","country_name":"Finland","latitude":"60.58333000","longitude":"22.90000000","native":"Marttila","type":"adm3","level":null,"parent_id":null,"population":1930,"timezone":"Europe/Helsinki","translations":{"br":"Marttila","ko":"마르틸라","pt-BR":"Marttila","pt":"Marttila","nl":"Marttila","hr":"Marttila","fa":"مارتیلا","de":"Marttila","es":"Marttila","fr":"Marttila","ja":"マルティラ","it":"Marttila","zh-CN":"马蒂拉","tr":"Marttila","ru":"Марттила","uk":"Марттіла","pl":"Martilla","hi":"मार्टिला","ar":"مارتيلا"},"wikiDataId":"Q748064"},{"id":38929,"name":"Masku","state_id":1507,"state_code":"19","state_name":"Finland Proper","country_id":74,"country_code":"FI","country_name":"Finland","latitude":"60.57082000","longitude":"22.09883000","native":"Naamio","type":"adm3","level":null,"parent_id":null,"population":9619,"timezone":"Europe/Helsinki","translations":{"br":"Masku","ko":"마스쿠","pt-BR":"Máscara","pt":"Máscara","nl":"Masku","hr":"Masku","fa":"ماسکو","de":"Masku","es":"Máscara","fr":"Masku","ja":"マスク","it":"Masku","zh-CN":"马斯库","tr":"Maske","ru":"Маску","uk":"Маску","pl":"Masku","hi":"मस्कु","ar":"ماسكو"},"wikiDataId":"Q1017127"},{"id":38930,"name":"Mellilä","state_id":1507,"state_code":"19","state_name":"Finland Proper","country_id":74,"country_code":"FI","country_name":"Finland","latitude":"60.76667000","longitude":"22.95000000","native":"Mellilä","type":"adm3","level":null,"parent_id":null,"population":1178,"timezone":"Europe/Helsinki","translations":{"br":"Mellilä","ko":"멜릴라","pt-BR":"Mellilä","pt":"Mellilä","nl":"Mellilä","hr":"Mellila","fa":"ملیله","de":"Mellilä","es":"Mellilä","fr":"Mellilä","ja":"メリラ","it":"Mellilä","zh-CN":"梅利拉","tr":"Mellilä","ru":"Меллиля","uk":"Мелліля","pl":"Mellilä","hi":"मेलिला","ar":"ميليلا"},"wikiDataId":"Q1641630"},{"id":38934,"name":"Merimasku","state_id":1507,"state_code":"19","state_name":"Finland Proper","country_id":74,"country_code":"FI","country_name":"Finland","latitude":"60.48333000","longitude":"21.86667000","native":"Merimaski","type":"adm3","level":null,"parent_id":null,"population":1620,"timezone":"Europe/Helsinki","translations":{"br":"Merimasku","ko":"메리마스쿠","pt-BR":"Merimasku","pt":"Merimasku","nl":"Merimasku","hr":"Merimasku","fa":"مریمسکو","de":"Merimasku","es":"Merimasku","fr":"Merimasku","ja":"メリマスク","it":"Merimasku","zh-CN":"梅里马斯库","tr":"Merimasku","ru":"Меримаску","uk":"Мерімаску","pl":"Merimasku","hi":"मेरिमास्कु","ar":"ميريماسكو"},"wikiDataId":"Q1025703"},{"id":38936,"name":"Mietoinen","state_id":1507,"state_code":"19","state_name":"Finland Proper","country_id":74,"country_code":"FI","country_name":"Finland","latitude":"60.63333000","longitude":"21.93333000","native":"Mietoinen","type":"adm3","level":null,"parent_id":null,"population":1697,"timezone":"Europe/Helsinki","translations":{"br":"Mietoinen","ko":"미에토이넨","pt-BR":"Mietoinen","pt":"Mietoinen","nl":"Mietoinen","hr":"Mietoinen","fa":"میتوئینن","de":"Mietoinen","es":"Mietoinen","fr":"Mietoinen","ja":"ミエトイネン","it":"Mietoinen","zh-CN":"米托瓦宁","tr":"Mietoinen","ru":"Миетойнен","uk":"Мієтойнен","pl":"Mietoinen","hi":"मिएटोइनेन","ar":"ميتوينين"},"wikiDataId":"Q1852283"},{"id":38943,"name":"Muurla","state_id":1507,"state_code":"19","state_name":"Finland Proper","country_id":74,"country_code":"FI","country_name":"Finland","latitude":"60.35000000","longitude":"23.28333000","native":"Muurla","type":"adm3","level":null,"parent_id":null,"population":1553,"timezone":"Europe/Helsinki","translations":{"br":"Muurla","ko":"무를라","pt-BR":"Muurla","pt":"Muurla","nl":"Muurla","hr":"Muurla","fa":"مورلا","de":"Muurla","es":"Muurla","fr":"Muurla","ja":"ムールラ","it":"Muurla","zh-CN":"穆尔拉","tr":"Muurla","ru":"Муурла","uk":"Муурла","pl":"Muurla","hi":"मुउर्ला","ar":"مورلا"},"wikiDataId":"Q1641664"},{"id":38944,"name":"Mynämäki","state_id":1507,"state_code":"19","state_name":"Finland Proper","country_id":74,"country_code":"FI","country_name":"Finland","latitude":"60.67915000","longitude":"21.99274000","native":"Mynämäki","type":"adm3","level":null,"parent_id":null,"population":7515,"timezone":"Europe/Helsinki","translations":{"br":"Mynämäki","ko":"미나마키","pt-BR":"Mynämäki","pt":"Mynämäki","nl":"Mynämäki","hr":"Mynämäki","fa":"میناماکی","de":"Mynämäki","es":"Mynämäki","fr":"Mynämäki","ja":"ミナマキ","it":"Mynämäki","zh-CN":"Mynämäki","tr":"Mynämäki","ru":"Мюнямяки","uk":"Мюнямякі","pl":"Mynämäki","hi":"म्य्नामाकी","ar":"ميناماكي"},"wikiDataId":"Q1641664"},{"id":38948,"name":"Naantali","state_id":1507,"state_code":"19","state_name":"Finland Proper","country_id":74,"country_code":"FI","country_name":"Finland","latitude":"60.46744000","longitude":"22.02428000","native":"Naantali","type":"adm3","level":null,"parent_id":null,"population":19999,"timezone":"Europe/Helsinki","translations":{"br":"Naantali","ko":"난탈리","pt-BR":"Naantali","pt":"Naantali","nl":"Naantali","hr":"Naantali","fa":"نانتالی","de":"Naantali","es":"Naantali","fr":"Naantali","ja":"ナーンタリ","it":"Naantali","zh-CN":"纳坦利","tr":"Naantali","ru":"Наантали","uk":"Наанталі","pl":"Naantali","hi":"नान्ताली","ar":"نانتالي"},"wikiDataId":"Q1641649"},{"id":38949,"name":"Nagu","state_id":1507,"state_code":"19","state_name":"Finland Proper","country_id":74,"country_code":"FI","country_name":"Finland","latitude":"60.19375000","longitude":"21.90972000","native":"Kun","type":"adm3","level":null,"parent_id":null,"population":1410,"timezone":"Europe/Helsinki","translations":{"br":"Nagu","ko":"나구","pt-BR":"Nagu","pt":"Nagu","nl":"Nagu","hr":"Nagu","fa":"ناگو","de":"Nagu","es":"Nagu","fr":"Nagu","ja":"ナグ","it":"Nagu","zh-CN":"纳古","tr":"Nagu","ru":"Нагу","uk":"Нагу","pl":"Nagu","hi":"नागु","ar":"ناجو"},"wikiDataId":"Q203512"},{"id":38955,"name":"Nousiainen","state_id":1507,"state_code":"19","state_name":"Finland Proper","country_id":74,"country_code":"FI","country_name":"Finland","latitude":"60.60416000","longitude":"22.07926000","native":"Nousiainen","type":"adm3","level":null,"parent_id":null,"population":4695,"timezone":"Europe/Helsinki","translations":{"br":"Nousiainen","ko":"누시아이넨","pt-BR":"Nousiainen","pt":"Nousiainen","nl":"Nousiainen","hr":"Nousiainen","fa":"نوسیاینن","de":"Nousiainen","es":"Nousiainen","fr":"Nousiainen","ja":"ヌーシアネン","it":"Nousiainen","zh-CN":"诺西艾宁","tr":"Nousiainen","ru":"Ноусиайнен","uk":"Нусіайнен","pl":"Nousiainen","hi":"नौसियाइनेन","ar":"نوسياينن"},"wikiDataId":"Q1641623"},{"id":38963,"name":"Oripää","state_id":1507,"state_code":"19","state_name":"Finland Proper","country_id":74,"country_code":"FI","country_name":"Finland","latitude":"60.85000000","longitude":"22.68333000","native":"Oripää","type":"adm3","level":null,"parent_id":null,"population":1315,"timezone":"Europe/Helsinki","translations":{"br":"Oripää","ko":"오리패","pt-BR":"Oripää","pt":"Oripää","nl":"Oripää","hr":"Oripää","fa":"اوریپئا","de":"Oripää","es":"Oripää","fr":"Oripää","ja":"オリパー","it":"Oripää","zh-CN":"奥里帕","tr":"Oripää","ru":"Орипяя","uk":"Оріпяа","pl":"Oripää","hi":"ओरिपा","ar":"أوريبا"},"wikiDataId":"Q2028417"},{"id":38970,"name":"Paimio","state_id":1507,"state_code":"19","state_name":"Finland Proper","country_id":74,"country_code":"FI","country_name":"Finland","latitude":"60.45671000","longitude":"22.68694000","native":"Paimio","type":"adm3","level":null,"parent_id":null,"population":11236,"timezone":"Europe/Helsinki","translations":{"br":"Paimio","ko":"파이미오","pt-BR":"Paimio","pt":"Paimio","nl":"Paimio","hr":"Paimio","fa":"پایمیو","de":"Paimio","es":"Paimio","fr":"Paimio","ja":"パイミオ","it":"Paimio","zh-CN":"帕米奥","tr":"Paimio","ru":"Паймио","uk":"Пайміо","pl":"Paimio","hi":"पैमियो","ar":"بايميو"},"wikiDataId":"Q992356"},{"id":38972,"name":"Pargas","state_id":1507,"state_code":"19","state_name":"Finland Proper","country_id":74,"country_code":"FI","country_name":"Finland","latitude":"60.30672000","longitude":"22.30097000","native":"Pargas","type":"adm3","level":null,"parent_id":null,"population":11962,"timezone":"Europe/Helsinki","translations":{"br":"Pargaoù","ko":"파르가스","pt-BR":"Pargas","pt":"Pargas","nl":"Pargas","hr":"Pargas","fa":"پارگاس","de":"Pargas","es":"Pargas","fr":"Pargas","ja":"パルガス","it":"Pargas","zh-CN":"帕尔加斯","tr":"Pargas","ru":"Паргас","uk":"Паргас","pl":"Pargas","hi":"परगास","ar":"بارغاس"},"wikiDataId":"Q13405837"},{"id":38978,"name":"Perniö","state_id":1507,"state_code":"19","state_name":"Finland Proper","country_id":74,"country_code":"FI","country_name":"Finland","latitude":"60.20000000","longitude":"23.13333000","native":"Perniö","type":"adm3","level":null,"parent_id":null,"population":5809,"timezone":"Europe/Helsinki","translations":{"br":"Perniö","ko":"페르니오","pt-BR":"Perniö","pt":"Perniö","nl":"Perniö","hr":"Perniö","fa":"پرنیو","de":"Perniö","es":"Pernio","fr":"Perniö","ja":"ペルニオ","it":"Perniö","zh-CN":"佩尔尼奥","tr":"Perniö","ru":"Перниё","uk":"Перніо","pl":"Perniö","hi":"पेर्नियो","ar":"بيرنيو"},"wikiDataId":"Q1641596"},{"id":38980,"name":"Pertteli","state_id":1507,"state_code":"19","state_name":"Finland Proper","country_id":74,"country_code":"FI","country_name":"Finland","latitude":"60.43333000","longitude":"23.26667000","native":"Pertteli","type":"adm3","level":null,"parent_id":null,"population":3974,"timezone":"Europe/Helsinki","translations":{"br":"Pertteli","ko":"페르텔리","pt-BR":"Pertteli","pt":"Pertteli","nl":"Pertteli","hr":"Pertteli","fa":"پرتلی","de":"Pertteli","es":"Pertteli","fr":"Pertteli","ja":"ペルテリ","it":"Pertteli","zh-CN":"佩特利","tr":"Pertteli","ru":"Перттели","uk":"Перттелі","pl":"Pertteli","hi":"पर्टेली","ar":"بيرتيلي"},"wikiDataId":"Q121715"},{"id":38986,"name":"Piikkiö","state_id":1507,"state_code":"19","state_name":"Finland Proper","country_id":74,"country_code":"FI","country_name":"Finland","latitude":"60.42481000","longitude":"22.51601000","native":"Piikkiö","type":"adm3","level":null,"parent_id":null,"population":6553,"timezone":"Europe/Helsinki","translations":{"br":"Piikkiö","ko":"피키오","pt-BR":"Piikkiö","pt":"Piikkiö","nl":"Piikkiö","hr":"Piikkiö","fa":"پیکیئو","de":"Piikkiö","es":"Piikkiö","fr":"Piikkiö","ja":"ピッキオ","it":"Piikkiö","zh-CN":"皮基奥","tr":"Piikkiö","ru":"Пииккиё","uk":"Пііккіо","pl":"Piikkiö","hi":"पिइकियो","ar":"بيكيو"},"wikiDataId":"Q783205"},{"id":39009,"name":"Pöytyä","state_id":1507,"state_code":"19","state_name":"Finland Proper","country_id":74,"country_code":"FI","country_name":"Finland","latitude":"60.76667000","longitude":"22.66667000","native":"Pöytyä","type":"adm3","level":null,"parent_id":null,"population":8130,"timezone":"Europe/Helsinki","translations":{"br":"Pöytyä","ko":"포이티야","pt-BR":"Pöytyä","pt":"Pöytyä","nl":"Pöytyä","hr":"Pöytyä","fa":"پویتیا","de":"Pöytyä","es":"Pöytyä","fr":"Pöytyä","ja":"ポイティア","it":"Pöytyä","zh-CN":"珀于蒂艾","tr":"Pöytyä","ru":"Пёйтья","uk":"Пьойтя","pl":"Pöytyä","hi":"पोयत्या","ar":"بويتيا"},"wikiDataId":"Q200443"},{"id":39006,"name":"Pyhäranta","state_id":1507,"state_code":"19","state_name":"Finland Proper","country_id":74,"country_code":"FI","country_name":"Finland","latitude":"60.95000000","longitude":"21.45000000","native":"Pyhäranta","type":"adm3","level":null,"parent_id":null,"population":1930,"timezone":"Europe/Helsinki","translations":{"br":"Pyhäranta","ko":"피헤란타","pt-BR":"Pyhäranta","pt":"Pyhäranta","nl":"Pyhäranta","hr":"Pyhäranta","fa":"پیهرانتا","de":"Pyhäranta","es":"Pyhäranta","fr":"Pyhäranta","ja":"ピュハランタ","it":"Pyhäranta","zh-CN":"皮哈兰塔","tr":"Pyhäranta","ru":"Пюхяранта","uk":"Пюхаранта","pl":"Pyhäranta","hi":"पाइहरंता","ar":"بيهارانتا"},"wikiDataId":"Q807902"},{"id":39012,"name":"Raisio","state_id":1507,"state_code":"19","state_name":"Finland Proper","country_id":74,"country_code":"FI","country_name":"Finland","latitude":"60.48592000","longitude":"22.16895000","native":"Raisio","type":"adm3","level":null,"parent_id":null,"population":25331,"timezone":"Europe/Helsinki","translations":{"br":"Raisio","ko":"라이시오","pt-BR":"Raisio","pt":"Raisio","nl":"Raisio","hr":"Raisio","fa":"رئیسیو","de":"Raisio","es":"Raisio","fr":"Raisio","ja":"ライシオ","it":"Raisio","zh-CN":"拉伊西奥","tr":"Raisio","ru":"Райсио","uk":"Райсіо","pl":"Raisio","hi":"रईसियो","ar":"رايسيو"},"wikiDataId":"Q1191746"},{"id":39030,"name":"Rusko","state_id":1507,"state_code":"19","state_name":"Finland Proper","country_id":74,"country_code":"FI","country_name":"Finland","latitude":"60.53333000","longitude":"22.21667000","native":"Naamio","type":"adm3","level":null,"parent_id":null,"population":6436,"timezone":"Europe/Helsinki","translations":{"br":"Rusko","ko":"루스코","pt-BR":"Russo","pt":"Russo","nl":"Rusko","hr":"Rusko","fa":"روسکو","de":"Rusko","es":"Rusko","fr":"Rusko","ja":"ルスコ","it":"Russo","zh-CN":"鲁斯科","tr":"Rusko","ru":"Руско","uk":"Руско","pl":"Rusko","hi":"रुस्को","ar":"روسكو"},"wikiDataId":"Q999193"},{"id":39032,"name":"Rymättylä","state_id":1507,"state_code":"19","state_name":"Finland Proper","country_id":74,"country_code":"FI","country_name":"Finland","latitude":"60.37658000","longitude":"21.94184000","native":"Rymättylä","type":"adm3","level":null,"parent_id":null,"population":1987,"timezone":"Europe/Helsinki","translations":{"br":"Rymättylä","ko":"리매틸래","pt-BR":"Rymättylä","pt":"Rymättylä","nl":"Rymättylä","hr":"Rymättylä","fa":"ریماتیله","de":"Rymättylä","es":"Rymättylä","fr":"Rymättylä","ja":"リュマッティラ","it":"Rymättylä","zh-CN":"莱梅蒂拉","tr":"Rymättylä","ru":"Рюмяттюля","uk":"Рімяттюля","pl":"Rymättylä","hi":"रयमत्तिला","ar":"ريماتيللا"},"wikiDataId":"Q1641571"},{"id":39037,"name":"Salo","state_id":1507,"state_code":"19","state_name":"Finland Proper","country_id":74,"country_code":"FI","country_name":"Finland","latitude":"60.38333000","longitude":"23.13333000","native":"Salo","type":"adm3","level":null,"parent_id":null,"population":50794,"timezone":"Europe/Helsinki","translations":{"br":"Salo","ko":"살로","pt-BR":"Salo","pt":"Salo","nl":"Salo","hr":"Salo","fa":"سالو","de":"Salo","es":"Salo","fr":"Salo","ja":"サロ","it":"Salò","zh-CN":"萨洛","tr":"Salo","ru":"Сало","uk":"Сало","pl":"Salo","hi":"सालो","ar":"سالو"},"wikiDataId":"Q210987"},{"id":39065,"name":"Särkisalo","state_id":1507,"state_code":"19","state_name":"Finland Proper","country_id":74,"country_code":"FI","country_name":"Finland","latitude":"60.11389000","longitude":"22.95000000","native":"Särkisalo","type":"adm3","level":null,"parent_id":null,"population":0,"timezone":"Europe/Helsinki","translations":{"br":"Särkisalo","ko":"세르키살로","pt-BR":"Särkisalo","pt":"Särkisalo","nl":"Särkisalo","hr":"Särkisalo","fa":"سرکیسالو","de":"Särkisalo","es":"Särkisalo","fr":"Särkisalo","ja":"サーキサロ","it":"Särkisalo","zh-CN":"瑟基萨洛","tr":"Sarkisalo","ru":"Сяркисало","uk":"Сяркісало","pl":"Särkisalo","hi":"सार्किसालो","ar":"ساركيسالو"},"wikiDataId":"Q1852674"},{"id":39039,"name":"Sauvo","state_id":1507,"state_code":"19","state_name":"Finland Proper","country_id":74,"country_code":"FI","country_name":"Finland","latitude":"60.34306000","longitude":"22.69642000","native":"Sauvo","type":"adm3","level":null,"parent_id":null,"population":2974,"timezone":"Europe/Helsinki","translations":{"br":"Sauvo","ko":"사우보","pt-BR":"Sauvo","pt":"Sauvo","nl":"Sauvo","hr":"Sauvo","fa":"ساوو","de":"Sauvo","es":"Sauvo","fr":"Sauvo","ja":"サウヴォ","it":"Sauvo","zh-CN":"索沃","tr":"Sauvo","ru":"Сауво","uk":"Сауво","pl":"Sauvo","hi":"हेल्सिंकी","ar":"ساوفو"},"wikiDataId":"Q1017136"},{"id":39054,"name":"Somero","state_id":1507,"state_code":"19","state_name":"Finland Proper","country_id":74,"country_code":"FI","country_name":"Finland","latitude":"60.61667000","longitude":"23.53333000","native":"Kesän","type":"adm3","level":null,"parent_id":null,"population":8410,"timezone":"Europe/Helsinki","translations":{"br":"Somero","ko":"소메로","pt-BR":"Somero","pt":"Somero","nl":"Somero","hr":"Somero","fa":"سومرو","de":"Somero","es":"Somero","fr":"Somero","ja":"ソメロ","it":"Somero","zh-CN":"索梅罗","tr":"Somero","ru":"Сомеро","uk":"Сомеро","pl":"Somero","hi":"सोमीरो","ar":"سوميرو"},"wikiDataId":"Q939727"},{"id":39060,"name":"Suomusjärvi","state_id":1507,"state_code":"19","state_name":"Finland Proper","country_id":74,"country_code":"FI","country_name":"Finland","latitude":"60.35000000","longitude":"23.65000000","native":"Suomusjärvi","type":"adm3","level":null,"parent_id":null,"population":1310,"timezone":"Europe/Helsinki","translations":{"br":"Suomusjärvi","ko":"수오무샤르비","pt-BR":"Suomusjärvi","pt":"Suomusjärvi","nl":"Suomusjärvi","hr":"Suomusjärvi","fa":"سوموسجاروی","de":"Suomusjärvi","es":"Suomusjärvi","fr":"Suomusjärvi","ja":"スオムスヤルヴィ","it":"Suomusjärvi","zh-CN":"苏奥穆斯湖","tr":"Suomusjärvi","ru":"Суомусъярви","uk":"Суомусьярві","pl":"Suomusjärvi","hi":"सुओमुसजार्वी","ar":"سوموسيارفي"},"wikiDataId":"Q1641656"},{"id":39069,"name":"Taivassalo","state_id":1507,"state_code":"19","state_name":"Finland Proper","country_id":74,"country_code":"FI","country_name":"Finland","latitude":"60.56085000","longitude":"21.61639000","native":"Taivassalo","type":"adm3","level":null,"parent_id":null,"population":1705,"timezone":"Europe/Helsinki","translations":{"br":"Taivassalo","ko":"타이바살로","pt-BR":"Taivassalo","pt":"Taivassalo","nl":"Taivassalo","hr":"Taivassalo","fa":"تایواسالو","de":"Taivassalo","es":"Taivassalo","fr":"Taivassalo","ja":"タイヴァッサロ","it":"Taivassalo","zh-CN":"泰瓦萨洛","tr":"Taivassalo","ru":"Тайвассало","uk":"Тайвассало","pl":"Taivassalo","hi":"ताइवासलो","ar":"تايفاسالو"},"wikiDataId":"Q1025700"},{"id":39071,"name":"Tarvasjoki","state_id":1507,"state_code":"19","state_name":"Finland Proper","country_id":74,"country_code":"FI","country_name":"Finland","latitude":"60.58333000","longitude":"22.73333000","native":"Tarvasjoki","type":"city","level":null,"parent_id":null,"population":1961,"timezone":"Europe/Helsinki","translations":{"br":"Tarvasjoki","ko":"타르바스요키","pt-BR":"Tarvasjoki","pt":"Tarvasjoki","nl":"Tarvasjoki","hr":"Tarvasjöki","fa":"تارواسوکی","de":"Tarvasjoki","es":"Tarvasjoki","fr":"Tarvasjoki","ja":"タルヴァスヨキ","it":"Tarvasjoki","zh-CN":"塔尔瓦斯约基","tr":"Tarvasjoki","ru":"Тарвасйоки","uk":"Тарвасйокі","pl":"Tarvasjoki","hi":"ट्रैवसजोकी","ar":"تارفاسيوكي"},"wikiDataId":"Q1025700"},{"id":39081,"name":"Turku","state_id":1507,"state_code":"19","state_name":"Finland Proper","country_id":74,"country_code":"FI","country_name":"Finland","latitude":"60.45148000","longitude":"22.26869000","native":"Turku","type":"adm1","level":null,"parent_id":null,"population":206420,"timezone":"Europe/Helsinki","translations":{"br":"Turku","ko":"투르쿠","pt-BR":"Turku","pt":"Turku","nl":"Turku","hr":"Turku","fa":"تورکو","de":"Turku","es":"Turku","fr":"Turku","ja":"トゥルク","it":"Turku","zh-CN":"图尔库","tr":"Turku","ru":"Турку","uk":"Турку","pl":"Turku","hi":"टुर्कु","ar":"توركو"},"wikiDataId":"Q38511"},{"id":39093,"name":"Uusikaupunki","state_id":1507,"state_code":"19","state_name":"Finland Proper","country_id":74,"country_code":"FI","country_name":"Finland","latitude":"60.80043000","longitude":"21.40841000","native":"Uusikaupunki","type":"adm3","level":null,"parent_id":null,"population":14938,"timezone":"Europe/Helsinki","translations":{"br":"Uusikaupunki","ko":"우시카우푼키","pt-BR":"Uusikaupunki","pt":"Uusikaupunki","nl":"Uusikaupunki","hr":"Uusikaupunki","fa":"اوسی‌کاکوپونکی","de":"Uusikaupunki","es":"Uusikaupunki","fr":"Uusikaupunki","ja":"ウーシカウプンキ","it":"Uusikaupunki","zh-CN":"新考蓬基","tr":"Uusikaupunki","ru":"Уусикаупунки","uk":"Уусікаупункі","pl":"Uusikaupunki","hi":"ऊसिकौपुन्की","ar":"أوسيكاوبونكي"},"wikiDataId":"Q207295"},{"id":39096,"name":"Vahto","state_id":1507,"state_code":"19","state_name":"Finland Proper","country_id":74,"country_code":"FI","country_name":"Finland","latitude":"60.60000000","longitude":"22.30000000","native":"Vahto","type":"adm3","level":null,"parent_id":null,"population":1882,"timezone":"Europe/Helsinki","translations":{"br":"Vahto","ko":"바토","pt-BR":"Vahto","pt":"Vahto","nl":"Vahto","hr":"Vahto","fa":"واهتو","de":"Vahto","es":"Vahto","fr":"Vahto","ja":"ヴァト","it":"Vahto","zh-CN":"瓦赫托","tr":"Vahto","ru":"Вахто","uk":"Вахто","pl":"Vahto","hi":"वाहतो","ar":"فاهتو"},"wikiDataId":"Q386061"},{"id":39119,"name":"Väståboland","state_id":1507,"state_code":"19","state_name":"Finland Proper","country_id":74,"country_code":"FI","country_name":"Finland","latitude":"60.29972000","longitude":"22.30040000","native":"Väståboland","type":"city","level":null,"parent_id":null,"population":15498,"timezone":"Europe/Helsinki","translations":{"br":"Väståboland","ko":"베스타볼란드","pt-BR":"Väståboland","pt":"Väståboland","nl":"Väståboland","hr":"Väståboland","fa":"وستابولند","de":"Väståboland","es":"Väståboland","fr":"Väståboland","ja":"ヴェスタボランド","it":"Väståboland","zh-CN":"西波兰","tr":"Väståboland","ru":"Вестаболанд","uk":"Вестоболанд","pl":"Väståboland","hi":"वास्टाबोलैंड","ar":"فاستابولاند"},"wikiDataId":"Q1010550"},{"id":39118,"name":"Västanfjärd","state_id":1507,"state_code":"19","state_name":"Finland Proper","country_id":74,"country_code":"FI","country_name":"Finland","latitude":"60.05000000","longitude":"22.68333000","native":"Västanfjärd","type":"adm3","level":null,"parent_id":null,"population":799,"timezone":"Europe/Helsinki","translations":{"br":"Västanfjärd","ko":"베스탄피에르드","pt-BR":"Västanfjärd","pt":"Västanfjärd","nl":"Västanfjärd","hr":"Västanfjärd","fa":"وستانفیارد","de":"Västanfjärd","es":"Västanfjärd","fr":"Västanfjärd","ja":"ヴェスタンフィヤルド","it":"Västanfjärd","zh-CN":"维斯坦湾","tr":"Västanfjärd","ru":"Вестанфьярд","uk":"Вестанф'ярд","pl":"Västanfjärd","hi":"वास्तानफजार्ड","ar":"فاستانفيارد"},"wikiDataId":"Q1641638"},{"id":39102,"name":"Vehmaa","state_id":1507,"state_code":"19","state_name":"Finland Proper","country_id":74,"country_code":"FI","country_name":"Finland","latitude":"60.68333000","longitude":"21.66667000","native":"Vehmaa","type":"adm3","level":null,"parent_id":null,"population":2245,"timezone":"Europe/Helsinki","translations":{"br":"Vehmaa","ko":"베흐마","pt-BR":"Vehmaa","pt":"Vehmaa","nl":"Vehmaa","hr":"Vehmaa","fa":"وهما","de":"Vehmaa","es":"Vehmaa","fr":"Vehmaa","ja":"ヴェフマー","it":"Vehmaa","zh-CN":"维玛","tr":"Vehmaa","ru":"Вехмаа","uk":"Вехмаа","pl":"Vehmaa","hi":"वेहमा","ar":"فهيما"},"wikiDataId":"Q1641558"},{"id":39104,"name":"Velkua","state_id":1507,"state_code":"19","state_name":"Finland Proper","country_id":74,"country_code":"FI","country_name":"Finland","latitude":"60.46667000","longitude":"21.66667000","native":"Velku","type":"adm3","level":null,"parent_id":null,"population":258,"timezone":"Europe/Helsinki","translations":{"br":"Velkua","ko":"벨쿠아","pt-BR":"Velkua","pt":"Velkua","nl":"Velkua","hr":"Velkua","fa":"ولکوا","de":"Velkua","es":"Velkua","fr":"Velkua","ja":"ベルクア","it":"Velkua","zh-CN":"维尔库阿","tr":"Velkua","ru":"Велкуа","uk":"Велкуа","pl":"Velkua","hi":"वेलकुआ","ar":"فيلكوا"},"wikiDataId":"Q939276"},{"id":39128,"name":"Yläne","state_id":1507,"state_code":"19","state_name":"Finland Proper","country_id":74,"country_code":"FI","country_name":"Finland","latitude":"60.88333000","longitude":"22.41667000","native":"Yläne","type":"adm3","level":null,"parent_id":null,"population":2114,"timezone":"Europe/Helsinki","translations":{"br":"Yläne","ko":"일레네","pt-BR":"Yläne","pt":"Yläne","nl":"Yläne","hr":"Yläne","fa":"ایلان","de":"Yläne","es":"Yläne","fr":"Yläne","ja":"イレーネ","it":"Yläne","zh-CN":"伊莱恩","tr":"Yläne","ru":"Юлене","uk":"Ілане","pl":"Yläne","hi":"यलेन","ar":"يلين"},"wikiDataId":"Q1407166"}]