[{"id":65605,"name":"Aktobe","state_id":151,"state_code":"15","state_name":"Aktobe","country_id":112,"country_code":"KZ","country_name":"Kazakhstan","latitude":"50.27969000","longitude":"57.20718000","native":"Ақтөбе","type":"adm1","level":null,"parent_id":null,"population":570475,"timezone":"Asia/Aqtobe","translations":{"br":"Aktobe","ko":"악토베","pt-BR":"Aqtöbe","pt":"Aqtöbe","nl":"Aktobé","hr":"Aktobe","fa":"آکتوب","de":"Aktöbe","es":"Aktobe","fr":"Aktioubé","ja":"アクトベ","it":"Aqtöbe","zh-CN":"阿克托别","tr":"Aktöbe","ru":"Актобе","uk":"Актобе","pl":"Aktobe","hi":"अल्माटी","ar":"أكتوبي"},"wikiDataId":"Q477232"},{"id":65636,"name":"Batamshinskiy","state_id":151,"state_code":"15","state_name":"Aktobe","country_id":112,"country_code":"KZ","country_name":"Kazakhstan","latitude":"50.56022000","longitude":"58.27715000","native":"Батамшинский","type":"city","level":null,"parent_id":null,"population":null,"timezone":"Asia/Almaty","translations":{"br":"Batamshinskiy","ko":"바탐신스키","pt-BR":"Batamshinskiy","pt":"Batamshinskiy","nl":"Batamshinskiy","hr":"Batamšinski","fa":"باتامشینسکی","de":"Batamschinski","es":"Batamshinskiy","fr":"Batamshinskiy","ja":"バタムシンスキー","it":"Batamshinskiy","zh-CN":"巴塔姆申斯基","tr":"Batamşinskiy","ru":"Батамшинский","uk":"Батамшинський","pl":"Batamshinskiy","hi":"बतमशिंस्की","ar":"باتامشينسكي"},"wikiDataId":"Q4077051"},{"id":65638,"name":"Bayganin","state_id":151,"state_code":"15","state_name":"Aktobe","country_id":112,"country_code":"KZ","country_name":"Kazakhstan","latitude":"48.68975000","longitude":"55.87512000","native":"Байғанин","type":"city","level":null,"parent_id":null,"population":7657,"timezone":"Asia/Aqtobe","translations":{"br":"Bayganin","ko":"베이가닌","pt-BR":"Bayganin","pt":"Bayganin","nl":"Bayganin","hr":"Bajganin","fa":"بایگانین","de":"Bayganin","es":"Bayganin","fr":"Bayganin","ja":"バイガニン","it":"Bayganin","zh-CN":"巴伊加宁","tr":"Bayganin","ru":"Байганин","uk":"Байганін","pl":"Bajganin","hi":"बेगानिन","ar":"بايجانين"},"wikiDataId":"Q4077051"},{"id":65674,"name":"Embi","state_id":151,"state_code":"15","state_name":"Aktobe","country_id":112,"country_code":"KZ","country_name":"Kazakhstan","latitude":"48.82981000","longitude":"58.15042000","native":"Ембі","type":"city","level":null,"parent_id":null,"population":18760,"timezone":"Asia/Aqtobe","translations":{"br":"Embi","ko":"엠비","pt-BR":"Embi","pt":"Embi","nl":"Embi","hr":"Embi","fa":"امبی","de":"Embi","es":"Embi","fr":"Embi","ja":"エンビ","it":"Embi","zh-CN":"恩比","tr":"Embi","ru":"Эмби","uk":"Ембі","pl":"Embi","hi":"एम्बी","ar":"إمبي"},"wikiDataId":"Q2378028"},{"id":65687,"name":"Kandyagash","state_id":151,"state_code":"15","state_name":"Aktobe","country_id":112,"country_code":"KZ","country_name":"Kazakhstan","latitude":"49.46912000","longitude":"57.41914000","native":"Қандыағаш","type":"adm2","level":null,"parent_id":null,"population":29169,"timezone":"Asia/Aqtobe","translations":{"br":"Kandyagash","ko":"칸디아가시","pt-BR":"Kandyagash","pt":"Kandyagash","nl":"Kandyagash","hr":"Kandyagash","fa":"کندیاگاش","de":"Kandyagash","es":"Kandyagash","fr":"Kandyagash","ja":"カンディヤガシュ","it":"Kandyagash","zh-CN":"坎迪亚加什","tr":"Kandyagash","ru":"Кандыагаш","uk":"Кандьягаш","pl":"Kandyagash","hi":"कंड्यागाश","ar":"كاندياغاش"},"wikiDataId":"Q2374438"},{"id":65697,"name":"Khromtau","state_id":151,"state_code":"15","state_name":"Aktobe","country_id":112,"country_code":"KZ","country_name":"Kazakhstan","latitude":"50.25117000","longitude":"58.44003000","native":"Хромтау","type":"adm2","level":null,"parent_id":null,"population":26641,"timezone":"Asia/Almaty","translations":{"br":"Khromtau","ko":"크롬타우","pt-BR":"Khromtau","pt":"Khromtau","nl":"Khromtau","hr":"Kromtau","fa":"خرمتائو","de":"Chromtau","es":"Khromtau","fr":"Khromtau","ja":"クロムタウ","it":"Khromtau","zh-CN":"克罗姆套","tr":"Khromtau","ru":"Хромтау","uk":"Хромтау","pl":"Chromtau","hi":"खोमटाऊ","ar":"خرومتاو"},"wikiDataId":"Q1087785"},{"id":65725,"name":"Martuk","state_id":151,"state_code":"15","state_name":"Aktobe","country_id":112,"country_code":"KZ","country_name":"Kazakhstan","latitude":"50.74746000","longitude":"56.50611000","native":"Мәртөк","type":"adm2","level":null,"parent_id":null,"population":7756,"timezone":"Asia/Aqtobe","translations":{"br":"Martuk","ko":"마르투크","pt-BR":"Martuk","pt":"Martuk","nl":"Martuk","hr":"Martuk","fa":"مارتوک","de":"Martuk","es":"Martuk","fr":"Martuk","ja":"マルトゥク","it":"Martuk","zh-CN":"马图克","tr":"Martuk","ru":"Мартук","uk":"Мартук","pl":"Martuk","hi":"मार्टुक","ar":"مارتوك"},"wikiDataId":"Q4282692"},{"id":65779,"name":"Shalqar","state_id":151,"state_code":"15","state_name":"Aktobe","country_id":112,"country_code":"KZ","country_name":"Kazakhstan","latitude":"47.83333000","longitude":"59.60000000","native":"Шалқар","type":"city","level":null,"parent_id":null,"population":null,"timezone":"Asia/Almaty","translations":{"br":"Shalqar","ko":"샬카르","pt-BR":"Shalqar","pt":"Shalqar","nl":"Shalqar","hr":"Šalkar","fa":"شالقار","de":"Schalqar","es":"Shalqar","fr":"Shalqar","ja":"シャルカール","it":"Shalqar","zh-CN":"沙尔卡尔","tr":"Şalkar","ru":"Шалкар","uk":"Шалкар","pl":"Szalkar","hi":"शालकार","ar":"شلقار"},"wikiDataId":"Q61944"},{"id":65788,"name":"Shubarkuduk","state_id":151,"state_code":"15","state_name":"Aktobe","country_id":112,"country_code":"KZ","country_name":"Kazakhstan","latitude":"49.14391000","longitude":"56.48196000","native":"Шұбарқұдық","type":"adm2","level":null,"parent_id":null,"population":14125,"timezone":"Asia/Aqtobe","translations":{"br":"Shubarkuduk","ko":"슈바르쿠둑","pt-BR":"Shubarkuduk","pt":"Shubarkuduk","nl":"Shubarkuduk","hr":"Šubarkuduk","fa":"شوبارکودوک","de":"Shubarkuduk","es":"Shubarkuduk","fr":"Shubarkuduk","ja":"シュバルクドゥク","it":"Shubarkuduk","zh-CN":"舒巴尔库杜克","tr":"Şubarkuduk","ru":"Шубаркудук","uk":"Шубаркудук","pl":"Szubarkuduk","hi":"शुबरकुडुक","ar":"شوباركودوك"},"wikiDataId":"Q4523462"},{"id":65790,"name":"Shubarshi","state_id":151,"state_code":"15","state_name":"Aktobe","country_id":112,"country_code":"KZ","country_name":"Kazakhstan","latitude":"48.58022000","longitude":"57.18289000","native":"Шұбарши","type":"city","level":null,"parent_id":null,"population":8651,"timezone":"Asia/Aqtobe","translations":{"br":"Shubarshi","ko":"슈바르시","pt-BR":"Shubarshi","pt":"Shubarshi","nl":"Shubarshi","hr":"Šubarši","fa":"شوبارشی","de":"Shubarshi","es":"Shubarshi","fr":"Shubarshi","ja":"シュバルシ","it":"Shubarshi","zh-CN":"舒巴尔什","tr":"Şubarşi","ru":"Шубарши","uk":"Шубарші","pl":"Szubarszi","hi":"शुभार्शी","ar":"شوبارشي"},"wikiDataId":"Q4523462"},{"id":65808,"name":"Temir","state_id":151,"state_code":"15","state_name":"Aktobe","country_id":112,"country_code":"KZ","country_name":"Kazakhstan","latitude":"49.14132000","longitude":"57.12855000","native":"Темір","type":"city","level":null,"parent_id":null,"population":2560,"timezone":"Asia/Aqtobe","translations":{"br":"Temir","ko":"테미르","pt-BR":"Temir","pt":"Temir","nl":"Temir","hr":"Temir","fa":"تمیر","de":"Temir","es":"Temir","fr":"Témir","ja":"テミル","it":"Temir","zh-CN":"特米尔","tr":"Temir","ru":"Темир","uk":"Темір","pl":"Temir","hi":"तेमिर","ar":"تيمير"},"wikiDataId":"Q4454439"},{"id":65831,"name":"Yrghyz","state_id":151,"state_code":"15","state_name":"Aktobe","country_id":112,"country_code":"KZ","country_name":"Kazakhstan","latitude":"48.61667000","longitude":"61.26667000","native":"Ырғыз","type":"adm2","level":null,"parent_id":null,"population":null,"timezone":"Asia/Almaty","translations":{"br":"Yrghyz","ko":"이르기즈","pt-BR":"Yrghyz","pt":"Yrghyz","nl":"Yrghyz","hr":"Yrghyz","fa":"یرقیز","de":"Yrghyz","es":"Yrghyz","fr":"Yrghyz","ja":"イルギズ語","it":"Yrghyz","zh-CN":"伊尔格兹","tr":"Yrghyz","ru":"Ыргыз","uk":"Іргиз","pl":"Yrghyz","hi":"यर्गिज़","ar":"يرغيز"},"wikiDataId":"Q4203114"}]