[{"id":66737,"name":"Bettendorf","state_id":1513,"state_code":"DI","state_name":"Diekirch","country_id":127,"country_code":"LU","country_name":"Luxembourg","latitude":"49.87667000","longitude":"6.21806000","native":"Bettendorf","type":"adm3","level":null,"parent_id":null,"population":1072,"timezone":"Europe/Luxembourg","translations":{"br":"Bettendorf","ko":"베텐도르프","pt-BR":"Bettendorf","pt":"Bettendorf","nl":"Bettendorf","hr":"Bettendorf","fa":"بتندورف","de":"Bettendorf","es":"Bettendorf","fr":"Bettendorf","ja":"ベッテンドルフ","it":"Bettendorf","zh-CN":"贝滕多夫","tr":"Bettendorf","ru":"Беттендорф","uk":"Беттендорф","pl":"Bettendorf","hi":"बेटेनडॉर्फ","ar":"بيتندورف"},"wikiDataId":"Q22284"},{"id":66743,"name":"Bourscheid","state_id":1513,"state_code":"DI","state_name":"Diekirch","country_id":127,"country_code":"LU","country_name":"Luxembourg","latitude":"49.90862000","longitude":"6.06750000","native":"Se soutenir","type":"adm3","level":null,"parent_id":null,"population":275,"timezone":"Europe/Luxembourg","translations":{"br":"Bourscheid","ko":"부르샤이드","pt-BR":"Bourscheid","pt":"Bourscheid","nl":"Bourscheid","hr":"Bourscheid","fa":"بورشاید","de":"Burscheid","es":"Bourscheid","fr":"Bourscheid","ja":"ブルシャイト","it":"Bourscheid","zh-CN":"布尔沙伊德","tr":"Bourscheid","ru":"Буршайд","uk":"Буршайд","pl":"Bourscheid","hi":"बोरशेड","ar":"بورشايد"},"wikiDataId":"Q20969287"},{"id":66752,"name":"Commune de la Vallée de l’Ernz","state_id":1513,"state_code":"DI","state_name":"Diekirch","country_id":127,"country_code":"LU","country_name":"Luxembourg","latitude":"49.82149000","longitude":"6.21746000","native":"Commune de la le Lallée's L'erz","type":"adm3","level":null,"parent_id":null,"population":1410,"timezone":"Europe/Luxembourg","translations":{"br":"Kumun Traoñienn an Ernz","ko":"Commune de la Vallée de l'Ernz","pt-BR":"Comuna de la Vallée de l'Ernz","pt":"Comuna de la Vallée de l'Ernz","nl":"Commune de la Vallée de l'Ernz","hr":"Commune de la Vallée de l’Ernz","fa":"Commune de la Vallée de l’Ernz","de":"Commune de la Vallée de l’Ernz","es":"Comuna del Valle de l'Ernz","fr":"Commune de la Vallée de l'Ernz","ja":"コミューン・ド・ラ・ヴァレ・ド・エルンズ","it":"Comune della Valle dell'Ernz","zh-CN":"恩茨山谷公社","tr":"Komün de la Vallée de l'Ernz","ru":"Коммуна Валле де л'Эрнц","uk":"Комуна де ла Валле де л’Ернц","pl":"Gmina de la Vallée de l’Ernz","hi":"कम्यून डे ला वल्ली डे ल'अर्न्ज़","ar":"كوميون دي لا فالي دي ليرنز"},"wikiDataId":"Q1313580"},{"id":66757,"name":"Diekirch","state_id":1513,"state_code":"DI","state_name":"Diekirch","country_id":127,"country_code":"LU","country_name":"Luxembourg","latitude":"49.86778000","longitude":"6.15583000","native":"Diekkch","type":"adm1","level":null,"parent_id":null,"population":7295,"timezone":"Europe/Luxembourg","translations":{"br":"Diekirch","ko":"디키르히","pt-BR":"Diekirch","pt":"Diekirch","nl":"Diekirch","hr":"Diekirch","fa":"دیکیرش","de":"Diekirch","es":"Diekirch","fr":"Diekirch","ja":"ディーキルヒ","it":"Diekirch","zh-CN":"迪基希","tr":"Diekirch","ru":"Дикирх","uk":"Дікірх","pl":"Diekirch","hi":"डायकिर्च","ar":"ديكيرش"},"wikiDataId":"Q29057521"},{"id":66764,"name":"Erpeldange","state_id":1513,"state_code":"DI","state_name":"Diekirch","country_id":127,"country_code":"LU","country_name":"Luxembourg","latitude":"49.86472000","longitude":"6.11472000","native":"Erpeldange","type":"adm3","level":null,"parent_id":null,"population":845,"timezone":"Europe/Luxembourg","translations":{"br":"Erpeldange","ko":"에르펠당게","pt-BR":"Erpeldange","pt":"Erpeldange","nl":"Erpeldange","hr":"Erpeldange","fa":"ارپلدانگه","de":"Erpeldingen","es":"Erpeldange","fr":"Erpeldange","ja":"エルペルダンジュ","it":"Erpeldange","zh-CN":"埃佩尔当日","tr":"Erpeldange","ru":"Эрпельданж","uk":"Ерпельданж","pl":"Erpeldange","hi":"एर्पेलडांगे","ar":"إربيلدانج"},"wikiDataId":"Q1311018"},{"id":66767,"name":"Ettelbruck","state_id":1513,"state_code":"DI","state_name":"Diekirch","country_id":127,"country_code":"LU","country_name":"Luxembourg","latitude":"49.84750000","longitude":"6.10417000","native":"Geodup Burrousr","type":"adm3","level":null,"parent_id":null,"population":6364,"timezone":"Europe/Luxembourg","translations":{"br":"Ettelbruck","ko":"에텔브뤼크","pt-BR":"Ettelbruck","pt":"Ettelbruck","nl":"Ettelbruck","hr":"Ettelbruck","fa":"اتلبروک","de":"Ettelbrück","es":"Ettelbruck","fr":"Ettelbruck","ja":"エッテルブルック","it":"Ettelbruck","zh-CN":"埃特尔布吕克","tr":"Ettelbruck","ru":"Эттельбрюк","uk":"Еттельбрук","pl":"Ettelbruck","hi":"एटलब्रुक","ar":"إيتلبروك"},"wikiDataId":"Q20969348"},{"id":66769,"name":"Feulen","state_id":1513,"state_code":"DI","state_name":"Diekirch","country_id":127,"country_code":"LU","country_name":"Luxembourg","latitude":"49.85000000","longitude":"6.01667000","native":"Excréments","type":"adm3","level":null,"parent_id":null,"population":2439,"timezone":"Europe/Luxembourg","translations":{"br":"Feulen","ko":"포일렌","pt-BR":"Feulen","pt":"Feulen","nl":"Feulen","hr":"Feulen","fa":"فولن","de":"Feulen","es":"Feulen","fr":"Feulen","ja":"フーレン","it":"Feulen","zh-CN":"费伦","tr":"Ateş","ru":"Фейлен","uk":"Фейлен","pl":"Feulen","hi":"फ्यूलेन","ar":"فولين"},"wikiDataId":"Q1143707"},{"id":66804,"name":"Medernach","state_id":1513,"state_code":"DI","state_name":"Diekirch","country_id":127,"country_code":"LU","country_name":"Luxembourg","latitude":"49.80955000","longitude":"6.21521000","native":"Mederelas","type":"adm3","level":null,"parent_id":null,"population":907,"timezone":"Europe/Luxembourg","translations":{"br":"Medernach","ko":"메데르나흐","pt-BR":"Medernach","pt":"Medernach","nl":"Medernach","hr":"Medernach","fa":"مدرناخ","de":"Medernach","es":"Medernach","fr":"Médernach","ja":"メデルナッハ","it":"Medernach","zh-CN":"梅德纳赫","tr":"Medernach","ru":"Медернах","uk":"Медернах","pl":"Medernach","hi":"मेडेर्नाच","ar":"ميديرناخ"},"wikiDataId":"Q20969453"},{"id":66807,"name":"Mertzig","state_id":1513,"state_code":"DI","state_name":"Diekirch","country_id":127,"country_code":"LU","country_name":"Luxembourg","latitude":"49.83389000","longitude":"6.00750000","native":"Ertzgg","type":"adm3","level":null,"parent_id":null,"population":1482,"timezone":"Europe/Luxembourg","translations":{"br":"Mertzig","ko":"메르치히","pt-BR":"Mertzig","pt":"Mertzig","nl":"Mertzig","hr":"Mertzig","fa":"مرتزیگ","de":"Mertzig","es":"Mertzig","fr":"Mertzig","ja":"メルツィヒ","it":"Mertzig","zh-CN":"梅尔齐格","tr":"Mertzig","ru":"Мерциг","uk":"Мерціґ","pl":"Mertzig","hi":"मर्ट्ज़िग","ar":"ميرتزيج"},"wikiDataId":"Q3916990"},{"id":66815,"name":"Niederfeulen","state_id":1513,"state_code":"DI","state_name":"Diekirch","country_id":127,"country_code":"LU","country_name":"Luxembourg","latitude":"49.85556000","longitude":"6.04722000","native":"Nathersesses","type":"adm3","level":null,"parent_id":null,"population":1125,"timezone":"Europe/Luxembourg","translations":{"br":"Niederfeulen","ko":"니더포일렌","pt-BR":"Niederfeulen","pt":"Niederfeulen","nl":"Niederfeulen","hr":"Niederfeulen","fa":"نیدرفولن","de":"Niederfeulen","es":"Niederfeulen","fr":"Niederfeulen","ja":"ニーダーフォイレン","it":"Niederfeulen","zh-CN":"下弗伊伦","tr":"Niederfeulen","ru":"Нидерфойлен","uk":"Нідерфейлен","pl":"Niederfeulen","hi":"निडरफ्यूलेन","ar":"نيدرفولين"},"wikiDataId":"Q3112408"},{"id":66826,"name":"Reisdorf","state_id":1513,"state_code":"DI","state_name":"Diekirch","country_id":127,"country_code":"LU","country_name":"Luxembourg","latitude":"49.86861000","longitude":"6.26778000","native":"Dispositifs de riz","type":"adm3","level":null,"parent_id":null,"population":493,"timezone":"Europe/Luxembourg","translations":{"br":"Reisdorf","ko":"라이스도르프","pt-BR":"Reisdorf","pt":"Reisdorf","nl":"Reisdorf","hr":"Reisdorf","fa":"رایزدورف","de":"Reisdorf","es":"Reisdorf","fr":"Reisdorf","ja":"ライスドルフ","it":"Reisdorf","zh-CN":"赖斯多夫","tr":"Reisdorf","ru":"Рейсдорф","uk":"Райсдорф","pl":"Reisdorf","hi":"रीसडॉर्फ","ar":"رايسدورف"},"wikiDataId":"Q16764501"},{"id":66837,"name":"Schieren","state_id":1513,"state_code":"DI","state_name":"Diekirch","country_id":127,"country_code":"LU","country_name":"Luxembourg","latitude":"49.83056000","longitude":"6.09861000","native":"Hangar","type":"adm3","level":null,"parent_id":null,"population":1397,"timezone":"Europe/Luxembourg","translations":{"br":"Schieren","ko":"쉬렌","pt-BR":"Schieren","pt":"Schieren","nl":"Schieren","hr":"Schieren","fa":"شیرن","de":"Schieren","es":"Schieren","fr":"Schieren","ja":"シーレン","it":"Schieren","zh-CN":"席伦","tr":"Schieren","ru":"Ширен","uk":"Ширен","pl":"Schieren","hi":"शिएरेन","ar":"شيرين"},"wikiDataId":"Q20969739"},{"id":66859,"name":"Warken","state_id":1513,"state_code":"DI","state_name":"Diekirch","country_id":127,"country_code":"LU","country_name":"Luxembourg","latitude":"49.85918000","longitude":"6.08415000","native":"Lavé","type":"city","level":null,"parent_id":null,"population":1507,"timezone":"Europe/Luxembourg","translations":{"br":"Warken","ko":"워켄","pt-BR":"Warken","pt":"Warken","nl":"Warken","hr":"Warken","fa":"وارکن","de":"Warken","es":"Warken","fr":"Warken","ja":"ウォーケン","it":"Warken","zh-CN":"沃肯","tr":"Warken","ru":"Уоркен","uk":"Воркен","pl":"Warken","hi":"वार्केन","ar":"واركن"},"wikiDataId":"Q1828890"}]