[{"id":66728,"name":"Beaufort","state_id":1515,"state_code":"EC","state_name":"Echternach","country_id":127,"country_code":"LU","country_name":"Luxembourg","latitude":"49.83583000","longitude":"6.29167000","native":"Beaufort","type":"adm3","level":null,"parent_id":null,"population":1418,"timezone":"Europe/Luxembourg","translations":{"br":"Beaufort","ko":"보퍼트","pt-BR":"Beaufort","pt":"Beaufort","nl":"Beaufort","hr":"Beaufort","fa":"بوفورت","de":"Beaufort","es":"Beaufort","fr":"Beaufort","ja":"ボーフォート","it":"Beaufort","zh-CN":"博福特","tr":"Beaufort","ru":"Бофорт","uk":"Бофорт","pl":"Beaufort","hi":"ब्यूफोर्ट","ar":"بوفورت"},"wikiDataId":"Q20969250"},{"id":66729,"name":"Bech","state_id":1515,"state_code":"EC","state_name":"Echternach","country_id":127,"country_code":"LU","country_name":"Luxembourg","latitude":"49.75260000","longitude":"6.36379000","native":"Bec","type":"adm3","level":null,"parent_id":null,"population":452,"timezone":"Europe/Luxembourg","translations":{"br":"Bech","ko":"베크","pt-BR":"Bech","pt":"Bech","nl":"Bech","hr":"Bech","fa":"بِچ","de":"Bech","es":"Playa","fr":"Bech","ja":"ベック","it":"Spiaggia","zh-CN":"贝克","tr":"Bech","ru":"Бек","uk":"Беч","pl":"Bech","hi":"बेच","ar":"بيتش"},"wikiDataId":"Q20969250"},{"id":66732,"name":"Berdorf","state_id":1515,"state_code":"EC","state_name":"Echternach","country_id":127,"country_code":"LU","country_name":"Luxembourg","latitude":"49.82051000","longitude":"6.34945000","native":"Berdorf","type":"adm3","level":null,"parent_id":null,"population":900,"timezone":"Europe/Luxembourg","translations":{"br":"Berdorf","ko":"베르도르프","pt-BR":"Berdorf","pt":"Berdorf","nl":"Berdorf","hr":"Berdorf","fa":"بردورف","de":"Berdorf","es":"Berdorf","fr":"Berdorf","ja":"ベルドルフ","it":"Berdorf","zh-CN":"贝尔多夫","tr":"Berdorf","ru":"Бердорф","uk":"Бердорф","pl":"Berdorf","hi":"बर्डोर्फ","ar":"بيردورف"},"wikiDataId":"Q2895177"},{"id":66753,"name":"Consdorf","state_id":1515,"state_code":"EC","state_name":"Echternach","country_id":127,"country_code":"LU","country_name":"Luxembourg","latitude":"49.78018000","longitude":"6.33950000","native":"Consdorf","type":"adm3","level":null,"parent_id":null,"population":1406,"timezone":"Europe/Luxembourg","translations":{"br":"Consdorf","ko":"콘스도르프","pt-BR":"Consdorf","pt":"Consdorf","nl":"Consdorf","hr":"Consdorf","fa":"کونسدورف","de":"Consdorf","es":"Consdorf","fr":"Consdorf","ja":"コンスドルフ","it":"Consdorf","zh-CN":"康斯多夫","tr":"Consdorf","ru":"Консдорф","uk":"Консдорф","pl":"Consdorf","hi":"कॉन्सडॉर्फ","ar":"كونسدورف"},"wikiDataId":"Q1313580"},{"id":66761,"name":"Echternach","state_id":1515,"state_code":"EC","state_name":"Echternach","country_id":127,"country_code":"LU","country_name":"Luxembourg","latitude":"49.81212000","longitude":"6.41846000","native":"Empire","type":"adm2","level":null,"parent_id":null,"population":5869,"timezone":"Europe/Luxembourg","translations":{"br":"Echternach","ko":"에히터나흐","pt-BR":"Echternach","pt":"Echternach","nl":"Echternach","hr":"Echternach","fa":"اشترناخ","de":"Echternach","es":"Echternach","fr":"Echternach","ja":"エヒテルナハ","it":"Echternach","zh-CN":"埃希特纳赫","tr":"Echternach","ru":"Эхтернах","uk":"Ехтернах","pl":"Echternach","hi":"इचेर्नाच","ar":"إخترناخ"},"wikiDataId":"Q204317"},{"id":66808,"name":"Mompach","state_id":1515,"state_code":"EC","state_name":"Echternach","country_id":127,"country_code":"LU","country_name":"Luxembourg","latitude":"49.74611000","longitude":"6.46500000","native":"Mombragère","type":"adm3","level":null,"parent_id":null,"population":100,"timezone":"Europe/Luxembourg","translations":{"br":"Mompach","ko":"몸파치","pt-BR":"Mompach","pt":"Mompach","nl":"Mompach","hr":"Mompach","fa":"مومپاچ","de":"Mompach","es":"Mompach","fr":"Mompach","ja":"モンパチ","it":"Mompach","zh-CN":"蒙帕赫","tr":"Mompach","ru":"Момпач","uk":"Момпах","pl":"Mompach","hi":"मोम्पाच","ar":"مومباش"},"wikiDataId":"Q3916990"},{"id":66831,"name":"Rosport","state_id":1515,"state_code":"EC","state_name":"Echternach","country_id":127,"country_code":"LU","country_name":"Luxembourg","latitude":"49.80470000","longitude":"6.50532000","native":"Rosport","type":"adm3","level":null,"parent_id":null,"population":681,"timezone":"Europe/Luxembourg","translations":{"br":"Rosport","ko":"로스포트","pt-BR":"Rosport","pt":"Rosport","nl":"Rosport","hr":"Rosport","fa":"روسپورت","de":"Rosport","es":"Rosport","fr":"Rosport","ja":"ロスポート","it":"Rosport","zh-CN":"罗斯波特","tr":"Rosport","ru":"Роспорт","uk":"Роспорт","pl":"Rosport","hi":"रोसपोर्ट","ar":"روسبورت"},"wikiDataId":"Q2640199"},{"id":66856,"name":"Waldbillig","state_id":1515,"state_code":"EC","state_name":"Echternach","country_id":127,"country_code":"LU","country_name":"Luxembourg","latitude":"49.79636000","longitude":"6.28431000","native":"Waldbillig","type":"adm3","level":null,"parent_id":null,"population":408,"timezone":"Europe/Luxembourg","translations":{"br":"Waldbillig","ko":"발드빌리그","pt-BR":"Waldbillig","pt":"Waldbillig","nl":"Waldbillig","hr":"Waldbillig","fa":"والدبیلیگ","de":"Waldbillig","es":"Waldbillig","fr":"Waldbillig","ja":"ヴァルドビリグ","it":"Waldbillig","zh-CN":"瓦尔德比利格","tr":"Waldbillig","ru":"Вальдбиллиг","uk":"Вальдбілліг","pl":"Waldbillig","hi":"वाल्डबिलिग","ar":"والدبيليج"},"wikiDataId":"Q20969783"}]