[{"id":66726,"name":"Bascharage","state_id":1518,"state_code":"CA","state_name":"Capellen","country_id":127,"country_code":"LU","country_name":"Luxembourg","latitude":"49.56727000","longitude":"5.90730000","native":"Bachar joard","type":"adm3","level":null,"parent_id":null,"population":4645,"timezone":"Europe/Luxembourg","translations":{"br":"Bascharage","ko":"바샤라지","pt-BR":"Bascharage","pt":"Bascharage","nl":"Bascharage","hr":"Bascharage","fa":"باشچاراج","de":"Niederkerschen","es":"Bascharage","fr":"Bascharage","ja":"バシャラージュ","it":"Bascharage","zh-CN":"巴沙拉日","tr":"Bascharage","ru":"Башараж","uk":"Башараж","pl":"Bascharage","hi":"बास्चरेज","ar":"باشاراج"},"wikiDataId":"Q947942"},{"id":66745,"name":"Bridel","state_id":1518,"state_code":"CA","state_name":"Capellen","country_id":127,"country_code":"LU","country_name":"Luxembourg","latitude":"49.65579000","longitude":"6.07999000","native":"Bridel","type":"city","level":null,"parent_id":null,"population":3263,"timezone":"Europe/Luxembourg","translations":{"br":"Bridel","ko":"브라이델","pt-BR":"Bridel","pt":"Bridel","nl":"Bruid","hr":"Bridel","fa":"برایدل","de":"Bridel","es":"Bridel","fr":"Bridel","ja":"ブリデル","it":"Bridel","zh-CN":"布里德尔","tr":"Gelin","ru":"Бридель","uk":"Брідель","pl":"Bridel","hi":"ब्राइडल","ar":"برايدل"},"wikiDataId":"Q2584585"},{"id":66747,"name":"Capellen","state_id":1518,"state_code":"CA","state_name":"Capellen","country_id":127,"country_code":"LU","country_name":"Luxembourg","latitude":"49.64500000","longitude":"5.99083000","native":"Rond","type":"adm2","level":null,"parent_id":null,"population":2224,"timezone":"Europe/Luxembourg","translations":{"br":"Capellen","ko":"카펠렌","pt-BR":"Capellen","pt":"Capellen","nl":"Capellen","hr":"Capellen","fa":"کاپلن","de":"Capellen","es":"Capellen","fr":"Capellen","ja":"カペレン","it":"Capellen","zh-CN":"卡佩伦","tr":"Capellen","ru":"Капеллен","uk":"Капеллен","pl":"Capellen","hi":"कैपेलेन","ar":"كابيلين"},"wikiDataId":"Q1988543"},{"id":66748,"name":"Clemency","state_id":1518,"state_code":"CA","state_name":"Capellen","country_id":127,"country_code":"LU","country_name":"Luxembourg","latitude":"49.59667000","longitude":"5.87583000","native":"Clémence","type":"city","level":null,"parent_id":null,"population":2018,"timezone":"Europe/Luxembourg","translations":{"br":"Trugarez","ko":"관용","pt-BR":"Clemência","pt":"Clemência","nl":"clementie","hr":"Pomilovanje","fa":"بخشش","de":"Milde","es":"Clemencia","fr":"Clémence","ja":"恩赦","it":"Clemenza","zh-CN":"赦免","tr":"Merhamet","ru":"Помилование","uk":"Помилування","pl":"Łaska","hi":"दया","ar":"الرحمة"},"wikiDataId":"Q1369887"},{"id":66759,"name":"Dippach","state_id":1518,"state_code":"CA","state_name":"Capellen","country_id":127,"country_code":"LU","country_name":"Luxembourg","latitude":"49.58701000","longitude":"5.98330000","native":"Dippach","type":"adm3","level":null,"parent_id":null,"population":808,"timezone":"Europe/Luxembourg","translations":{"br":"Dippach","ko":"디파흐","pt-BR":"Dippach","pt":"Dippach","nl":"Dippach","hr":"Dippach","fa":"دیپاخ","de":"Dippach","es":"Dippach","fr":"Dippach","ja":"ディパッハ","it":"Dippach","zh-CN":"迪帕赫","tr":"Dippach","ru":"Диппах","uk":"Діппах","pl":"Dippach","hi":"डिप्पाच","ar":"ديباخ"},"wikiDataId":"Q13102344"},{"id":66762,"name":"Eischen","state_id":1518,"state_code":"CA","state_name":"Capellen","country_id":127,"country_code":"LU","country_name":"Luxembourg","latitude":"49.68556000","longitude":"5.87861000","native":"Démontrer","type":"city","level":null,"parent_id":null,"population":2131,"timezone":"Europe/Luxembourg","translations":{"br":"Eischen","ko":"아이센","pt-BR":"Eischen","pt":"Eischen","nl":"Eischen","hr":"Eischen","fa":"آیشن","de":"Eischen","es":"Eischen","fr":"Eischen","ja":"アイシェン","it":"Ghiaccio","zh-CN":"艾申","tr":"Eischen","ru":"Эйшен","uk":"Айшен","pl":"Eischen","hi":"आइशेन","ar":"آيشن"},"wikiDataId":"Q1311018"},{"id":66773,"name":"Garnich","state_id":1518,"state_code":"CA","state_name":"Capellen","country_id":127,"country_code":"LU","country_name":"Luxembourg","latitude":"49.61667000","longitude":"5.95250000","native":"Yarnich","type":"adm3","level":null,"parent_id":null,"population":824,"timezone":"Europe/Luxembourg","translations":{"br":"Garnich","ko":"가르니히","pt-BR":"Garnich","pt":"Garnich","nl":"Garnich","hr":"Garnich","fa":"گارنیچ","de":"Garnich","es":"Garnich","fr":"Garnich","ja":"ガルニッチ","it":"Garnich","zh-CN":"加尼希","tr":"Garniç","ru":"Гарнич","uk":"Гарніч","pl":"Garnich","hi":"गार्निच","ar":"جارنيش"},"wikiDataId":"Q20969364"},{"id":66778,"name":"Hautcharage","state_id":1518,"state_code":"CA","state_name":"Capellen","country_id":127,"country_code":"LU","country_name":"Luxembourg","latitude":"49.57499000","longitude":"5.90970000","native":"Marge de peau","type":"city","level":null,"parent_id":null,"population":1925,"timezone":"Europe/Luxembourg","translations":{"br":"Hautcharge","ko":"하우차라주","pt-BR":"Carga máxima","pt":"Carga máxima","nl":"Hautcharage","hr":"Hautcharage","fa":"هاوچاراژ","de":"Hautcharage","es":"Hautcharage","fr":"Hautcharage","ja":"オートチャラージュ","it":"Hautcharage","zh-CN":"奥查拉热","tr":"Hautcharage","ru":"Отшараж","uk":"Hautcharage","pl":"Hautcharage","hi":"हाउचरेज","ar":"هوتشاراج"},"wikiDataId":"Q2675610"},{"id":66783,"name":"Hobscheid","state_id":1518,"state_code":"CA","state_name":"Capellen","country_id":127,"country_code":"LU","country_name":"Luxembourg","latitude":"49.68861000","longitude":"5.91472000","native":"Hobscreen","type":"adm3","level":null,"parent_id":null,"population":1051,"timezone":"Europe/Luxembourg","translations":{"br":"Hobscheid","ko":"홉샤이드","pt-BR":"Hobscheid","pt":"Hobscheid","nl":"Hobscheid","hr":"Hobscheid","fa":"هابشاید","de":"Hobscheid","es":"Hobscheid","fr":"Hobscheid","ja":"ホブシャイト","it":"Hobscheid","zh-CN":"霍布沙伊德","tr":"Hobscheid","ru":"Хобшайд","uk":"Гобшайд","pl":"Hobscheid","hi":"हॉब्सचाइड","ar":"هوبشايد"},"wikiDataId":"Q13102943"},{"id":66793,"name":"Käerjeng","state_id":1518,"state_code":"CA","state_name":"Capellen","country_id":127,"country_code":"LU","country_name":"Luxembourg","latitude":"49.58311000","longitude":"5.89892000","native":"Karaäerjengen","type":"city","level":null,"parent_id":null,"population":11159,"timezone":"Europe/Luxembourg","translations":{"br":"Käerjeng","ko":"케르젱","pt-BR":"Käerjeng","pt":"Käerjeng","nl":"Käerjeng","hr":"Käerjeng","fa":"کِرجنگ","de":"Käerjeng","es":"Käerjeng","fr":"Käerjeng","ja":"ケルジェン","it":"Käerjeng","zh-CN":"凯尔珍","tr":"Käerjeng","ru":"Кэрженг","uk":"Кер'єнг","pl":"Käerjeng","hi":"केर्जेंग","ar":"كيرجينغ"},"wikiDataId":"Q776642"},{"id":66788,"name":"Kehlen","state_id":1518,"state_code":"CA","state_name":"Capellen","country_id":127,"country_code":"LU","country_name":"Luxembourg","latitude":"49.66833000","longitude":"6.03583000","native":"Gorge","type":"adm3","level":null,"parent_id":null,"population":1658,"timezone":"Europe/Luxembourg","translations":{"br":"Kehlen","ko":"켈렌","pt-BR":"Kehlen","pt":"Kehlen","nl":"Kehlen","hr":"Kehlen","fa":"کهلن","de":"Kehlen","es":"Kehlen","fr":"Kehlen","ja":"ケーレン","it":"Kehlen","zh-CN":"凯伦","tr":"Kehlen","ru":"Келен","uk":"Келен","pl":"Kehlen","hi":"केहलेन","ar":"كيهلين"},"wikiDataId":"Q16763861"},{"id":66791,"name":"Koerich","state_id":1518,"state_code":"CA","state_name":"Capellen","country_id":127,"country_code":"LU","country_name":"Luxembourg","latitude":"49.67000000","longitude":"5.95000000","native":"Koerich","type":"adm3","level":null,"parent_id":null,"population":1066,"timezone":"Europe/Luxembourg","translations":{"br":"Koerich","ko":"코에리히","pt-BR":"Koerich","pt":"Koerich","nl":"Koerich","hr":"Koerich","fa":"کوئریچ","de":"Koerich","es":"Koerich","fr":"Koerich","ja":"ケーリッチ","it":"Koerich","zh-CN":"科里奇","tr":"Koerich","ru":"Кёрих","uk":"Керіх","pl":"Koerich","hi":"कोएरिच","ar":"كوريتش"},"wikiDataId":"Q20969433"},{"id":66792,"name":"Kopstal","state_id":1518,"state_code":"CA","state_name":"Capellen","country_id":127,"country_code":"LU","country_name":"Luxembourg","latitude":"49.66444000","longitude":"6.07306000","native":"Copyal","type":"adm3","level":null,"parent_id":null,"population":657,"timezone":"Europe/Luxembourg","translations":{"br":"Kopstal","ko":"코프스탈","pt-BR":"Kopstal","pt":"Kopstal","nl":"Kopstal","hr":"Kopstal","fa":"کوپستال","de":"Kopstal","es":"Kopstal","fr":"Kopstal","ja":"コプスタル","it":"Kopstal","zh-CN":"科普斯塔尔","tr":"Kopstal","ru":"Копсталь","uk":"Копстал","pl":"Kopstal","hi":"कोपस्टल","ar":"كوبستال"},"wikiDataId":"Q20969435"},{"id":66802,"name":"Mamer","state_id":1518,"state_code":"CA","state_name":"Capellen","country_id":127,"country_code":"LU","country_name":"Luxembourg","latitude":"49.62750000","longitude":"6.02333000","native":"Mameller","type":"adm3","level":null,"parent_id":null,"population":5017,"timezone":"Europe/Luxembourg","translations":{"br":"Mamer","ko":"마머","pt-BR":"Mamer","pt":"Mamer","nl":"Mamer","hr":"Mamer","fa":"مامر","de":"Mamer","es":"Mamer","fr":"Mamer","ja":"ママー","it":"Mamer","zh-CN":"马默","tr":"Anne","ru":"Мамер","uk":"Мамер","pl":"Mamer","hi":"मामेर","ar":"مامر"},"wikiDataId":"Q20969453"},{"id":66839,"name":"Schouweiler","state_id":1518,"state_code":"CA","state_name":"Capellen","country_id":127,"country_code":"LU","country_name":"Luxembourg","latitude":"49.58250000","longitude":"5.95639000","native":"Les écoles font","type":"city","level":null,"parent_id":null,"population":1620,"timezone":"Europe/Luxembourg","translations":{"br":"Schouweiler","ko":"슈바일러","pt-BR":"Schouweiler","pt":"Schouweiler","nl":"Schouweiler","hr":"Schouweiler","fa":"شویلر","de":"Schouweiler","es":"Schouweiler","fr":"Schouweiler","ja":"ショウワイラー","it":"Schouweiler","zh-CN":"舒韦勒","tr":"Schouweiler","ru":"Шаувайлер","uk":"Шувайлер","pl":"Schouweiler","hi":"शॉवेइलर","ar":"شوويلر"},"wikiDataId":"Q2609947"},{"id":66842,"name":"Septfontaines","state_id":1518,"state_code":"CA","state_name":"Capellen","country_id":127,"country_code":"LU","country_name":"Luxembourg","latitude":"49.70111000","longitude":"5.96722000","native":"Septfontaines","type":"adm3","level":null,"parent_id":null,"population":368,"timezone":"Europe/Luxembourg","translations":{"br":"Septfontaines","ko":"셉트폰테인스","pt-BR":"Septfontaines","pt":"Septfontaines","nl":"Septfontaines","hr":"Septfontaines","fa":"سپتفونتین","de":"Septfontaines","es":"Septfontaines","fr":"Septfontaines","ja":"セプトフォンテーヌ","it":"Septfontaines","zh-CN":"塞普方丹","tr":"Septfontaines","ru":"Септфонтены","uk":"Сепфонтейн","pl":"Septfontaines","hi":"सेप्टफोंटेन्स","ar":"سبتفونتين"},"wikiDataId":"Q3917095"},{"id":66845,"name":"Steinfort","state_id":1518,"state_code":"CA","state_name":"Capellen","country_id":127,"country_code":"LU","country_name":"Luxembourg","latitude":"49.66139000","longitude":"5.91917000","native":"Fait confortable","type":"adm3","level":null,"parent_id":null,"population":2225,"timezone":"Europe/Luxembourg","translations":{"br":"Steinfort","ko":"슈타인포트","pt-BR":"Steinfort","pt":"Steinfort","nl":"Steinfort","hr":"Steinfort","fa":"اشتاینفورت","de":"Steinfort","es":"Steinfort","fr":"Steinfort","ja":"シュタインフォート","it":"Steinfort","zh-CN":"施泰因福特","tr":"Steinfort","ru":"Штайнфорт","uk":"Штайнфорт","pl":"Steinfort","hi":"स्टाइनफोर्ट","ar":"شتاينفورت"},"wikiDataId":"Q985478"}]