[{"id":66749,"name":"Clervaux","state_id":1521,"state_code":"CL","state_name":"Clervaux","country_id":127,"country_code":"LU","country_name":"Luxembourg","latitude":"50.05472000","longitude":"6.03139000","native":"Clervaux","type":"adm2","level":null,"parent_id":null,"population":1103,"timezone":"Europe/Luxembourg","translations":{"br":"Clervaux","ko":"클레르보","pt-BR":"Clervaux","pt":"Clervaux","nl":"Clervaux","hr":"Clervaux","fa":"کلروو","de":"Clerf","es":"Clervaux","fr":"Clervaux","ja":"クレルヴォー","it":"Clervaux","zh-CN":"克莱沃","tr":"Clervaux","ru":"Клерво","uk":"Клерво","pl":"Clervaux","hi":"क्लेरवॉक्स","ar":"كليرفو"},"wikiDataId":"Q13103610"},{"id":66784,"name":"Hosingen","state_id":1521,"state_code":"CL","state_name":"Clervaux","country_id":127,"country_code":"LU","country_name":"Luxembourg","latitude":"50.01218000","longitude":"6.09089000","native":"Former","type":"adm3","level":null,"parent_id":null,"population":811,"timezone":"Europe/Luxembourg","translations":{"br":"Hosingen","ko":"호싱겐","pt-BR":"Hosingen","pt":"Hosingen","nl":"Hosingen","hr":"Hosingen","fa":"هوزینگن","de":"Hosingen","es":"Hosingen","fr":"Hosingen","ja":"ホジンゲン","it":"Hosingen","zh-CN":"霍辛根","tr":"Hosingen","ru":"Хозинген","uk":"Хозінген","pl":"Hosingen","hi":"होसिंगेन","ar":"هوسينجن"},"wikiDataId":"Q1333496"},{"id":66819,"name":"Parc Hosingen","state_id":1521,"state_code":"CL","state_name":"Clervaux","country_id":127,"country_code":"LU","country_name":"Luxembourg","latitude":"49.99744000","longitude":"6.09067000","native":"Pertes de parc","type":"adm3","level":null,"parent_id":null,"population":811,"timezone":"Europe/Luxembourg","translations":{"br":"Park Hosingen","ko":"파크 호싱겐","pt-BR":"Parque Hosingen","pt":"Parque Hosingen","nl":"Park Hosingen","hr":"Park Hosingen","fa":"پارک هوزینگن","de":"Parc Hosingen","es":"Parque Hosingen","fr":"Parc Hosingen","ja":"オジンゲン公園","it":"Parco Hosingen","zh-CN":"霍辛根公园","tr":"Hosingen Parkı","ru":"Парк Хозинген","uk":"Парк Хозінген","pl":"Park Hosingen","hi":"पार्क होसिंगेन","ar":"حديقة هوسينجن"},"wikiDataId":"Q743393"},{"id":66849,"name":"Troisvierges","state_id":1521,"state_code":"CL","state_name":"Clervaux","country_id":127,"country_code":"LU","country_name":"Luxembourg","latitude":"50.12111000","longitude":"6.00028000","native":"Troisavierges","type":"adm3","level":null,"parent_id":null,"population":1457,"timezone":"Europe/Luxembourg","translations":{"br":"Troisvierges","ko":"트루아비에르주스","pt-BR":"Troisvierges","pt":"Troisvierges","nl":"Troisvierges","hr":"Troisvierges","fa":"تروایسویرژ","de":"Troisvierges","es":"Troisvierges","fr":"Troisvierges","ja":"トロワヴィエルジュ","it":"Troisvierges","zh-CN":"特鲁瓦维耶日","tr":"Troisvierges","ru":"Труавьерж","uk":"Труав'єрж","pl":"Troisvierges","hi":"ट्रोइसविएर्जेस","ar":"ترويسفيرجيس"},"wikiDataId":"Q985478"},{"id":66862,"name":"Weiswampach","state_id":1521,"state_code":"CL","state_name":"Clervaux","country_id":127,"country_code":"LU","country_name":"Luxembourg","latitude":"50.13722000","longitude":"6.07500000","native":"Weiswampach","type":"adm3","level":null,"parent_id":null,"population":691,"timezone":"Europe/Luxembourg","translations":{"br":"Weiswampach","ko":"바이스바흐","pt-BR":"Weiswampach","pt":"Weiswampach","nl":"Weiswampach","hr":"Weiswampach","fa":"وایسوامپاچ","de":"Weiswampach","es":"Weiswampach","fr":"Weiswampach","ja":"ワイスワンパック","it":"Weiswampach","zh-CN":"魏斯万帕赫","tr":"Weiswampach","ru":"Вайсвампах","uk":"Вайсвампах","pl":"Weiswampach","hi":"वेइस्वाम्पाच","ar":"وايسواباش"},"wikiDataId":"Q3917108"},{"id":66865,"name":"Wincrange","state_id":1521,"state_code":"CL","state_name":"Clervaux","country_id":127,"country_code":"LU","country_name":"Luxembourg","latitude":"50.05333000","longitude":"5.91917000","native":"Wincrerange","type":"adm3","level":null,"parent_id":null,"population":227,"timezone":"Europe/Luxembourg","translations":{"br":"Wincrange","ko":"윈크랜지","pt-BR":"Wincrange","pt":"Wincrange","nl":"Wincrange","hr":"Wincrange","fa":"وینکرنج","de":"Wintger","es":"Wincrange","fr":"Wincrange","ja":"ウィンクレンジ","it":"Wincrange","zh-CN":"温克兰奇","tr":"Wincrange","ru":"Винкранж","uk":"Вінкрандж","pl":"Wincrange","hi":"विंक्रेंज","ar":"وينكرانج"},"wikiDataId":"Q3917114"}]