[{"id":66739,"name":"Bissen","state_id":1522,"state_code":"ME","state_name":"Mersch","country_id":127,"country_code":"LU","country_name":"Luxembourg","latitude":"49.78733000","longitude":"6.06540000","native":"mordre","type":"adm3","level":null,"parent_id":null,"population":2547,"timezone":"Europe/Luxembourg","translations":{"br":"Bissen","ko":"비센","pt-BR":"Bissen","pt":"Bissen","nl":"Bissen","hr":"Bissen","fa":"بیسن","de":"Bissen","es":"Bissen","fr":"Bissen","ja":"ビッセン","it":"Bissen","zh-CN":"比森","tr":"Bissen","ru":"Биссен","uk":"Біссен","pl":"Bissen","hi":"बिसेन","ar":"بيسن"},"wikiDataId":"Q22284"},{"id":66741,"name":"Boevange-sur-Attert","state_id":1522,"state_code":"ME","state_name":"Mersch","country_id":127,"country_code":"LU","country_name":"Luxembourg","latitude":"49.77256000","longitude":"6.01532000","native":"Boovange-sur-état","type":"adm3","level":null,"parent_id":null,"population":576,"timezone":"Europe/Luxembourg","translations":{"br":"Boevange-sur-Attert","ko":"보방주쉬르아테르","pt-BR":"Boevange-sur-Attert","pt":"Boevange-sur-Attert","nl":"Boevange-sur-Attert","hr":"Boevange-sur-Attert","fa":"بووانژ-سور-آترت","de":"Böwingen-sur-Attert","es":"Boevange-sur-Attert","fr":"Boevange-sur-Attert","ja":"ボエヴァンジュ・シュル・アテルト","it":"Boevange-sur-Attert","zh-CN":"阿泰尔河畔布万日","tr":"Boevange-sur-Attert","ru":"Боеванж-сюр-Аттер","uk":"Беванж-сюр-Аттер","pl":"Boevange-sur-Attert","hi":"Boevange-सुर-Attert","ar":"بوفانج سور أترت"},"wikiDataId":"Q22284"},{"id":66750,"name":"Colmar","state_id":1522,"state_code":"ME","state_name":"Mersch","country_id":127,"country_code":"LU","country_name":"Luxembourg","latitude":"49.81028000","longitude":"6.09722000","native":"Colmar","type":"section","level":null,"parent_id":null,"population":1776,"timezone":"Europe/Luxembourg","translations":{"br":"Colmar","ko":"콜마르","pt-BR":"Colmar","pt":"Colmar","nl":"Colmar","hr":"Colmar","fa":"کولمار","de":"Colmar","es":"Colmar","fr":"Colmar","ja":"コルマール","it":"Colmar","zh-CN":"科尔马","tr":"Colmar","ru":"Кольмар","uk":"Кольмар","pl":"Colmar","hi":"कोलमार","ar":"كولمار"},"wikiDataId":"Q20969306"},{"id":66770,"name":"Fischbach","state_id":1522,"state_code":"ME","state_name":"Mersch","country_id":127,"country_code":"LU","country_name":"Luxembourg","latitude":"49.74600000","longitude":"6.18702000","native":"Ruisseau de poisson","type":"adm3","level":null,"parent_id":null,"population":184,"timezone":"Europe/Luxembourg","translations":{"br":"Fischbach","ko":"피쉬바흐","pt-BR":"Fischbach","pt":"Fischbach","nl":"Fischbach","hr":"Fischbach","fa":"فیشباخ","de":"Fischbach","es":"Fischbach","fr":"Fischbach","ja":"フィッシュバッハ","it":"Fischbach","zh-CN":"菲施巴赫","tr":"Balıkbalığı","ru":"Фишбах","uk":"Фішбах","pl":"Fischbach","hi":"फिशबैक","ar":"فيشباخ"},"wikiDataId":"Q20966342"},{"id":66779,"name":"Heffingen","state_id":1522,"state_code":"ME","state_name":"Mersch","country_id":127,"country_code":"LU","country_name":"Luxembourg","latitude":"49.76907000","longitude":"6.24049000","native":"Impôt","type":"adm3","level":null,"parent_id":null,"population":623,"timezone":"Europe/Luxembourg","translations":{"br":"Heffingen","ko":"헤핑겐","pt-BR":"Heffingen","pt":"Heffingen","nl":"Heffingen","hr":"Heffingen","fa":"هفینگن","de":"Heffingen","es":"Heffingen","fr":"Heffingen","ja":"ヘフィンゲン","it":"Heffingen","zh-CN":"赫芬根","tr":"Heffingen","ru":"Хеффинген","uk":"Хеффінген","pl":"Heffingen","hi":"हेफ़िंगन","ar":"هيفينجن"},"wikiDataId":"Q2675610"},{"id":66796,"name":"Larochette","state_id":1522,"state_code":"ME","state_name":"Mersch","country_id":127,"country_code":"LU","country_name":"Luxembourg","latitude":"49.78362000","longitude":"6.21891000","native":"Larnochette","type":"adm3","level":null,"parent_id":null,"population":1671,"timezone":"Europe/Luxembourg","translations":{"br":"Larochette","ko":"라로셰트","pt-BR":"Larochette","pt":"Larochette","nl":"Larochette","hr":"Larochette","fa":"لاروشت","de":"Larochette","es":"Larochette","fr":"Larochette","ja":"ラロシェット","it":"Larochette","zh-CN":"拉罗谢特","tr":"Larochette","ru":"Ларошетт","uk":"Ларошетт","pl":"Larochette","hi":"लारोचेट","ar":"لاروشيت"},"wikiDataId":"Q20969440"},{"id":66799,"name":"Lintgen","state_id":1522,"state_code":"ME","state_name":"Mersch","country_id":127,"country_code":"LU","country_name":"Luxembourg","latitude":"49.72243000","longitude":"6.13016000","native":"Grognement","type":"adm3","level":null,"parent_id":null,"population":1752,"timezone":"Europe/Luxembourg","translations":{"br":"Lintgen","ko":"린트겐","pt-BR":"Lintgen","pt":"Lintgen","nl":"Lintgen","hr":"Lintgen","fa":"لینتگن","de":"Lintgen","es":"Lintgen","fr":"Lintgen","ja":"リントゲン","it":"Lintgen","zh-CN":"林特根","tr":"Lintgen","ru":"Линтген","uk":"Лінтген","pl":"Lintgen","hi":"लिंटजेन","ar":"لينتجن"},"wikiDataId":"Q20969448"},{"id":66800,"name":"Lorentzweiler","state_id":1522,"state_code":"ME","state_name":"Mersch","country_id":127,"country_code":"LU","country_name":"Luxembourg","latitude":"49.70131000","longitude":"6.14234000","native":"Lorentness","type":"adm3","level":null,"parent_id":null,"population":772,"timezone":"Europe/Luxembourg","translations":{"br":"Lorentzweiler","ko":"로렌츠바일러","pt-BR":"Lorentzweiler","pt":"Lorentzweiler","nl":"Lorentzweiler","hr":"Lorentzweiler","fa":"لورنتسوایلر","de":"Lorentzweiler","es":"Lorentzweiler","fr":"Lorentzweiler","ja":"ロレンツヴァイラー","it":"Lorentzweiler","zh-CN":"洛伦兹韦勒","tr":"Lorentzweiler","ru":"Лоренцвейлер","uk":"Лоренцвайлер","pl":"Lorentzweiler","hi":"लोरेंत्ज़वीलर","ar":"لورينتزويلر"},"wikiDataId":"Q3917028"},{"id":66805,"name":"Mersch","state_id":1522,"state_code":"ME","state_name":"Mersch","country_id":127,"country_code":"LU","country_name":"Luxembourg","latitude":"49.74889000","longitude":"6.10611000","native":"Marchandi","type":"adm1","level":null,"parent_id":null,"population":3464,"timezone":"Europe/Luxembourg","translations":{"br":"Mersch","ko":"메르쉬","pt-BR":"Mersch","pt":"Mersch","nl":"Mersch","hr":"Mersch","fa":"مرش","de":"Mersch","es":"Mersch","fr":"Mersch","ja":"メルシュ","it":"Mersch","zh-CN":"梅尔施","tr":"Mersch","ru":"Мерш","uk":"Мерш","pl":"Mersch","hi":"मर्स्च","ar":"ميرش"},"wikiDataId":"Q23903049"},{"id":66816,"name":"Nommern","state_id":1522,"state_code":"ME","state_name":"Mersch","country_id":127,"country_code":"LU","country_name":"Luxembourg","latitude":"49.78694000","longitude":"6.17472000","native":"N °","type":"adm3","level":null,"parent_id":null,"population":317,"timezone":"Europe/Luxembourg","translations":{"br":"Nommern","ko":"놈머른","pt-BR":"Nommern","pt":"Nommern","nl":"Nommern","hr":"Nommern","fa":"نامرن","de":"Nommern","es":"Nombres","fr":"Nommern","ja":"ノメルン","it":"Nommern","zh-CN":"诺默恩","tr":"Nommern","ru":"Номмерн","uk":"Номмерн","pl":"Nommern","hi":"नामर्न","ar":"نوميرن"},"wikiDataId":"Q3112408"},{"id":66830,"name":"Rollingen","state_id":1522,"state_code":"ME","state_name":"Mersch","country_id":127,"country_code":"LU","country_name":"Luxembourg","latitude":"49.74167000","longitude":"6.11444000","native":"Roulements","type":"city","level":null,"parent_id":null,"population":2220,"timezone":"Europe/Luxembourg","translations":{"br":"Rollingen","ko":"롤링겐","pt-BR":"Rollingen","pt":"Rollingen","nl":"Rollingen","hr":"Rollingen","fa":"رولینگن","de":"Rollingen","es":"Rollingen","fr":"Rouler","ja":"ローリンゲン","it":"Rollingen","zh-CN":"罗林根","tr":"Rollingen","ru":"Роллинген","uk":"Роллінген","pl":"Rollingen","hi":"रोलिंगन","ar":"رولينجن"},"wikiDataId":"Q2640199"},{"id":66850,"name":"Tuntange","state_id":1522,"state_code":"ME","state_name":"Mersch","country_id":127,"country_code":"LU","country_name":"Luxembourg","latitude":"49.71778000","longitude":"6.01028000","native":"Encloir","type":"adm3","level":null,"parent_id":null,"population":605,"timezone":"Europe/Luxembourg","translations":{"br":"Tontange","ko":"툰탕게","pt-BR":"Tuntange","pt":"Tuntange","nl":"Tuntange","hr":"Tuntange","fa":"تونتانژ","de":"Tuntange","es":"Tuntange","fr":"Tuntange","ja":"タンタンジュ","it":"Tuntange","zh-CN":"通坦格","tr":"Tuntange","ru":"Тунтанге","uk":"Тунтанге","pl":"Tuntange","hi":"टुनटांगे","ar":"تونتانج"},"wikiDataId":"Q3917054"}]