[{"id":103094,"name":"Bräkne-Hoby","state_id":1537,"state_code":"K","state_name":"Blekinge","country_id":213,"country_code":"SE","country_name":"Sweden","latitude":"56.23333000","longitude":"15.11667000","native":"Bräkne-Hoby","type":"city","level":null,"parent_id":null,"population":1704,"timezone":"Europe/Stockholm","translations":{"br":"Bräkne-Hoby","ko":"브렉네-호비","pt-BR":"Bräkne-Hoby","pt":"Bräkne-Hoby","nl":"Bräkne-Hoby","hr":"Bräkne-Hoby","fa":"برکنه-هوبی","de":"Bräkne-Hoby","es":"Freno-Hoby","fr":"Bräkne-Hoby","ja":"ブレーキン・ホビー","it":"Bräkne-Hoby","zh-CN":"Bräkne-Hoby","tr":"Bräkne-Hoby","ru":"Bräkne-Hoby","uk":"Брейкне-Хобі","pl":"Bräkne-Hoby","hi":"ब्रैकने-होबी","ar":"براكني هوبي"},"wikiDataId":"Q995551"},{"id":103321,"name":"Hällevik","state_id":1537,"state_code":"K","state_name":"Blekinge","country_id":213,"country_code":"SE","country_name":"Sweden","latitude":"56.01667000","longitude":"14.70000000","native":"Hällevik","type":"city","level":null,"parent_id":null,"population":1485,"timezone":"Europe/Stockholm","translations":{"br":"Hällevik","ko":"헬레비크","pt-BR":"Hällevik","pt":"Hällevik","nl":"Hällevik","hr":"Hällevik","fa":"هلویک","de":"Hällevik","es":"Hallevik","fr":"Hällevik","ja":"ハレヴィク","it":"Hällevik","zh-CN":"哈勒维克","tr":"Hällevik","ru":"Хеллевик","uk":"Хеллевік","pl":"Hallevik","hi":"हालेविक","ar":"هاليفيك"},"wikiDataId":"Q1641992"},{"id":103270,"name":"Hasslö","state_id":1537,"state_code":"K","state_name":"Blekinge","country_id":213,"country_code":"SE","country_name":"Sweden","latitude":"56.11667000","longitude":"15.48333000","native":"Hasslö","type":"city","level":null,"parent_id":null,"population":1704,"timezone":"Europe/Stockholm","translations":{"br":"Hasslö","ko":"하슬뢰","pt-BR":"Hasslö","pt":"Hasslö","nl":"Hasslö","hr":"Hasslö","fa":"هاسلو","de":"Hasslö","es":"Hasslö","fr":"Hasslö","ja":"ハスロー","it":"Hasslö","zh-CN":"哈斯洛","tr":"Hasslö","ru":"Хасслё","uk":"Хасле","pl":"Hasslö","hi":"हसलो","ar":"هاسلو"},"wikiDataId":"Q1958953"},{"id":103359,"name":"Jämjö","state_id":1537,"state_code":"K","state_name":"Blekinge","country_id":213,"country_code":"SE","country_name":"Sweden","latitude":"56.19187000","longitude":"15.84115000","native":"Jämjö","type":"city","level":null,"parent_id":null,"population":2674,"timezone":"Europe/Stockholm","translations":{"br":"Jämjö","ko":"옘조","pt-BR":"Jämjö","pt":"Jämjö","nl":"Jämjö","hr":"Jämjö","fa":"جامجو","de":"Jämjö","es":"Jämjö","fr":"Jämjö","ja":"ヤムジョ","it":"Jämjö","zh-CN":"贾姆约","tr":"Jämjö","ru":"Ямьё","uk":"Ємйо","pl":"Jämjö","hi":"जामजो","ar":"جامجو"},"wikiDataId":"Q2330047"},{"id":103360,"name":"Jämshög","state_id":1537,"state_code":"K","state_name":"Blekinge","country_id":213,"country_code":"SE","country_name":"Sweden","latitude":"56.23333000","longitude":"14.51667000","native":"Jämshög","type":"city","level":null,"parent_id":null,"population":1533,"timezone":"Europe/Stockholm","translations":{"br":"Jämshög","ko":"옘쇼그","pt-BR":"Jämshög","pt":"Jämshög","nl":"Jämshög","hr":"Jämshög","fa":"یمشوگ","de":"Jämshög","es":"Jämshög","fr":"Jämshög","ja":"ヤムスホグ","it":"Jämshög","zh-CN":"耶姆绍格","tr":"Jämshög","ru":"Ямшёг","uk":"Ємсхьог","pl":"Jämshög","hi":"जामशोग","ar":"يامشوغ"},"wikiDataId":"Q3232599"},{"id":103371,"name":"Kallinge","state_id":1537,"state_code":"K","state_name":"Blekinge","country_id":213,"country_code":"SE","country_name":"Sweden","latitude":"56.24841000","longitude":"15.28721000","native":"Kallinge","type":"city","level":null,"parent_id":null,"population":4579,"timezone":"Europe/Stockholm","translations":{"br":"Kallinge","ko":"칼링게","pt-BR":"Kallinge","pt":"Kallinge","nl":"Kallinge","hr":"Kallinge","fa":"کالینگه","de":"Kallinge","es":"Kallinge","fr":"Kallinge","ja":"カリンゲ","it":"Kallinge","zh-CN":"卡林格","tr":"Kallinge","ru":"Каллинге","uk":"Каллінге","pl":"Kallinge","hi":"कलिंगे","ar":"كالينج"},"wikiDataId":"Q1020929"},{"id":103377,"name":"Karlshamn","state_id":1537,"state_code":"K","state_name":"Blekinge","country_id":213,"country_code":"SE","country_name":"Sweden","latitude":"56.17060000","longitude":"14.86188000","native":"Karlshamn","type":"adm2","level":null,"parent_id":null,"population":19966,"timezone":"Europe/Stockholm","translations":{"br":"Karlshamn","ko":"칼스함","pt-BR":"Karlshamn","pt":"Karlshamn","nl":"Karlshamn","hr":"Karlshamn","fa":"کارلشمن","de":"Karlshamn","es":"Karlshamn","fr":"Karlshamn","ja":"カールスハムン","it":"Karlshamn","zh-CN":"卡尔斯港","tr":"Karlshamn","ru":"Карлсхамн","uk":"Карлсгамн","pl":"Karlshamn","hi":"Karlshamn","ar":"كارلسهامن"},"wikiDataId":"Q54769"},{"id":103381,"name":"Karlskrona","state_id":1537,"state_code":"K","state_name":"Blekinge","country_id":213,"country_code":"SE","country_name":"Sweden","latitude":"56.16156000","longitude":"15.58661000","native":"Karlskrona","type":"adm1","level":null,"parent_id":null,"population":66675,"timezone":"Europe/Stockholm","translations":{"br":"Karlskrona","ko":"칼스크로나","pt-BR":"Karlskrona","pt":"Karlskrona","nl":"Karlskrona","hr":"Karlskrona","fa":"کارلسکرونا","de":"Karlskrona","es":"Karlskrona","fr":"Karlskrona","ja":"カールスクルーナ","it":"Karlskrona","zh-CN":"卡尔斯克鲁纳","tr":"Karlskrona","ru":"Карлскруна","uk":"Карлскруна","pl":"Karlskrona","hi":"कार्लस्क्रोना","ar":"كارلسكرونا"},"wikiDataId":"Q25789"},{"id":103539,"name":"Mjällby","state_id":1537,"state_code":"K","state_name":"Blekinge","country_id":213,"country_code":"SE","country_name":"Sweden","latitude":"56.05000000","longitude":"14.68333000","native":"Mjällby","type":"city","level":null,"parent_id":null,"population":1379,"timezone":"Europe/Stockholm","translations":{"br":"Mjällby","ko":"묄비","pt-BR":"Mjällby","pt":"Mjällby","nl":"Mjällby","hr":"Mjällby","fa":"میالبی","de":"Mjällby","es":"Mjällby","fr":"Mjällby","ja":"ミャルビー","it":"Mjällby","zh-CN":"米亚尔比","tr":"Mjällby","ru":"Мьельбю","uk":"М'єллбю","pl":"Mjällby","hi":"म्याल्बी","ar":"ميالبي"},"wikiDataId":"Q2012747"},{"id":103570,"name":"Mörrum","state_id":1537,"state_code":"K","state_name":"Blekinge","country_id":213,"country_code":"SE","country_name":"Sweden","latitude":"56.19281000","longitude":"14.74739000","native":"Mörrum","type":"city","level":null,"parent_id":null,"population":3913,"timezone":"Europe/Stockholm","translations":{"br":"Mörrum","ko":"뫼룸","pt-BR":"Mörrum","pt":"Mörrum","nl":"Mörrum","hr":"Mörrum","fa":"موروم","de":"Mörrum","es":"Mörrum","fr":"Mörrum","ja":"モルム","it":"Mörrum","zh-CN":"莫鲁姆","tr":"Mörrum","ru":"Мёррум","uk":"Меррум","pl":"Mörrum","hi":"स्टॉकहोम","ar":"موروم"},"wikiDataId":"Q600012"},{"id":103605,"name":"Nättraby","state_id":1537,"state_code":"K","state_name":"Blekinge","country_id":213,"country_code":"SE","country_name":"Sweden","latitude":"56.20000000","longitude":"15.51667000","native":"Nättraby","type":"city","level":null,"parent_id":null,"population":3338,"timezone":"Europe/Stockholm","translations":{"br":"Nättraby","ko":"네트라비","pt-BR":"Nättraby","pt":"Nättraby","nl":"Nättraby","hr":"Nättraby","fa":"ناترابی","de":"Nättraby","es":"Nättraby","fr":"Nättraby","ja":"ナットラビー","it":"Nättraby","zh-CN":"奈特拉比","tr":"Nättraby","ru":"Нэттраби","uk":"Неттрабі","pl":"Nättraby","hi":"नैट्राबी","ar":"ناترابي"},"wikiDataId":"Q2687722"},{"id":103612,"name":"Olofström","state_id":1537,"state_code":"K","state_name":"Blekinge","country_id":213,"country_code":"SE","country_name":"Sweden","latitude":"56.27730000","longitude":"14.53402000","native":"Olofström","type":"adm2","level":null,"parent_id":null,"population":7628,"timezone":"Europe/Stockholm","translations":{"br":"Olofström","ko":"올로프스트롬","pt-BR":"Olofström","pt":"Olofström","nl":"Olofström","hr":"Olofström","fa":"اولوفستروم","de":"Olofström","es":"Olofström","fr":"Olofström","ja":"オロフストロム","it":"Olofström","zh-CN":"奥洛夫斯特伦","tr":"Olofström","ru":"Олофстрём","uk":"Олофстрем","pl":"Olofström","hi":"ओलोफस्ट्रोम","ar":"أولوفستروم"},"wikiDataId":"Q995431"},{"id":103672,"name":"Rödeby","state_id":1537,"state_code":"K","state_name":"Blekinge","country_id":213,"country_code":"SE","country_name":"Sweden","latitude":"56.26078000","longitude":"15.62143000","native":"Rödeby","type":"city","level":null,"parent_id":null,"population":3473,"timezone":"Europe/Stockholm","translations":{"br":"Rödeby","ko":"뢰데비","pt-BR":"Rodéby","pt":"Rodéby","nl":"Rödeby","hr":"Rödeby","fa":"رودبی","de":"Rödeby","es":"Rödeby","fr":"Rödeby","ja":"ローデビー","it":"Rödeby","zh-CN":"罗德比","tr":"Rödeby","ru":"Рёдебю","uk":"Родебі","pl":"Rödeby","hi":"रोडेबी","ar":"روديبي"},"wikiDataId":"Q1799716"},{"id":103655,"name":"Ronneby","state_id":1537,"state_code":"K","state_name":"Blekinge","country_id":213,"country_code":"SE","country_name":"Sweden","latitude":"56.20999000","longitude":"15.27602000","native":"Ronneby","type":"adm2","level":null,"parent_id":null,"population":12636,"timezone":"Europe/Stockholm","translations":{"br":"Ronneby","ko":"로네비","pt-BR":"Ronneby","pt":"Ronneby","nl":"Ronneby","hr":"Ronneby","fa":"رونبی","de":"Ronneby","es":"Ronneby","fr":"Ronneby","ja":"ロンネビー","it":"Ronneby","zh-CN":"龙讷比","tr":"Ronneby","ru":"Роннебю","uk":"Роннебі","pl":"Ronneby","hi":"रोनेबी","ar":"رونبي"},"wikiDataId":"Q823785"},{"id":103830,"name":"Sölvesborg","state_id":1537,"state_code":"K","state_name":"Blekinge","country_id":213,"country_code":"SE","country_name":"Sweden","latitude":"56.05205000","longitude":"14.57525000","native":"Sölvesborg","type":"adm2","level":null,"parent_id":null,"population":8744,"timezone":"Europe/Stockholm","translations":{"br":"Sölvesborg","ko":"솔베스보리","pt-BR":"Sölvesborg","pt":"Sölvesborg","nl":"Sölvesborg","hr":"Sölvesborg","fa":"سولوسبورگ","de":"Sölvesborg","es":"Sölvesborg","fr":"Sölvesborg","ja":"セルヴェスボリ","it":"Sölvesborg","zh-CN":"索尔维斯堡","tr":"Sölvesborg","ru":"Сёльвесборг","uk":"Сельвесборг","pl":"Sölvesborg","hi":"सोल्वेसबोर्ग","ar":"سولفسبورج"},"wikiDataId":"Q898727"},{"id":103779,"name":"Sturkö","state_id":1537,"state_code":"K","state_name":"Blekinge","country_id":213,"country_code":"SE","country_name":"Sweden","latitude":"56.08333000","longitude":"15.70000000","native":"Sturkö","type":"city","level":null,"parent_id":null,"population":1372,"timezone":"Europe/Stockholm","translations":{"br":"Sturkö","ko":"스투르쾨","pt-BR":"Sturkö","pt":"Sturkö","nl":"Sturkö","hr":"Sturkö","fa":"استورکو","de":"Sturkö","es":"Sturkö","fr":"Sturkö","ja":"スターケ","it":"Sturkö","zh-CN":"斯图尔科","tr":"Sturkö","ru":"Стуркё","uk":"Штурке","pl":"Sturkö","hi":"स्टर्को","ar":"ستوركو"},"wikiDataId":"Q660299"},{"id":103801,"name":"Svängsta","state_id":1537,"state_code":"K","state_name":"Blekinge","country_id":213,"country_code":"SE","country_name":"Sweden","latitude":"56.26667000","longitude":"14.76667000","native":"Svängsta","type":"city","level":null,"parent_id":null,"population":1924,"timezone":"Europe/Stockholm","translations":{"br":"Svängsta","ko":"스벵스타","pt-BR":"Svängsta","pt":"Svängsta","nl":"Svängsta","hr":"Svängsta","fa":"سوانگستا","de":"Svängsta","es":"Svängsta","fr":"Svängsta","ja":"スヴェングスタ","it":"Svängsta","zh-CN":"斯万斯塔","tr":"Svängsta","ru":"Свэнгста","uk":"Свенгста","pl":"Svängsta","hi":"स्वेंगस्टा","ar":"سفانغاستا"},"wikiDataId":"Q1799793"}]