[{"id":104003,"name":"Åkers Styckebruk","state_id":1540,"state_code":"D","state_name":"Södermanland","country_id":213,"country_code":"SE","country_name":"Sweden","latitude":"59.25000000","longitude":"17.08333000","native":"Åkers Styckebruk","type":"city","level":null,"parent_id":null,"population":2984,"timezone":"Europe/Stockholm","translations":{"br":"Åkers Styckebruk","ko":"아커스 스티케브룩","pt-BR":"Åkers Styckebruk","pt":"Åkers Styckebruk","nl":"Åkers Styckebruk","hr":"Åkers Styckebruk","fa":"استیکبروک اوکرز","de":"Åkers Styckebruk","es":"Åkers Styckebruk","fr":"Åkers Styckebruk","ja":"オーケルス・スティッケブルック","it":"Åkers Styckebruk","zh-CN":"阿克斯·斯蒂克布鲁克","tr":"Åkers Styckebruk","ru":"Åkers Styckebruk","uk":"Окерс Стікебрук","pl":"Åkers Styckebruk","hi":"Åkers Styckebruk","ar":"Åkers Styckebruk"},"wikiDataId":"Q270945"},{"id":103998,"name":"Ärla","state_id":1540,"state_code":"D","state_name":"Södermanland","country_id":213,"country_code":"SE","country_name":"Sweden","latitude":"59.27983000","longitude":"16.67896000","native":"Ärla","type":"city","level":null,"parent_id":null,"population":1244,"timezone":"Europe/Stockholm","translations":{"br":"Ärla","ko":"에를라","pt-BR":"Arla","pt":"Arla","nl":"Ärla","hr":"Ärla","fa":"ارلا","de":"Ärla","es":"Ärla","fr":"Ärla","ja":"アーラ","it":"Ärla","zh-CN":"阿拉","tr":"Arla","ru":"Эрла","uk":"Ерла","pl":"Ärla","hi":"Arla","ar":"آرلا"},"wikiDataId":"Q2595911"},{"id":103013,"name":"Arnö","state_id":1540,"state_code":"D","state_name":"Södermanland","country_id":213,"country_code":"SE","country_name":"Sweden","latitude":"58.72675000","longitude":"17.02322000","native":"Arnö","type":"city","level":null,"parent_id":null,"population":3925,"timezone":"Europe/Stockholm","translations":{"br":"Arnö","ko":"아르노","pt-BR":"Arnö","pt":"Arnö","nl":"Arnö","hr":"Arnö","fa":"آرنو","de":"Arnö","es":"Arnö","fr":"Arnö","ja":"アルノ","it":"Arnö","zh-CN":"阿诺","tr":"Arnö","ru":"Арно","uk":"Арно","pl":"Arnö","hi":"Arno","ar":"أرنو"},"wikiDataId":"Q2742521"},{"id":103027,"name":"Bara","state_id":1540,"state_code":"D","state_name":"Södermanland","country_id":213,"country_code":"SE","country_name":"Sweden","latitude":"58.68333000","longitude":"17.06667000","native":"Bara","type":"section","level":null,"parent_id":null,"population":3270,"timezone":"Europe/Stockholm","translations":{"br":"Bara","ko":"바라","pt-BR":"Bara","pt":"Bara","nl":"Bara","hr":"Bara","fa":"بارا","de":"Bara","es":"Bara","fr":"Bara","ja":"バラ","it":"Bara","zh-CN":"巴拉","tr":"Bara","ru":"Бара","uk":"Бара","pl":"Bara","hi":"बारा","ar":"بارا"},"wikiDataId":"Q2391850"},{"id":103150,"name":"Eskilstuna","state_id":1540,"state_code":"D","state_name":"Södermanland","country_id":213,"country_code":"SE","country_name":"Sweden","latitude":"59.36661000","longitude":"16.50770000","native":"Eskilstuna","type":"adm2","level":null,"parent_id":null,"population":70646,"timezone":"Europe/Stockholm","translations":{"br":"Eskilstuna","ko":"에스킬스투나","pt-BR":"Eskilstuna","pt":"Eskilstuna","nl":"Eskilstuna","hr":"Eskilstuna","fa":"اسکیلستونا","de":"Eskilstuna","es":"Eskilstuna","fr":"Eskilstuna","ja":"エスキルストゥーナ","it":"Eskilstuna","zh-CN":"埃斯基尔斯蒂纳","tr":"Eskilstuna","ru":"Эскильстуна","uk":"Ескільстуна","pl":"Eskilstuna","hi":"एस्किलस्टूना","ar":"إسكيلستونا"},"wikiDataId":"Q26498"},{"id":103173,"name":"Flen","state_id":1540,"state_code":"D","state_name":"Södermanland","country_id":213,"country_code":"SE","country_name":"Sweden","latitude":"59.05834000","longitude":"16.58781000","native":"Flen","type":"adm2","level":null,"parent_id":null,"population":6266,"timezone":"Europe/Stockholm","translations":{"br":"Flen","ko":"플렌","pt-BR":"Flen","pt":"Flen","nl":"Flen","hr":"Flen","fa":"فلن","de":"Flen","es":"Flen","fr":"Flen","ja":"フレン","it":"Flen","zh-CN":"弗伦","tr":"Flen","ru":"Флен","uk":"Флен","pl":"Flen","hi":"फ्लेन","ar":"فلين"},"wikiDataId":"Q27774"},{"id":103215,"name":"Gnesta","state_id":1540,"state_code":"D","state_name":"Södermanland","country_id":213,"country_code":"SE","country_name":"Sweden","latitude":"59.04751000","longitude":"17.31191000","native":"Gnesta","type":"adm2","level":null,"parent_id":null,"population":5772,"timezone":"Europe/Stockholm","translations":{"br":"Gnesta","ko":"그네스타","pt-BR":"Gnesta","pt":"Gnesta","nl":"Gnesta","hr":"Gnesta","fa":"گِنِستا","de":"Gnesta","es":"Gnesta","fr":"Gnesta","ja":"グネスタ","it":"Gnesta","zh-CN":"格内斯塔","tr":"Gnesta","ru":"Гнеста","uk":"Гнеста","pl":"Gnesta","hi":"ग्नेस्टा","ar":"غنيستا"},"wikiDataId":"Q1025938"},{"id":103317,"name":"Hällbybrunn","state_id":1540,"state_code":"D","state_name":"Södermanland","country_id":213,"country_code":"SE","country_name":"Sweden","latitude":"59.39152000","longitude":"16.42229000","native":"Hällbybrunn","type":"city","level":null,"parent_id":null,"population":3373,"timezone":"Europe/Stockholm","translations":{"br":"Hällbybrunn","ko":"헬비브룬","pt-BR":"Hällbybrunn","pt":"Hällbybrunn","nl":"Hällbybrunn","hr":"Hällbybrunn","fa":"هالبی‌برون","de":"Hällbybrunn","es":"Hällbybrunn","fr":"Hällbybrunn","ja":"ハルビーブルン","it":"Hällbybrunn","zh-CN":"哈尔比布伦","tr":"Hällbybrunn","ru":"Хельбюбрунн","uk":"Геллбібрунн","pl":"Hallbybrunn","hi":"हैल्बीब्रुन","ar":"هالبيبرون"},"wikiDataId":"Q2249424"},{"id":103320,"name":"Hälleforsnäs","state_id":1540,"state_code":"D","state_name":"Södermanland","country_id":213,"country_code":"SE","country_name":"Sweden","latitude":"59.15208000","longitude":"16.49700000","native":"Hälleforsnäs","type":"city","level":null,"parent_id":null,"population":1536,"timezone":"Europe/Stockholm","translations":{"br":"Hälleforsnäs","ko":"헬레포스네스","pt-BR":"Hälleforsnäs","pt":"Hälleforsnäs","nl":"Hälleforsnäs","hr":"Hälleforsnäs","fa":"هلفورسناس","de":"Hälleforsnäs","es":"Hälleforsnäs","fr":"Hälleforsnäs","ja":"ハレフォルスネス","it":"Hälleforsnäs","zh-CN":"哈勒福斯纳斯","tr":"Hälleforsnäs","ru":"Hälleforsnäs","uk":"Геллефорснес","pl":"Halleforsnäs","hi":"हेल्लेफ़ोर्स्नास","ar":"هاليفورسناس"},"wikiDataId":"Q746023"},{"id":103385,"name":"Katrineholm","state_id":1540,"state_code":"D","state_name":"Södermanland","country_id":213,"country_code":"SE","country_name":"Sweden","latitude":"58.99587000","longitude":"16.20721000","native":"Katrineholm","type":"adm2","level":null,"parent_id":null,"population":23953,"timezone":"Europe/Stockholm","translations":{"br":"Katrineholm","ko":"카트리네홀름","pt-BR":"Katrineholm","pt":"Katrineholm","nl":"Katrineholm","hr":"Katrineholm","fa":"کاترینهولم","de":"Katrineholm","es":"Katrineholm","fr":"Katrineholm","ja":"カトリーネホルム","it":"Katrineholm","zh-CN":"卡特琳娜霍尔姆","tr":"Katrineholm","ru":"Катринехольм","uk":"Катрінгольм","pl":"Katrineholm","hi":"कैट्रिनहोम","ar":"كاترينهولم"},"wikiDataId":"Q54758"},{"id":103432,"name":"Kvicksund","state_id":1540,"state_code":"D","state_name":"Södermanland","country_id":213,"country_code":"SE","country_name":"Sweden","latitude":"59.45099000","longitude":"16.32131000","native":"Kvicksund","type":"city","level":null,"parent_id":null,"population":2282,"timezone":"Europe/Stockholm","translations":{"br":"Kvicksund","ko":"크빅순드","pt-BR":"Kvicksund","pt":"Kvicksund","nl":"Kvicksund","hr":"Kvicksund","fa":"کویکسوند","de":"Kvicksund","es":"Kvicksund","fr":"Kvicksund","ja":"クヴィックスンド","it":"Kvicksund","zh-CN":"克维克松德","tr":"Kvicksund","ru":"Квиксунд","uk":"Квіксунд","pl":"Kvicksund","hi":"क्विकसंड","ar":"كفيكسوند"},"wikiDataId":"Q33799"},{"id":103515,"name":"Malmköping","state_id":1540,"state_code":"D","state_name":"Södermanland","country_id":213,"country_code":"SE","country_name":"Sweden","latitude":"59.13333000","longitude":"16.73333000","native":"Malmköping","type":"city","level":null,"parent_id":null,"population":1992,"timezone":"Europe/Stockholm","translations":{"br":"Malmköping","ko":"말름셰핑","pt-BR":"Malmköping","pt":"Malmköping","nl":"Malmköping","hr":"Malmköping","fa":"مالموشوپینگ","de":"Malmköping","es":"Malmköping","fr":"Malmköping","ja":"マルムショーピング","it":"Malmköping","zh-CN":"马尔姆雪平","tr":"Malmköping","ru":"Мальмчёпинг","uk":"Мальмчепінг","pl":"Malmköping","hi":"माल्मकोपिंग","ar":"مالمكوبينغ"},"wikiDataId":"Q3543408"},{"id":103525,"name":"Mariefred","state_id":1540,"state_code":"D","state_name":"Södermanland","country_id":213,"country_code":"SE","country_name":"Sweden","latitude":"59.25963000","longitude":"17.22300000","native":"Mariefred","type":"city","level":null,"parent_id":null,"population":4277,"timezone":"Europe/Stockholm","translations":{"br":"Mariefred","ko":"마리에프레드","pt-BR":"Mariefred","pt":"Mariefred","nl":"Mariefred","hr":"Mariefred","fa":"ماریفرد","de":"Mariefred","es":"Mariefred","fr":"Mariefred","ja":"マリーフレッド","it":"Mariefred","zh-CN":"玛丽弗雷德","tr":"Mariefred","ru":"Мариефред","uk":"Маріфред","pl":"Mariefred","hi":"मैरीफ्रेड","ar":"ماريفريد"},"wikiDataId":"Q194359"},{"id":103598,"name":"Nyköping","state_id":1540,"state_code":"D","state_name":"Södermanland","country_id":213,"country_code":"SE","country_name":"Sweden","latitude":"58.75300000","longitude":"17.00788000","native":"Nyköping","type":"adm1","level":null,"parent_id":null,"population":39770,"timezone":"Europe/Stockholm","translations":{"br":"Nyköping","ko":"니셰핑","pt-BR":"Nyköping","pt":"Nyköping","nl":"Nyköping","hr":"Nyköping","fa":"نیکوپینگ","de":"Nyköping","es":"Nyköping","fr":"Nyköping","ja":"ニーショーピング","it":"Nyköping","zh-CN":"尼雪平","tr":"Nyköping","ru":"Нючёпинг","uk":"Нючепінг","pl":"Nyköping","hi":"Nykoping","ar":"نيشوبينغ"},"wikiDataId":"Q54356"},{"id":103614,"name":"Olstorp","state_id":1540,"state_code":"D","state_name":"Södermanland","country_id":213,"country_code":"SE","country_name":"Sweden","latitude":"58.81667000","longitude":"16.63333000","native":"Olstorp","type":"city","level":null,"parent_id":null,"population":1017,"timezone":"Europe/Stockholm","translations":{"br":"Olstorp","ko":"올스토르프","pt-BR":"Olstorp","pt":"Olstorp","nl":"Olstorp","hr":"Ölstorp","fa":"اولستورپ","de":"Olstorp","es":"Olstorp","fr":"Olstorp","ja":"オルストルプ","it":"Olstorp","zh-CN":"奥尔斯托普","tr":"Olstorp","ru":"Олсторп","uk":"Ольсторп","pl":"Olstorp","hi":"ओलस्टॉर्प","ar":"أولستورب"},"wikiDataId":"Q32302315"},{"id":103627,"name":"Oxelösund","state_id":1540,"state_code":"D","state_name":"Södermanland","country_id":213,"country_code":"SE","country_name":"Sweden","latitude":"58.67057000","longitude":"17.10152000","native":"Oxelösund","type":"adm2","level":null,"parent_id":null,"population":11485,"timezone":"Europe/Stockholm","translations":{"br":"Oxelösund","ko":"옥셀뢰순드","pt-BR":"Oxelösund","pt":"Oxelösund","nl":"Oxelösund","hr":"Oxelösund","fa":"اوکسلوسوند","de":"Oxelösund","es":"Oxelösund","fr":"Oxelösund","ja":"オクセレースンド","it":"Oxelösund","zh-CN":"奥克瑟勒松德","tr":"Oxelösund","ru":"Окселёсунд","uk":"Окселесунд","pl":"Oxelösund","hi":"ऑक्सेलोसुंड","ar":"أوكسيلوسوند"},"wikiDataId":"Q27846"},{"id":103709,"name":"Skogstorp","state_id":1540,"state_code":"D","state_name":"Södermanland","country_id":213,"country_code":"SE","country_name":"Sweden","latitude":"59.32472000","longitude":"16.48284000","native":"Skogstorp","type":"city","level":null,"parent_id":null,"population":2180,"timezone":"Europe/Stockholm","translations":{"br":"Skogstorp","ko":"스코그스토프","pt-BR":"Skogstorp","pt":"Skogstorp","nl":"Skogstorp","hr":"Skogstorp","fa":"اسکوگستروپ","de":"Skogstorp","es":"Skogstorp","fr":"Skogstorp","ja":"スコグストルプ","it":"Skogstorp","zh-CN":"斯科格斯托普","tr":"Skogstorp","ru":"Скогсторп","uk":"Скоґсторп","pl":"Skogstorp","hi":"स्कोगस्टॉर्प","ar":"سكوجستورب"},"wikiDataId":"Q1971189"},{"id":103746,"name":"Stallarholmen","state_id":1540,"state_code":"D","state_name":"Södermanland","country_id":213,"country_code":"SE","country_name":"Sweden","latitude":"59.36667000","longitude":"17.20000000","native":"Stallarholmen","type":"city","level":null,"parent_id":null,"population":1671,"timezone":"Europe/Stockholm","translations":{"br":"Stallarholmen","ko":"스탈라르홀멘","pt-BR":"Stallarholmen","pt":"Stallarholmen","nl":"Stallarholmen","hr":"Stallarholmen","fa":"استالارهولمن","de":"Stallarholmen","es":"Stallarholmen","fr":"Stallarholmen","ja":"スタラーホルメン","it":"Stallarholmen","zh-CN":"斯塔拉霍尔门","tr":"Stallarholmen","ru":"Сталлархольмен","uk":"Сталлархолмен","pl":"Stallarholmen","hi":"स्टालारहोल्मेन","ar":"ستالارهولمن"},"wikiDataId":"Q656167"},{"id":103756,"name":"Stigtomta","state_id":1540,"state_code":"D","state_name":"Södermanland","country_id":213,"country_code":"SE","country_name":"Sweden","latitude":"58.80000000","longitude":"16.78333000","native":"Stigtomta","type":"city","level":null,"parent_id":null,"population":1937,"timezone":"Europe/Stockholm","translations":{"br":"Stigtomta","ko":"스티그톰타","pt-BR":"Stigtomta","pt":"Stigtomta","nl":"Stigtomta","hr":"Stigtomta","fa":"استیگتومتا","de":"Stigtomta","es":"Stigtomta","fr":"Stigtomta","ja":"スティグトムタ","it":"Stigtomta","zh-CN":"斯提格托姆塔","tr":"Stigtomta","ru":"Стигтомта","uk":"Стігтомта","pl":"Stigtomta","hi":"स्टिग्टोम्टा","ar":"ستيغومتا"},"wikiDataId":"Q2103821"},{"id":103771,"name":"Strängnäs","state_id":1540,"state_code":"D","state_name":"Södermanland","country_id":213,"country_code":"SE","country_name":"Sweden","latitude":"59.37741000","longitude":"17.03119000","native":"Strängnäs","type":"adm2","level":null,"parent_id":null,"population":15369,"timezone":"Europe/Stockholm","translations":{"br":"Strängnäs","ko":"스트랭그네스","pt-BR":"Strängnäs","pt":"Strängnäs","nl":"Strängnäs","hr":"Strängnäs","fa":"استرانگناس","de":"Strängnäs","es":"Strängnäs","fr":"Strängnäs","ja":"ストレングネス","it":"Strängnäs","zh-CN":"斯特兰奈斯","tr":"Strangnäs","ru":"Стрэнгнес","uk":"Стренгнес","pl":"Strängnäs","hi":"स्ट्रांगनास","ar":"سترانغناس"},"wikiDataId":"Q106909"},{"id":103793,"name":"Svalsta","state_id":1540,"state_code":"D","state_name":"Södermanland","country_id":213,"country_code":"SE","country_name":"Sweden","latitude":"58.74273000","longitude":"16.86978000","native":"Svalsta","type":"city","level":null,"parent_id":null,"population":1140,"timezone":"Europe/Stockholm","translations":{"br":"Svalsta","ko":"스발스타","pt-BR":"Svalsta","pt":"Svalsta","nl":"Svalsta","hr":"Svalsta","fa":"سوالستا","de":"Svalsta","es":"Svalsta","fr":"Svalsta","ja":"スヴァルスタ","it":"Svalsta","zh-CN":"斯瓦尔斯塔","tr":"Svalsta","ru":"Свальста","uk":"Свалста","pl":"Svalsta","hi":"स्वाल्स्ता","ar":"سفالستا"},"wikiDataId":"Q2717853"},{"id":103864,"name":"Torshälla","state_id":1540,"state_code":"D","state_name":"Södermanland","country_id":213,"country_code":"SE","country_name":"Sweden","latitude":"59.41667000","longitude":"16.46667000","native":"Torshälla","type":"city","level":null,"parent_id":null,"population":9167,"timezone":"Europe/Stockholm","translations":{"br":"Torshälla","ko":"토르샬라","pt-BR":"Torshälla","pt":"Torshälla","nl":"Torshälla","hr":"Torshälla","fa":"تورشالا","de":"Torshälla","es":"Torshälla","fr":"Torshälla","ja":"トルシェラ","it":"Torshälla","zh-CN":"托尔谢拉","tr":"Torshälla","ru":"Торшелла","uk":"Торшялла","pl":"Torshälla","hi":"तोर्शाल्ला","ar":"تورشيلا"},"wikiDataId":"Q1000633"},{"id":103877,"name":"Trosa","state_id":1540,"state_code":"D","state_name":"Södermanland","country_id":213,"country_code":"SE","country_name":"Sweden","latitude":"58.89621000","longitude":"17.54812000","native":"Skyldig","type":"adm2","level":null,"parent_id":null,"population":5836,"timezone":"Europe/Stockholm","translations":{"br":"Trosa","ko":"트로사","pt-BR":"Trosa","pt":"Trosa","nl":"Trosa","hr":"Trosa","fa":"تروسا","de":"Trosa","es":"Trosa","fr":"Trosa","ja":"トロサ","it":"Trosa","zh-CN":"特罗萨","tr":"Trosa","ru":"Троса","uk":"Троса","pl":"Trosa","hi":"ट्रोसा","ar":"تروسا"},"wikiDataId":"Q994927"},{"id":103911,"name":"Vagnhärad","state_id":1540,"state_code":"D","state_name":"Södermanland","country_id":213,"country_code":"SE","country_name":"Sweden","latitude":"58.94587000","longitude":"17.48757000","native":"Vagnhärad","type":"city","level":null,"parent_id":null,"population":4109,"timezone":"Europe/Stockholm","translations":{"br":"Vagnhärad","ko":"바그네라드","pt-BR":"Vagnhärad","pt":"Vagnhärad","nl":"Vagnhärad","hr":"Vagnhärad","fa":"واگنراد","de":"Vagnhärad","es":"Vagnhärad","fr":"Vagnhärad","ja":"ヴァグニハラド","it":"Vagnhärad","zh-CN":"瓦格纳拉德","tr":"Vagnhärad","ru":"Вагнхэрад","uk":"Вагнхерад","pl":"Vagnhärad","hi":"वाग्न्हाराड","ar":"فاجنهاراد"},"wikiDataId":"Q246694"},{"id":103916,"name":"Valla","state_id":1540,"state_code":"D","state_name":"Södermanland","country_id":213,"country_code":"SE","country_name":"Sweden","latitude":"59.01667000","longitude":"16.38333000","native":"I kommunen","type":"city","level":null,"parent_id":null,"population":1584,"timezone":"Europe/Stockholm","translations":{"br":"Valla","ko":"발라","pt-BR":"Valla","pt":"Valla","nl":"Valla","hr":"Valla","fa":"والا","de":"Valla","es":"Valla","fr":"Valla","ja":"ヴァラ","it":"Valla","zh-CN":"瓦拉","tr":"Valla","ru":"Валла","uk":"Валла","pl":"Valla","hi":"वल्ला","ar":"فالا"},"wikiDataId":"Q2369967"},{"id":103951,"name":"Vingåker","state_id":1540,"state_code":"D","state_name":"Södermanland","country_id":213,"country_code":"SE","country_name":"Sweden","latitude":"59.04330000","longitude":"15.87374000","native":"Vingåker","type":"adm2","level":null,"parent_id":null,"population":4514,"timezone":"Europe/Stockholm","translations":{"br":"Vingåker","ko":"빙가케르","pt-BR":"Vingåker","pt":"Vingåker","nl":"Vingåker","hr":"Vingåker","fa":"وینگوکر","de":"Vingåker","es":"Vingåker","fr":"Vingåker","ja":"ヴィンゴーカー","it":"Vingåker","zh-CN":"维戈克","tr":"Vingåker","ru":"Вингакер","uk":"Вінґокер","pl":"Vingåker","hi":"विंगाकर","ar":"فينجاكر"},"wikiDataId":"Q777901"}]