[{"id":103004,"name":"Ankarsrum","state_id":1544,"state_code":"H","state_name":"Kalmar","country_id":213,"country_code":"SE","country_name":"Sweden","latitude":"57.69896000","longitude":"16.33407000","native":"Ankarsrum","type":"city","level":null,"parent_id":null,"population":1207,"timezone":"Europe/Stockholm","translations":{"br":"Ankarsrum","ko":"앙카르스룸","pt-BR":"Ankarsrum","pt":"Ankarsrum","nl":"Ankarsrum","hr":"Ankarsrum","fa":"انکارروم","de":"Ankarsrum","es":"Ankarsrum","fr":"Ankarsrum","ja":"アンカールム","it":"Ankarsrum","zh-CN":"安卡斯鲁姆","tr":"Ankarasrum","ru":"Анкарсрум","uk":"Анкарсрум","pl":"Ankarsrum","hi":"अंकर्स्रम","ar":"أنكارسروم"},"wikiDataId":"Q556590"},{"id":103035,"name":"Bergkvara","state_id":1544,"state_code":"H","state_name":"Kalmar","country_id":213,"country_code":"SE","country_name":"Sweden","latitude":"56.39063000","longitude":"16.07274000","native":"Bergkvara","type":"city","level":null,"parent_id":null,"population":1129,"timezone":"Europe/Stockholm","translations":{"br":"Bergkvara","ko":"베르크바라","pt-BR":"Bergkvara","pt":"Bergkvara","nl":"Bergkvara","hr":"Bergkvára","fa":"برگکوارا","de":"Bergkvara","es":"Bergkvara","fr":"Bergkvara","ja":"ベルクヴァラ","it":"Bergkvara","zh-CN":"贝尔格克瓦拉","tr":"Bergkvara","ru":"Бергквара","uk":"Бергквара","pl":"Bergkvara","hi":"बर्गक्वारा","ar":"بيرجكفارا"},"wikiDataId":"Q2570136"},{"id":103059,"name":"Blomstermåla","state_id":1544,"state_code":"H","state_name":"Kalmar","country_id":213,"country_code":"SE","country_name":"Sweden","latitude":"56.98333000","longitude":"16.33333000","native":"Blomstermåla","type":"city","level":null,"parent_id":null,"population":2249,"timezone":"Europe/Stockholm","translations":{"br":"Blomstermåla","ko":"블롬스터몰라","pt-BR":"Blomstermåla","pt":"Blomstermåla","nl":"Blomstermåla","hr":"Blomstermåla","fa":"بلومسترمالا","de":"Blomstermåla","es":"Blomstermåla","fr":"Blomstermåla","ja":"ブロムスターマラ","it":"Blomstermåla","zh-CN":"布洛姆斯特莫拉","tr":"Blomstermåla","ru":"Бломстермола","uk":"Бломстермола","pl":"Blomstermåla","hi":"ब्लोमस्टेरमाला","ar":"بلومسترمولا"},"wikiDataId":"Q2861150"},{"id":103073,"name":"Borgholm","state_id":1544,"state_code":"H","state_name":"Kalmar","country_id":213,"country_code":"SE","country_name":"Sweden","latitude":"56.87930000","longitude":"16.65634000","native":"Borgholm","type":"adm2","level":null,"parent_id":null,"population":4280,"timezone":"Europe/Stockholm","translations":{"br":"Borgholm","ko":"보르홀름","pt-BR":"Borgholm","pt":"Borgholm","nl":"Borgholm","hr":"Borgholm","fa":"بورگ‌هولم","de":"Borgholm","es":"Borgholm","fr":"Borgholm","ja":"ボルグホルム","it":"Borgholm","zh-CN":"博里霍尔姆","tr":"Borgholm","ru":"Боргхольм","uk":"Боргхольм","pl":"Borgholm","hi":"बोर्गहोम","ar":"بورغولم"},"wikiDataId":"Q893554"},{"id":103140,"name":"Emmaboda","state_id":1544,"state_code":"H","state_name":"Kalmar","country_id":213,"country_code":"SE","country_name":"Sweden","latitude":"56.63268000","longitude":"15.53648000","native":"Emmaboda","type":"adm2","level":null,"parent_id":null,"population":4788,"timezone":"Europe/Stockholm","translations":{"br":"Emmaboda","ko":"엠마보다","pt-BR":"Emmaboda","pt":"Emmaboda","nl":"Emmaboda","hr":"Emmaboda","fa":"امابودا","de":"Emmaboda","es":"Emmaboda","fr":"Emmaboda","ja":"エマボダ","it":"Emmaboda","zh-CN":"埃玛布达","tr":"Emmaboda","ru":"Эммабода","uk":"Еммабода","pl":"Emmaboda","hi":"एम्माबोडा","ar":"إيمابودا"},"wikiDataId":"Q1338169"},{"id":103194,"name":"Färjestaden","state_id":1544,"state_code":"H","state_name":"Kalmar","country_id":213,"country_code":"SE","country_name":"Sweden","latitude":"56.64990000","longitude":"16.46859000","native":"Färjestaden","type":"city","level":null,"parent_id":null,"population":6674,"timezone":"Europe/Stockholm","translations":{"br":"Färjestaden","ko":"페어예스타덴","pt-BR":"Färjestaden","pt":"Färjestaden","nl":"Färjestaden","hr":"Färjestaden","fa":"فرجستادن","de":"Färjestaden","es":"Färjestaden","fr":"Färjestaden","ja":"フェアジェスタデン","it":"Färjestaden","zh-CN":"远征城","tr":"Färjestaden","ru":"Ферьестаден","uk":"Фер'єстаден","pl":"Färjestaden","hi":"फ़र्जेस्टेडेन","ar":"فارجيستادن"},"wikiDataId":"Q1478888"},{"id":103201,"name":"Gamleby","state_id":1544,"state_code":"H","state_name":"Kalmar","country_id":213,"country_code":"SE","country_name":"Sweden","latitude":"57.89485000","longitude":"16.40508000","native":"Gamleby","type":"city","level":null,"parent_id":null,"population":2759,"timezone":"Europe/Stockholm","translations":{"br":"Gamleby","ko":"감레비","pt-BR":"Gamleby","pt":"Gamleby","nl":"Gamleby","hr":"Gamleby","fa":"گملبی","de":"Gamleby","es":"Gamleby","fr":"Gamleby","ja":"ガムルビー","it":"Gamleby","zh-CN":"甘勒比","tr":"Gambleby","ru":"Гэмлеби","uk":"Гамлебі","pl":"Gamleby","hi":"गैमलेबी","ar":"جامليبي"},"wikiDataId":"Q2670538"},{"id":103234,"name":"Gunnebo","state_id":1544,"state_code":"H","state_name":"Kalmar","country_id":213,"country_code":"SE","country_name":"Sweden","latitude":"57.71667000","longitude":"16.53333000","native":"Gunnebo","type":"city","level":null,"parent_id":null,"population":1019,"timezone":"Europe/Stockholm","translations":{"br":"Gunnebo","ko":"군네보","pt-BR":"Gunnebo","pt":"Gunnebo","nl":"Gunnebo","hr":"Gunnebo","fa":"گونبو","de":"Gunnebo","es":"Gunnebo","fr":"Gunnebo","ja":"グンネボ","it":"Gunnebo","zh-CN":"甘尼博","tr":"Gunnebo","ru":"Гуннебо","uk":"Гуннебо","pl":"Gunnebo","hi":"गुनेबो","ar":"غونيبو"},"wikiDataId":"Q2239257"},{"id":103331,"name":"Högsby","state_id":1544,"state_code":"H","state_name":"Kalmar","country_id":213,"country_code":"SE","country_name":"Sweden","latitude":"57.16597000","longitude":"16.02562000","native":"Högsby","type":"adm2","level":null,"parent_id":null,"population":1872,"timezone":"Europe/Stockholm","translations":{"br":"Högsby","ko":"호그스비","pt-BR":"Högsby","pt":"Högsby","nl":"Högsby","hr":"Högsby","fa":"هاگزبی","de":"Högsby","es":"Högsby","fr":"Högsby","ja":"ホーグスビー","it":"Högsby","zh-CN":"霍格斯比","tr":"Högsby","ru":"Хёгсби","uk":"Хегсбю","pl":"Högsby","hi":"होग्सबी","ar":"هوغسبي"},"wikiDataId":"Q1572742"},{"id":103307,"name":"Hultsfred","state_id":1544,"state_code":"H","state_name":"Kalmar","country_id":213,"country_code":"SE","country_name":"Sweden","latitude":"57.48815000","longitude":"15.84357000","native":"Hultsfred","type":"adm2","level":null,"parent_id":null,"population":5614,"timezone":"Europe/Stockholm","translations":{"br":"Hultsfred","ko":"헐츠프레드","pt-BR":"Hultsfred","pt":"Hultsfred","nl":"Hultsfred","hr":"Hultsfred","fa":"هولتسفرد","de":"Hultsfred","es":"Hultsfred","fr":"Hultsfred","ja":"ハルツフレッド","it":"Hultsfred","zh-CN":"胡尔茨弗雷德","tr":"Hultsfred","ru":"Хултсфред","uk":"Хультсфред","pl":"Hultsfred","hi":"हल्ट्सफ्रेड","ar":"هولتسفريد"},"wikiDataId":"Q1636399"},{"id":103372,"name":"Kalmar","state_id":1544,"state_code":"H","state_name":"Kalmar","country_id":213,"country_code":"SE","country_name":"Sweden","latitude":"56.66157000","longitude":"16.36163000","native":"Kalmar","type":"adm1","level":null,"parent_id":null,"population":42622,"timezone":"Europe/Stockholm","translations":{"br":"Kalmar","ko":"칼마르","pt-BR":"Kalmar","pt":"Kalmar","nl":"Kalmar","hr":"Kalmar","fa":"کالمار","de":"Kalmar","es":"Kalmar","fr":"Kalmar","ja":"カルマル","it":"Kalmar","zh-CN":"卡尔马","tr":"Kalmar","ru":"Кальмар","uk":"Кальмар","pl":"Kalmar","hi":"कलमार","ar":"كالمار"},"wikiDataId":"Q26345"},{"id":103413,"name":"Kristdala","state_id":1544,"state_code":"H","state_name":"Kalmar","country_id":213,"country_code":"SE","country_name":"Sweden","latitude":"57.40070000","longitude":"16.20496000","native":"Kristdala","type":"city","level":null,"parent_id":null,"population":926,"timezone":"Europe/Stockholm","translations":{"br":"Kristdala","ko":"크리스달라","pt-BR":"Kristdala","pt":"Kristdala","nl":"Kristdala","hr":"Kristdala","fa":"کریستدالا","de":"Kristdala","es":"Kristdala","fr":"Kristdala","ja":"クリスダラ","it":"Kristdala","zh-CN":"克里斯达拉","tr":"Kristdala","ru":"Кристдала","uk":"Крістдала","pl":"Kristdala","hi":"क्रिस्टडाला","ar":"كريستالا"},"wikiDataId":"Q3353573"},{"id":103473,"name":"Lindsdal","state_id":1544,"state_code":"H","state_name":"Kalmar","country_id":213,"country_code":"SE","country_name":"Sweden","latitude":"56.73333000","longitude":"16.30000000","native":"Lindsdal","type":"city","level":null,"parent_id":null,"population":6061,"timezone":"Europe/Stockholm","translations":{"br":"Lindsdal","ko":"린즈달","pt-BR":"Lindsdal","pt":"Lindsdal","nl":"Lindsdal","hr":"Lindsdal","fa":"لینددال","de":"Lindsdal","es":"Lindsdal","fr":"Lindsdal","ja":"リンズダル","it":"Lindsdal","zh-CN":"林兹达尔","tr":"Lindsdal","ru":"Линдсдал","uk":"Ліндсдал","pl":"Lindsdal","hi":"लिंड्सडल","ar":"ليندسدال"},"wikiDataId":"Q1826326"},{"id":103481,"name":"Ljungbyholm","state_id":1544,"state_code":"H","state_name":"Kalmar","country_id":213,"country_code":"SE","country_name":"Sweden","latitude":"56.63333000","longitude":"16.16667000","native":"Ljungbyholm","type":"city","level":null,"parent_id":null,"population":2008,"timezone":"Europe/Stockholm","translations":{"br":"Ljungbyholm","ko":"융비홀름","pt-BR":"Ljungbyholm","pt":"Ljungbyholm","nl":"Ljungbyholm","hr":"Ljungbyholm","fa":"لیونگبی‌هولم","de":"Ljungbyholm","es":"Ljungbyholm","fr":"Ljungbyholm","ja":"リュングビーホルム","it":"Ljungbyholm","zh-CN":"永比霍尔姆","tr":"Ljungbyholm","ru":"Юнгбюхольм","uk":"Юнгбігольм","pl":"Ljungbyholm","hi":"ल्जुंगबीहोम","ar":"ليونغبيهولم"},"wikiDataId":"Q2376187"},{"id":103559,"name":"Målilla","state_id":1544,"state_code":"H","state_name":"Kalmar","country_id":213,"country_code":"SE","country_name":"Sweden","latitude":"57.38773000","longitude":"15.80675000","native":"Målilla","type":"city","level":null,"parent_id":null,"population":1461,"timezone":"Europe/Stockholm","translations":{"br":"Målilla","ko":"말릴라","pt-BR":"Målilla","pt":"Målilla","nl":"Målilla","hr":"Målilla","fa":"مالیلا","de":"Målilla","es":"Målilla","fr":"Målilla","ja":"モリラ","it":"Målilla","zh-CN":"马利拉","tr":"Målilla","ru":"Малилла","uk":"Молілла","pl":"Målilla","hi":"मालिल्ला","ar":"ماليلا"},"wikiDataId":"Q1957597"},{"id":103565,"name":"Mönsterås","state_id":1544,"state_code":"H","state_name":"Kalmar","country_id":213,"country_code":"SE","country_name":"Sweden","latitude":"57.04134000","longitude":"16.44463000","native":"Mönsterås","type":"adm2","level":null,"parent_id":null,"population":5127,"timezone":"Europe/Stockholm","translations":{"br":"Mönsterås","ko":"몬스테라스","pt-BR":"Mönsterås","pt":"Mönsterås","nl":"Mönsterås","hr":"Mönsterås","fa":"مونستروس","de":"Mönsterås","es":"Monsterås","fr":"Mönsterås","ja":"モンスターオース","it":"Mönsterås","zh-CN":"蒙斯特罗斯","tr":"Mönsterås","ru":"Мёнстерос","uk":"Менстерос","pl":"Mönsterås","hi":"मॉन्स्टरॉस","ar":"مونستيروس"},"wikiDataId":"Q599114"},{"id":103568,"name":"Mörbylånga","state_id":1544,"state_code":"H","state_name":"Kalmar","country_id":213,"country_code":"SE","country_name":"Sweden","latitude":"56.52480000","longitude":"16.37877000","native":"Mörbylånga","type":"adm2","level":null,"parent_id":null,"population":1809,"timezone":"Europe/Stockholm","translations":{"br":"Mörbylånga","ko":"뫼르빌랑가","pt-BR":"Mörbylånga","pt":"Mörbylånga","nl":"Mörbylånga","hr":"Mörbylånga","fa":"موربیلانگا","de":"Mörbylånga","es":"Mörbylånga","fr":"Mörbylånga","ja":"モルビロンガ","it":"Mörbylånga","zh-CN":"莫尔比兰加","tr":"Mörbylånga","ru":"Mörbylånga","uk":"Мербілонга","pl":"Mörbylånga","hi":"मोर्बिलांग्गा","ar":"موربيلونغا"},"wikiDataId":"Q1641531"},{"id":103593,"name":"Nybro","state_id":1544,"state_code":"H","state_name":"Kalmar","country_id":213,"country_code":"SE","country_name":"Sweden","latitude":"56.74461000","longitude":"15.90714000","native":"Nybro","type":"adm2","level":null,"parent_id":null,"population":13584,"timezone":"Europe/Stockholm","translations":{"br":"Nybro","ko":"니브로","pt-BR":"Nybro","pt":"Nybro","nl":"Nybro","hr":"Nybro","fa":"نایبرو","de":"Nybro","es":"Nybro","fr":"Nybro","ja":"ニブロ","it":"Nybro","zh-CN":"尼布鲁","tr":"Nybro","ru":"Нюбро","uk":"Нюбро","pl":"Nybro","hi":"नाइब्रो","ar":"نيبرو"},"wikiDataId":"Q930238"},{"id":103623,"name":"Oskarshamn","state_id":1544,"state_code":"H","state_name":"Kalmar","country_id":213,"country_code":"SE","country_name":"Sweden","latitude":"57.26455000","longitude":"16.44837000","native":"Oskarshamn","type":"adm2","level":null,"parent_id":null,"population":18817,"timezone":"Europe/Stockholm","translations":{"br":"Oskarshamn","ko":"오스카르샴","pt-BR":"Oskarshamn","pt":"Oskarshamn","nl":"Oskarshamn","hr":"Oskarshamn","fa":"اسکارشمن","de":"Oskarshamn","es":"Oskarshamn","fr":"Oskarshamn","ja":"オスカルスハムン","it":"Oskarshamn","zh-CN":"奥斯卡港","tr":"Oskarshamn","ru":"Оскарсхамн","uk":"Оскарсхамн","pl":"Oskarshamn","hi":"ओस्करशम्न","ar":"أوسكارشامن"},"wikiDataId":"Q654268"},{"id":104056,"name":"Överum","state_id":1544,"state_code":"H","state_name":"Kalmar","country_id":213,"country_code":"SE","country_name":"Sweden","latitude":"57.98856000","longitude":"16.31390000","native":"Överum","type":"city","level":null,"parent_id":null,"population":1096,"timezone":"Europe/Stockholm","translations":{"br":"Överum","ko":"오버럼","pt-BR":"Överum","pt":"Överum","nl":"Overum","hr":"Överum","fa":"اوروم","de":"Överum","es":"Överum","fr":"Överum","ja":"オーヴェルム","it":"Overum","zh-CN":"奥维鲁姆","tr":"Överum","ru":"Оверум","uk":"Оверум","pl":"Överum","hi":"ओवरम","ar":"أوفروم"},"wikiDataId":"Q3131205"},{"id":103641,"name":"Påskallavik","state_id":1544,"state_code":"H","state_name":"Kalmar","country_id":213,"country_code":"SE","country_name":"Sweden","latitude":"57.16667000","longitude":"16.45000000","native":"Påskallavik","type":"city","level":null,"parent_id":null,"population":1118,"timezone":"Europe/Stockholm","translations":{"br":"Påskallavik","ko":"파스칼라비크","pt-BR":"Påskallavik","pt":"Påskallavik","nl":"Påskallavik","hr":"Påskallavik","fa":"پاسکالاویک","de":"Påskallavik","es":"Påskallavik","fr":"Påskallavik","ja":"パスカラヴィク","it":"Påskallavik","zh-CN":"帕斯卡拉维克","tr":"Påskallavik","ru":"Паскаллавик","uk":"Паскаллавік","pl":"Påskallavik","hi":"पास्कलविक","ar":"باسكالافيك"},"wikiDataId":"Q2443421"},{"id":103649,"name":"Rinkabyholm","state_id":1544,"state_code":"H","state_name":"Kalmar","country_id":213,"country_code":"SE","country_name":"Sweden","latitude":"56.64972000","longitude":"16.26667000","native":"Rinkabyholm","type":"city","level":null,"parent_id":null,"population":1642,"timezone":"Europe/Stockholm","translations":{"br":"Rinkabyholm","ko":"린카비홀름","pt-BR":"Rinkabyholm","pt":"Rinkabyholm","nl":"Rinkabyholm","hr":"Rinkabyholm","fa":"رینکابی‌هولم","de":"Rinkabyholm","es":"Rinkabyholm","fr":"Rinkabyholm","ja":"リンカビホルム","it":"Rinkabyholm","zh-CN":"林卡比霍尔姆","tr":"Rinkabyholm","ru":"Ринкабихольм","uk":"Рінкабігольм","pl":"Rinkabyholm","hi":"रिंकाब्यहोम","ar":"رينكابيهولم"},"wikiDataId":"Q3353656"},{"id":103727,"name":"Smedby","state_id":1544,"state_code":"H","state_name":"Kalmar","country_id":213,"country_code":"SE","country_name":"Sweden","latitude":"56.67413000","longitude":"16.24320000","native":"Smedby","type":"city","level":null,"parent_id":null,"population":3742,"timezone":"Europe/Stockholm","translations":{"br":"Smedby","ko":"스메드비","pt-BR":"Smedby","pt":"Smedby","nl":"Smedby","hr":"Smedby","fa":"اسمدبی","de":"Smedby","es":"Smedby","fr":"Smedby","ja":"スメドビー","it":"Smedby","zh-CN":"斯梅德比","tr":"Smedby","ru":"Смедби","uk":"Смедбі","pl":"Smedby","hi":"स्मेड्बी","ar":"سميدبي"},"wikiDataId":"Q2490965"},{"id":103827,"name":"Södra Sandby","state_id":1544,"state_code":"H","state_name":"Kalmar","country_id":213,"country_code":"SE","country_name":"Sweden","latitude":"56.56667000","longitude":"16.61667000","native":"Södra Sandby","type":"city","level":null,"parent_id":null,"population":5941,"timezone":"Europe/Stockholm","translations":{"br":"Södra Sandby","ko":"소드라 샌드비","pt-BR":"Södra Sandby","pt":"Södra Sandby","nl":"Södra Sandby","hr":"Södra Sandby","fa":"سودرا سندبی","de":"Södra Sandby","es":"Södra Sandby","fr":"Södra Sandby","ja":"ソドラ・サンドビー","it":"Södra Sandby","zh-CN":"索德拉·桑比","tr":"Södra Sandby","ru":"Сёдра Сандби","uk":"Седра Сандбі","pl":"Södra Sandby","hi":"सोद्रा सैंडबी","ar":"سودرا ساندبي"},"wikiDataId":"Q569800"},{"id":103829,"name":"Södra Vi","state_id":1544,"state_code":"H","state_name":"Kalmar","country_id":213,"country_code":"SE","country_name":"Sweden","latitude":"57.73993000","longitude":"15.79391000","native":"Södra Vi","type":"city","level":null,"parent_id":null,"population":1117,"timezone":"Europe/Stockholm","translations":{"br":"Södra Vi","ko":"소드라 비","pt-BR":"Södra Vi","pt":"Södra Vi","nl":"Zuid-Vi","hr":"Södra Vi","fa":"سودرا وی","de":"Södra Vi","es":"Södra Vi","fr":"Södra Vi","ja":"ソドラ・ヴィ","it":"Södra Vi","zh-CN":"南维","tr":"Södra Vi","ru":"Сёдра Ви","uk":"Седра Ві","pl":"Södra Vi","hi":"सोद्रा वी","ar":"سودرا في"},"wikiDataId":"Q2104311"},{"id":103762,"name":"Storebro","state_id":1544,"state_code":"H","state_name":"Kalmar","country_id":213,"country_code":"SE","country_name":"Sweden","latitude":"57.58333000","longitude":"15.85000000","native":"Storebro","type":"city","level":null,"parent_id":null,"population":936,"timezone":"Europe/Stockholm","translations":{"br":"Storebro","ko":"스토어브로","pt-BR":"Storebro","pt":"Storebro","nl":"Storebro","hr":"Storebro","fa":"فروشگاه","de":"Storebro","es":"Storebro","fr":"Storebro","ja":"ストアブロ","it":"Storebro","zh-CN":"斯托布罗","tr":"Storebro","ru":"Storebro","uk":"Сторебро","pl":"Storebro","hi":"स्टोरब्रो","ar":"ستوربرو"},"wikiDataId":"Q933517"},{"id":103849,"name":"Timmernabben","state_id":1544,"state_code":"H","state_name":"Kalmar","country_id":213,"country_code":"SE","country_name":"Sweden","latitude":"56.96667000","longitude":"16.43333000","native":"Timmernabben","type":"city","level":null,"parent_id":null,"population":1423,"timezone":"Europe/Stockholm","translations":{"br":"Timmernabben","ko":"팀머나벤","pt-BR":"Timmernabben","pt":"Timmernabben","nl":"Timmernabben","hr":"Timmernabben","fa":"تیمرنابن","de":"Timmernabben","es":"Timmernabben","fr":"Timmernabben","ja":"ティメルナベン","it":"Timmernabben","zh-CN":"蒂默纳本","tr":"Timmernabben","ru":"Тиммернаббен","uk":"Тіммернаббен","pl":"Timmernabben","hi":"टिम्मरनाबेन","ar":"تيمرنابِن"},"wikiDataId":"Q2557336"},{"id":103866,"name":"Torsås","state_id":1544,"state_code":"H","state_name":"Kalmar","country_id":213,"country_code":"SE","country_name":"Sweden","latitude":"56.41251000","longitude":"15.99844000","native":"Torsås","type":"adm2","level":null,"parent_id":null,"population":1967,"timezone":"Europe/Stockholm","translations":{"br":"Torsås","ko":"토르소스","pt-BR":"Torsås","pt":"Torsås","nl":"Torsås","hr":"Torsås","fa":"تورساس","de":"Torsås","es":"Torsås","fr":"Torsås","ja":"トルサス","it":"Torsås","zh-CN":"托尔斯","tr":"Gövdeler","ru":"Торсас","uk":"Торсо","pl":"Torsås","hi":"टोर्सास","ar":"تورساس"},"wikiDataId":"Q28154"},{"id":103873,"name":"Trekanten","state_id":1544,"state_code":"H","state_name":"Kalmar","country_id":213,"country_code":"SE","country_name":"Sweden","latitude":"56.70000000","longitude":"16.11667000","native":"Triangeln","type":"city","level":null,"parent_id":null,"population":1559,"timezone":"Europe/Stockholm","translations":{"br":"Trekanten","ko":"트레칸텐","pt-BR":"Trekanten","pt":"Trekanten","nl":"Trekanten","hr":"Trekanten","fa":"ترکانتن","de":"Trekanten","es":"Trekanten","fr":"Trekanten","ja":"トレカンテン","it":"Trekanten","zh-CN":"特雷坎滕","tr":"Trekanten","ru":"Трекантен","uk":"Трекантен","pl":"Trekanten","hi":"ट्रेकेंटेन","ar":"تريكانتن"},"wikiDataId":"Q3354211"},{"id":103970,"name":"Västervik","state_id":1544,"state_code":"H","state_name":"Kalmar","country_id":213,"country_code":"SE","country_name":"Sweden","latitude":"57.75840000","longitude":"16.63733000","native":"Västervik","type":"adm2","level":null,"parent_id":null,"population":21615,"timezone":"Europe/Stockholm","translations":{"br":"Västervik","ko":"베스테르비크","pt-BR":"Västervik","pt":"Västervik","nl":"Västervik","hr":"Västervik","fa":"وسترویک","de":"Västervik","es":"Västervik","fr":"Västervik","ja":"ヴェステルヴィーク","it":"Västervik","zh-CN":"韦斯特维克","tr":"Västervik","ru":"Вестервик","uk":"Вестервік","pl":"Västervik","hi":"वेस्टरविक","ar":"فاسترفيك"},"wikiDataId":"Q54764"},{"id":103947,"name":"Vimmerby","state_id":1544,"state_code":"H","state_name":"Kalmar","country_id":213,"country_code":"SE","country_name":"Sweden","latitude":"57.66588000","longitude":"15.85515000","native":"Vimmerby","type":"adm2","level":null,"parent_id":null,"population":8176,"timezone":"Europe/Stockholm","translations":{"br":"Vimmerby","ko":"비머비","pt-BR":"Vimmerby","pt":"Vimmerby","nl":"Vimmerby","hr":"Vimmerby","fa":"ویمربی","de":"Vimmerby","es":"Vimmerby","fr":"Vimmerby","ja":"ヴィンメルビー","it":"Vimmerby","zh-CN":"维默比","tr":"Vimmerby","ru":"Виммербю","uk":"Віммербю","pl":"Vimmerby","hi":"विमरबी","ar":"فيمربي"},"wikiDataId":"Q634231"},{"id":103956,"name":"Virserum","state_id":1544,"state_code":"H","state_name":"Kalmar","country_id":213,"country_code":"SE","country_name":"Sweden","latitude":"57.31667000","longitude":"15.58333000","native":"Virserum","type":"city","level":null,"parent_id":null,"population":1698,"timezone":"Europe/Stockholm","translations":{"br":"Virserum","ko":"비르세룸","pt-BR":"Virserum","pt":"Virserum","nl":"Virus","hr":"Virserum","fa":"ویرسروم","de":"Virserum","es":"Virserum","fr":"Virsérum","ja":"ビルセラム","it":"Virserum","zh-CN":"维瑟鲁姆","tr":"Virserum","ru":"Вирсерум","uk":"Вірсерум","pl":"Serum wirusowe","hi":"विरसेरम","ar":"مصل الفيروس"},"wikiDataId":"Q254017"}]