[{"id":102993,"name":"Alsike","state_id":1545,"state_code":"C","state_name":"Uppsala","country_id":213,"country_code":"SE","country_name":"Sweden","latitude":"59.75324000","longitude":"17.77331000","native":"Alsike","type":"city","level":null,"parent_id":null,"population":3833,"timezone":"Europe/Stockholm","translations":{"br":"Allike","ko":"알시케","pt-BR":"Igualmente","pt":"Igualmente","nl":"Alsike","hr":"Alsike","fa":"آلسیک","de":"Alsike","es":"Igualmente","fr":"Alsike","ja":"アルシケ","it":"Alsike","zh-CN":"阿尔西克","tr":"Alsike","ru":"Альсике","uk":"Алсіке","pl":"Alsike","hi":"अलसाइक","ar":"ألسيك"},"wikiDataId":"Q1019979"},{"id":102994,"name":"Alunda","state_id":1545,"state_code":"C","state_name":"Uppsala","country_id":213,"country_code":"SE","country_name":"Sweden","latitude":"60.26667000","longitude":"18.40000000","native":"Alunda","type":"city","level":null,"parent_id":null,"population":2677,"timezone":"Europe/Stockholm","translations":{"br":"Alunda","ko":"알룬다","pt-BR":"Alunda","pt":"Alunda","nl":"Alunda","hr":"Alunda","fa":"آلوندا","de":"Alunda","es":"Alunda","fr":"Alunda","ja":"アルンダ","it":"Alunda","zh-CN":"阿伦达","tr":"Alunda","ru":"Алунда","uk":"Алунду","pl":"Alunda","hi":"अलुंडा","ar":"ألوندا"},"wikiDataId":"Q2137552"},{"id":103991,"name":"Älvkarleby","state_id":1545,"state_code":"C","state_name":"Uppsala","country_id":213,"country_code":"SE","country_name":"Sweden","latitude":"60.57081000","longitude":"17.44895000","native":"Älvkarleby","type":"city","level":null,"parent_id":null,"population":1506,"timezone":"Europe/Stockholm","translations":{"br":"Älvkarleby","ko":"엘브카를레비","pt-BR":"Älvkarleby","pt":"Älvkarleby","nl":"Älvkarleby","hr":"Älvkarleby","fa":"الکارلبی","de":"Älvkarleby","es":"Älvkarleby","fr":"Älvkarleby","ja":"エルヴカルレビー","it":"Älvkarleby","zh-CN":"艾尔夫卡勒比","tr":"Älvkarleby","ru":"Älvkarleby","uk":"Ельвкарлебю","pl":"Älvkarleby","hi":"अल्वकार्लेबी","ar":"ألفكارليبي"},"wikiDataId":"Q254953"},{"id":103005,"name":"Anneberg","state_id":1545,"state_code":"C","state_name":"Uppsala","country_id":213,"country_code":"SE","country_name":"Sweden","latitude":"60.24167000","longitude":"18.41667000","native":"Anneberg","type":"city","level":null,"parent_id":null,"population":1469,"timezone":"Europe/Stockholm","translations":{"br":"Anneberg","ko":"앤버그","pt-BR":"Anneberg","pt":"Anneberg","nl":"Anneberg","hr":"Anneberg","fa":"آنبرگ","de":"Anneberg","es":"Anneberg","fr":"Anneberg","ja":"アンネベルグ","it":"Anneberg","zh-CN":"安妮伯格","tr":"Anneberg","ru":"Аннеберг","uk":"Аннеберг","pl":"Anneberg","hi":"एनेबर्ग","ar":"آنبيرج"},"wikiDataId":"Q556590"},{"id":103102,"name":"Bälinge","state_id":1545,"state_code":"C","state_name":"Uppsala","country_id":213,"country_code":"SE","country_name":"Sweden","latitude":"59.95000000","longitude":"17.53333000","native":"Bälinge","type":"city","level":null,"parent_id":null,"population":2406,"timezone":"Europe/Stockholm","translations":{"br":"Bälinge","ko":"벨링게","pt-BR":"Bälinge","pt":"Bälinge","nl":"Balinge","hr":"Bälinge","fa":"بالینگه","de":"Bälinge","es":"Balinge","fr":"Bälinge","ja":"ベーリンゲ","it":"Bälinge","zh-CN":"巴林格","tr":"Balinge","ru":"Бэлинге","uk":"Балінге","pl":"Balinge","hi":"Balinge","ar":"بالينج"},"wikiDataId":"Q3253869"},{"id":103103,"name":"Bålsta","state_id":1545,"state_code":"C","state_name":"Uppsala","country_id":213,"country_code":"SE","country_name":"Sweden","latitude":"59.56710000","longitude":"17.52781000","native":"Bålsta","type":"adm2","level":null,"parent_id":null,"population":16205,"timezone":"Europe/Stockholm","translations":{"br":"Bålsta","ko":"발스타","pt-BR":"Bålsta","pt":"Bålsta","nl":"Balsta","hr":"Bålsta","fa":"بالستا","de":"Bålsta","es":"Balsta","fr":"Bålsta","ja":"ボルスタ","it":"Bålsta","zh-CN":"博尔斯塔","tr":"Balsta","ru":"Болста","uk":"Болста","pl":"Bålsta","hi":"बाल्स्टा","ar":"بالستا"},"wikiDataId":"Q661608"},{"id":103053,"name":"Björklinge","state_id":1545,"state_code":"C","state_name":"Uppsala","country_id":213,"country_code":"SE","country_name":"Sweden","latitude":"60.03004000","longitude":"17.55203000","native":"Björklinge","type":"city","level":null,"parent_id":null,"population":3186,"timezone":"Europe/Stockholm","translations":{"br":"Björkling","ko":"비요클링게","pt-BR":"Björklinge","pt":"Björklinge","nl":"Björklinge","hr":"Björklinge","fa":"بیورکلینگ","de":"Björklinge","es":"Björklinge","fr":"Björklinge","ja":"ビョークリンゲ","it":"Björklinge","zh-CN":"比约克林格","tr":"Björklinge","ru":"Бьёрклинге","uk":"Бйорклінге","pl":"Björklinge","hi":"ब्योर्कलिंगे","ar":"بيوركلينج"},"wikiDataId":"Q2067385"},{"id":103145,"name":"Enköping","state_id":1545,"state_code":"C","state_name":"Uppsala","country_id":213,"country_code":"SE","country_name":"Sweden","latitude":"59.63607000","longitude":"17.07768000","native":"Enkäting","type":"adm2","level":null,"parent_id":null,"population":26353,"timezone":"Europe/Stockholm","translations":{"br":"Enköping","ko":"엔셰핑","pt-BR":"Enköping","pt":"Enköping","nl":"Enköping","hr":"Enköping","fa":"انشوپینگ","de":"Enköping","es":"Enköping","fr":"Enköping","ja":"エンシェーピング","it":"Enköping","zh-CN":"恩雪平","tr":"Enköping","ru":"Энчёпинг","uk":"Енчепінг","pl":"Enköping","hi":"एन्कोपिंग","ar":"إنكوبينغ"},"wikiDataId":"Q21167"},{"id":103200,"name":"Gamla Uppsala","state_id":1545,"state_code":"C","state_name":"Uppsala","country_id":213,"country_code":"SE","country_name":"Sweden","latitude":"59.89817000","longitude":"17.63386000","native":"Gamla Uppsala","type":"section","level":null,"parent_id":null,"population":17973,"timezone":"Europe/Stockholm","translations":{"br":"Gamla Uppsala","ko":"감라 웁살라","pt-BR":"Gamla Uppsala","pt":"Gamla Uppsala","nl":"Gamla Uppsala","hr":"Stara Uppsala","fa":"گاملا اوپسالا","de":"Gamla Uppsala","es":"Gamla Uppsala","fr":"Gamla Uppsala","ja":"ガムラ・ウプサラ","it":"Gamla Uppsala","zh-CN":"乌普萨拉老城","tr":"Gamla Uppsala","ru":"Гамла Уппсала","uk":"Гамла Уппсала","pl":"Stara Uppsala","hi":"गमला उप्साला","ar":"جاملا أوبسالا"},"wikiDataId":"Q433032"},{"id":103208,"name":"Gimo","state_id":1545,"state_code":"C","state_name":"Uppsala","country_id":213,"country_code":"SE","country_name":"Sweden","latitude":"60.17304000","longitude":"18.18507000","native":"Gimo","type":"city","level":null,"parent_id":null,"population":2811,"timezone":"Europe/Stockholm","translations":{"br":"Gimo","ko":"기모","pt-BR":"Gimo","pt":"Gimo","nl":"Gimo","hr":"Gimo","fa":"گیمو","de":"Gimo","es":"Gimo","fr":"Gimo","ja":"ギモ","it":"Gimo","zh-CN":"吉莫","tr":"Gimo","ru":"Гимо","uk":"Гімо","pl":"Gimo","hi":"गिमो","ar":"جيمو"},"wikiDataId":"Q3470033"},{"id":103222,"name":"Grillby","state_id":1545,"state_code":"C","state_name":"Uppsala","country_id":213,"country_code":"SE","country_name":"Sweden","latitude":"59.62603000","longitude":"17.25787000","native":"Grillby","type":"city","level":null,"parent_id":null,"population":1175,"timezone":"Europe/Stockholm","translations":{"br":"Grillby","ko":"그릴비","pt-BR":"Grillby","pt":"Grillby","nl":"Grillby","hr":"Grillby","fa":"گریلبی","de":"Grillby","es":"Parrilla","fr":"Grillby","ja":"グリルビー","it":"Grillby","zh-CN":"格里尔比","tr":"Grillby","ru":"Гриллби","uk":"Грільбі","pl":"Grillby","hi":"ग्रिलबी","ar":"جريلبي"},"wikiDataId":"Q1016345"},{"id":103272,"name":"Heby","state_id":1545,"state_code":"C","state_name":"Uppsala","country_id":213,"country_code":"SE","country_name":"Sweden","latitude":"59.93815000","longitude":"16.86217000","native":"Heby","type":"adm2","level":null,"parent_id":null,"population":2962,"timezone":"Europe/Stockholm","translations":{"br":"Heby","ko":"헤비","pt-BR":"Heby","pt":"Heby","nl":"Heby","hr":"Heby","fa":"هبی","de":"Heby","es":"Heby","fr":"Héby","ja":"ヘビー","it":"Heby","zh-CN":"赫比","tr":"Heby","ru":"Хеби","uk":"Хебі","pl":"Heby","hi":"हेबी","ar":"هيبي"},"wikiDataId":"Q1592909"},{"id":103350,"name":"Irsta","state_id":1545,"state_code":"C","state_name":"Uppsala","country_id":213,"country_code":"SE","country_name":"Sweden","latitude":"59.70000000","longitude":"16.93333000","native":"Irsta","type":"city","level":null,"parent_id":null,"population":2534,"timezone":"Europe/Stockholm","translations":{"br":"Irsta","ko":"이르스타","pt-BR":"Irsta","pt":"Irsta","nl":"Irsta","hr":"Irsta","fa":"ایرستا","de":"Irsta","es":"Irsta","fr":"Irsta","ja":"イルスタ","it":"Irsta","zh-CN":"伊尔斯塔","tr":"Irsta","ru":"Ирста","uk":"Ірста","pl":"Irsta","hi":"इरस्टा","ar":"إيرستا"},"wikiDataId":"Q32259252"},{"id":103374,"name":"Karlholmsbruk","state_id":1545,"state_code":"C","state_name":"Uppsala","country_id":213,"country_code":"SE","country_name":"Sweden","latitude":"60.52091000","longitude":"17.63152000","native":"Manlig","type":"city","level":null,"parent_id":null,"population":1206,"timezone":"Europe/Stockholm","translations":{"br":"Karlholmsbruk","ko":"카를홀름스브룩","pt-BR":"Karlholmsbruk","pt":"Karlholmsbruk","nl":"Karlholmsbruk","hr":"Karlholmsbruck","fa":"کارل‌هولمبروک","de":"Karlholmsbruk","es":"Karlholmsbruk","fr":"Karlholmsbruk","ja":"カールホルムスブルク","it":"Karlholmsbruk","zh-CN":"卡尔霍尔姆斯布鲁克","tr":"Karlholmsbruk","ru":"Карлхольмсбрук","uk":"Карлгольмсбрук","pl":"Karlholmsbruk","hi":"कार्लहोल्म्सब्रुक","ar":"كارلهولمسبروك"},"wikiDataId":"Q2702448"},{"id":103403,"name":"Knivsta","state_id":1545,"state_code":"C","state_name":"Uppsala","country_id":213,"country_code":"SE","country_name":"Sweden","latitude":"59.72564000","longitude":"17.78753000","native":"Knivsta","type":"adm2","level":null,"parent_id":null,"population":9771,"timezone":"Europe/Stockholm","translations":{"br":"Knivsta","ko":"니브스타","pt-BR":"Knivsta","pt":"Knivsta","nl":"Messen","hr":"Knivsta","fa":"کنیوستا","de":"Knivsta","es":"Cuchillo","fr":"Couteau","ja":"クニヴスタ","it":"Knivsta","zh-CN":"克尼夫斯塔","tr":"Knivsta","ru":"Книвста","uk":"Кнівста","pl":"Knivsta","hi":"नाइवस्टा","ar":"كنيفستا"},"wikiDataId":"Q1120927"},{"id":103511,"name":"Lövstalöt","state_id":1545,"state_code":"C","state_name":"Uppsala","country_id":213,"country_code":"SE","country_name":"Sweden","latitude":"59.95740000","longitude":"17.57826000","native":"Lövstalöt","type":"city","level":null,"parent_id":null,"population":1424,"timezone":"Europe/Stockholm","translations":{"br":"Lövstalöt","ko":"뢰브스탈뢰트","pt-BR":"Lövstalöt","pt":"Lövstalöt","nl":"Lövstalöt","hr":"Lövstalöt","fa":"لووستالوِت","de":"Lövstalöt","es":"Lövstalöt","fr":"Lövstalöt","ja":"ロヴスタロット","it":"Lövstalöt","zh-CN":"勒夫斯塔洛特","tr":"Lövstalöt","ru":"Лёвсталёт","uk":"Левсталет","pl":"Lövstalöt","hi":"लोवस्टालोत","ar":"لوفستالوت"},"wikiDataId":"Q2299647"},{"id":103524,"name":"Marieberg","state_id":1545,"state_code":"C","state_name":"Uppsala","country_id":213,"country_code":"SE","country_name":"Sweden","latitude":"60.23333000","longitude":"18.50000000","native":"Marieberg","type":"city","level":null,"parent_id":null,"population":1181,"timezone":"Europe/Stockholm","translations":{"br":"Marieberg","ko":"마리베르그","pt-BR":"Marieberg","pt":"Marieberg","nl":"Marieberg","hr":"Marieberg","fa":"ماریبرگ","de":"Marieberg","es":"Marieberg","fr":"Marieberg","ja":"マリーバーグ","it":"Marieberg","zh-CN":"玛丽贝格","tr":"Marieberg","ru":"Мариеберг","uk":"Маріберг","pl":"Marieberg","hi":"मैरीबर्ग","ar":"ماريبيرج"},"wikiDataId":"Q32290432"},{"id":103547,"name":"Morgongåva","state_id":1545,"state_code":"C","state_name":"Uppsala","country_id":213,"country_code":"SE","country_name":"Sweden","latitude":"59.93395000","longitude":"16.96353000","native":"Morgongåva","type":"city","level":null,"parent_id":null,"population":1516,"timezone":"Europe/Stockholm","translations":{"br":"Morgongåva","ko":"모르곤가바","pt-BR":"Morgongåva","pt":"Morgongåva","nl":"Morgongåva","hr":"Morgongåva","fa":"مورگونگوا","de":"Morgongåva","es":"Morgongåva","fr":"Morgongåva","ja":"モルゴンゴーヴァ","it":"Morgongåva","zh-CN":"莫尔贡戈瓦","tr":"Morgongåva","ru":"Моргонгова","uk":"Моргонґава","pl":"Morgongåva","hi":"मोर्गोंगावा","ar":"مورغونغافا"},"wikiDataId":"Q2413829"},{"id":104033,"name":"Örbyhus","state_id":1545,"state_code":"C","state_name":"Uppsala","country_id":213,"country_code":"SE","country_name":"Sweden","latitude":"60.22407000","longitude":"17.70138000","native":"Örbyhus","type":"city","level":null,"parent_id":null,"population":2276,"timezone":"Europe/Stockholm","translations":{"br":"Örbyhus","ko":"외르비후스","pt-BR":"Casa de Örby","pt":"Casa de Örby","nl":"Örbyhus","hr":"Örbyhus","fa":"اوربیهوس","de":"Örbyhus","es":"Örbyhus","fr":"Örbyhus","ja":"オルビフス","it":"Örbyhus","zh-CN":"厄比胡斯","tr":"Örbyhus","ru":"Örbyhus","uk":"Ербігус","pl":"Örbyhus","hi":"ओर्बीहस","ar":"أوربيهوس"},"wikiDataId":"Q297673"},{"id":104036,"name":"Öregrund","state_id":1545,"state_code":"C","state_name":"Uppsala","country_id":213,"country_code":"SE","country_name":"Sweden","latitude":"60.33333000","longitude":"18.43333000","native":"Öregrund","type":"city","level":null,"parent_id":null,"population":1571,"timezone":"Europe/Stockholm","translations":{"br":"Öregrund","ko":"외레그룬드","pt-BR":"Öregrund","pt":"Öregrund","nl":"Öregrund","hr":"Öregrund","fa":"اورگراند","de":"Öregrund","es":"Öregrund","fr":"Öregrund","ja":"オレグルンド","it":"Öregrund","zh-CN":"厄勒格伦德","tr":"Öregrund","ru":"Эрегрунд","uk":"Ереґрунд","pl":"Öregrund","hi":"ओरेग्रंड","ar":"أوريجراند"},"wikiDataId":"Q297790"},{"id":104041,"name":"Örsundsbro","state_id":1545,"state_code":"C","state_name":"Uppsala","country_id":213,"country_code":"SE","country_name":"Sweden","latitude":"59.73333000","longitude":"17.30000000","native":"Örsundsbro","type":"city","level":null,"parent_id":null,"population":1423,"timezone":"Europe/Stockholm","translations":{"br":"Örsundsbro","ko":"Örsundsbro","pt-BR":"Örsundsbro","pt":"Örsundsbro","nl":"Örsundsbro","hr":"Örsundsbro","fa":"اورسوندسبرو","de":"Örsundsbro","es":"Örsundsbro","fr":"Örsundsbro","ja":"オルスンドスブロ","it":"Örsundsbro","zh-CN":"厄尔松德斯布罗","tr":"Örsundsbro","ru":"Örsundsbro","uk":"Ерсундсбро","pl":"Örsundsbro","hi":"ओरसुंड्सब्रो","ar":"أورسوندسبرو"},"wikiDataId":"Q3006215"},{"id":104043,"name":"Österbybruk","state_id":1545,"state_code":"C","state_name":"Uppsala","country_id":213,"country_code":"SE","country_name":"Sweden","latitude":"60.20000000","longitude":"17.90000000","native":"Österbybruk","type":"city","level":null,"parent_id":null,"population":2344,"timezone":"Europe/Stockholm","translations":{"br":"Österbybruk","ko":"외스터비브룩","pt-BR":"Österbybruk","pt":"Österbybruk","nl":"Österbybruk","hr":"Österbybruk","fa":"اوستربیبروک","de":"Österbybruk","es":"Österbybruk","fr":"Österbybruk","ja":"エステルビーブルック","it":"Österbybruk","zh-CN":"奥斯特比布鲁克","tr":"Avusturya","ru":"Эстербюбрук","uk":"Естербібрук","pl":"Österbybruk","hi":"Osterbybruk","ar":"أوستربيبروك"},"wikiDataId":"Q298344"},{"id":104046,"name":"Östervåla","state_id":1545,"state_code":"C","state_name":"Uppsala","country_id":213,"country_code":"SE","country_name":"Sweden","latitude":"60.18333000","longitude":"17.18333000","native":"Östervåla","type":"city","level":null,"parent_id":null,"population":1850,"timezone":"Europe/Stockholm","translations":{"br":"Östervåla","ko":"외스터발라","pt-BR":"Östervåla","pt":"Östervåla","nl":"Östervåla","hr":"Östervåla","fa":"اوستروالا","de":"Östervåla","es":"Östervåla","fr":"Östervåla","ja":"エステルヴォラ","it":"Östervåla","zh-CN":"奥斯特瓦拉","tr":"Avusturya","ru":"Östervåla","uk":"Естервола","pl":"Östervåla","hi":"ओस्टरवला","ar":"أوسترفالا"},"wikiDataId":"Q2001699"},{"id":104048,"name":"Östhammar","state_id":1545,"state_code":"C","state_name":"Uppsala","country_id":213,"country_code":"SE","country_name":"Sweden","latitude":"60.25909000","longitude":"18.37408000","native":"Östhammar","type":"adm2","level":null,"parent_id":null,"population":4986,"timezone":"Europe/Stockholm","translations":{"br":"Östhammar","ko":"외스타마르","pt-BR":"Östhammar","pt":"Östhammar","nl":"Östhammar","hr":"Östhammar","fa":"اوستامار","de":"Östhammar","es":"Östhammar","fr":"Östhammar","ja":"オーストハンマル","it":"Östhammar","zh-CN":"奥斯塔马尔","tr":"Östhammar","ru":"Эстхаммар","uk":"Естхаммар","pl":"Östhammar","hi":"स्केन","ar":"أوستامار"},"wikiDataId":"Q59088"},{"id":103813,"name":"Sävja","state_id":1545,"state_code":"C","state_name":"Uppsala","country_id":213,"country_code":"SE","country_name":"Sweden","latitude":"59.81872000","longitude":"17.69958000","native":"Sävja","type":"city","level":null,"parent_id":null,"population":9614,"timezone":"Europe/Stockholm","translations":{"br":"Sävja","ko":"세브야","pt-BR":"Sävja","pt":"Sävja","nl":"Sävja","hr":"Sävja","fa":"ساویا","de":"Sävja","es":"Sabia","fr":"Sävja","ja":"サヴヤ","it":"Sävja","zh-CN":"萨维亚","tr":"Savja","ru":"Сявья","uk":"Сев'я","pl":"Sävja","hi":"सावजा","ar":"سافجا"},"wikiDataId":"Q2117403"},{"id":103716,"name":"Skutskär","state_id":1545,"state_code":"C","state_name":"Uppsala","country_id":213,"country_code":"SE","country_name":"Sweden","latitude":"60.62507000","longitude":"17.41552000","native":"Skutskär","type":"adm2","level":null,"parent_id":null,"population":6279,"timezone":"Europe/Stockholm","translations":{"br":"Skutskär","ko":"스쿠츠카르","pt-BR":"Skutskär","pt":"Skutskär","nl":"Skutskär","hr":"Skutskär","fa":"اسکوتسکار","de":"Skutskär","es":"Skutskär","fr":"Skutskär","ja":"スクツカー","it":"Skutskär","zh-CN":"斯库茨卡","tr":"Skutskär","ru":"Скутскэр","uk":"Скутшер","pl":"Skutskär","hi":"स्कुट्स्कर","ar":"سكوتسكار"},"wikiDataId":"Q59052"},{"id":103817,"name":"Söderfors","state_id":1545,"state_code":"C","state_name":"Uppsala","country_id":213,"country_code":"SE","country_name":"Sweden","latitude":"60.38333000","longitude":"17.23333000","native":"Söderfors","type":"city","level":null,"parent_id":null,"population":1646,"timezone":"Europe/Stockholm","translations":{"br":"Söderfors","ko":"쇠데르포스","pt-BR":"Söderfors","pt":"Söderfors","nl":"Söderfors","hr":"Söderfors","fa":"سودرفس","de":"Söderfors","es":"Söderfors","fr":"Söderfors","ja":"セーデルフォース","it":"Söderfors","zh-CN":"瑟德福什","tr":"Söderfors","ru":"Сёдерфорс","uk":"Седерфорс","pl":"Söderfors","hi":"Soderfors","ar":"سودرفورس"},"wikiDataId":"Q2393606"},{"id":103769,"name":"Storvreta","state_id":1545,"state_code":"C","state_name":"Uppsala","country_id":213,"country_code":"SE","country_name":"Sweden","latitude":"59.95933000","longitude":"17.70588000","native":"Storvreta","type":"city","level":null,"parent_id":null,"population":6211,"timezone":"Europe/Stockholm","translations":{"br":"Storvreta","ko":"스토르브레타","pt-BR":"Storvreta","pt":"Storvreta","nl":"Storvreta","hr":"Storvreta","fa":"استورورتا","de":"Storvreta","es":"Storvreta","fr":"Storvreta","ja":"ストルヴレタ","it":"Storvreta","zh-CN":"斯托夫雷塔","tr":"Storvreta","ru":"Сторврета","uk":"Сторврета","pl":"Storvreta","hi":"स्टोर्व्रेटा","ar":"ستورفريتا"},"wikiDataId":"Q1616235"},{"id":103889,"name":"Tärnsjö","state_id":1545,"state_code":"C","state_name":"Uppsala","country_id":213,"country_code":"SE","country_name":"Sweden","latitude":"60.15000000","longitude":"16.93333000","native":"Tärnsjö","type":"city","level":null,"parent_id":null,"population":1179,"timezone":"Europe/Stockholm","translations":{"br":"Tärnsjö","ko":"테르네스요","pt-BR":"Tärnsjö","pt":"Tärnsjö","nl":"Tärnsjö","hr":"Tärnsjö","fa":"ترنسخو","de":"Tärnsjö","es":"Tärnsjö","fr":"Tärnsjö","ja":"ターンスヨ","it":"Tärnsjö","zh-CN":"塔恩舍","tr":"Tärnsjö","ru":"Тэрншё","uk":"Тернше","pl":"Tärnsjö","hi":"टार्न्सजो","ar":"تارنسو"},"wikiDataId":"Q2445921"},{"id":103846,"name":"Tierp","state_id":1545,"state_code":"C","state_name":"Uppsala","country_id":213,"country_code":"SE","country_name":"Sweden","latitude":"60.34269000","longitude":"17.51812000","native":"Tierp","type":"adm2","level":null,"parent_id":null,"population":6346,"timezone":"Europe/Stockholm","translations":{"br":"Tierp","ko":"티에프","pt-BR":"Nível","pt":"Nível","nl":"Tierp","hr":"Tierp","fa":"تیرپ","de":"Tierp","es":"Tierp","fr":"Tierp","ja":"ティアプ","it":"Tierp","zh-CN":"蒂尔普","tr":"Katman","ru":"Тирп","uk":"Тьєрп","pl":"Tierp","hi":"टियरप","ar":"تيرب"},"wikiDataId":"Q660532"},{"id":103903,"name":"Uppsala","state_id":1545,"state_code":"C","state_name":"Uppsala","country_id":213,"country_code":"SE","country_name":"Sweden","latitude":"59.85882000","longitude":"17.63889000","native":"Uppsala","type":"adm1","level":null,"parent_id":null,"population":174982,"timezone":"Europe/Stockholm","translations":{"br":"Uppsala","ko":"웁살라","pt-BR":"Uppsala","pt":"Uppsala","nl":"Uppsala","hr":"Uppsala","fa":"اوپسالا","de":"Uppsala","es":"Uppsala","fr":"Uppsala","ja":"ウプサラ","it":"Uppsala","zh-CN":"乌普萨拉","tr":"Uppsala","ru":"Уппсала","uk":"Уппсала","pl":"Uppsala","hi":"अपसला","ar":"أوبسالا"},"wikiDataId":"Q25286"},{"id":103928,"name":"Vattholma","state_id":1545,"state_code":"C","state_name":"Uppsala","country_id":213,"country_code":"SE","country_name":"Sweden","latitude":"60.01667000","longitude":"17.73333000","native":"Vattholma","type":"city","level":null,"parent_id":null,"population":1410,"timezone":"Europe/Stockholm","translations":{"br":"Vattholma","ko":"바톨마","pt-BR":"Vattholma","pt":"Vattholma","nl":"Vattholma","hr":"Vattholma","fa":"واتولما","de":"Vattholma","es":"Vattholma","fr":"Vattholma","ja":"ヴァットホルマ","it":"Vattholma","zh-CN":"瓦托尔马","tr":"Vattholma","ru":"Ваттхольма","uk":"Ваттхольма","pl":"Vattholma","hi":"वत्थोल्मा","ar":"فاتولما"},"wikiDataId":"Q2326872"}]