[{"id":104005,"name":"Åled","state_id":1548,"state_code":"N","state_name":"Halland","country_id":213,"country_code":"SE","country_name":"Sweden","latitude":"56.75000000","longitude":"12.93333000","native":"Åled","type":"city","level":null,"parent_id":null,"population":1883,"timezone":"Europe/Stockholm","translations":{"br":"Åled","ko":"올레드","pt-BR":"Aled","pt":"Aled","nl":"Åled","hr":"Åled","fa":"آلد","de":"Åled","es":"Åled","fr":"Åled","ja":"オーレド","it":"Åled","zh-CN":"奥勒德","tr":"Åled","ru":"Олед","uk":"Олед","pl":"Åled","hi":"Aled","ar":"أليد"},"wikiDataId":"Q2223918"},{"id":104016,"name":"Åsa","state_id":1548,"state_code":"N","state_name":"Halland","country_id":213,"country_code":"SE","country_name":"Sweden","latitude":"57.35000000","longitude":"12.11667000","native":"Åsa","type":"city","level":null,"parent_id":null,"population":6102,"timezone":"Europe/Stockholm","translations":{"br":"Åsa","ko":"아사","pt-BR":"Asa","pt":"Asa","nl":"Åsa","hr":"Åsa","fa":"آسا","de":"Åsa","es":"Asa","fr":"Åsa","ja":"オーサ","it":"Åsa","zh-CN":"阿萨","tr":"Åsa","ru":"Аса","uk":"Аса","pl":"Åsa","hi":"के तौर पर","ar":"آسا"},"wikiDataId":"Q1895807"},{"id":103096,"name":"Bua","state_id":1548,"state_code":"N","state_name":"Halland","country_id":213,"country_code":"SE","country_name":"Sweden","latitude":"57.23780000","longitude":"12.12187000","native":"Bua","type":"city","level":null,"parent_id":null,"population":1792,"timezone":"Europe/Stockholm","translations":{"br":"Bua","ko":"부아","pt-BR":"Bua","pt":"Bua","nl":"Boe","hr":"Bua","fa":"بوا","de":"Bua","es":"Bua","fr":"Bua","ja":"ブア","it":"Bua","zh-CN":"布阿","tr":"Bua","ru":"Буа","uk":"Буа","pl":"Bua","hi":"बुआ","ar":"بوا"},"wikiDataId":"Q2283709"},{"id":103157,"name":"Falkenberg","state_id":1548,"state_code":"N","state_name":"Halland","country_id":213,"country_code":"SE","country_name":"Sweden","latitude":"56.90552000","longitude":"12.49118000","native":"Falkenberg","type":"adm2","level":null,"parent_id":null,"population":29671,"timezone":"Europe/Stockholm","translations":{"br":"Falkenberg","ko":"팔켄베르크","pt-BR":"Falkenberg","pt":"Falkenberg","nl":"Falkenberg","hr":"Falkenberg","fa":"فالکنبرگ","de":"Falkenberg","es":"Falkenberg","fr":"Falkenberg","ja":"ファルケンベルグ","it":"Falkenberg","zh-CN":"法尔肯贝里","tr":"Falkenberg","ru":"Фалькенберг","uk":"Фалькенберг","pl":"Falkenberg","hi":"फाल्केनबर्ग","ar":"فالكنبرغ"},"wikiDataId":"Q54766"},{"id":103172,"name":"Fjärås kyrkby","state_id":1548,"state_code":"N","state_name":"Halland","country_id":213,"country_code":"SE","country_name":"Sweden","latitude":"57.45913000","longitude":"12.17508000","native":"Fjärås kyrkby","type":"city","level":null,"parent_id":null,"population":2810,"timezone":"Europe/Stockholm","translations":{"br":"Fjärås kyrkby","ko":"피에라스 키르크비","pt-BR":"Fjärås kyrkby","pt":"Fjärås kyrkby","nl":"Fjärås kyrkby","hr":"Crkva Fjärås","fa":"فیراس کیرکبی","de":"Fjärås kyrkby","es":"Fjärås kyrkby","fr":"Église de Fjärås","ja":"Fjärås kyrkby","it":"Fjärås kyrkby","zh-CN":"Fjärås kyrkby","tr":"Fjärås kyrkby","ru":"Fjärås kyrkby","uk":"Ф'ярас кіркбю","pl":"Fjärås kyrkby","hi":"Fjärås kyrkby","ar":"Fjärås kyrkby"},"wikiDataId":"Q2693152"},{"id":103182,"name":"Frillesås","state_id":1548,"state_code":"N","state_name":"Halland","country_id":213,"country_code":"SE","country_name":"Sweden","latitude":"57.31667000","longitude":"12.16667000","native":"Frillesås","type":"city","level":null,"parent_id":null,"population":2832,"timezone":"Europe/Stockholm","translations":{"br":"Frillesås","ko":"프릴레소스","pt-BR":"Frillesås","pt":"Frillesås","nl":"Frillesås","hr":"Frillesås","fa":"فریلساس","de":"Frillesås","es":"Frillesås","fr":"Frillesås","ja":"フリルオース","it":"Frillesås","zh-CN":"弗里尔斯奥斯","tr":"Frillesås","ru":"Фриллесас","uk":"Фріллесос","pl":"Frillesås","hi":"फ्रिल्लेसास","ar":"فريليساس"},"wikiDataId":"Q1464921"},{"id":103186,"name":"Frösakull","state_id":1548,"state_code":"N","state_name":"Halland","country_id":213,"country_code":"SE","country_name":"Sweden","latitude":"56.68333000","longitude":"12.73333000","native":"Frösakull","type":"city","level":null,"parent_id":null,"population":2693,"timezone":"Europe/Stockholm","translations":{"br":"Frösakull","ko":"프뢰사쿨","pt-BR":"Frösakull","pt":"Frösakull","nl":"Frösakull","hr":"Frösakull","fa":"فروساکول","de":"Frösakull","es":"Frösakull","fr":"Frösakull","ja":"フロサクル","it":"Frösakull","zh-CN":"弗洛萨库尔","tr":"Frösakull","ru":"Фрёсакулл","uk":"Фрьосакулл","pl":"Frösakull","hi":"फ्रोसाकुल","ar":"فروساكول"},"wikiDataId":"Q2998789"},{"id":103190,"name":"Fyllinge","state_id":1548,"state_code":"N","state_name":"Halland","country_id":213,"country_code":"SE","country_name":"Sweden","latitude":"56.65000000","longitude":"12.91667000","native":"Fylla","type":"city","level":null,"parent_id":null,"population":2927,"timezone":"Europe/Stockholm","translations":{"br":"Fyllinge","ko":"필링게","pt-BR":"Fyllinge","pt":"Fyllinge","nl":"Fyllinge","hr":"Fyllinge","fa":"فیلینگه","de":"Fyllinge","es":"Fyllinge","fr":"Fyllinge","ja":"フィリンゲ","it":"Fyllinge","zh-CN":"菲林格","tr":"Fyllinge","ru":"Филлинге","uk":"Філлінге","pl":"Fyllinge","hi":"फिलिंगे","ar":"فيلينج"},"wikiDataId":"Q2012671"},{"id":103207,"name":"Getinge","state_id":1548,"state_code":"N","state_name":"Halland","country_id":213,"country_code":"SE","country_name":"Sweden","latitude":"56.81667000","longitude":"12.73333000","native":"Getinge","type":"city","level":null,"parent_id":null,"population":2063,"timezone":"Europe/Stockholm","translations":{"br":"Getinge","ko":"게팅게","pt-BR":"Getinge","pt":"Getinge","nl":"Getinge","hr":"Getinge","fa":"گتینگه","de":"Getinge","es":"Getinge","fr":"Getinge","ja":"ゲティンゲ","it":"Getinge","zh-CN":"洁定","tr":"Getinge","ru":"Гетинге","uk":"Гетінге","pl":"Getinge","hi":"गेटिंगे","ar":"جيتنج"},"wikiDataId":"Q282755"},{"id":103212,"name":"Glommen","state_id":1548,"state_code":"N","state_name":"Halland","country_id":213,"country_code":"SE","country_name":"Sweden","latitude":"56.93333000","longitude":"12.35000000","native":"Glom","type":"city","level":null,"parent_id":null,"population":1329,"timezone":"Europe/Stockholm","translations":{"br":"Glommen","ko":"글롬멘","pt-BR":"Glommen","pt":"Glommen","nl":"Glommen","hr":"Glommeni","fa":"گلومن","de":"Glommen","es":"Glommen","fr":"Glommen","ja":"グロメン","it":"Glommen","zh-CN":"格洛门","tr":"Glommen","ru":"Гломмен","uk":"Гломмен","pl":"Glommen","hi":"ग्लोमेन","ar":"غلومن"},"wikiDataId":"Q2792187"},{"id":103231,"name":"Gullbrandstorp","state_id":1548,"state_code":"N","state_name":"Halland","country_id":213,"country_code":"SE","country_name":"Sweden","latitude":"56.70000000","longitude":"12.73333000","native":"Guldbrandstorp","type":"city","level":null,"parent_id":null,"population":1855,"timezone":"Europe/Stockholm","translations":{"br":"Gullbrandstorp","ko":"굴브란트스토르프","pt-BR":"Gullbrandstorp","pt":"Gullbrandstorp","nl":"Gullbrandstorp","hr":"Gullbrandstorp","fa":"گولبراندستورپ","de":"Gullbrandstorp","es":"Gullbrandstorp","fr":"Gullbrandstorp","ja":"ガルブランドストルプ","it":"Gullbrandstorp","zh-CN":"古尔布兰斯托普","tr":"Gullbrandstorp","ru":"Гулльбрандсторп","uk":"Гуллбрандсторп","pl":"Gullbrandstorp","hi":"गुलब्रांडस्टॉर्प","ar":"غولبراندستورب"},"wikiDataId":"Q2607808"},{"id":103258,"name":"Halmstad","state_id":1548,"state_code":"N","state_name":"Halland","country_id":213,"country_code":"SE","country_name":"Sweden","latitude":"56.67446000","longitude":"12.85676000","native":"Halmstad","type":"adm1","level":null,"parent_id":null,"population":72979,"timezone":"Europe/Stockholm","translations":{"br":"Halmstad","ko":"할름스타드","pt-BR":"Halmstad","pt":"Halmstad","nl":"Halmstad","hr":"Halmstad","fa":"هالمستاد","de":"Halmstad","es":"Halmstad","fr":"Halmstad","ja":"ハルムスタード","it":"Halmstad","zh-CN":"哈尔姆斯塔德","tr":"Halmstad","ru":"Хальмстад","uk":"Гальмстад","pl":"Halmstad","hi":"हल्मस्टैड","ar":"هالمستاد"},"wikiDataId":"Q26521"},{"id":103269,"name":"Harplinge","state_id":1548,"state_code":"N","state_name":"Halland","country_id":213,"country_code":"SE","country_name":"Sweden","latitude":"56.74491000","longitude":"12.72758000","native":"Harplinge","type":"city","level":null,"parent_id":null,"population":1706,"timezone":"Europe/Stockholm","translations":{"br":"Harpling","ko":"하플링지","pt-BR":"Harplinge","pt":"Harplinge","nl":"Harplinge","hr":"Harplinge","fa":"هارپلینگ","de":"Harplinge","es":"Harplinge","fr":"Harplinge","ja":"ハープリンジ","it":"Harplinge","zh-CN":"哈普林格","tr":"Harpling","ru":"Харплиндж","uk":"Гарплінг","pl":"Harplinge","hi":"हार्प्लिंग","ar":"قيثارة"},"wikiDataId":"Q1896398"},{"id":103271,"name":"Haverdal","state_id":1548,"state_code":"N","state_name":"Halland","country_id":213,"country_code":"SE","country_name":"Sweden","latitude":"56.72222000","longitude":"12.67194000","native":"Haverdal","type":"city","level":null,"parent_id":null,"population":1925,"timezone":"Europe/Stockholm","translations":{"br":"Haverdal","ko":"하버달","pt-BR":"Haverdal","pt":"Haverdal","nl":"Haverdal","hr":"Haverdal","fa":"هاوردال","de":"Haverdal","es":"Haverdal","fr":"Haverdal","ja":"ハヴェルダル","it":"Haverdal","zh-CN":"哈弗达尔","tr":"Haverdal","ru":"Хавердал","uk":"Гавердал","pl":"Haverdal","hi":"हैवरडाल","ar":"هافردال"},"wikiDataId":"Q2322515"},{"id":103314,"name":"Hyltebruk","state_id":1548,"state_code":"N","state_name":"Halland","country_id":213,"country_code":"SE","country_name":"Sweden","latitude":"56.99892000","longitude":"13.23958000","native":"Hyltebruk","type":"adm2","level":null,"parent_id":null,"population":3929,"timezone":"Europe/Stockholm","translations":{"br":"Hyltebruk","ko":"힐테브룩","pt-BR":"Hyltebruk","pt":"Hyltebruk","nl":"Hyltebruk","hr":"Hyltebruk","fa":"هیلتبروک","de":"Hyltebruk","es":"Hyltebruk","fr":"Hyltebruk","ja":"ヒルテブルック","it":"Hyltebruk","zh-CN":"希特布鲁克","tr":"Hyltebruk","ru":"Хыльтебрук","uk":"Гільтебрук","pl":"Hyltebruk","hi":"हिल्टेब्रुक","ar":"هيلتيبروك"},"wikiDataId":"Q531776"},{"id":103405,"name":"Knäred","state_id":1548,"state_code":"N","state_name":"Halland","country_id":213,"country_code":"SE","country_name":"Sweden","latitude":"56.51861000","longitude":"13.32423000","native":"Knäred","type":"city","level":null,"parent_id":null,"population":1177,"timezone":"Europe/Stockholm","translations":{"br":"Knäred","ko":"크네레드","pt-BR":"Knäred","pt":"Knäred","nl":"Knäred","hr":"Knäred","fa":"نارد","de":"Knäred","es":"Knäred","fr":"Knäred","ja":"クナーレド","it":"Knäred","zh-CN":"克奈德","tr":"Knäred","ru":"Кнэред","uk":"Кнеред","pl":"Knäred","hi":"कनारेड","ar":"كناريد"},"wikiDataId":"Q934485"},{"id":103423,"name":"Kungsbacka","state_id":1548,"state_code":"N","state_name":"Halland","country_id":213,"country_code":"SE","country_name":"Sweden","latitude":"57.48719000","longitude":"12.07612000","native":"Kungsbacka","type":"adm2","level":null,"parent_id":null,"population":18698,"timezone":"Europe/Stockholm","translations":{"br":"Kungsbacka","ko":"쿵스바카","pt-BR":"Kungsbacka","pt":"Kungsbacka","nl":"Kungsbacka","hr":"Kungsbacka","fa":"کونگزبکا","de":"Kungsbacka","es":"Kungsbacka","fr":"Kungsbacka","ja":"クングスバッカ","it":"Kungsbacka","zh-CN":"孔斯巴卡","tr":"Kungsbacka","ru":"Кунгсбакка","uk":"Кунгсбака","pl":"Kungsbacka","hi":"कुंग्सबैका","ar":"كونغسباكا"},"wikiDataId":"Q28374"},{"id":103447,"name":"Laholm","state_id":1548,"state_code":"N","state_name":"Halland","country_id":213,"country_code":"SE","country_name":"Sweden","latitude":"56.51207000","longitude":"13.04371000","native":"Laholm","type":"adm2","level":null,"parent_id":null,"population":6861,"timezone":"Europe/Stockholm","translations":{"br":"Laholm","ko":"라홀름","pt-BR":"Laholm","pt":"Laholm","nl":"Laholm","hr":"Laholm","fa":"لاهولم","de":"Laholm","es":"Laholm","fr":"Laholm","ja":"ラホルム","it":"Laholm","zh-CN":"拉霍尔姆","tr":"Laholm","ru":"Лахольм","uk":"Лахольм","pl":"Laholm","hi":"लाहोल्म","ar":"لاهولم"},"wikiDataId":"Q503050"},{"id":103535,"name":"Mellbystrand","state_id":1548,"state_code":"N","state_name":"Halland","country_id":213,"country_code":"SE","country_name":"Sweden","latitude":"56.48561000","longitude":"12.93958000","native":"Mellbystrand","type":"city","level":null,"parent_id":null,"population":3412,"timezone":"Europe/Stockholm","translations":{"br":"Mellbystrand","ko":"멜비스트랜드","pt-BR":"Mellbystrand","pt":"Mellbystrand","nl":"Mellbystrand","hr":"Mellbystrand","fa":"ملبی‌استراند","de":"Mellbystrand","es":"Mellbystrand","fr":"Mellbystrand","ja":"メルビーストランド","it":"Mellbystrand","zh-CN":"梅尔比斯特兰德","tr":"Mellbystrand","ru":"Меллбистранд","uk":"Меллбістранд","pl":"Mellbystrand","hi":"मेल्बीस्ट्रैंड","ar":"ميلبيستراند"},"wikiDataId":"Q1919515"},{"id":103538,"name":"Mjällby","state_id":1548,"state_code":"N","state_name":"Halland","country_id":213,"country_code":"SE","country_name":"Sweden","latitude":"56.68333000","longitude":"12.76667000","native":"Mjällby","type":"city","level":null,"parent_id":null,"population":1379,"timezone":"Europe/Stockholm","translations":{"br":"Mjällby","ko":"묄비","pt-BR":"Mjällby","pt":"Mjällby","nl":"Mjällby","hr":"Mjällby","fa":"میالبی","de":"Mjällby","es":"Mjällby","fr":"Mjällby","ja":"ミャルビー","it":"Mjällby","zh-CN":"米亚尔比","tr":"Mjällby","ru":"Мьельбю","uk":"М'єллбю","pl":"Mjällby","hi":"म्याल्बी","ar":"ميالبي"},"wikiDataId":"Q32292293"},{"id":103616,"name":"Onsala","state_id":1548,"state_code":"N","state_name":"Halland","country_id":213,"country_code":"SE","country_name":"Sweden","latitude":"57.42531000","longitude":"12.02903000","native":"Onsala","type":"city","level":null,"parent_id":null,"population":12486,"timezone":"Europe/Stockholm","translations":{"br":"Onsala","ko":"온살라","pt-BR":"Onsala","pt":"Onsala","nl":"Onsala","hr":"Onsala","fa":"اونسالا","de":"Onsala","es":"Onsala","fr":"Onsala","ja":"オンサラ","it":"Onsala","zh-CN":"翁萨拉","tr":"Onsala","ru":"Онсала","uk":"Онсала","pl":"Onsala","hi":"ओनसाला","ar":"أونسالا"},"wikiDataId":"Q1290728"},{"id":103625,"name":"Oskarström","state_id":1548,"state_code":"N","state_name":"Halland","country_id":213,"country_code":"SE","country_name":"Sweden","latitude":"56.80000000","longitude":"12.96667000","native":"Oskarström","type":"city","level":null,"parent_id":null,"population":4116,"timezone":"Europe/Stockholm","translations":{"br":"Oskarström","ko":"오스카스트롬","pt-BR":"Oskarström","pt":"Oskarström","nl":"Oskarström","hr":"Oskarström","fa":"اسکارستروم","de":"Oskarström","es":"Oskarström","fr":"Oskarström","ja":"オスカルストロム","it":"Oskarström","zh-CN":"奥斯卡斯特伦","tr":"Oskarström","ru":"Оскарстрём","uk":"Оскарстрем","pl":"Oskarström","hi":"ओस्करस्ट्रॉम","ar":"أوسكارستروم"},"wikiDataId":"Q1019572"},{"id":103806,"name":"Särö","state_id":1548,"state_code":"N","state_name":"Halland","country_id":213,"country_code":"SE","country_name":"Sweden","latitude":"57.50577000","longitude":"11.93210000","native":"Distorsion","type":"city","level":null,"parent_id":null,"population":3165,"timezone":"Europe/Stockholm","translations":{"br":"Särö","ko":"세뢰","pt-BR":"Särö","pt":"Särö","nl":"Särö","hr":"Särö","fa":"سارو","de":"Särö","es":"Särö","fr":"Särö","ja":"サロ","it":"Särö","zh-CN":"萨罗","tr":"Särö","ru":"Сэрё","uk":"Сяро","pl":"Särö","hi":"सारो","ar":"سارو"},"wikiDataId":"Q2183666"},{"id":103711,"name":"Skrea","state_id":1548,"state_code":"N","state_name":"Halland","country_id":213,"country_code":"SE","country_name":"Sweden","latitude":"56.88333000","longitude":"12.56667000","native":"Skrea","type":"city","level":null,"parent_id":null,"population":2129,"timezone":"Europe/Stockholm","translations":{"br":"Skrea","ko":"스크리아","pt-BR":"Skrea","pt":"Skrea","nl":"Skrea","hr":"Skrea","fa":"اسکریا","de":"Skrea","es":"Skrea","fr":"Skréa","ja":"スクレア","it":"Skrea","zh-CN":"斯克雷亚","tr":"Skrea","ru":"Скреа","uk":"Скреа","pl":"Skrea","hi":"स्क्रिया","ar":"سكريا"},"wikiDataId":"Q1887946"},{"id":103750,"name":"Steninge","state_id":1548,"state_code":"N","state_name":"Halland","country_id":213,"country_code":"SE","country_name":"Sweden","latitude":"56.76900000","longitude":"12.63034000","native":"Steninge","type":"city","level":null,"parent_id":null,"population":1112,"timezone":"Europe/Stockholm","translations":{"br":"Steninge","ko":"스테닝게","pt-BR":"Steninge","pt":"Steninge","nl":"Steninge","hr":"Steninge","fa":"استنینگه","de":"Steninge","es":"Steninge","fr":"Steninge","ja":"ステニンゲ","it":"Steninge","zh-CN":"施泰宁格","tr":"Steninge","ru":"Стенинге","uk":"Стенінґе","pl":"Steninge","hi":"स्टेनिंगे","ar":"ستينج"},"wikiDataId":"Q3023364"},{"id":103868,"name":"Torup","state_id":1548,"state_code":"N","state_name":"Halland","country_id":213,"country_code":"SE","country_name":"Sweden","latitude":"56.95663000","longitude":"13.07725000","native":"Törn","type":"city","level":null,"parent_id":null,"population":1268,"timezone":"Europe/Stockholm","translations":{"br":"Torup","ko":"토룹","pt-BR":"Torup","pt":"Torup","nl":"Torup","hr":"Torup","fa":"توروپ","de":"Torup","es":"Torup","fr":"Torup","ja":"トルプ","it":"Torup","zh-CN":"托鲁普","tr":"Torup","ru":"Торуп","uk":"Торуп","pl":"Torup","hi":"टोरुप","ar":"توروب"},"wikiDataId":"Q515551"},{"id":103879,"name":"Träslövsläge","state_id":1548,"state_code":"N","state_name":"Halland","country_id":213,"country_code":"SE","country_name":"Sweden","latitude":"57.05417000","longitude":"12.27899000","native":"Träslövsläge","type":"city","level":null,"parent_id":null,"population":1985,"timezone":"Europe/Stockholm","translations":{"br":"Träslövsläge","ko":"Träslövsläge","pt-BR":"Träslövsläge","pt":"Träslövsläge","nl":"Träslövsläge","hr":"Träslövsläge","fa":"تراسلوگ","de":"Träslövsläge","es":"Träslövsläge","fr":"Träslövsläge","ja":"Träslövsläge","it":"Träslövsläge","zh-CN":"Träslövsläge","tr":"Träslövsläge","ru":"Träslövsläge","uk":"Трясльовслеге","pl":"Träslövsläge","hi":"Träslövsläge","ar":"تريسلوفسلاج"},"wikiDataId":"Q2793197"},{"id":103880,"name":"Trönninge","state_id":1548,"state_code":"N","state_name":"Halland","country_id":213,"country_code":"SE","country_name":"Sweden","latitude":"56.61667000","longitude":"12.93333000","native":"Trönninge","type":"city","level":null,"parent_id":null,"population":1709,"timezone":"Europe/Stockholm","translations":{"br":"Trönninge","ko":"트뢰닝게","pt-BR":"Trönninge","pt":"Trönninge","nl":"Trönninge","hr":"Trönninge","fa":"ترنینگه","de":"Trönninge","es":"Trönninge","fr":"Trönninge","ja":"トロンニンゲ","it":"Trönninge","zh-CN":"特伦宁格","tr":"Trönninge","ru":"Трённинге","uk":"Треннінге","pl":"Trönninge","hi":"ट्रोन्निंगे","ar":"ترونينج"},"wikiDataId":"Q1896269"},{"id":103883,"name":"Tvååker","state_id":1548,"state_code":"N","state_name":"Halland","country_id":213,"country_code":"SE","country_name":"Sweden","latitude":"57.04147000","longitude":"12.39950000","native":"Tvååker","type":"city","level":null,"parent_id":null,"population":3265,"timezone":"Europe/Stockholm","translations":{"br":"Tvååker","ko":"트바커","pt-BR":"Tvååker","pt":"Tvååker","nl":"Tvååker","hr":"Tvååker","fa":"توآکر","de":"Tvååker","es":"Tvååker","fr":"Tvååker","ja":"トヴォーカー","it":"Tvååker","zh-CN":"电视","tr":"Tvååker","ru":"Tvååker","uk":"Твоакер","pl":"Tvååker","hi":"त्वाकर","ar":"تفاكر"},"wikiDataId":"Q2394008"},{"id":103917,"name":"Vallda","state_id":1548,"state_code":"N","state_name":"Halland","country_id":213,"country_code":"SE","country_name":"Sweden","latitude":"57.47750000","longitude":"12.00139000","native":"Vallda","type":"city","level":null,"parent_id":null,"population":3981,"timezone":"Europe/Stockholm","translations":{"br":"Vallda","ko":"발다","pt-BR":"Vallda","pt":"Vallda","nl":"Vallda","hr":"Vallda","fa":"والدا","de":"Vallda","es":"Vallda","fr":"Vallda","ja":"ヴァルダ","it":"Vallda","zh-CN":"瓦尔达","tr":"Vallda","ru":"Вальда","uk":"Валда","pl":"Vallda","hi":"वाल्डा","ar":"فالدا"},"wikiDataId":"Q2417856"},{"id":103924,"name":"Varberg","state_id":1548,"state_code":"N","state_name":"Halland","country_id":213,"country_code":"SE","country_name":"Sweden","latitude":"57.10557000","longitude":"12.25078000","native":"Varberg","type":"adm2","level":null,"parent_id":null,"population":38575,"timezone":"Europe/Stockholm","translations":{"br":"Varberg","ko":"바르베르그","pt-BR":"Varberg","pt":"Varberg","nl":"Varberg","hr":"Varberg","fa":"واربرگ","de":"Varberg","es":"Varberg","fr":"Varberg","ja":"ヴァルベリ","it":"Varberg","zh-CN":"瓦尔贝里","tr":"Varberg","ru":"Варберг","uk":"Варберг","pl":"Varberg","hi":"वरबर्ग","ar":"فاربيرج"},"wikiDataId":"Q21168"},{"id":103974,"name":"Västra Hagen","state_id":1548,"state_code":"N","state_name":"Halland","country_id":213,"country_code":"SE","country_name":"Sweden","latitude":"57.42444000","longitude":"11.93583000","native":"Västra Hagen","type":"city","level":null,"parent_id":null,"population":1393,"timezone":"Europe/Stockholm","translations":{"br":"Västra Hagen","ko":"베스트라 하겐","pt-BR":"Västra Hagen","pt":"Västra Hagen","nl":"Västra Hagen","hr":"Västra Hagen","fa":"وسترا هاگن","de":"Västra Hagen","es":"Västra Hagen","fr":"Västra Hagen","ja":"ヴェストラハーゲン","it":"Västra Hagen","zh-CN":"西哈根","tr":"Västra Hagen","ru":"Вестра Хаген","uk":"Вестра-Хаген","pl":"Västra Hagen","hi":"वस्त्रा हेगन","ar":"فاسترا هاجن"},"wikiDataId":"Q2347541"},{"id":103932,"name":"Veddige","state_id":1548,"state_code":"N","state_name":"Halland","country_id":213,"country_code":"SE","country_name":"Sweden","latitude":"57.26591000","longitude":"12.33220000","native":"Veddige","type":"city","level":null,"parent_id":null,"population":2284,"timezone":"Europe/Stockholm","translations":{"br":"Veddige","ko":"베디지","pt-BR":"Veda","pt":"Veda","nl":"Veddige","hr":"Veddige","fa":"ودیج","de":"Veddige","es":"Veddige","fr":"Veddige","ja":"ヴェディゲ","it":"Veddige","zh-CN":"韦迪格","tr":"Veddige","ru":"Веддидж","uk":"Веддіге","pl":"Veddige","hi":"वेडिगे","ar":"فيديجي"},"wikiDataId":"Q596567"},{"id":103933,"name":"Veinge","state_id":1548,"state_code":"N","state_name":"Halland","country_id":213,"country_code":"SE","country_name":"Sweden","latitude":"56.55000000","longitude":"13.06667000","native":"Veinge","type":"city","level":null,"parent_id":null,"population":1444,"timezone":"Europe/Stockholm","translations":{"br":"Veinge","ko":"베인지","pt-BR":"Veia","pt":"Veia","nl":"Veinge","hr":"Veinge","fa":"وینگ","de":"Veinge","es":"Vena","fr":"Veinage","ja":"ヴェインゲ","it":"Vena","zh-CN":"维因格","tr":"Damar","ru":"Вейндж","uk":"Вейндж","pl":"Veinge","hi":"वेन्गे","ar":"عروق"},"wikiDataId":"Q2619062"}]