{"id":65737,"name":"Nur-Sultan","state_id":156,"state_code":"71","state_name":"Astana","country_id":112,"country_code":"KZ","country_name":"Kazakhstan","latitude":"51.18010000","longitude":"71.44598000","native":"Нұр-Сұлтан","type":"capital","level":null,"parent_id":null,"population":345604,"timezone":"Asia/Almaty","translations":{"br":"Nur-Sultan","ko":"누르술탄","pt-BR":"Nur-Sultan","pt":"Nur-Sultan","nl":"Noersoeltan","hr":"Nur-Sultan","fa":"نورسلطان","de":"Nur-Sultan","es":"Nur-Sultán","fr":"Noursoultan","ja":"ヌルスルタン","it":"Nur-Sultan","zh-CN":"努尔苏丹","tr":"Nur-Sultan","ru":"Нур-Султан","uk":"Нур-Султан","pl":"Nur-Sułtan","hi":"नूर-सुल्तान","ar":"نور سلطان"},"wikiDataId":"Q1520"}