{"id":67363,"name":"Plužine","state_id":16,"state_code":"15","state_name":"Plužine","country_id":147,"country_code":"ME","country_name":"Montenegro","latitude":"43.15278000","longitude":"18.83944000","native":"Плужине","type":"adm1","level":null,"parent_id":null,"population":1494,"timezone":"Europe/Podgorica","translations":{"ar":"بلوجين","br":"Plužine","de":"Plužine","es":"Plužine","fa":"پلوژینه","fr":"Plužine","hi":"प्लुज़िने","hr":"Plužine","it":"Plužine","ja":"プルジネ","ko":"플루지네","nl":"Plužine","pl":"Plužine","pt":"Plužine","pt-BR":"Plužine","ru":"Плужине","tr":"Pluzine","uk":"Плужине","zh-CN":"普卢日内"},"wikiDataId":"Q390605"}