[{"id":85792,"name":"Baborów","state_id":1622,"state_code":"16","state_name":"Upper Silesia","country_id":176,"country_code":"PL","country_name":"Poland","latitude":"50.15760000","longitude":"17.98513000","native":"Baborów","type":"adm3","level":null,"parent_id":null,"population":2870,"timezone":"Europe/Warsaw","translations":{"br":"Baborów","ko":"바보로프","pt-BR":"Baborów","pt":"Baborów","nl":"Baborów","hr":"Baborów","fa":"بابوروف","de":"Baborów","es":"Baborów","fr":"Baborów","ja":"バボロウ","it":"Baborów","zh-CN":"巴博罗夫","tr":"Baborów","ru":"Баборов","uk":"Баборів","pl":"Baborów","hi":"बाबोरोव","ar":"بابورو"},"wikiDataId":"Q592262"},{"id":85833,"name":"Biała","state_id":1622,"state_code":"16","state_name":"Upper Silesia","country_id":176,"country_code":"PL","country_name":"Poland","latitude":"50.38587000","longitude":"17.66035000","native":"Biała","type":"adm3","level":null,"parent_id":null,"population":2605,"timezone":"Europe/Warsaw","translations":{"br":"Biała","ko":"비아와","pt-BR":"Biała","pt":"Biała","nl":"Biała","hr":"Biała","fa":"بیالا","de":"Biała","es":"Biała","fr":"Biała","ja":"ビアワ","it":"Biała","zh-CN":"比亚瓦","tr":"Biała","ru":"Бяла","uk":"Бяла","pl":"Biała","hi":"बियाला","ar":"بيالا"},"wikiDataId":"Q248144"},{"id":85864,"name":"Bierawa","state_id":1622,"state_code":"16","state_name":"Upper Silesia","country_id":176,"country_code":"PL","country_name":"Poland","latitude":"50.28111000","longitude":"18.24177000","native":"Bierawa","type":"adm3","level":null,"parent_id":null,"population":1410,"timezone":"Europe/Warsaw","translations":{"br":"Bierawa","ko":"비에라와","pt-BR":"Bierawa","pt":"Bierawa","nl":"Bierawa","hr":"Bierawa","fa":"بیراوا","de":"Bierawa","es":"Bierawa","fr":"Bierawa","ja":"ビエラワ","it":"Bierawa","zh-CN":"比拉瓦","tr":"Bierawa","ru":"Биерава","uk":"Берава","pl":"Bierawa","hi":"बिएरावा","ar":"بيراوا"},"wikiDataId":"Q980004"},{"id":85865,"name":"Bierdzany","state_id":1622,"state_code":"16","state_name":"Upper Silesia","country_id":176,"country_code":"PL","country_name":"Poland","latitude":"50.81852000","longitude":"18.15808000","native":"Bierdzany","type":"city","level":null,"parent_id":null,"population":1072,"timezone":"Europe/Warsaw","translations":{"br":"Bierdzany","ko":"비에르자니","pt-BR":"Bierdzany","pt":"Bierdzany","nl":"Bierdzany","hr":"Bierdzany","fa":"بیردزانی","de":"Bierdzany","es":"Bierdzany","fr":"Bierdzany","ja":"ビエルザニ","it":"Bierdzany","zh-CN":"别尔扎尼","tr":"Bierdzany","ru":"Бьердзаны","uk":"Бердзани","pl":"Bierdzany","hi":"बियर्डज़ानी","ar":"بيردزاني"},"wikiDataId":"Q857808"},{"id":85935,"name":"Branice","state_id":1622,"state_code":"16","state_name":"Upper Silesia","country_id":176,"country_code":"PL","country_name":"Poland","latitude":"50.05108000","longitude":"17.79399000","native":"Branice","type":"adm3","level":null,"parent_id":null,"population":1996,"timezone":"Europe/Warsaw","translations":{"br":"Branice","ko":"브레니스","pt-BR":"Branice","pt":"Branice","nl":"Branice","hr":"Branice","fa":"برانیس","de":"Branice","es":"Branice","fr":"Branice","ja":"ブラニス","it":"Branice","zh-CN":"布兰妮丝","tr":"Branice","ru":"Бранис","uk":"Браніце","pl":"Branice","hi":"ब्रानिसे","ar":"برانيس"},"wikiDataId":"Q735041"},{"id":85958,"name":"Brzeg","state_id":1622,"state_code":"16","state_name":"Upper Silesia","country_id":176,"country_code":"PL","country_name":"Poland","latitude":"50.86079000","longitude":"17.46740000","native":"Brzeg","type":"adm2","level":null,"parent_id":null,"population":34492,"timezone":"Europe/Warsaw","translations":{"br":"Brzeg","ko":"브르제그","pt-BR":"Brzeg","pt":"Brzeg","nl":"Brzeg","hr":"Brzeg","fa":"برزگ","de":"Brieg","es":"Brzeg","fr":"Brzeg","ja":"ブジェク","it":"Brzeg","zh-CN":"布热格","tr":"Brzeg","ru":"Бжег","uk":"Бжег","pl":"Brzeg","hi":"ब्रेज़ेग","ar":"برزيج"},"wikiDataId":"Q214640"},{"id":85998,"name":"Byczyna","state_id":1622,"state_code":"16","state_name":"Upper Silesia","country_id":176,"country_code":"PL","country_name":"Poland","latitude":"51.11387000","longitude":"18.21413000","native":"Byczyna","type":"adm3","level":null,"parent_id":null,"population":3476,"timezone":"Europe/Warsaw","translations":{"br":"Byczyna","ko":"비치나","pt-BR":"Byczyna","pt":"Byczyna","nl":"Byczyna","hr":"Byczyna","fa":"بیچینا","de":"Byczyna","es":"Byczyna","fr":"Byczyna","ja":"ビチナ","it":"Byczyna","zh-CN":"比奇娜","tr":"Byczyna","ru":"Бычина","uk":"Бичина","pl":"Byczyna","hi":"बाइक्ज़िना","ar":"بيتشينا"},"wikiDataId":"Q990828"},{"id":86037,"name":"Chmielowice","state_id":1622,"state_code":"16","state_name":"Upper Silesia","country_id":176,"country_code":"PL","country_name":"Poland","latitude":"50.64957000","longitude":"17.86669000","native":"Chmielowice","type":"city","level":null,"parent_id":null,"population":1500,"timezone":"Europe/Warsaw","translations":{"br":"Chmielowice","ko":"흐미엘로비체","pt-BR":"Chmielovice","pt":"Chmielovice","nl":"Chmielowice","hr":"Chmiełowice","fa":"چمیلوویس","de":"Chmielowice","es":"Chmielowice","fr":"Chmielowice","ja":"フミェロヴィツェ","it":"Chmielowice","zh-CN":"赫梅洛维采","tr":"Chmielowice","ru":"Хмеловице","uk":"Хмеловіце","pl":"Chmielowice","hi":"च्मीलोविस","ar":"شميلوفيتش"},"wikiDataId":"Q1001286"},{"id":86065,"name":"Chróścice","state_id":1622,"state_code":"16","state_name":"Upper Silesia","country_id":176,"country_code":"PL","country_name":"Poland","latitude":"50.78076000","longitude":"17.81227000","native":"Chróścice","type":"city","level":null,"parent_id":null,"population":2694,"timezone":"Europe/Warsaw","translations":{"br":"Chróścice","ko":"크로시체","pt-BR":"Chróścice","pt":"Chróścice","nl":"Chróścice","hr":"Chróścice","fa":"خروشیتسه","de":"Chróścice","es":"Chróścice","fr":"Chróścice","ja":"クロシチツェ","it":"Chróścice","zh-CN":"克里斯切","tr":"Chróścice","ru":"Хрóścice","uk":"Хросціце","pl":"Chróścice","hi":"क्रोससिसे","ar":"خروشيتسه"},"wikiDataId":"Q1088387"},{"id":86059,"name":"Chrościna","state_id":1622,"state_code":"16","state_name":"Upper Silesia","country_id":176,"country_code":"PL","country_name":"Poland","latitude":"50.66578000","longitude":"17.81759000","native":"Chrościna","type":"city","level":null,"parent_id":null,"population":1585,"timezone":"Europe/Warsaw","translations":{"br":"Krościna","ko":"크로시나","pt-BR":"Chrościna","pt":"Chrościna","nl":"Chrościna","hr":"Chrościna","fa":"کروشینا","de":"Chrościna","es":"Chrościna","fr":"Chrościna","ja":"クロシチナ","it":"Chrościna","zh-CN":"克罗希奇娜","tr":"Chrościna","ru":"Хросцина","uk":"Хросціна","pl":"Chrościna","hi":"क्रोस्चिना","ar":"كروشينا"},"wikiDataId":"Q5115091"},{"id":86064,"name":"Chrząstowice","state_id":1622,"state_code":"16","state_name":"Upper Silesia","country_id":176,"country_code":"PL","country_name":"Poland","latitude":"50.66622000","longitude":"18.07294000","native":"Chrząstowice","type":"city","level":null,"parent_id":null,"population":1428,"timezone":"Europe/Warsaw","translations":{"br":"Chrząstowice","ko":"흐종스토비체","pt-BR":"Chrząstowice","pt":"Chrząstowice","nl":"Chrząstowice","hr":"Chrząstowice","fa":"چِرشتوویتس","de":"Chrząstowice","es":"Chrząstowice","fr":"Chrząstowice","ja":"クザンストヴィツェ","it":"Chrząstowice","zh-CN":"赫尔扎斯托维采","tr":"Chrząstowice","ru":"Хшастовице","uk":"Хженстовіце","pl":"Chrząstowice","hi":"क्रज़ास्टोविस","ar":"كرزاستوفيتشي"},"wikiDataId":"Q1007292"},{"id":86089,"name":"Cisek","state_id":1622,"state_code":"16","state_name":"Upper Silesia","country_id":176,"country_code":"PL","country_name":"Poland","latitude":"50.28232000","longitude":"18.19988000","native":"Cisek","type":"adm3","level":null,"parent_id":null,"population":1485,"timezone":"Europe/Warsaw","translations":{"br":"Cisek","ko":"치섹","pt-BR":"Cisek","pt":"Cisek","nl":"Cisek","hr":"Cisek","fa":"سیسک","de":"Cisek","es":"Cisek","fr":"Cisek","ja":"シセック","it":"Cisek","zh-CN":"西塞克","tr":"Çisek","ru":"Цисек","uk":"Цісек","pl":"Cisek","hi":"सिसेक","ar":"سيسيك"},"wikiDataId":"Q923798"},{"id":86115,"name":"Czarnowąsy","state_id":1622,"state_code":"16","state_name":"Upper Silesia","country_id":176,"country_code":"PL","country_name":"Poland","latitude":"50.72858000","longitude":"17.89819000","native":"Czarnowąsy","type":"city","level":null,"parent_id":null,"population":3108,"timezone":"Europe/Warsaw","translations":{"br":"Czarnowąsy","ko":"차르노바시","pt-BR":"Czarnowąsy","pt":"Czarnowąsy","nl":"Czarnowąsy","hr":"Czarnowasy","fa":"چارنووی","de":"Czarnowąsy","es":"Czarnowąsy","fr":"Czarnowąsy","ja":"チャルノワシ","it":"Czarnowąsy","zh-CN":"恰尔诺夫西","tr":"Çarnowąsy","ru":"Чарновансы","uk":"Чарноваси","pl":"Czarnowąsy","hi":"Czarnowasy","ar":"تشارنوفنسي"},"wikiDataId":"Q839391"},{"id":86236,"name":"Dąbrowa","state_id":1622,"state_code":"16","state_name":"Upper Silesia","country_id":176,"country_code":"PL","country_name":"Poland","latitude":"50.68352000","longitude":"17.74957000","native":"Dąbrowa","type":"city","level":null,"parent_id":null,"population":1100,"timezone":"Europe/Warsaw","translations":{"br":"Dąbrowa","ko":"동브로바","pt-BR":"Dąbrowa","pt":"Dąbrowa","nl":"Dąbrowa","hr":"Dąbrowa","fa":"دابرووا","de":"Dąbrowa","es":"Dąbrowa","fr":"Dąbrowa","ja":"ドンブロヴァ","it":"Dąbrowa","zh-CN":"达布罗瓦","tr":"Dąbrowa","ru":"Домброва","uk":"Домброва","pl":"Dąbrowa","hi":"डाब्रोवा","ar":"دابروفا"},"wikiDataId":"Q554294"},{"id":86153,"name":"Dalachów","state_id":1622,"state_code":"16","state_name":"Upper Silesia","country_id":176,"country_code":"PL","country_name":"Poland","latitude":"51.07732000","longitude":"18.57840000","native":"Dalachów","type":"city","level":null,"parent_id":null,"population":1213,"timezone":"Europe/Warsaw","translations":{"br":"Dalachów","ko":"달라초프","pt-BR":"Dalachów","pt":"Dalachów","nl":"Dalachów","hr":"Dalachów","fa":"دالاخوف","de":"Dalachów","es":"Dalachów","fr":"Dalachów","ja":"ダラホフ","it":"Dalachów","zh-CN":"达拉霍夫","tr":"Dalachów","ru":"Далахув","uk":"Далахув","pl":"Dalachów","hi":"डालाचोव","ar":"دالاتشوف"},"wikiDataId":"Q1980655"},{"id":86259,"name":"Długomiłowice","state_id":1622,"state_code":"16","state_name":"Upper Silesia","country_id":176,"country_code":"PL","country_name":"Poland","latitude":"50.28298000","longitude":"18.14873000","native":"Długomiłowice","type":"city","level":null,"parent_id":null,"population":1600,"timezone":"Europe/Warsaw","translations":{"br":"Długomiłowice","ko":"드루고미워비체","pt-BR":"Długomiłowice","pt":"Długomiłowice","nl":"Długomiłowice","hr":"Długomiłowice","fa":"دوگومیووویتسه","de":"Długomiłowice","es":"Długomiłowice","fr":"Długomiłowice","ja":"ドゥゴミウォヴィツェ","it":"Długomiłowice","zh-CN":"德乌戈米沃维采","tr":"Długomiłowice","ru":"Длугомиловице","uk":"Длугоміловіце","pl":"Długomiłowice","hi":"डलुगोमिलोविस","ar":"دلوغوميلوفيتشي"},"wikiDataId":"Q2104110"},{"id":86173,"name":"Dobrodzień","state_id":1622,"state_code":"16","state_name":"Upper Silesia","country_id":176,"country_code":"PL","country_name":"Poland","latitude":"50.72874000","longitude":"18.44501000","native":"Dobrodzień","type":"adm3","level":null,"parent_id":null,"population":3510,"timezone":"Europe/Warsaw","translations":{"br":"Dobrodzień","ko":"도브로지엔","pt-BR":"Dobrodzień","pt":"Dobrodzień","nl":"Dobrodzień","hr":"Dobrodzień","fa":"دوبرودیژن","de":"Dobrodzień","es":"Dobrodzień","fr":"Dobrodzień","ja":"ドブロジェン","it":"Dobrodzień","zh-CN":"多布罗津","tr":"Dobrodzień","ru":"Добродзень","uk":"Добродзень","pl":"Dobrodzień","hi":"डोब्रोड्ज़िएन","ar":"دوبرودزيين"},"wikiDataId":"Q1780345"},{"id":86177,"name":"Dobrzeń Wielki","state_id":1622,"state_code":"16","state_name":"Upper Silesia","country_id":176,"country_code":"PL","country_name":"Poland","latitude":"50.76844000","longitude":"17.84652000","native":"Dobrzeń Wielki","type":"city","level":null,"parent_id":null,"population":4614,"timezone":"Europe/Warsaw","translations":{"br":"Dobrzeń Wielki","ko":"도브르젠 비엘키","pt-BR":"Dobrzeń Wielki","pt":"Dobrzeń Wielki","nl":"Dobrzeń Wielki","hr":"Dobrzeń Wielki","fa":"دوبرزن ویلکی","de":"Dobrzeń Wielki","es":"Dobrzeń Wielki","fr":"Dobrzeń Wielki","ja":"ドブジェン・ヴィエルキ","it":"Dobrzeń Wielki","zh-CN":"多布森维尔基","tr":"Dobrzeń Wielki","ru":"Dobrzeń Wielki","uk":"Добжень Великий","pl":"Dobrzeń Wielki","hi":"डोब्रज़ेन विल्की","ar":"Dobrzeń Wielki"},"wikiDataId":"Q629429"},{"id":86187,"name":"Domaszowice","state_id":1622,"state_code":"16","state_name":"Upper Silesia","country_id":176,"country_code":"PL","country_name":"Poland","latitude":"51.04290000","longitude":"17.88875000","native":"Domaszowice","type":"adm3","level":null,"parent_id":null,"population":1100,"timezone":"Europe/Warsaw","translations":{"br":"Domaszowice","ko":"도마쇼비체","pt-BR":"Domaszowice","pt":"Domaszowice","nl":"Domaszowice","hr":"Domaszowice","fa":"دوماشوویچ","de":"Domaszowice","es":"Domaszowice","fr":"Domaszowice","ja":"ドマショヴィツェ","it":"Domaszowice","zh-CN":"多马绍维采","tr":"Domaszowice","ru":"Домашовице","uk":"Домашовіце","pl":"Domaszowice","hi":"डोमाज़ोविस","ar":"دومازوفيتشي"},"wikiDataId":"Q5289946"},{"id":86221,"name":"Dziergowice","state_id":1622,"state_code":"16","state_name":"Upper Silesia","country_id":176,"country_code":"PL","country_name":"Poland","latitude":"50.24248000","longitude":"18.28606000","native":"Dziergowice","type":"city","level":null,"parent_id":null,"population":2556,"timezone":"Europe/Warsaw","translations":{"br":"Dziergowice","ko":"지에르고비체","pt-BR":"Dziergowice","pt":"Dziergowice","nl":"Dziergowice","hr":"Dziergowice","fa":"ژرژویچ","de":"Dziergowice","es":"Dziergowice","fr":"Dziergowice","ja":"ジェールゴヴィツェ","it":"Dziergowice","zh-CN":"杰尔戈维采","tr":"Dziergowice","ru":"Дзерговице","uk":"Дзерговіце","pl":"Dziergowice","hi":"ज़िएर्गोविस","ar":"دزيرغوفيتسي"},"wikiDataId":"Q984113"},{"id":86429,"name":"Głogówek","state_id":1622,"state_code":"16","state_name":"Upper Silesia","country_id":176,"country_code":"PL","country_name":"Poland","latitude":"50.35355000","longitude":"17.86405000","native":"Głogówek","type":"adm3","level":null,"parent_id":null,"population":5642,"timezone":"Europe/Warsaw","translations":{"br":"Głogówek","ko":"글로고베크","pt-BR":"Głogówek","pt":"Głogówek","nl":"Głogówek","hr":"Głogówek","fa":"گوگووک","de":"Głogówek","es":"Glogówek","fr":"Głogówek","ja":"グウォゴウェク","it":"Głogówek","zh-CN":"格沃戈维克","tr":"Głogówek","ru":"Глогувек","uk":"Глогувек","pl":"Głogówek","hi":"ग्लोगोवेक","ar":"غلوغويك"},"wikiDataId":"Q954748"},{"id":86431,"name":"Głubczyce","state_id":1622,"state_code":"16","state_name":"Upper Silesia","country_id":176,"country_code":"PL","country_name":"Poland","latitude":"50.20086000","longitude":"17.82858000","native":"Głubczyce","type":"adm2","level":null,"parent_id":null,"population":12100,"timezone":"Europe/Warsaw","translations":{"br":"Głubczyce","ko":"글럽치체","pt-BR":"Głubczyce","pt":"Głubczyce","nl":"Głubczyce","hr":"Głubczyce","fa":"گووبچیتسه","de":"Głubczyce","es":"Głubczyce","fr":"Głubczyce","ja":"グウブチツェ","it":"Głubczyce","zh-CN":"格鲁布奇采","tr":"Głubczyce","ru":"Глубчице","uk":"Глубчице","pl":"Głubczyce","hi":"ग्लुबच्य्से","ar":"غلوبتشيس"},"wikiDataId":"Q717947"},{"id":86432,"name":"Głuchołazy","state_id":1622,"state_code":"16","state_name":"Upper Silesia","country_id":176,"country_code":"PL","country_name":"Poland","latitude":"50.31505000","longitude":"17.38355000","native":"Głuchołazy","type":"adm3","level":null,"parent_id":null,"population":13143,"timezone":"Europe/Warsaw","translations":{"br":"Głuchołazy","ko":"글루초와지","pt-BR":"Głuchołazy","pt":"Głuchołazy","nl":"Głuchołazy","hr":"Głuchołazy","fa":"گولچووازی","de":"Głuchołazy","es":"Glucholazy","fr":"Głuchołazy","ja":"グウホラジ","it":"Głuchołazy","zh-CN":"格乌霍瓦齐","tr":"Głuchołazy","ru":"Глухолазы","uk":"Глухолази","pl":"Głuchołazy","hi":"ग्लुचोलाज़ी","ar":"غلوتشولازي"},"wikiDataId":"Q678425"},{"id":86323,"name":"Gogolin","state_id":1622,"state_code":"16","state_name":"Upper Silesia","country_id":176,"country_code":"PL","country_name":"Poland","latitude":"50.49222000","longitude":"18.01994000","native":"Gogolin","type":"adm3","level":null,"parent_id":null,"population":6429,"timezone":"Europe/Warsaw","translations":{"br":"Gogolin","ko":"고골린","pt-BR":"Gogolin","pt":"Gogolin","nl":"Gogolin","hr":"Gogolin","fa":"گوگولین","de":"Gogolin","es":"Gogolín","fr":"Gogolin","ja":"ゴゴリン","it":"Gogolin","zh-CN":"戈戈林","tr":"Gogolin","ru":"Гоголин","uk":"Гоголін","pl":"Gogolin","hi":"गोगोलिन","ar":"جوجولين"},"wikiDataId":"Q1001307"},{"id":86412,"name":"Górażdże","state_id":1622,"state_code":"16","state_name":"Upper Silesia","country_id":176,"country_code":"PL","country_name":"Poland","latitude":"50.52903000","longitude":"18.01003000","native":"Górażdże","type":"city","level":null,"parent_id":null,"population":1073,"timezone":"Europe/Warsaw","translations":{"br":"Górażdże","ko":"고라즈제","pt-BR":"Górażdże","pt":"Górażdże","nl":"Górażdże","hr":"Goraždže","fa":"گوراژدزه","de":"Górażdże","es":"Górażdże","fr":"Górażdże","ja":"ゴラジェ","it":"Górażdże","zh-CN":"戈拉日泽","tr":"Górażdże","ru":"Górażdże","uk":"Гораждзе","pl":"Górażdże","hi":"Górazdze","ar":"غورازدجي"},"wikiDataId":"Q1537809"},{"id":86343,"name":"Gorzów Śląski","state_id":1622,"state_code":"16","state_name":"Upper Silesia","country_id":176,"country_code":"PL","country_name":"Poland","latitude":"51.02871000","longitude":"18.42304000","native":"Gorzów Śląski","type":"adm3","level":null,"parent_id":null,"population":2430,"timezone":"Europe/Warsaw","translations":{"br":"Gorzów Śląski","ko":"고르주프 실롱스키","pt-BR":"Gorzów Śląski","pt":"Gorzów Śląski","nl":"Gorzów Śląski","hr":"Gorzów Śląski","fa":"گورژوف شلسکی","de":"Gorzów Śląski","es":"Gorzów Śląski","fr":"Gorzów Śląski","ja":"ゴジュフ・シロンスキ","it":"Gorzów Śląski","zh-CN":"希隆斯克州戈茹夫","tr":"Gorzów Śląski","ru":"Gorzów Śląski","uk":"Гожув-Шльонський","pl":"Gorzów Śląski","hi":"गोरज़ोव स्लोस्की","ar":"غورزو سلاسكي"},"wikiDataId":"Q995828"},{"id":86373,"name":"Grodków","state_id":1622,"state_code":"16","state_name":"Upper Silesia","country_id":176,"country_code":"PL","country_name":"Poland","latitude":"50.69836000","longitude":"17.38449000","native":"Grodków","type":"adm3","level":null,"parent_id":null,"population":8654,"timezone":"Europe/Warsaw","translations":{"br":"Grodków","ko":"그로드코프","pt-BR":"Grodków","pt":"Grodków","nl":"Grodków","hr":"Grodków","fa":"گرودکوو","de":"Grodków","es":"Grodków","fr":"Grodków","ja":"グロドクフ","it":"Grodków","zh-CN":"格罗德库夫","tr":"Grodków","ru":"Гродкув","uk":"Гродкув","pl":"Grodków","hi":"ग्रोडकोव","ar":"غرودكوف"},"wikiDataId":"Q941844"},{"id":86470,"name":"Izbicko","state_id":1622,"state_code":"16","state_name":"Upper Silesia","country_id":176,"country_code":"PL","country_name":"Poland","latitude":"50.57163000","longitude":"18.15585000","native":"Pokój","type":"adm3","level":null,"parent_id":null,"population":1045,"timezone":"Europe/Warsaw","translations":{"br":"Izbicko","ko":"이즈비코","pt-BR":"Izbicko","pt":"Izbicko","nl":"Izbicko","hr":"Izbičko","fa":"ایزبیکو","de":"Izbicko","es":"Izbicko","fr":"Izbicko","ja":"イズビッコ","it":"Izbicko","zh-CN":"伊兹比奇科","tr":"Izbicko","ru":"Избицко","uk":"Ізбіцко","pl":"Izbicko","hi":"इज़बिको","ar":"إيزبيكو"},"wikiDataId":"Q1002533"},{"id":86502,"name":"Januszkowice","state_id":1622,"state_code":"16","state_name":"Upper Silesia","country_id":176,"country_code":"PL","country_name":"Poland","latitude":"50.39189000","longitude":"18.13680000","native":"Januszkowice","type":"city","level":null,"parent_id":null,"population":1033,"timezone":"Europe/Warsaw","translations":{"br":"Januszkowice","ko":"야누슈코비체","pt-BR":"Januszkowice","pt":"Januszkowice","nl":"Januszkowice","hr":"Januszkowice","fa":"یانوشکوویتسه","de":"Januszkowice","es":"Januszkowice","fr":"Januszkowice","ja":"ヤヌシュコヴィツェ","it":"Januszkowice","zh-CN":"亚努什科维采","tr":"Januszkowice","ru":"Янушковице","uk":"Янушковіце","pl":"Januszkowice","hi":"जानुस्ज़कोविस","ar":"يانوشكوفيتسه"},"wikiDataId":"Q6156144"},{"id":86552,"name":"Jemielnica","state_id":1622,"state_code":"16","state_name":"Upper Silesia","country_id":176,"country_code":"PL","country_name":"Poland","latitude":"50.54573000","longitude":"18.37807000","native":"Okrążenie","type":"adm3","level":null,"parent_id":null,"population":3500,"timezone":"Europe/Warsaw","translations":{"br":"Jemielnica","ko":"제미엘니차","pt-BR":"Jemielnica","pt":"Jemielnica","nl":"Jemielnica","hr":"Jemielnica","fa":"جمیلنیکا","de":"Jemielnica","es":"Jemielnica","fr":"Jemielnica","ja":"ジェミエルニツァ","it":"Jemielnica","zh-CN":"杰米耶尔尼卡","tr":"Jemielnica","ru":"Емельница","uk":"Ємельніца","pl":"Jemielnica","hi":"जेमीएल्निका","ar":"جيمييلنيكا"},"wikiDataId":"Q2607196"},{"id":86591,"name":"Kamienica","state_id":1622,"state_code":"16","state_name":"Upper Silesia","country_id":176,"country_code":"PL","country_name":"Poland","latitude":"50.45007000","longitude":"16.95396000","native":"Kamienica","type":"city","level":null,"parent_id":null,"population":1300,"timezone":"Europe/Warsaw","translations":{"br":"Kamienica","ko":"카미에니카","pt-BR":"Kamienica","pt":"Kamienica","nl":"Kamienica","hr":"Kamienica","fa":"کامینیکا","de":"Kamienica","es":"Kamienica","fr":"Kamienica","ja":"カミエニツァ","it":"Kamienica","zh-CN":"卡米尼察","tr":"Kamienica","ru":"Каменица","uk":"Кам'єниця","pl":"Kamienica","hi":"कामियेनिका","ar":"كامينيكا"},"wikiDataId":"Q1723030"},{"id":86597,"name":"Kamiennik","state_id":1622,"state_code":"16","state_name":"Upper Silesia","country_id":176,"country_code":"PL","country_name":"Poland","latitude":"50.57032000","longitude":"17.14979000","native":"Kamiennik","type":"adm3","level":null,"parent_id":null,"population":702,"timezone":"Europe/Warsaw","translations":{"br":"Kamiennik","ko":"카미엔닉","pt-BR":"Kamiennik","pt":"Kamiennik","nl":"Kamiennik","hr":"Kamiennik","fa":"کامیننیک","de":"Kamiennik","es":"Kamiennik","fr":"Kamiennik","ja":"カミエンニク","it":"Kamiennik","zh-CN":"卡米恩尼克","tr":"Kamiennik","ru":"Каменник","uk":"Кам'єнник","pl":"Kamiennik","hi":"कामिएनिक","ar":"كامينيك"},"wikiDataId":"Q2102609"},{"id":86853,"name":"Kędzierzyn-Koźle","state_id":1622,"state_code":"16","state_name":"Upper Silesia","country_id":176,"country_code":"PL","country_name":"Poland","latitude":"50.34984000","longitude":"18.22606000","native":"Kędzierzyn-Koźle","type":"adm2","level":null,"parent_id":null,"population":56931,"timezone":"Europe/Warsaw","translations":{"br":"Kędzierzyn-Koźle","ko":"켄지에르진-코슬레","pt-BR":"Kędzierzyn-Koźle","pt":"Kędzierzyn-Koźle","nl":"Kędzierzyn-Koźle","hr":"Kędzierzyn-Koźle","fa":"کدزیرزین-کوزله","de":"Kędzierzyn-Koźle","es":"Kędzierzyn-Koźle","fr":"Kędzierzyn-Koźle","ja":"ケンジェジン・コジレ","it":"Kędzierzyn-Koźle","zh-CN":"肯杰任-科日莱","tr":"Kędzierzyn-Koźle","ru":"Кендзежин-Козле","uk":"Кендзежин-Козле","pl":"Kędzierzyn-Koźle","hi":"केड्ज़ियरज़िन-कोज़्ले","ar":"Kędzierzyn-Koźle"},"wikiDataId":"Q605483"},{"id":86635,"name":"Kietrz","state_id":1622,"state_code":"16","state_name":"Upper Silesia","country_id":176,"country_code":"PL","country_name":"Poland","latitude":"50.08042000","longitude":"18.00432000","native":"Kietrz","type":"adm3","level":null,"parent_id":null,"population":5638,"timezone":"Europe/Warsaw","translations":{"br":"Kietrz","ko":"키에트르츠","pt-BR":"Kietrz","pt":"Kietrz","nl":"Kietrz","hr":"Kietrz","fa":"کیترز","de":"Kietrz","es":"Kietrz","fr":"Kietrz","ja":"キエトルツ","it":"Kietrz","zh-CN":"基特兹","tr":"Kietrz","ru":"Китрц","uk":"Кітш","pl":"Kietrz","hi":"किटर्ज़","ar":"كيترز"},"wikiDataId":"Q999384"},{"id":86653,"name":"Kluczbork","state_id":1622,"state_code":"16","state_name":"Upper Silesia","country_id":176,"country_code":"PL","country_name":"Poland","latitude":"50.97281000","longitude":"18.21816000","native":"Kluczbork","type":"adm2","level":null,"parent_id":null,"population":22703,"timezone":"Europe/Warsaw","translations":{"br":"Kluczbork","ko":"클루츠보르크","pt-BR":"Kluczbork","pt":"Kluczbork","nl":"Kluczbork","hr":"Kluczbork","fa":"کلوچبورک","de":"Kluczbork","es":"Kluczbork","fr":"Kluczbork","ja":"クルチュボルク","it":"Kluczbork","zh-CN":"克卢奇博克","tr":"Kluczbork","ru":"Ключборк","uk":"Ключборк","pl":"Kluczbork","hi":"क्लुज़बोर्क","ar":"كلوتشبورك"},"wikiDataId":"Q79322"},{"id":86680,"name":"Kolonowskie","state_id":1622,"state_code":"16","state_name":"Upper Silesia","country_id":176,"country_code":"PL","country_name":"Poland","latitude":"50.65338000","longitude":"18.38493000","native":"Kolonowskie","type":"adm3","level":null,"parent_id":null,"population":3183,"timezone":"Europe/Warsaw","translations":{"br":"Kolonowskie","ko":"콜로노프스키에","pt-BR":"Kolonowskie","pt":"Kolonowskie","nl":"Kolonowskie","hr":"Kolonowskie","fa":"کولونوفسکی","de":"Kolonowskie","es":"Kolonowskie","fr":"Kolonowskie","ja":"コロノフスキエ","it":"Kolonowskie","zh-CN":"科洛诺夫斯基","tr":"Kolonowskie","ru":"Колоновские","uk":"Колоновське","pl":"Kolonowskie","hi":"कोलोनोव्स्की","ar":"كولونوفسكي"},"wikiDataId":"Q1005453"},{"id":86688,"name":"Komprachcice","state_id":1622,"state_code":"16","state_name":"Upper Silesia","country_id":176,"country_code":"PL","country_name":"Poland","latitude":"50.63678000","longitude":"17.82635000","native":"Kompozycja","type":"city","level":null,"parent_id":null,"population":2995,"timezone":"Europe/Warsaw","translations":{"br":"Komprachcice","ko":"콤프라흐치체","pt-BR":"Komprachcice","pt":"Komprachcice","nl":"Komprachcice","hr":"Komprachčice","fa":"کومپراچیتسه","de":"Komprachcice","es":"Komprachcice","fr":"Komprachcice","ja":"コンプラチツェ","it":"Komprachcice","zh-CN":"科姆普拉赫奇采","tr":"Komprachcice","ru":"Компрахчице","uk":"Компрахчіце","pl":"Komprachcice","hi":"कोम्प्राचिस","ar":"كومبراتشيتشي"},"wikiDataId":"Q778830"},{"id":86703,"name":"Korfantów","state_id":1622,"state_code":"16","state_name":"Upper Silesia","country_id":176,"country_code":"PL","country_name":"Poland","latitude":"50.48894000","longitude":"17.59898000","native":"Korfantów","type":"adm3","level":null,"parent_id":null,"population":1723,"timezone":"Europe/Warsaw","translations":{"br":"Korfantów","ko":"코르판토프","pt-BR":"Korfantów","pt":"Korfantów","nl":"Korfantów","hr":"Korfantów","fa":"کورفانتوف","de":"Korfantów","es":"Korfantów","fr":"Korfantów","ja":"コルファントゥフ","it":"Korfantów","zh-CN":"科尔凡托夫","tr":"Korfantów","ru":"Корфантув","uk":"Корфантів","pl":"Korfantów","hi":"कोरफैंटोव","ar":"كورفانتوف"},"wikiDataId":"Q1005503"},{"id":86757,"name":"Koźle","state_id":1622,"state_code":"16","state_name":"Upper Silesia","country_id":176,"country_code":"PL","country_name":"Poland","latitude":"50.33560000","longitude":"18.14332000","native":"Koźle","type":"section","level":null,"parent_id":null,"population":14780,"timezone":"Europe/Warsaw","translations":{"br":"Koźle","ko":"코즐레","pt-BR":"Koźle","pt":"Koźle","nl":"Koźle","hr":"Koźle","fa":"کوژله","de":"Koźle","es":"Koźle","fr":"Koźle","ja":"コズレ","it":"Koźle","zh-CN":"科兹莱","tr":"Koźle","ru":"Козле","uk":"Козле","pl":"Koźle","hi":"कोज़्ले","ar":"كوزلي"},"wikiDataId":"Q364601"},{"id":86766,"name":"Krapkowice","state_id":1622,"state_code":"16","state_name":"Upper Silesia","country_id":176,"country_code":"PL","country_name":"Poland","latitude":"50.47515000","longitude":"17.96539000","native":"Krapkowice","type":"adm2","level":null,"parent_id":null,"population":15786,"timezone":"Europe/Warsaw","translations":{"br":"Krapkowice","ko":"크랍코비체","pt-BR":"Krapkowice","pt":"Krapkowice","nl":"Krapkowice","hr":"Krapkowice","fa":"کراپکوویچ","de":"Krapkowice","es":"Krapkowice","fr":"Krapkowice","ja":"クラプコヴィツェ","it":"Krapkowice","zh-CN":"克拉普科维采","tr":"Krapkowice","ru":"Крапковице","uk":"Крапковіце","pl":"Krapkowice","hi":"क्रापकोविस","ar":"كرابكوفيتسه"},"wikiDataId":"Q983729"},{"id":86840,"name":"Kup","state_id":1622,"state_code":"16","state_name":"Upper Silesia","country_id":176,"country_code":"PL","country_name":"Poland","latitude":"50.80659000","longitude":"17.88351000","native":"Filiżanka","type":"city","level":null,"parent_id":null,"population":1111,"timezone":"Europe/Warsaw","translations":{"br":"Kup","ko":"컵","pt-BR":"Kup","pt":"Kup","nl":"Kop","hr":"Kup","fa":"کوپ","de":"Kup","es":"Gracias","fr":"Coupe","ja":"クップ","it":"Kup","zh-CN":"库普","tr":"Kupa","ru":"Куп","uk":"Куп","pl":"Kup","hi":"कुप","ar":"كوب"},"wikiDataId":"Q995309"},{"id":86892,"name":"Leśnica","state_id":1622,"state_code":"16","state_name":"Upper Silesia","country_id":176,"country_code":"PL","country_name":"Poland","latitude":"50.43083000","longitude":"18.18684000","native":"Leśnica","type":"adm3","level":null,"parent_id":null,"population":2897,"timezone":"Europe/Warsaw","translations":{"br":"Leśnica","ko":"레시니차","pt-BR":"Leśnica","pt":"Leśnica","nl":"Lesnica","hr":"Leśnica","fa":"لسنیکا","de":"Leśnica","es":"Leśnica","fr":"Leśnica","ja":"レシニツァ","it":"Leśnica","zh-CN":"莱希尼察","tr":"Leśnica","ru":"Лесница","uk":"Лісниця","pl":"Leśnica","hi":"लेस्नीका","ar":"ليسنيكا"},"wikiDataId":"Q6538313"},{"id":86885,"name":"Lewin Brzeski","state_id":1622,"state_code":"16","state_name":"Upper Silesia","country_id":176,"country_code":"PL","country_name":"Poland","latitude":"50.74870000","longitude":"17.61688000","native":"Lewin Brzeski","type":"adm3","level":null,"parent_id":null,"population":5668,"timezone":"Europe/Warsaw","translations":{"br":"Lewin Brzeski","ko":"레윈 브르제스키","pt-BR":"Lewin Brzeski","pt":"Lewin Brzeski","nl":"Lewin Brzeski","hr":"Lewin Brzeski","fa":"لوین برزسکی","de":"Lewin Brzeski","es":"Lewin Brzeski","fr":"Lewin Brzeski","ja":"ルーウィン・ブルゼスキ","it":"Lewin Brzeski","zh-CN":"列文·布热斯基","tr":"Lewin Brzeski","ru":"Левин Бжески","uk":"Левін Бжеський","pl":"Lewin Brzeski","hi":"लेविन ब्रज़ेस्की","ar":"لوين برزيسكي"},"wikiDataId":"Q264172"},{"id":86959,"name":"Lubrza","state_id":1622,"state_code":"16","state_name":"Upper Silesia","country_id":176,"country_code":"PL","country_name":"Poland","latitude":"50.33631000","longitude":"17.62636000","native":"Lubrza","type":"adm3","level":null,"parent_id":null,"population":1161,"timezone":"Europe/Warsaw","translations":{"br":"Lubrza","ko":"루브르자","pt-BR":"Lubrza","pt":"Lubrza","nl":"Lubrza","hr":"Lubrza","fa":"لوبرزا","de":"Lubrza","es":"Lubrza","fr":"Lubrza","ja":"ルブルザ","it":"Lubrza","zh-CN":"卢布扎","tr":"Lubrza","ru":"Лубжа","uk":"Любжа","pl":"Lubrza","hi":"लुब्र्ज़ा","ar":"لوبرزا"},"wikiDataId":"Q1022956"},{"id":86961,"name":"Lubsza","state_id":1622,"state_code":"16","state_name":"Upper Silesia","country_id":176,"country_code":"PL","country_name":"Poland","latitude":"50.91591000","longitude":"17.52173000","native":"Lubsza","type":"adm3","level":null,"parent_id":null,"population":1375,"timezone":"Europe/Warsaw","translations":{"br":"Lubsza","ko":"루브사","pt-BR":"Lubsza","pt":"Lubsza","nl":"Lubsza","hr":"Lubsza","fa":"لوبشا","de":"Lubsza","es":"Lubsza","fr":"Lubsza","ja":"ルブザ","it":"Lubsza","zh-CN":"卢布萨","tr":"Lubsza","ru":"Любша","uk":"Любша","pl":"Lubsza","hi":"लुब्स्ज़ा","ar":"لوبسزا"},"wikiDataId":"Q149111"},{"id":88815,"name":"Łąka Prudnicka","state_id":1622,"state_code":"16","state_name":"Upper Silesia","country_id":176,"country_code":"PL","country_name":"Poland","latitude":"50.31061000","longitude":"17.52809000","native":"Łąka Prudnicka","type":"city","level":null,"parent_id":null,"population":1270,"timezone":"Europe/Warsaw","translations":{"br":"Łąka Prudnicka","ko":"Łąka Prudnicka","pt-BR":"Łąka Prudnicka","pt":"Łąka Prudnicka","nl":"Łąka Prudnicka","hr":"Łąka Prudnicka","fa":"واکا پرودنیسکا","de":"Łąka Prudnicka","es":"Laka Prudnicka","fr":"Łąka Prudnicka","ja":"Łąka Prudnicka","it":"Łąka Prudnicka","zh-CN":"Łąka Prudnicka","tr":"Łąka Prudnicka","ru":"Łąka Prudnicka","uk":"Ланка Прудницька","pl":"Łąka Prudnicka","hi":"Łąka Prudnicka","ar":"Łąka Prudnicka"},"wikiDataId":"Q384365"},{"id":88763,"name":"Łambinowice","state_id":1622,"state_code":"16","state_name":"Upper Silesia","country_id":176,"country_code":"PL","country_name":"Poland","latitude":"50.53869000","longitude":"17.56096000","native":"Łambinowice","type":"adm3","level":null,"parent_id":null,"population":2320,"timezone":"Europe/Warsaw","translations":{"br":"Łambinowice","ko":"왐비노비체","pt-BR":"Łambinowice","pt":"Łambinowice","nl":"Łambinowice","hr":"Łambinowice","fa":"لمبینویتسه","de":"Łambinowice","es":"Łambinowice","fr":"Łambinowice","ja":"ワムビノヴィツェ","it":"Łambinowice","zh-CN":"Łambinowice","tr":"Łambinowice","ru":"Ламбиновице","uk":"Ламбіновіце","pl":"Łambinowice","hi":"लाम्बिनोविसे","ar":"لامبينوفيتشي"},"wikiDataId":"Q345210"},{"id":88793,"name":"Łosiów","state_id":1622,"state_code":"16","state_name":"Upper Silesia","country_id":176,"country_code":"PL","country_name":"Poland","latitude":"50.79096000","longitude":"17.56594000","native":"Łosiów","type":"city","level":null,"parent_id":null,"population":1433,"timezone":"Europe/Warsaw","translations":{"br":"Łosiów","ko":"로시오프","pt-BR":"Łosiów","pt":"Łosiów","nl":"Łosiów","hr":"Łosiów","fa":"ووسیو","de":"Łosiów","es":"Łosiów","fr":"Łosiów","ja":"ウォシオフ","it":"Łosiów","zh-CN":"沃希奥夫","tr":"Łosiów","ru":"Лосюв","uk":"Лосіув","pl":"Łosiów","hi":"लोसिओव","ar":"لوسيو"},"wikiDataId":"Q345442"},{"id":88797,"name":"Łubniany","state_id":1622,"state_code":"16","state_name":"Upper Silesia","country_id":176,"country_code":"PL","country_name":"Poland","latitude":"50.78597000","longitude":"18.00110000","native":"Łubniany","type":"city","level":null,"parent_id":null,"population":1616,"timezone":"Europe/Warsaw","translations":{"br":"Łubniany","ko":"루브니아니","pt-BR":"Łubniany","pt":"Łubniany","nl":"Łubniany","hr":"Łubniany","fa":"لوبنیانی","de":"Łubniany","es":"Łubniany","fr":"Łubniany","ja":"ルブニャニ","it":"Łubniany","zh-CN":"卢布尼亚尼","tr":"Łubniany","ru":"Лубняны","uk":"Лубняни","pl":"Łubniany","hi":"लुब्नियानी","ar":"لوبنياني"},"wikiDataId":"Q661872"},{"id":87097,"name":"Moszczanka","state_id":1622,"state_code":"16","state_name":"Upper Silesia","country_id":176,"country_code":"PL","country_name":"Poland","latitude":"50.30020000","longitude":"17.49109000","native":"Moszczanka","type":"city","level":null,"parent_id":null,"population":1116,"timezone":"Europe/Warsaw","translations":{"br":"Moszczanka","ko":"모슈찬카","pt-BR":"Moszczanka","pt":"Moszczanka","nl":"Moszczanka","hr":"Moszczanka","fa":"موچزانکا","de":"Moszczanka","es":"Moszczanka","fr":"Moszczanka","ja":"モシュチャンカ","it":"Moszczanka","zh-CN":"莫什赞卡","tr":"Moszczanka","ru":"Мощанка","uk":"Мощанка","pl":"Moszczanka","hi":"मोस्ज़्ज़ांका","ar":"موشكانكا"},"wikiDataId":"Q6917056"},{"id":87114,"name":"Murów","state_id":1622,"state_code":"16","state_name":"Upper Silesia","country_id":176,"country_code":"PL","country_name":"Poland","latitude":"50.86307000","longitude":"17.94557000","native":"Murów","type":"city","level":null,"parent_id":null,"population":1577,"timezone":"Europe/Warsaw","translations":{"br":"Murów","ko":"무루프","pt-BR":"Murów","pt":"Murów","nl":"Murów","hr":"Murów","fa":"مورو","de":"Murów","es":"Murów","fr":"Murów","ja":"ムロウ","it":"Murów","zh-CN":"穆鲁夫","tr":"Murów","ru":"Мурув","uk":"Муров","pl":"Murów","hi":"मुरोव","ar":"مورو"},"wikiDataId":"Q51003"},{"id":87134,"name":"Nakło","state_id":1622,"state_code":"16","state_name":"Upper Silesia","country_id":176,"country_code":"PL","country_name":"Poland","latitude":"50.57975000","longitude":"18.11817000","native":"Nakło","type":"city","level":null,"parent_id":null,"population":1425,"timezone":"Europe/Warsaw","translations":{"br":"Nakło","ko":"나클로","pt-BR":"Nakło","pt":"Nakło","nl":"Nakło","hr":"Nakło","fa":"ناکلئو","de":"Nakło","es":"Naklo","fr":"Nakło","ja":"ナクロ","it":"Nakło","zh-CN":"纳克沃","tr":"Nakło","ru":"Накло","uk":"Накло","pl":"Nakło","hi":"नाको","ar":"ناكلو"},"wikiDataId":"Q1964029"},{"id":87136,"name":"Namysłów","state_id":1622,"state_code":"16","state_name":"Upper Silesia","country_id":176,"country_code":"PL","country_name":"Poland","latitude":"51.07592000","longitude":"17.72284000","native":"Namysłów","type":"adm2","level":null,"parent_id":null,"population":16942,"timezone":"Europe/Warsaw","translations":{"br":"Namysłów","ko":"나미스로프","pt-BR":"Namysłów","pt":"Namysłów","nl":"Namysłów","hr":"Namyslów","fa":"نامیسلاو","de":"Namysłów","es":"Namyslów","fr":"Namysłów","ja":"ナミスウフ","it":"Namysłów","zh-CN":"纳米斯沃夫","tr":"Namysłów","ru":"Намыслув","uk":"Намислов","pl":"Namysłów","hi":"नामिस्लॉ","ar":"ناميسلاف"},"wikiDataId":"Q717774"},{"id":87164,"name":"Niemodlin","state_id":1622,"state_code":"16","state_name":"Upper Silesia","country_id":176,"country_code":"PL","country_name":"Poland","latitude":"50.64200000","longitude":"17.61932000","native":"Niemodlin","type":"city","level":null,"parent_id":null,"population":5926,"timezone":"Europe/Warsaw","translations":{"br":"Niemodlin","ko":"니에모들린","pt-BR":"Niemodlin","pt":"Niemodlin","nl":"Niemodlin","hr":"Niemodlin","fa":"نیمودلین","de":"Niemodlin","es":"Niemodlin","fr":"Niemodlin","ja":"ニーモドリン","it":"Niemodlin","zh-CN":"尼莫德林","tr":"Niemodlin","ru":"Немодлин","uk":"Нємодлін","pl":"Niemodlin","hi":"नीमोडलिन","ar":"نيمودلين"},"wikiDataId":"Q1003112"},{"id":87214,"name":"Nysa","state_id":1622,"state_code":"16","state_name":"Upper Silesia","country_id":176,"country_code":"PL","country_name":"Poland","latitude":"50.47379000","longitude":"17.33437000","native":"Nysa","type":"adm2","level":null,"parent_id":null,"population":42151,"timezone":"Europe/Warsaw","translations":{"br":"Nysa","ko":"니사","pt-BR":"Nysa","pt":"Nysa","nl":"Nysa","hr":"Nisa","fa":"نیسا","de":"Nysa","es":"Nysa","fr":"Nysa","ja":"ニサ","it":"Nysa","zh-CN":"尼萨","tr":"Nysa","ru":"Ныса","uk":"Ниса","pl":"Nysa","hi":"निसा","ar":"نيسا"},"wikiDataId":"Q815721"},{"id":87238,"name":"Olesno","state_id":1622,"state_code":"16","state_name":"Upper Silesia","country_id":176,"country_code":"PL","country_name":"Poland","latitude":"50.87698000","longitude":"18.42094000","native":"Olesno","type":"adm3","level":null,"parent_id":null,"population":9122,"timezone":"Europe/Warsaw","translations":{"br":"Olesno","ko":"올레스노","pt-BR":"Olesno","pt":"Olesno","nl":"Olesno","hr":"Olesno","fa":"اولسنو","de":"Olesno","es":"Olesno","fr":"Olesno","ja":"オレスノ","it":"Olesno","zh-CN":"奥莱斯诺","tr":"Olesno","ru":"Олесно","uk":"Олесно","pl":"Olesno","hi":"ओलेस्नो","ar":"أوليسنو"},"wikiDataId":"Q717404"},{"id":87246,"name":"Olszanka","state_id":1622,"state_code":"16","state_name":"Upper Silesia","country_id":176,"country_code":"PL","country_name":"Poland","latitude":"50.79514000","longitude":"17.47890000","native":"Olsanka","type":"adm3","level":null,"parent_id":null,"population":447,"timezone":"Europe/Warsaw","translations":{"br":"Olszanka","ko":"올샨카","pt-BR":"Olszanka","pt":"Olszanka","nl":"Olszanka","hr":"Olszanka","fa":"اولشانکا","de":"Olszanka","es":"Olszanka","fr":"Olszanka","ja":"オルシャンカ","it":"Olszanka","zh-CN":"奥尔斯赞卡","tr":"Olszanka","ru":"Ольшанка","uk":"Ольшанка","pl":"Olszanka","hi":"ओल्सज़ांका","ar":"أولزانكا"},"wikiDataId":"Q7088610"},{"id":87262,"name":"Opole","state_id":1622,"state_code":"16","state_name":"Upper Silesia","country_id":176,"country_code":"PL","country_name":"Poland","latitude":"50.67211000","longitude":"17.92533000","native":"Opole","type":"adm1","level":null,"parent_id":null,"population":127387,"timezone":"Europe/Warsaw","translations":{"br":"Opole","ko":"오폴레","pt-BR":"Opole","pt":"Opole","nl":"Opole","hr":"Opole","fa":"اوپوله","de":"Oppeln","es":"Opole","fr":"Opole","ja":"オポーレ","it":"Opole","zh-CN":"奥波莱","tr":"Opole","ru":"Ополе","uk":"Ополе","pl":"Opole","hi":"ओपोले","ar":"أوبولي"},"wikiDataId":"Q92212"},{"id":87315,"name":"Otmuchów","state_id":1622,"state_code":"16","state_name":"Upper Silesia","country_id":176,"country_code":"PL","country_name":"Poland","latitude":"50.46627000","longitude":"17.17348000","native":"Otmuchów","type":"adm3","level":null,"parent_id":null,"population":6360,"timezone":"Europe/Warsaw","translations":{"br":"Otmuchów","ko":"오트무초프","pt-BR":"Otmuchów","pt":"Otmuchów","nl":"Otmuchów","hr":"Otmuchów","fa":"اوتمچو","de":"Otmuchów","es":"Otmuchów","fr":"Otmuchów","ja":"オトムフフ","it":"Otmuchów","zh-CN":"奥特穆胡夫","tr":"Otmuchów","ru":"Отмухув","uk":"Отмухув","pl":"Otmuchów","hi":"ओटमुचोव","ar":"أوتموتشوف"},"wikiDataId":"Q1005442"},{"id":87320,"name":"Ozimek","state_id":1622,"state_code":"16","state_name":"Upper Silesia","country_id":176,"country_code":"PL","country_name":"Poland","latitude":"50.67944000","longitude":"18.21370000","native":"Ozimek","type":"city","level":null,"parent_id":null,"population":8211,"timezone":"Europe/Warsaw","translations":{"br":"Ozimek","ko":"오지멕","pt-BR":"Ozimek","pt":"Ozimek","nl":"Ozimek","hr":"Özimek","fa":"اوزیمک","de":"Ozimek","es":"Ozimek","fr":"Ozimek","ja":"オジメク","it":"Ozimek","zh-CN":"奥兹梅克","tr":"Ozimek","ru":"Озимек","uk":"Озімек","pl":"Ozimek","hi":"ओज़िमेक","ar":"أوزيميك"},"wikiDataId":"Q567827"},{"id":87333,"name":"Paczków","state_id":1622,"state_code":"16","state_name":"Upper Silesia","country_id":176,"country_code":"PL","country_name":"Poland","latitude":"50.46395000","longitude":"17.00658000","native":"Paczków","type":"adm3","level":null,"parent_id":null,"population":6941,"timezone":"Europe/Warsaw","translations":{"br":"Paczków","ko":"파츠코프","pt-BR":"Paczków","pt":"Paczków","nl":"Paczków","hr":"Paczków","fa":"پاچکوف","de":"Paczków","es":"Paczków","fr":"Paczków","ja":"パチュクフ","it":"Paczków","zh-CN":"帕奇库夫","tr":"Paczków","ru":"Пачкув","uk":"Пачкув","pl":"Paczków","hi":"Paczkow","ar":"باكزكوف"},"wikiDataId":"Q988574"},{"id":87337,"name":"Pakosławice","state_id":1622,"state_code":"16","state_name":"Upper Silesia","country_id":176,"country_code":"PL","country_name":"Poland","latitude":"50.54474000","longitude":"17.36578000","native":"Pakosławice","type":"adm3","level":null,"parent_id":null,"population":500,"timezone":"Europe/Warsaw","translations":{"br":"Pakosławice","ko":"파코스와비체","pt-BR":"Pakosławice","pt":"Pakosławice","nl":"Pakosławice","hr":"Pakosławice","fa":"پاکوسواویتسه","de":"Pakosławice","es":"Pakosławice","fr":"Pakosławice","ja":"パコスワヴィツェ","it":"Pakosławice","zh-CN":"帕科斯瓦维采","tr":"Pakosławice","ru":"Пакославице","uk":"Пакославіце","pl":"Pakosławice","hi":"पाकोस्लाविस","ar":"باكوسلافيس"},"wikiDataId":"Q984067"},{"id":87359,"name":"Pawłowiczki","state_id":1622,"state_code":"16","state_name":"Upper Silesia","country_id":176,"country_code":"PL","country_name":"Poland","latitude":"50.24660000","longitude":"18.04865000","native":"Pawłowiczki","type":"adm3","level":null,"parent_id":null,"population":1159,"timezone":"Europe/Warsaw","translations":{"br":"Pawłowiczki","ko":"파블로비츠키","pt-BR":"Pawłowiczki","pt":"Pawłowiczki","nl":"Pawłowiczki","hr":"Pawłowiczki","fa":"پاولوویچکی","de":"Pawłowiczki","es":"Pawłowiczki","fr":"Pawłowiczki","ja":"パヴウォヴィツキ","it":"Pawłowiczki","zh-CN":"帕夫洛维奇基","tr":"Pawłowiczki","ru":"Павловичский","uk":"Павловичі","pl":"Pawłowiczki","hi":"पाव्लोविक्ज़की","ar":"باولوفيتشكي"},"wikiDataId":"Q2529082"},{"id":87429,"name":"Pokój","state_id":1622,"state_code":"16","state_name":"Upper Silesia","country_id":176,"country_code":"PL","country_name":"Poland","latitude":"50.90265000","longitude":"17.83751000","native":"Pokój","type":"adm3","level":null,"parent_id":null,"population":1386,"timezone":"Europe/Warsaw","translations":{"br":"Pokój","ko":"포코이","pt-BR":"Pokój","pt":"Pokój","nl":"Pokój","hr":"Pokoj","fa":"پوکوی","de":"Pokój","es":"Pokój","fr":"Pokój","ja":"ポコイ","it":"Pokój","zh-CN":"波科伊","tr":"Pokój","ru":"Покой","uk":"Покой","pl":"Pokój","hi":"पोकोज","ar":"بوكوج"},"wikiDataId":"Q910522"},{"id":87437,"name":"Polska Cerekiew","state_id":1622,"state_code":"16","state_name":"Upper Silesia","country_id":176,"country_code":"PL","country_name":"Poland","latitude":"50.22827000","longitude":"18.12675000","native":"Polska Cerekiew","type":"adm3","level":null,"parent_id":null,"population":1244,"timezone":"Europe/Warsaw","translations":{"br":"Polska Cerekiew","ko":"폴스카 체레키에프","pt-BR":"Polonês Cerekiew","pt":"Polonês Cerekiew","nl":"Polska Cerekiew","hr":"Poljska Cerekiew","fa":"لهستان سرکیو","de":"Polska Cerekiew","es":"Cerekiew polaco","fr":"Pologne Cerekiew","ja":"ポーランド語","it":"Polska Cerekiew","zh-CN":"波兰切雷基耶夫","tr":"Polska Cerekiew","ru":"Польска Церекев","uk":"Польська Церекєв","pl":"Polska Cerekiew","hi":"पोल्स्का सेरेकिव","ar":"بولندا سيريكيو"},"wikiDataId":"Q1547977"},{"id":87442,"name":"Popielów","state_id":1622,"state_code":"16","state_name":"Upper Silesia","country_id":176,"country_code":"PL","country_name":"Poland","latitude":"50.82632000","longitude":"17.74378000","native":"Popielów","type":"city","level":null,"parent_id":null,"population":2400,"timezone":"Europe/Warsaw","translations":{"br":"Popielów","ko":"포피엘로프","pt-BR":"Popielów","pt":"Popielów","nl":"Popielów","hr":"Popielów","fa":"پوپیلوو","de":"Popielów","es":"Popielów","fr":"Popielów","ja":"ポピエロウ","it":"Popielów","zh-CN":"波皮洛夫","tr":"Popielów","ru":"Попелюв","uk":"Попелув","pl":"Popielów","hi":"पोपीलोव","ar":"بوبيلو"},"wikiDataId":"Q1974096"},{"id":87787,"name":"Praszka","state_id":1622,"state_code":"16","state_name":"Upper Silesia","country_id":176,"country_code":"PL","country_name":"Poland","latitude":"51.05375000","longitude":"18.45317000","native":"Praszka","type":"adm3","level":null,"parent_id":null,"population":7322,"timezone":"Europe/Warsaw","translations":{"br":"Praszka","ko":"프라스카","pt-BR":"Praszka","pt":"Praszka","nl":"Praszka","hr":"Praszka","fa":"پراشکا","de":"Praszka","es":"Praszka","fr":"Praszka","ja":"プラスカ","it":"Praszka","zh-CN":"普拉斯卡","tr":"Praszka","ru":"Прашка","uk":"Прашка","pl":"Praszka","hi":"प्रस्ज़्का","ar":"براسزكا"},"wikiDataId":"Q569938"},{"id":87837,"name":"Prószków","state_id":1622,"state_code":"16","state_name":"Upper Silesia","country_id":176,"country_code":"PL","country_name":"Poland","latitude":"50.57670000","longitude":"17.87143000","native":"Prószków","type":"city","level":null,"parent_id":null,"population":2544,"timezone":"Europe/Warsaw","translations":{"br":"Prószków","ko":"프로슈코프","pt-BR":"Prószków","pt":"Prószków","nl":"Prószków","hr":"Prószków","fa":"پروشکوف","de":"Prószków","es":"Prószków","fr":"Prószków","ja":"プロシュクフ","it":"Prószków","zh-CN":"普罗斯库夫","tr":"Prószków","ru":"Прушкув","uk":"Прушкув","pl":"Prószków","hi":"प्रोस्ज़कोव","ar":"بروسزكوف"},"wikiDataId":"Q1001200"},{"id":87795,"name":"Prudnik","state_id":1622,"state_code":"16","state_name":"Upper Silesia","country_id":176,"country_code":"PL","country_name":"Poland","latitude":"50.32124000","longitude":"17.57461000","native":"Prudnik","type":"adm2","level":null,"parent_id":null,"population":19747,"timezone":"Europe/Warsaw","translations":{"br":"Prudnik","ko":"프루드니크","pt-BR":"Prudnik","pt":"Prudnik","nl":"Prudnik","hr":"Prudnik","fa":"پرودنیک","de":"Prudnik","es":"Prudnik","fr":"Prudnik","ja":"プルドニク","it":"Prudnik","zh-CN":"普鲁德尼克","tr":"Prudnik","ru":"Прудник","uk":"Прудник","pl":"Prudnik","hi":"प्रुडनिक","ar":"برودنيك"},"wikiDataId":"Q986984"},{"id":87878,"name":"Racławice Śląskie","state_id":1622,"state_code":"16","state_name":"Upper Silesia","country_id":176,"country_code":"PL","country_name":"Poland","latitude":"50.31204000","longitude":"17.77528000","native":"Racławice Śląskie","type":"city","level":null,"parent_id":null,"population":1311,"timezone":"Europe/Warsaw","translations":{"br":"Racławice Śląskie","ko":"라츠와비체 실롱스키에","pt-BR":"Racławice Śląskie","pt":"Racławice Śląskie","nl":"Racławice Śląskie","hr":"Racławice Šleske","fa":"راتسوویتسه شلسکیه","de":"Racławice Śląskie","es":"Racławice Silesia","fr":"Racławice Śląskie","ja":"ラツワヴィツェ・シロンスキエ","it":"Racławice Śląskie","zh-CN":"拉茨瓦维采·希隆斯克","tr":"Racławice Śląskie","ru":"Рацлавице-Слёнске","uk":"Рацлавіце Сілезьке","pl":"Racławice Śląskie","hi":"राक्लाविसे Śląskie","ar":"راكسلاويتشي سلاسكي"},"wikiDataId":"Q2125344"},{"id":87915,"name":"Raszowa","state_id":1622,"state_code":"16","state_name":"Upper Silesia","country_id":176,"country_code":"PL","country_name":"Poland","latitude":"50.39779000","longitude":"18.17722000","native":"Raszowa","type":"city","level":null,"parent_id":null,"population":1060,"timezone":"Europe/Warsaw","translations":{"br":"Raszowa","ko":"라쇼바","pt-BR":"Raszowa","pt":"Raszowa","nl":"Raszowa","hr":"Raszówá","fa":"راشووا","de":"Raszowa","es":"Raszowa","fr":"Raszowa","ja":"ラショヴァ","it":"Raszowa","zh-CN":"拉佐瓦","tr":"Raszowa","ru":"Рашова","uk":"Рашова","pl":"Raszowa","hi":"रस्ज़ोवा","ar":"راسزووا"},"wikiDataId":"Q374244"},{"id":87941,"name":"Reńska Wieś","state_id":1622,"state_code":"16","state_name":"Upper Silesia","country_id":176,"country_code":"PL","country_name":"Poland","latitude":"50.31587000","longitude":"18.12607000","native":"Reńska Wieś","type":"adm3","level":null,"parent_id":null,"population":1800,"timezone":"Europe/Warsaw","translations":{"br":"Reńska Wieś","ko":"렌스카 비에시","pt-BR":"Reńska Wieś","pt":"Reńska Wieś","nl":"Reńska Wieś","hr":"Reńska Wieś","fa":"رنسکا ویش","de":"Reńska Wieś","es":"Reńska Wieś","fr":"Reńska Wieś","ja":"レンスカ・ヴィエシュ","it":"Reńska Wieś","zh-CN":"伦斯卡·维斯","tr":"Reńska Wieś","ru":"Reńska Wieś","uk":"Реньська Вісь","pl":"Reńska Wieś","hi":"रेन्स्का विएश","ar":"رينسكا فيش"},"wikiDataId":"Q986841"},{"id":87967,"name":"Rozwadza","state_id":1622,"state_code":"16","state_name":"Upper Silesia","country_id":176,"country_code":"PL","country_name":"Poland","latitude":"50.43493000","longitude":"18.09980000","native":"Rozwadza","type":"city","level":null,"parent_id":null,"population":884,"timezone":"Europe/Warsaw","translations":{"br":"Rozwadza","ko":"로즈와자","pt-BR":"Rozwadza","pt":"Rozwadza","nl":"Rozwadza","hr":"Rozwadza","fa":"روزوادزا","de":"Rozwadza","es":"Rozwadza","fr":"Rozwadza","ja":"ロズワザ","it":"Rozwadza","zh-CN":"罗兹瓦扎","tr":"Rozwadza","ru":"Розвадза","uk":"Розвадза","pl":"Rozwadza","hi":"रोज़वाड्ज़ा","ar":"روزوادزا"},"wikiDataId":"Q2171294"},{"id":88062,"name":"Sidzina","state_id":1622,"state_code":"16","state_name":"Upper Silesia","country_id":176,"country_code":"PL","country_name":"Poland","latitude":"50.57375000","longitude":"17.44904000","native":"Gówno","type":"city","level":null,"parent_id":null,"population":1033,"timezone":"Europe/Warsaw","translations":{"br":"Sidzina","ko":"시지나","pt-BR":"Sidzina","pt":"Sidzina","nl":"Sidzina","hr":"Sidzina","fa":"سیدزینا","de":"Sidzina","es":"Sidzina","fr":"Sidzina","ja":"シジナ","it":"Sidzina","zh-CN":"西兹娜","tr":"Sidzina","ru":"Сидзина","uk":"Сідзіна","pl":"Sidzina","hi":"सिदज़िना","ar":"سيدزينا"},"wikiDataId":"Q7509515"},{"id":88097,"name":"Skarbimierz Osiedle","state_id":1622,"state_code":"16","state_name":"Upper Silesia","country_id":176,"country_code":"PL","country_name":"Poland","latitude":"50.84584000","longitude":"17.41865000","native":"Skarbimierz Osiedle","type":"adm3","level":null,"parent_id":null,"population":1845,"timezone":"Europe/Warsaw","translations":{"br":"Skarbimierz Osiedle","ko":"스카르비미에르즈 오시에들레","pt-BR":"Skarbimierz Osiedle","pt":"Skarbimierz Osiedle","nl":"Skarbimierz Osiedle","hr":"Skarbimierz Osiedle","fa":"اسکاربیمیرز اوسیدل","de":"Skarbimierz Osiedle","es":"Skarbimierz Osiedle","fr":"Skarbimierz Osiedle","ja":"スカルビミエシュ・オシエドレ","it":"Skarbimierz Osiedle","zh-CN":"斯卡比米尔日·奥西德尔","tr":"Skarbimierz Osiedle","ru":"Skarbimierz Osiedle","uk":"Скарбімеж Осідле","pl":"Skarbimierz Osiedle","hi":"स्कारबिमिएर्ज़ ओसिडल","ar":"سكاربيميرز أوسيدلي"},"wikiDataId":"Q9337662"},{"id":88112,"name":"Skorogoszcz","state_id":1622,"state_code":"16","state_name":"Upper Silesia","country_id":176,"country_code":"PL","country_name":"Poland","latitude":"50.75916000","longitude":"17.68198000","native":"Skorogoszcz","type":"city","level":null,"parent_id":null,"population":1087,"timezone":"Europe/Warsaw","translations":{"br":"Skorogoszcz","ko":"스코로고슈치","pt-BR":"Skorogoszcz","pt":"Skorogoszcz","nl":"Skorogoszcz","hr":"Skorogoszcz","fa":"اسکوروگوشچ","de":"Skorogoszcz","es":"Skorogoszcz","fr":"Skorogoszcz","ja":"スコロゴシュチ","it":"Skorogoszcz","zh-CN":"斯科罗格什","tr":"Skorogoszcz","ru":"Скорогощ","uk":"Скорогощ","pl":"Skorogoszcz","hi":"स्कोरोगोस्ज़क","ar":"سكوروجوسزتش"},"wikiDataId":"Q2292885"},{"id":88113,"name":"Skoroszyce","state_id":1622,"state_code":"16","state_name":"Upper Silesia","country_id":176,"country_code":"PL","country_name":"Poland","latitude":"50.59648000","longitude":"17.38243000","native":"Skoroszyce","type":"adm3","level":null,"parent_id":null,"population":1422,"timezone":"Europe/Warsaw","translations":{"br":"Skoroszyce","ko":"스코로시체","pt-BR":"Skoroszyce","pt":"Skoroszyce","nl":"Skoroszyce","hr":"Skoroszyce","fa":"اسکوروسیتس","de":"Skoroszyce","es":"Skoroszyce","fr":"Skoroszyce","ja":"スコロシツェ","it":"Skoroszyce","zh-CN":"斯科罗希采","tr":"Skoroszyce","ru":"Скорошице","uk":"Скорошице","pl":"Skoroszyce","hi":"स्कोरोस्ज़ीसे","ar":"سكوروسيزيس"},"wikiDataId":"Q984046"},{"id":88336,"name":"Sławięcice","state_id":1622,"state_code":"16","state_name":"Upper Silesia","country_id":176,"country_code":"PL","country_name":"Poland","latitude":"50.37207000","longitude":"18.32176000","native":"Sławięcice","type":"section","level":null,"parent_id":null,"population":2770,"timezone":"Europe/Warsaw","translations":{"br":"Sławięcice","ko":"스와비에치체","pt-BR":"Sławięcice","pt":"Sławięcice","nl":"Sławięcice","hr":"Sławięcice","fa":"اسلاویس","de":"Sławięcice","es":"Sławięcice","fr":"Sławięcice","ja":"スワヴィエンチツェ","it":"Sławięcice","zh-CN":"斯瓦维希采","tr":"Sławięcice","ru":"Славенцице","uk":"Славенціце","pl":"Sławięcice","hi":"स्लाविएसिस","ar":"سلاويتشي"},"wikiDataId":"Q834490"},{"id":88228,"name":"Strzelce Opolskie","state_id":1622,"state_code":"16","state_name":"Upper Silesia","country_id":176,"country_code":"PL","country_name":"Poland","latitude":"50.51070000","longitude":"18.30056000","native":"Strzelce Opolskie","type":"adm2","level":null,"parent_id":null,"population":17512,"timezone":"Europe/Warsaw","translations":{"br":"Strzelce Opolskie","ko":"스트젤체 오폴스키에","pt-BR":"Strzelce Opolskie","pt":"Strzelce Opolskie","nl":"Strzelce Opolskie","hr":"Strzelce Opolskie","fa":"استرزلتسه اوپولسکی","de":"Strzelce Opolskie","es":"Strzelce Opolskie","fr":"Strzelce Opolskie","ja":"シュトレルツェ・オポルスキエ","it":"Strzelce Opolskie","zh-CN":"斯特泽尔采·奥波莱斯基","tr":"Strzelce Opolskie","ru":"Стшельце Опольске","uk":"Стшельце Опольське","pl":"Strzelce Opolskie","hi":"स्ट्रज़ेल्स ओपोल्स्की","ar":"سترزيلسي أوبولسكي"},"wikiDataId":"Q717399"},{"id":88230,"name":"Strzeleczki","state_id":1622,"state_code":"16","state_name":"Upper Silesia","country_id":176,"country_code":"PL","country_name":"Poland","latitude":"50.46215000","longitude":"17.85665000","native":"Strzeleczki","type":"adm3","level":null,"parent_id":null,"population":1540,"timezone":"Europe/Warsaw","translations":{"br":"Strzeleczki","ko":"스트젤레츠키","pt-BR":"Strzeleczki","pt":"Strzeleczki","nl":"Strzeleczki","hr":"Strzeleczki","fa":"استرزلکی","de":"Strzeleczki","es":"Strzeleczki","fr":"Strzeleczki","ja":"ストレジェツキ","it":"Strzeleczki","zh-CN":"斯特泽莱茨基","tr":"Strzeleczki","ru":"Стшелецкий","uk":"Стшелецький","pl":"Strzeleczki","hi":"स्ट्रेज़ेलेज़्की","ar":"سترزيليتشكي"},"wikiDataId":"Q2724350"},{"id":88853,"name":"Świerczów","state_id":1622,"state_code":"16","state_name":"Upper Silesia","country_id":176,"country_code":"PL","country_name":"Poland","latitude":"50.96016000","longitude":"17.75880000","native":"Świerczów","type":"adm3","level":null,"parent_id":null,"population":601,"timezone":"Europe/Warsaw","translations":{"br":"Świerczów","ko":"시비에르초프","pt-BR":"Świerczów","pt":"Świerczów","nl":"Świerczów","hr":"Świerczów","fa":"شوایرچوف","de":"Świerczów","es":"Świerczów","fr":"Świerczów","ja":"シュフィエルチュフ","it":"Świerczów","zh-CN":"希维尔丘夫","tr":"Świerczów","ru":"Сверчув","uk":"Свєрчув","pl":"Świerczów","hi":"स्विएरकोज़","ar":"سويرسزو"},"wikiDataId":"Q676351"},{"id":88366,"name":"Tarnów Opolski","state_id":1622,"state_code":"16","state_name":"Upper Silesia","country_id":176,"country_code":"PL","country_name":"Poland","latitude":"50.57631000","longitude":"18.08367000","native":"Tarnów Opolski","type":"city","level":null,"parent_id":null,"population":3486,"timezone":"Europe/Warsaw","translations":{"br":"Tarnów Opolski","ko":"타르노프 오폴스키","pt-BR":"Tarnów Opolski","pt":"Tarnów Opolski","nl":"Tarnów Opolski","hr":"Tarnów Opolski","fa":"تارنوف اوپولسکی","de":"Tarnów Opolski","es":"Tarnów Opolski","fr":"Tarnów Opolski","ja":"タルヌフ・オポルスキ","it":"Tarnów Opolski","zh-CN":"塔尔努夫奥波利斯基","tr":"Tarnów Opolski","ru":"Тарнув-Опольски","uk":"Тарнув Опольський","pl":"Tarnów Opolski","hi":"टार्नोव ओपोल्स्की","ar":"تارنوف أوبولسكي"},"wikiDataId":"Q269180"},{"id":88430,"name":"Tułowice","state_id":1622,"state_code":"16","state_name":"Upper Silesia","country_id":176,"country_code":"PL","country_name":"Poland","latitude":"50.59577000","longitude":"17.65323000","native":"Tułowice","type":"city","level":null,"parent_id":null,"population":4290,"timezone":"Europe/Warsaw","translations":{"br":"Tułowice","ko":"툴로비체","pt-BR":"Tułowice","pt":"Tułowice","nl":"Tułowice","hr":"Tułowice","fa":"توووویتسه","de":"Tułowice","es":"Tulowice","fr":"Tułowice","ja":"トゥウォヴィツェ","it":"Tułowice","zh-CN":"图沃维采","tr":"Tułowice","ru":"Туловице","uk":"Туловіце","pl":"Tułowice","hi":"टुलोविसे","ar":"تولوفيتشي"},"wikiDataId":"Q403941"},{"id":88431,"name":"Twardawa","state_id":1622,"state_code":"16","state_name":"Upper Silesia","country_id":176,"country_code":"PL","country_name":"Poland","latitude":"50.34349000","longitude":"17.99097000","native":"Twardawa","type":"city","level":null,"parent_id":null,"population":1029,"timezone":"Europe/Warsaw","translations":{"br":"Twardawa","ko":"트와르다와","pt-BR":"Twardawa","pt":"Twardawa","nl":"Twardawa","hr":"Twardawa","fa":"توارداوا","de":"Twardawa","es":"Twardawa","fr":"Twardawa","ja":"トゥワルダワ","it":"Twardawa","zh-CN":"特瓦尔达瓦","tr":"Twardawa","ru":"Твардава","uk":"Твардава","pl":"Twardawa","hi":"ट्वार्डावा","ar":"توارداوا"},"wikiDataId":"Q2462095"},{"id":88450,"name":"Ujazd","state_id":1622,"state_code":"16","state_name":"Upper Silesia","country_id":176,"country_code":"PL","country_name":"Poland","latitude":"50.38938000","longitude":"18.34929000","native":"Ujazd","type":"adm3","level":null,"parent_id":null,"population":1776,"timezone":"Europe/Warsaw","translations":{"br":"Ujazd","ko":"우자즈드","pt-BR":"Ujazd","pt":"Ujazd","nl":"Ujazd","hr":"Ujazd","fa":"اوجازد","de":"Ujazd","es":"Ujazd","fr":"Ujazd","ja":"ウジャズド","it":"Ujazd","zh-CN":"乌亚兹德","tr":"Ujazd","ru":"Уджазд","uk":"Уязд","pl":"Ujazd","hi":"उजाज़्द","ar":"أوجازد"},"wikiDataId":"Q1005394"},{"id":88473,"name":"Walce","state_id":1622,"state_code":"16","state_name":"Upper Silesia","country_id":176,"country_code":"PL","country_name":"Poland","latitude":"50.37322000","longitude":"18.00427000","native":"Walce","type":"adm3","level":null,"parent_id":null,"population":1781,"timezone":"Europe/Warsaw","translations":{"br":"Walce","ko":"월스","pt-BR":"Walce","pt":"Walce","nl":"Walce","hr":"Walce","fa":"والس","de":"Walce","es":"Walce","fr":"Walce","ja":"ウォルセ","it":"Walce","zh-CN":"沃尔斯","tr":"Walce","ru":"Уолс","uk":"Волс","pl":"Walce","hi":"वाल्से","ar":"والسي"},"wikiDataId":"Q2605858"},{"id":88643,"name":"Węgry","state_id":1622,"state_code":"16","state_name":"Upper Silesia","country_id":176,"country_code":"PL","country_name":"Poland","latitude":"50.74319000","longitude":"18.01741000","native":"Węgry","type":"city","level":null,"parent_id":null,"population":1076,"timezone":"Europe/Warsaw","translations":{"br":"Węgry","ko":"웨그리","pt-BR":"Węgry","pt":"Węgry","nl":"Węgry","hr":"Mađarska","fa":"وگری","de":"Węgry","es":"Węgry","fr":"Węgry","ja":"ウェングリ","it":"Węgry","zh-CN":"温格里","tr":"Węgry","ru":"Венгры","uk":"Венгри","pl":"Węgry","hi":"वेग्री","ar":"وينجري"},"wikiDataId":"Q2542066"},{"id":88558,"name":"Większyce","state_id":1622,"state_code":"16","state_name":"Upper Silesia","country_id":176,"country_code":"PL","country_name":"Poland","latitude":"50.33659000","longitude":"18.10221000","native":"Większyce","type":"city","level":null,"parent_id":null,"population":1083,"timezone":"Europe/Warsaw","translations":{"br":"Większyce","ko":"비에크시체","pt-BR":"Większyce","pt":"Większyce","nl":"Większyce","hr":"Większyce","fa":"ویکشیتسه","de":"Większyce","es":"Większyce","fr":"Większyce","ja":"ヴィエンクシツェ","it":"Większyce","zh-CN":"维克斯希采","tr":"Większyce","ru":"Венкшице","uk":"Вєнкшице","pl":"Większyce","hi":"विएक्सज़ीस","ar":"فيكسيزيس"},"wikiDataId":"Q3887061"},{"id":88542,"name":"Wilków","state_id":1622,"state_code":"16","state_name":"Upper Silesia","country_id":176,"country_code":"PL","country_name":"Poland","latitude":"51.10158000","longitude":"17.66284000","native":"Wilków","type":"adm3","level":null,"parent_id":null,"population":900,"timezone":"Europe/Warsaw","translations":{"br":"Wilków","ko":"빌코프","pt-BR":"Wilków","pt":"Wilków","nl":"Wilków","hr":"Wilków","fa":"ویلکوو","de":"Wilków","es":"Wilków","fr":"Wilków","ja":"ウィルコウ","it":"Wilków","zh-CN":"维尔科","tr":"Wilków","ru":"Вилкув","uk":"Вілкув","pl":"Wilków","hi":"विल्कोव","ar":"ويلكوف"},"wikiDataId":"Q2605852"},{"id":88598,"name":"Wołczyn","state_id":1622,"state_code":"16","state_name":"Upper Silesia","country_id":176,"country_code":"PL","country_name":"Poland","latitude":"51.01845000","longitude":"18.04994000","native":"Wołczyn","type":"adm3","level":null,"parent_id":null,"population":5542,"timezone":"Europe/Warsaw","translations":{"br":"Wołczyn","ko":"볼친","pt-BR":"Wołczyn","pt":"Wołczyn","nl":"Wołczyn","hr":"Wołczyn","fa":"ووچزین","de":"Wołczyn","es":"Wołczyn","fr":"Wołczyn","ja":"ヴォルチン","it":"Wołczyn","zh-CN":"沃乌琴","tr":"Wołczyn","ru":"Волчин","uk":"Волчин","pl":"Wołczyn","hi":"वोलचिन","ar":"فولشين"},"wikiDataId":"Q1005384"},{"id":88701,"name":"Zawadzkie","state_id":1622,"state_code":"16","state_name":"Upper Silesia","country_id":176,"country_code":"PL","country_name":"Poland","latitude":"50.60503000","longitude":"18.48467000","native":"Zawadzkie","type":"adm3","level":null,"parent_id":null,"population":8439,"timezone":"Europe/Warsaw","translations":{"br":"Zawadzkie","ko":"자와즈키에","pt-BR":"Zawadzkie","pt":"Zawadzkie","nl":"Zawadzkie","hr":"Zawadzkie","fa":"زاوادزکی","de":"Zawadzkie","es":"Zawadzkie","fr":"Zawadzkie","ja":"ザヴァツキエ","it":"Zawadzkie","zh-CN":"扎瓦茨基","tr":"Zawadzkie","ru":"Завадские","uk":"Завадське","pl":"Zawadzkie","hi":"ज़वाड्ज़की","ar":"زافادزكي"},"wikiDataId":"Q167731"},{"id":88719,"name":"Zdzieszowice","state_id":1622,"state_code":"16","state_name":"Upper Silesia","country_id":176,"country_code":"PL","country_name":"Poland","latitude":"50.42482000","longitude":"18.12349000","native":"Zdzieszowice","type":"adm3","level":null,"parent_id":null,"population":13401,"timezone":"Europe/Warsaw","translations":{"br":"Zdzieszowice","ko":"지즈에쇼비체","pt-BR":"Zdzieszowice","pt":"Zdzieszowice","nl":"Zdzieszowice","hr":"Zdzieszowice","fa":"زدزیشوویچ","de":"Zdzieszowice","es":"Zdzieszowice","fr":"Zdzieszowice","ja":"ズジェショヴィツェ","it":"Zdzieszowice","zh-CN":"兹杰绍维采","tr":"Zdzieszowice","ru":"Здзешовице","uk":"Здзешовіце","pl":"Zdzieszowice","hi":"ज़ाइसज़ोवाइस","ar":"زدزيززويتسه"},"wikiDataId":"Q1002944"},{"id":88740,"name":"Zębowice","state_id":1622,"state_code":"16","state_name":"Upper Silesia","country_id":176,"country_code":"PL","country_name":"Poland","latitude":"50.76290000","longitude":"18.34434000","native":"Zębowice","type":"city","level":null,"parent_id":null,"population":1318,"timezone":"Europe/Warsaw","translations":{"br":"Zębowice","ko":"젭보비체","pt-BR":"Zębowice","pt":"Zębowice","nl":"Zębowice","hr":"Zębowice","fa":"زبوویتسه","de":"Zębowice","es":"Zębowice","fr":"Zębowice","ja":"ゼボヴィツェ","it":"Zębowice","zh-CN":"泽博维采","tr":"Zębowice","ru":"Зембовице","uk":"Зембовіце","pl":"Zębowice","hi":"ज़ेबोविसे","ar":"زيبوفيتسي"},"wikiDataId":"Q2060573"}]