[{"id":85781,"name":"Aleksandrów Kujawski","state_id":1625,"state_code":"04","state_name":"Kuyavia-Pomerania","country_id":176,"country_code":"PL","country_name":"Poland","latitude":"52.87659000","longitude":"18.69345000","native":"Aleksandrów Kujawski","type":"city","level":null,"parent_id":null,"population":11910,"timezone":"Europe/Warsaw","translations":{"br":"Aleksandrów Kujawski","ko":"알렉산드루프 쿠야프스키","pt-BR":"Aleksandrów Kujawski","pt":"Aleksandrów Kujawski","nl":"Aleksandrów Kujawski","hr":"Aleksandrów Kujawski","fa":"الکساندروف کویاوسکی","de":"Aleksandrów Kujawski","es":"Aleksandrów Kujawski","fr":"Alexandre Kujawski","ja":"アレクサンドロフ・クヤフスキ","it":"Aleksandrów Kujawski","zh-CN":"亚历山德罗夫·库亚夫斯基","tr":"Aleksandrów Kujawski","ru":"Александров Куявский","uk":"Александрув Куявський","pl":"Aleksandrów Kujawski","hi":"अलेक्सांद्रोव कुजाव्स्की","ar":"ألكسندرو كوجافسكي"},"wikiDataId":"Q325124"},{"id":85808,"name":"Barcin","state_id":1625,"state_code":"04","state_name":"Kuyavia-Pomerania","country_id":176,"country_code":"PL","country_name":"Poland","latitude":"52.86607000","longitude":"17.94625000","native":"Spać","type":"adm3","level":null,"parent_id":null,"population":7179,"timezone":"Europe/Warsaw","translations":{"br":"Barcin","ko":"바르신","pt-BR":"Barcin","pt":"Barcin","nl":"Barcin","hr":"Barcin","fa":"بارسین","de":"Barcin","es":"Barcin","fr":"Barcin","ja":"バルシン","it":"Barcin","zh-CN":"巴尔钦","tr":"Barcin","ru":"Барцин","uk":"Барцін","pl":"Barcin","hi":"बार्सिन","ar":"بارسين"},"wikiDataId":"Q1007355"},{"id":85812,"name":"Bartniczka","state_id":1625,"state_code":"04","state_name":"Kuyavia-Pomerania","country_id":176,"country_code":"PL","country_name":"Poland","latitude":"53.24776000","longitude":"19.60433000","native":"Bartniczka","type":"adm3","level":null,"parent_id":null,"population":550,"timezone":"Europe/Warsaw","translations":{"br":"Bartniczka","ko":"바르트니츠카","pt-BR":"Bartniczka","pt":"Bartniczka","nl":"Bartniczka","hr":"Bartniczka","fa":"بارتنیچکا","de":"Bartniczka","es":"Bartniczka","fr":"Bartniczka","ja":"バルトニツカ","it":"Bartniczka","zh-CN":"巴特尼奇卡","tr":"Bartniczka","ru":"Бартничка","uk":"Бартнічка","pl":"Bartniczka","hi":"बार्टनिज़्का","ar":"بارتنيشكا"},"wikiDataId":"Q163846"},{"id":85814,"name":"Baruchowo","state_id":1625,"state_code":"04","state_name":"Kuyavia-Pomerania","country_id":176,"country_code":"PL","country_name":"Poland","latitude":"52.49412000","longitude":"19.26496000","native":"Baruchowo","type":"adm3","level":null,"parent_id":null,"population":434,"timezone":"Europe/Warsaw","translations":{"br":"Baruchowo","ko":"바루초워","pt-BR":"Baruchowo","pt":"Baruchowo","nl":"Baruchowo","hr":"Baruchowo","fa":"باروچوو","de":"Baruchowo","es":"Baruchowo","fr":"Baruchowo","ja":"バルホヴォ","it":"Baruchowo","zh-CN":"巴鲁乔沃","tr":"Baruchowo","ru":"Барухово","uk":"Барухово","pl":"Baruchowo","hi":"बारुचोवो","ar":"باروتشوفو"},"wikiDataId":"Q809635"},{"id":85839,"name":"Białe Błota","state_id":1625,"state_code":"04","state_name":"Kuyavia-Pomerania","country_id":176,"country_code":"PL","country_name":"Poland","latitude":"53.09516000","longitude":"17.91621000","native":"Białe Błota","type":"city","level":null,"parent_id":null,"population":5989,"timezone":"Europe/Warsaw","translations":{"br":"Biale Błota","ko":"비아레 블로타","pt-BR":"Białe Błota","pt":"Białe Błota","nl":"Białe Błota","hr":"Białe Błota","fa":"بیاوه بولوتا","de":"Białe Błota","es":"Białe Błota","fr":"Białe Błota","ja":"ビアウェ・ブウォタ","it":"Białe Błota","zh-CN":"比亚莱布洛塔","tr":"Białe Błota","ru":"Białe Błota","uk":"Білі Блоти","pl":"Białe Błota","hi":"Białe Błota","ar":"بيالي بلوتا"},"wikiDataId":"Q617798"},{"id":85889,"name":"Bobrowniki","state_id":1625,"state_code":"04","state_name":"Kuyavia-Pomerania","country_id":176,"country_code":"PL","country_name":"Poland","latitude":"52.78086000","longitude":"18.96026000","native":"Bobrowniki","type":"adm3","level":null,"parent_id":null,"population":980,"timezone":"Europe/Warsaw","translations":{"br":"Bobrowniki","ko":"보브루니키","pt-BR":"Bobrowniki","pt":"Bobrowniki","nl":"Bobrowniki","hr":"Bobrowniki","fa":"بابرونیکی","de":"Bobrowniki","es":"Bobrowniki","fr":"Bobrowniki","ja":"ボブロウニキ","it":"Bobrowniki","zh-CN":"博布罗夫尼基","tr":"Bobrowniki","ru":"Бобровники","uk":"Бобровнікі","pl":"Bobrowniki","hi":"बोब्रोवनिकी","ar":"بوبرونيكي"},"wikiDataId":"Q4935979"},{"id":85891,"name":"Bobrowo","state_id":1625,"state_code":"04","state_name":"Kuyavia-Pomerania","country_id":176,"country_code":"PL","country_name":"Poland","latitude":"53.28549000","longitude":"19.27053000","native":"Bobrowo","type":"adm3","level":null,"parent_id":null,"population":441,"timezone":"Europe/Warsaw","translations":{"br":"Bobrowo","ko":"보브로보","pt-BR":"Bobrowo","pt":"Bobrowo","nl":"Bobrowo","hr":"Bobrowo","fa":"بوبروو","de":"Bobrowo","es":"Bobrowo","fr":"Bobrowo","ja":"ボブロウォ","it":"Bobrowo","zh-CN":"博布罗沃","tr":"Bobrowo","ru":"Боброво","uk":"Боброво","pl":"Bobrowo","hi":"बोब्रोवो","ar":"بوبروفو"},"wikiDataId":"Q617826"},{"id":85917,"name":"Boniewo","state_id":1625,"state_code":"04","state_name":"Kuyavia-Pomerania","country_id":176,"country_code":"PL","country_name":"Poland","latitude":"52.46532000","longitude":"18.89116000","native":"Kości","type":"adm3","level":null,"parent_id":null,"population":700,"timezone":"Europe/Warsaw","translations":{"br":"Boniewo","ko":"보니에워","pt-BR":"Boniewo","pt":"Boniewo","nl":"Boniewo","hr":"Boniewo","fa":"بونیوو","de":"Boniewo","es":"Boniewo","fr":"Boniewo","ja":"ボニエウォ","it":"Boniewo","zh-CN":"博尼沃","tr":"Boniewo","ru":"Бонево","uk":"Бонево","pl":"Boniewo","hi":"बोनिवो","ar":"بونييو"},"wikiDataId":"Q2462922"},{"id":85943,"name":"Brodnica","state_id":1625,"state_code":"04","state_name":"Kuyavia-Pomerania","country_id":176,"country_code":"PL","country_name":"Poland","latitude":"53.25967000","longitude":"19.39653000","native":"Brodnica","type":"city","level":null,"parent_id":null,"population":27341,"timezone":"Europe/Warsaw","translations":{"br":"Brodnica","ko":"브로드니차","pt-BR":"Brodnica","pt":"Brodnica","nl":"Brodnica","hr":"Brodnica","fa":"برودنیکا","de":"Brodnica","es":"Brodnica","fr":"Brodnica","ja":"ブロドニツァ","it":"Brodnica","zh-CN":"布罗德尼察","tr":"Brodnica","ru":"Бродница","uk":"Бродниця","pl":"Brodnica","hi":"ब्रोडनिका","ar":"برودنيكا"},"wikiDataId":"Q690030"},{"id":85966,"name":"Brześć Kujawski","state_id":1625,"state_code":"04","state_name":"Kuyavia-Pomerania","country_id":176,"country_code":"PL","country_name":"Poland","latitude":"52.60532000","longitude":"18.90173000","native":"Brześć Kujawski","type":"adm3","level":null,"parent_id":null,"population":4562,"timezone":"Europe/Warsaw","translations":{"br":"Brześć Kujawski","ko":"브제시치 쿠야프스키","pt-BR":"Brześć Kujawski","pt":"Brześć Kujawski","nl":"Brześć Kujawski","hr":"Brześć Kujawski","fa":"برژچ کویاوسکی","de":"Brześć Kujawski","es":"Brześć Kujawski","fr":"Brześć Kujawski","ja":"ブジェシッチ・クヤフスキ","it":"Brześć Kujawski","zh-CN":"布热希奇·库亚夫斯基","tr":"Brześć Kujawski","ru":"Brześć Kujawski","uk":"Бжесть Куявський","pl":"Brześć Kujawski","hi":"ब्रज़ेस्क कुजाव्स्की","ar":"برزيتش كوجافسكي"},"wikiDataId":"Q985649"},{"id":85971,"name":"Brzozie","state_id":1625,"state_code":"04","state_name":"Kuyavia-Pomerania","country_id":176,"country_code":"PL","country_name":"Poland","latitude":"53.32554000","longitude":"19.60485000","native":"Brzozie","type":"city","level":null,"parent_id":null,"population":1578,"timezone":"Europe/Warsaw","translations":{"br":"Brzozie","ko":"브르조지","pt-BR":"Brzozie","pt":"Brzozie","nl":"Brzozie","hr":"Brzozie","fa":"برزوزی","de":"Brzozie","es":"Brzozie","fr":"Brzozie","ja":"ブルゾジー","it":"Brzozie","zh-CN":"布佐齐","tr":"Brzozie","ru":"Брзозие","uk":"Бжозі","pl":"Brzozie","hi":"ब्रज़ोज़ी","ar":"برزوزي"},"wikiDataId":"Q618176"},{"id":85973,"name":"Brzuze","state_id":1625,"state_code":"04","state_name":"Kuyavia-Pomerania","country_id":176,"country_code":"PL","country_name":"Poland","latitude":"53.05458000","longitude":"19.26195000","native":"Briusage","type":"adm3","level":null,"parent_id":null,"population":449,"timezone":"Europe/Warsaw","translations":{"br":"Brzuze","ko":"브르주제","pt-BR":"Brzuze","pt":"Brzuze","nl":"Brzuze","hr":"Brzuze","fa":"برزوزه","de":"Brzuze","es":"Brzuze","fr":"Brzuze","ja":"ブルズゼ","it":"Brzuze","zh-CN":"布祖泽","tr":"Brzuze","ru":"Брзузе","uk":"Брзузе","pl":"Brzuze","hi":"ब्रज़ुज़े","ar":"برزوزي"},"wikiDataId":"Q984897"},{"id":85989,"name":"Bukowiec","state_id":1625,"state_code":"04","state_name":"Kuyavia-Pomerania","country_id":176,"country_code":"PL","country_name":"Poland","latitude":"53.43383000","longitude":"18.24048000","native":"Bukowiec","type":"city","level":null,"parent_id":null,"population":1210,"timezone":"Europe/Warsaw","translations":{"br":"Bukowiec","ko":"부코비에츠","pt-BR":"Bukowiec","pt":"Bukowiec","nl":"Bukowiec","hr":"Bukowiec","fa":"بوکوویچ","de":"Bukowiec","es":"Bukowiec","fr":"Bukowiec","ja":"ブコヴィエツ","it":"Bukowiec","zh-CN":"布科维茨","tr":"Bukowiec","ru":"Буковец","uk":"Буковець","pl":"Bukowiec","hi":"बुकोविएक","ar":"بوكوفيك"},"wikiDataId":"Q2463043"},{"id":85999,"name":"Bydgoszcz","state_id":1625,"state_code":"04","state_name":"Kuyavia-Pomerania","country_id":176,"country_code":"PL","country_name":"Poland","latitude":"53.12350000","longitude":"18.00762000","native":"Bydgoszcz","type":"adm1","level":null,"parent_id":null,"population":324984,"timezone":"Europe/Warsaw","translations":{"br":"Bydgoszcz","ko":"비드고슈치","pt-BR":"Bydgoszcz","pt":"Bydgoszcz","nl":"Bydgoszcz","hr":"Bydgoszcz","fa":"بیدگوشچ","de":"Bromberg","es":"Bydgoszcz","fr":"Bydgoszcz","ja":"ビドゴシュチュ","it":"Bydgoszcz","zh-CN":"比得哥什","tr":"Bydgoszcz","ru":"Быдгощ","uk":"Бидгощ","pl":"Bydgoszcz","hi":"Bydgoszcz","ar":"بيدغوشتش"},"wikiDataId":"Q41252"},{"id":86007,"name":"Bytoń","state_id":1625,"state_code":"04","state_name":"Kuyavia-Pomerania","country_id":176,"country_code":"PL","country_name":"Poland","latitude":"52.55757000","longitude":"18.59522000","native":"Bytoń","type":"adm3","level":null,"parent_id":null,"population":482,"timezone":"Europe/Warsaw","translations":{"br":"Bytoń","ko":"비톤","pt-BR":"Byton","pt":"Byton","nl":"Byton","hr":"Bytoń","fa":"بایتون","de":"Bytoń","es":"Byton","fr":"Byton","ja":"ビトン","it":"Bytoń","zh-CN":"比通","tr":"Byton","ru":"Бытонь","uk":"Битонь","pl":"Bytoń","hi":"बाइटोन","ar":"بيتون"},"wikiDataId":"Q984993"},{"id":86021,"name":"Cekcyn","state_id":1625,"state_code":"04","state_name":"Kuyavia-Pomerania","country_id":176,"country_code":"PL","country_name":"Poland","latitude":"53.57294000","longitude":"18.01123000","native":"Cekcyn","type":"adm3","level":null,"parent_id":null,"population":1710,"timezone":"Europe/Warsaw","translations":{"br":"Cekcyn","ko":"체크친","pt-BR":"Cekcyn","pt":"Cekcyn","nl":"Cekcyn","hr":"Cekcyn","fa":"چکسین","de":"Cekcyn","es":"Cekcyn","fr":"Cekcyn","ja":"チェクシン","it":"Cekcyn","zh-CN":"切克辛","tr":"Çekcyn","ru":"Цекцин","uk":"Чекцин","pl":"Cekcyn","hi":"सेकसिन","ar":"تشيكسين"},"wikiDataId":"Q984746"},{"id":86031,"name":"Chełmno","state_id":1625,"state_code":"04","state_name":"Kuyavia-Pomerania","country_id":176,"country_code":"PL","country_name":"Poland","latitude":"53.34855000","longitude":"18.42510000","native":"Chełmno","type":"city","level":null,"parent_id":null,"population":18837,"timezone":"Europe/Warsaw","translations":{"br":"Chełmno","ko":"헤움노","pt-BR":"Chełmno","pt":"Chełmno","nl":"Chelmno","hr":"Chełmno","fa":"چلمنو","de":"Chełmno","es":"Chelmno","fr":"Chelmno","ja":"ヘウムノ","it":"Chełmno","zh-CN":"海乌姆诺","tr":"Chełmno","ru":"Хелмно","uk":"Хелмно","pl":"Chełmno","hi":"चेल्मनो","ar":"تشيلمنو"},"wikiDataId":"Q1959173"},{"id":86032,"name":"Chełmża","state_id":1625,"state_code":"04","state_name":"Kuyavia-Pomerania","country_id":176,"country_code":"PL","country_name":"Poland","latitude":"53.18463000","longitude":"18.60466000","native":"Chełmża","type":"adm3","level":null,"parent_id":null,"population":14045,"timezone":"Europe/Warsaw","translations":{"br":"Chełmża","ko":"헤움자","pt-BR":"Chełmża","pt":"Chełmża","nl":"Chełmża","hr":"Chełmža","fa":"چلمزا","de":"Chełmża","es":"Chełmża","fr":"Chełmża","ja":"チェルムジャ","it":"Chełmża","zh-CN":"海乌姆扎","tr":"Chełmża","ru":"Хелмжа","uk":"Хелмжа","pl":"Chełmża","hi":"चेलम्ज़ा","ar":"تشيلمزا"},"wikiDataId":"Q850688"},{"id":86038,"name":"Choceń","state_id":1625,"state_code":"04","state_name":"Kuyavia-Pomerania","country_id":176,"country_code":"PL","country_name":"Poland","latitude":"52.48618000","longitude":"19.01339000","native":"Choceń","type":"adm3","level":null,"parent_id":null,"population":980,"timezone":"Europe/Warsaw","translations":{"br":"Dibab","ko":"초센","pt-BR":"Escolha","pt":"Escolha","nl":"Keuze","hr":"Choceń","fa":"چوچن","de":"Choceń","es":"Elección","fr":"Choix","ja":"チョチェン","it":"Choceń","zh-CN":"选择","tr":"Seçim","ru":"Хоцень","uk":"Хоцень","pl":"Choceń","hi":"चोसेन","ar":"تشوسين"},"wikiDataId":"Q984883"},{"id":86044,"name":"Chodecz","state_id":1625,"state_code":"04","state_name":"Kuyavia-Pomerania","country_id":176,"country_code":"PL","country_name":"Poland","latitude":"52.40513000","longitude":"19.02759000","native":"Chodecz","type":"adm3","level":null,"parent_id":null,"population":1796,"timezone":"Europe/Warsaw","translations":{"br":"Chodecz","ko":"호데츠","pt-BR":"Chodecz","pt":"Chodecz","nl":"Chodecz","hr":"Chodecz","fa":"چودچ","de":"Chodecz","es":"Chodecz","fr":"Chodecz","ja":"チョデツ","it":"Chodecz","zh-CN":"霍德茨","tr":"Chodecz","ru":"Ходец","uk":"Ходеч","pl":"Chodecz","hi":"चोडेज़","ar":"تشوديكز"},"wikiDataId":"Q987986"},{"id":86058,"name":"Chrostkowo","state_id":1625,"state_code":"04","state_name":"Kuyavia-Pomerania","country_id":176,"country_code":"PL","country_name":"Poland","latitude":"52.94378000","longitude":"19.25328000","native":"Chrostkowo","type":"adm3","level":null,"parent_id":null,"population":314,"timezone":"Europe/Warsaw","translations":{"br":"Chrostkowo","ko":"크로스트코보","pt-BR":"Chrostkowo","pt":"Chrostkowo","nl":"Chrostkowo","hr":"Chrostkowo","fa":"کرستکوو","de":"Chrostkowo","es":"Chrostkowo","fr":"Chrostkowo","ja":"クロスコヴォ","it":"Chrostkowo","zh-CN":"赫罗斯特科沃","tr":"Chrostkowo","ru":"Хростково","uk":"Хростково","pl":"Chrostkowo","hi":"क्रोस्टकोवो","ar":"كروستكوو"},"wikiDataId":"Q984949"},{"id":86078,"name":"Ciechocin","state_id":1625,"state_code":"04","state_name":"Kuyavia-Pomerania","country_id":176,"country_code":"PL","country_name":"Poland","latitude":"53.05581000","longitude":"18.92635000","native":"Ciechocin","type":"adm3","level":null,"parent_id":null,"population":776,"timezone":"Europe/Warsaw","translations":{"br":"Ciechocin","ko":"시에코신","pt-BR":"Ciechocin","pt":"Ciechocin","nl":"Ciechocin","hr":"Ciechocin","fa":"سیچوسین","de":"Ciechocin","es":"Ciechocin","fr":"Ciechocine","ja":"シエホシン","it":"Ciechocin","zh-CN":"切霍钦","tr":"Siechocin","ru":"Цехоцин","uk":"Цехоцін","pl":"Ciechocin","hi":"सिचोसिन","ar":"سيتشوسين"},"wikiDataId":"Q618418"},{"id":86079,"name":"Ciechocinek","state_id":1625,"state_code":"04","state_name":"Kuyavia-Pomerania","country_id":176,"country_code":"PL","country_name":"Poland","latitude":"52.87908000","longitude":"18.79505000","native":"Ciechocinek","type":"adm3","level":null,"parent_id":null,"population":10415,"timezone":"Europe/Warsaw","translations":{"br":"Ciechocinek","ko":"치에코치넥","pt-BR":"Ciechocinek","pt":"Ciechocinek","nl":"Ciechocinek","hr":"Ciechocinek","fa":"چیخوچینک","de":"Ciechocinek","es":"Ciechocinek","fr":"Ciechocinek","ja":"チェホチネク","it":"Ciechocinek","zh-CN":"切霍齐内克","tr":"Ciechocinek","ru":"Цехоцинек","uk":"Цехоцінек","pl":"Ciechocinek","hi":"सिकोसिनेक","ar":"تشيتشوسينيك"},"wikiDataId":"Q985659"},{"id":86136,"name":"Czerniewice","state_id":1625,"state_code":"04","state_name":"Kuyavia-Pomerania","country_id":176,"country_code":"PL","country_name":"Poland","latitude":"52.51157000","longitude":"19.08694000","native":"Czerniewice","type":"city","level":null,"parent_id":null,"population":1003,"timezone":"Europe/Warsaw","translations":{"br":"Czerniewice","ko":"체르니에비체","pt-BR":"Czerniewice","pt":"Czerniewice","nl":"Czerniewice","hr":"Czerniewice","fa":"چرنیویتسه","de":"Czerniewice","es":"Czerniewice","fr":"Czerniewice","ja":"チェルニェヴィツェ","it":"Czerniewice","zh-CN":"切尔涅维采","tr":"Czerniewice","ru":"Черневице","uk":"Черневіце","pl":"Czerniewice","hi":"ज़ेर्निएविसे","ar":"تشيرنيفيتشي"},"wikiDataId":"Q5202015"},{"id":86137,"name":"Czernikowo","state_id":1625,"state_code":"04","state_name":"Kuyavia-Pomerania","country_id":176,"country_code":"PL","country_name":"Poland","latitude":"52.94688000","longitude":"18.93803000","native":"Czernikowo","type":"adm3","level":null,"parent_id":null,"population":2752,"timezone":"Europe/Warsaw","translations":{"br":"Czernikowo","ko":"체르니코보","pt-BR":"Czernikowo","pt":"Czernikowo","nl":"Czernikowo","hr":"Czernikówó","fa":"چرنیکوو","de":"Czernikowo","es":"Czernikowo","fr":"Czernikowo","ja":"チェルニコヴォ","it":"Czernikowo","zh-CN":"切尔尼科沃","tr":"Czernikowo","ru":"Черниково","uk":"Черніково","pl":"Czernikowo","hi":"ज़ेर्निकोवो","ar":"تشيرنيكوفو"},"wikiDataId":"Q1005319"},{"id":86237,"name":"Dąbrowa","state_id":1625,"state_code":"04","state_name":"Kuyavia-Pomerania","country_id":176,"country_code":"PL","country_name":"Poland","latitude":"52.74668000","longitude":"17.94342000","native":"Dąbrowa","type":"adm3","level":null,"parent_id":null,"population":1101,"timezone":"Europe/Warsaw","translations":{"br":"Dąbrowa","ko":"동브로바","pt-BR":"Dąbrowa","pt":"Dąbrowa","nl":"Dąbrowa","hr":"Dąbrowa","fa":"دابرووا","de":"Dąbrowa","es":"Dąbrowa","fr":"Dąbrowa","ja":"ドンブロヴァ","it":"Dąbrowa","zh-CN":"达布罗瓦","tr":"Dąbrowa","ru":"Домброва","uk":"Домброва","pl":"Dąbrowa","hi":"डाब्रोवा","ar":"دابروفا"},"wikiDataId":"Q554294"},{"id":86239,"name":"Dąbrowa Chełmińska","state_id":1625,"state_code":"04","state_name":"Kuyavia-Pomerania","country_id":176,"country_code":"PL","country_name":"Poland","latitude":"53.17518000","longitude":"18.30537000","native":"Dąbrowa Chełmińska","type":"city","level":null,"parent_id":null,"population":1400,"timezone":"Europe/Warsaw","translations":{"br":"Dąbrowa Chełmińska","ko":"동브로바 첼민스카","pt-BR":"Dąbrowa Chełmińska","pt":"Dąbrowa Chełmińska","nl":"Dąbrowa Chełmińska","hr":"Dąbrowa Chełmińska","fa":"دوبرووا چلمینسکا","de":"Dąbrowa Chełmińska","es":"Dąbrowa Chełmińska","fr":"Dąbrowa Chełmińska","ja":"ドンブロヴァ・チェルミンスカ","it":"Dąbrowa Chełmińska","zh-CN":"达布罗瓦·切乌明斯卡","tr":"Dąbrowa Chełmińska","ru":"Домброва-Хелминьска","uk":"Домброва Хелмінська","pl":"Dąbrowa Chełmińska","hi":"डाब्रोवा चेल्मिंस्का","ar":"دابروفا تشيلمينسكا"},"wikiDataId":"Q370683"},{"id":86254,"name":"Dębowa Łąka","state_id":1625,"state_code":"04","state_name":"Kuyavia-Pomerania","country_id":176,"country_code":"PL","country_name":"Poland","latitude":"53.25541000","longitude":"19.09595000","native":"Dębowa Łąka","type":"adm3","level":null,"parent_id":null,"population":668,"timezone":"Europe/Warsaw","translations":{"br":"Dębowa Łąka","ko":"Dębowa Łąka","pt-BR":"Dębowa Łąka","pt":"Dębowa Łąka","nl":"Dębowa Łąka","hr":"Dębowa Łąka","fa":"دبووا واکا","de":"Dębowa Łąka","es":"Dębowa Łąka","fr":"Dębowa Łąka","ja":"Dębowa Łąka","it":"Dębowa Łąka","zh-CN":"Dębowa Łąka","tr":"Dębowa Łąka","ru":"Dębowa Łąka","uk":"Дембова Ланка","pl":"Dębowa Łąka","hi":"Dębowa Łąka","ar":"ديبوا Łąka"},"wikiDataId":"Q778141"},{"id":86171,"name":"Dobre","state_id":1625,"state_code":"04","state_name":"Kuyavia-Pomerania","country_id":176,"country_code":"PL","country_name":"Poland","latitude":"52.68398000","longitude":"18.57762000","native":"Dobrze","type":"adm3","level":null,"parent_id":null,"population":2500,"timezone":"Europe/Warsaw","translations":{"br":"Dobre","ko":"도브레","pt-BR":"Dobre","pt":"Dobre","nl":"Dobre","hr":"Dobre","fa":"دوبره","de":"Gut","es":"Dobre","fr":"Bon","ja":"ドブレ","it":"Buono","zh-CN":"多布雷","tr":"Dobre","ru":"Добре","uk":"Добре","pl":"Dobre","hi":"Dobre","ar":"دوبري"},"wikiDataId":"Q2584782"},{"id":86180,"name":"Dobrzyń nad Wisłą","state_id":1625,"state_code":"04","state_name":"Kuyavia-Pomerania","country_id":176,"country_code":"PL","country_name":"Poland","latitude":"52.63814000","longitude":"19.31875000","native":"Dobrzyń nad Wisłą","type":"adm3","level":null,"parent_id":null,"population":2043,"timezone":"Europe/Warsaw","translations":{"br":"Dobrzyń nad Wisłą","ko":"Dobrzyń nad Wisłą","pt-BR":"Dobrzyń nad Wisłą","pt":"Dobrzyń nad Wisłą","nl":"Dobrzyń nad Wisłą","hr":"Dobrzyń nad Wislom","fa":"دوبرژین و ویسلا","de":"Dobrzyń nad Wisłą","es":"Dobrzyń nad Wisłą","fr":"Dobrzyń nad Wisłą","ja":"ドブジン・ナド・ヴィスウォニ","it":"Dobrzyń nad Wisłą","zh-CN":"维斯瓦河畔多布林","tr":"Dobrzyń nad Wisłą","ru":"Dobrzyń nad Wisłą","uk":"Добжинь-над-Віслою","pl":"Dobrzyń nad Wisłą","hi":"Dobrzyń nad Wisłą","ar":"Dobrzyń nad Wisłą"},"wikiDataId":"Q995806"},{"id":86203,"name":"Drzycim","state_id":1625,"state_code":"04","state_name":"Kuyavia-Pomerania","country_id":176,"country_code":"PL","country_name":"Poland","latitude":"53.50520000","longitude":"18.30940000","native":"Drzycim","type":"city","level":null,"parent_id":null,"population":1247,"timezone":"Europe/Warsaw","translations":{"br":"Drzycim","ko":"드리지침","pt-BR":"Drzycim","pt":"Drzycim","nl":"Drzycim","hr":"Drzycim","fa":"درزیسیم","de":"Drzycim","es":"Drzycim","fr":"Drzycim","ja":"ドゥジチム","it":"Drzycim","zh-CN":"德日奇姆","tr":"Drzycim","ru":"Држицим","uk":"Джицім","pl":"Drzycim","hi":"ड्रज़ीसिम","ar":"درزيسيم"},"wikiDataId":"Q1005409"},{"id":86266,"name":"Fabianki","state_id":1625,"state_code":"04","state_name":"Kuyavia-Pomerania","country_id":176,"country_code":"PL","country_name":"Poland","latitude":"52.71929000","longitude":"19.10943000","native":"Fabianki","type":"adm3","level":null,"parent_id":null,"population":660,"timezone":"Europe/Warsaw","translations":{"br":"Fabianki","ko":"파비안키","pt-BR":"Fabianki","pt":"Fabianki","nl":"Fabianki","hr":"Fabianki","fa":"فابیانکی","de":"Fabianki","es":"Fabianki","fr":"Fabianki","ja":"ファビアンキ","it":"Fabianki","zh-CN":"法比安基","tr":"Fabianki","ru":"Фабианки","uk":"Фабіанкі","pl":"Fabianki","hi":"फैबियांकी","ar":"فابيانكي"},"wikiDataId":"Q928278"},{"id":86272,"name":"Fordon","state_id":1625,"state_code":"04","state_name":"Kuyavia-Pomerania","country_id":176,"country_code":"PL","country_name":"Poland","latitude":"53.14821000","longitude":"18.17036000","native":"Pojazd","type":"city","level":null,"parent_id":null,"population":70000,"timezone":"Europe/Warsaw","translations":{"br":"Fordon","ko":"포든","pt-BR":"Fordon","pt":"Fordon","nl":"Fordon","hr":"Fordon","fa":"فوردون","de":"Fordon","es":"Fordón","fr":"Fordon","ja":"フォードン","it":"Fordon","zh-CN":"福尔登","tr":"Fordon","ru":"Фордон","uk":"Фордон","pl":"Fordon","hi":"फोर्डन","ar":"فوردون"},"wikiDataId":"Q2221577"},{"id":86424,"name":"Gąsawa","state_id":1625,"state_code":"04","state_name":"Kuyavia-Pomerania","country_id":176,"country_code":"PL","country_name":"Poland","latitude":"52.76757000","longitude":"17.75579000","native":"Gąsawa","type":"adm3","level":null,"parent_id":null,"population":1402,"timezone":"Europe/Warsaw","translations":{"br":"Gąsawa","ko":"가사와","pt-BR":"Gasawa","pt":"Gasawa","nl":"Gąsawa","hr":"Gąsawa","fa":"گاساوا","de":"Gąsawa","es":"Gasawa","fr":"Gasawa","ja":"ガサワ","it":"Gąsawa","zh-CN":"加萨瓦","tr":"Gasawa","ru":"Гасава","uk":"Гасава","pl":"Gąsawa","hi":"गासावा","ar":"غاساوا"},"wikiDataId":"Q1021761"},{"id":86312,"name":"Gniewkowo","state_id":1625,"state_code":"04","state_name":"Kuyavia-Pomerania","country_id":176,"country_code":"PL","country_name":"Poland","latitude":"52.89461000","longitude":"18.40785000","native":"Gniewkowo","type":"adm3","level":null,"parent_id":null,"population":6879,"timezone":"Europe/Warsaw","translations":{"br":"Gniewkowo","ko":"그니에프코보","pt-BR":"Gniewkowo","pt":"Gniewkowo","nl":"Gniewkowo","hr":"Gniewkowo","fa":"گنیوکوو","de":"Gniewkowo","es":"Gniewkowo","fr":"Gniewkowo","ja":"グニエフコヴォ","it":"Gniewkowo","zh-CN":"格涅夫科沃","tr":"Gniewkowo","ru":"Гневково","uk":"Гневково","pl":"Gniewkowo","hi":"न्यूकोवो","ar":"غنيوكوو"},"wikiDataId":"Q990799"},{"id":86329,"name":"Golub-Dobrzyń","state_id":1625,"state_code":"04","state_name":"Kuyavia-Pomerania","country_id":176,"country_code":"PL","country_name":"Poland","latitude":"53.11087000","longitude":"19.05381000","native":"Golub-Dobrzyń","type":"adm3","level":null,"parent_id":null,"population":11722,"timezone":"Europe/Warsaw","translations":{"br":"Golub-Dobrzyń","ko":"골룹-도브진","pt-BR":"Golub-Dobrzyń","pt":"Golub-Dobrzyń","nl":"Golub-Dobrzyń","hr":"Golub-Dobrzyń","fa":"گلوب-دوبرژین","de":"Golub-Dobrzyń","es":"Golub-Dobrzyń","fr":"Golub-Dobrzyń","ja":"ゴルブ・ドブジン","it":"Golub-Dobrzyń","zh-CN":"戈卢布-多布林","tr":"Golub-Dobrzyń","ru":"Голуб-Добжинь","uk":"Голуб-Добжинь","pl":"Golub-Dobrzyń","hi":"गोलब-डोब्रज़ाइन","ar":"غولوب-دوبرزين"},"wikiDataId":"Q325251"},{"id":86419,"name":"Górzno","state_id":1625,"state_code":"04","state_name":"Kuyavia-Pomerania","country_id":176,"country_code":"PL","country_name":"Poland","latitude":"53.19779000","longitude":"19.64317000","native":"Górzno","type":"city","level":null,"parent_id":null,"population":1405,"timezone":"Europe/Warsaw","translations":{"br":"Górzno","ko":"고르즈노","pt-BR":"Górzno","pt":"Górzno","nl":"Górzno","hr":"Górzno","fa":"گورزنو","de":"Górzno","es":"Górzno","fr":"Górzno","ja":"ゴルジュノ","it":"Górzno","zh-CN":"戈日诺","tr":"Górzno","ru":"Гужно","uk":"Горзно","pl":"Górzno","hi":"Gorzno","ar":"غورزنو"},"wikiDataId":"Q1023746"},{"id":86344,"name":"Gostycyn","state_id":1625,"state_code":"04","state_name":"Kuyavia-Pomerania","country_id":176,"country_code":"PL","country_name":"Poland","latitude":"53.49014000","longitude":"17.80978000","native":"Gostycyn","type":"adm3","level":null,"parent_id":null,"population":1800,"timezone":"Europe/Warsaw","translations":{"br":"Gostycyn","ko":"고스티친","pt-BR":"Gostycyn","pt":"Gostycyn","nl":"Gostycyn","hr":"Gostycyn","fa":"گوستیسین","de":"Gostycyn","es":"Gostycyn","fr":"Gostycyn","ja":"ゴスティシン","it":"Gostycyn","zh-CN":"戈斯蒂辛","tr":"Gostycyn","ru":"Гостицин","uk":"Гостицин","pl":"Gostycyn","hi":"गोस्टीसिन","ar":"جوستيسين"},"wikiDataId":"Q984990"},{"id":86386,"name":"Grudziądz","state_id":1625,"state_code":"04","state_name":"Kuyavia-Pomerania","country_id":176,"country_code":"PL","country_name":"Poland","latitude":"53.48411000","longitude":"18.75366000","native":"Grudziądz","type":"city","level":null,"parent_id":null,"population":90890,"timezone":"Europe/Warsaw","translations":{"br":"Grudziądz","ko":"그루지옹츠","pt-BR":"Grudziądz","pt":"Grudziądz","nl":"Grudziądz","hr":"Grudziądz","fa":"گرودزیادز","de":"Graudenz","es":"Grudziądz","fr":"Grudziądz","ja":"グルジョンツ","it":"Grudziądz","zh-CN":"格鲁琼兹","tr":"Grudziądz","ru":"Грудзёндз","uk":"Грудзьондз","pl":"Grudziądz","hi":"Grudziadz","ar":"جرودزيادز"},"wikiDataId":"Q123511"},{"id":86388,"name":"Gruta","state_id":1625,"state_code":"04","state_name":"Kuyavia-Pomerania","country_id":176,"country_code":"PL","country_name":"Poland","latitude":"53.45315000","longitude":"18.95700000","native":"Jaskinia","type":"adm3","level":null,"parent_id":null,"population":1600,"timezone":"Europe/Warsaw","translations":{"br":"Gruta","ko":"그루타","pt-BR":"Gruta","pt":"Gruta","nl":"Gruta","hr":"Gruta","fa":"گروتا","de":"Gruta","es":"Gruta","fr":"Gruta","ja":"グルータ","it":"Grotta","zh-CN":"格鲁塔","tr":"Gruta","ru":"Грута","uk":"Грута","pl":"Gruta","hi":"ग्रुटा","ar":"جروتا"},"wikiDataId":"Q984748"},{"id":86459,"name":"Inowrocław","state_id":1625,"state_code":"04","state_name":"Kuyavia-Pomerania","country_id":176,"country_code":"PL","country_name":"Poland","latitude":"52.79886000","longitude":"18.26387000","native":"Inowrocław","type":"adm3","level":null,"parent_id":null,"population":69576,"timezone":"Europe/Warsaw","translations":{"br":"Inowrocław","ko":"이노브로츠와프","pt-BR":"Inowrocław","pt":"Inowrocław","nl":"Inowrocław","hr":"Inowrocław","fa":"اینووروتسلاو","de":"Inowrocław","es":"Inowroclaw","fr":"Inowrocław","ja":"イノヴロツワフ","it":"Inowrocław","zh-CN":"伊诺弗罗茨瓦夫","tr":"Inowrocław","ru":"Иновроцлав","uk":"Іновроцлав","pl":"Inowrocław","hi":"इनोव्रोकला","ar":"إينوفروسلاف"},"wikiDataId":"Q378821"},{"id":86469,"name":"Izbica Kujawska","state_id":1625,"state_code":"04","state_name":"Kuyavia-Pomerania","country_id":176,"country_code":"PL","country_name":"Poland","latitude":"52.42073000","longitude":"18.76270000","native":"Izbica Kujawska","type":"adm3","level":null,"parent_id":null,"population":2526,"timezone":"Europe/Warsaw","translations":{"br":"Izbica Kujawska","ko":"이즈비차 쿠야프스카","pt-BR":"Izbica Kujawska","pt":"Izbica Kujawska","nl":"Izbica Kujawska","hr":"Izbica Kujawska","fa":"ایزبیکا کویاوسکا","de":"Izbica Kujawska","es":"Izbica Kujawska","fr":"Izbica Kujawska","ja":"イズビツァ・クヤフスカ","it":"Izbica Kujawska","zh-CN":"伊兹比卡·库亚夫斯卡","tr":"Izbica Kujawska","ru":"Избица Куявска","uk":"Ізбіца Куявська","pl":"Izbica Kujawska","hi":"इज़्बिका कुजाव्स्का","ar":"إيزبيكا كوجاوسكا"},"wikiDataId":"Q1002533"},{"id":86485,"name":"Jabłonowo Pomorskie","state_id":1625,"state_code":"04","state_name":"Kuyavia-Pomerania","country_id":176,"country_code":"PL","country_name":"Poland","latitude":"53.39137000","longitude":"19.15509000","native":"Jabłonowo Pomorskie","type":"adm3","level":null,"parent_id":null,"population":3693,"timezone":"Europe/Warsaw","translations":{"br":"Jabłonowo Pomorskie","ko":"야블로노보 포모르스키에","pt-BR":"Jabłonowo Pomorskie","pt":"Jabłonowo Pomorskie","nl":"Jabłonowo Pomorskie","hr":"Jablonowo Pomorskie","fa":"یابلونوو پومورسکی","de":"Jabłonowo Pomorskie","es":"Jabłonowo Pomorskie","fr":"Jabłonowo Pomorskie","ja":"ヤブロノヴォ・ポモルスキエ","it":"Jabłonowo Pomorskie","zh-CN":"波莫瑞地区亚布沃诺沃","tr":"Jabłonowo Pomorskie","ru":"Яблоново-Поморское","uk":"Яблоново Поморське","pl":"Jabłonowo Pomorskie","hi":"Jabłonowo Pomorskie","ar":"جابلونوفو بومورسكي"},"wikiDataId":"Q643761"},{"id":86493,"name":"Janikowo","state_id":1625,"state_code":"04","state_name":"Kuyavia-Pomerania","country_id":176,"country_code":"PL","country_name":"Poland","latitude":"52.75328000","longitude":"18.11328000","native":"Janikowo","type":"adm3","level":null,"parent_id":null,"population":8354,"timezone":"Europe/Warsaw","translations":{"br":"Janikowo","ko":"자니코보","pt-BR":"Janikowo","pt":"Janikowo","nl":"Janikowo","hr":"Janików","fa":"یانیکوو","de":"Janikowo","es":"Janikowo","fr":"Janikowo","ja":"ヤニコウォ","it":"Janikowo","zh-CN":"贾尼科沃","tr":"Janikowo","ru":"Яниково","uk":"Яніково","pl":"Janikowo","hi":"जानिकोवो","ar":"جانيكوو"},"wikiDataId":"Q428194"},{"id":86501,"name":"Janowiec Wielkopolski","state_id":1625,"state_code":"04","state_name":"Kuyavia-Pomerania","country_id":176,"country_code":"PL","country_name":"Poland","latitude":"52.75583000","longitude":"17.48981000","native":"Janowiec Wielkopolski","type":"adm3","level":null,"parent_id":null,"population":5110,"timezone":"Europe/Warsaw","translations":{"br":"Janowiec Wielkopolski","ko":"야노비에츠 비엘코폴스키","pt-BR":"Janowiec Wielkopolski","pt":"Janowiec Wielkopolski","nl":"Janowiec Wielkopolski","hr":"Janowiec Wielkopolski","fa":"یانوویچ ویلکوپولسکی","de":"Janowiec Wielkopolski","es":"Janowiec Wielkopolski","fr":"Janowiec Wielkopolski","ja":"ヤノヴィエツ・ヴィエルコポルスキ","it":"Janowiec Wielkopolski","zh-CN":"大波兰地区亚诺维茨","tr":"Janowiec Wielkopolski","ru":"Яновец Велькопольский","uk":"Яновець Великопольський","pl":"Janowiec Wielkopolski","hi":"जानोविएक विल्कोपोल्स्की","ar":"جانوفيك فييلكوبولسكي"},"wikiDataId":"Q948367"},{"id":86558,"name":"Jeżewo","state_id":1625,"state_code":"04","state_name":"Kuyavia-Pomerania","country_id":176,"country_code":"PL","country_name":"Poland","latitude":"53.51061000","longitude":"18.49437000","native":"Jeżewo","type":"city","level":null,"parent_id":null,"population":1753,"timezone":"Europe/Warsaw","translations":{"br":"Jeżewo","ko":"제제보","pt-BR":"Jeżewo","pt":"Jeżewo","nl":"Jeżewo","hr":"Jeżewo","fa":"یِژوو","de":"Jeżewo","es":"Jeżewo","fr":"Jeżewo","ja":"イェジェヴォ","it":"Jeżewo","zh-CN":"耶热沃","tr":"Jeżewo","ru":"Ежево","uk":"Єжево","pl":"Jeżewo","hi":"Jezewo","ar":"جيزيو"},"wikiDataId":"Q1443270"},{"id":86555,"name":"Jeziora Wielkie","state_id":1625,"state_code":"04","state_name":"Kuyavia-Pomerania","country_id":176,"country_code":"PL","country_name":"Poland","latitude":"52.53043000","longitude":"18.26803000","native":"Jeziora Wielkie","type":"adm3","level":null,"parent_id":null,"population":560,"timezone":"Europe/Warsaw","translations":{"br":"Jeziora Wielkie","ko":"제지오라 비엘키에","pt-BR":"Jeziora Wielkie","pt":"Jeziora Wielkie","nl":"Jeziora Wielkie","hr":"Jeziora Wielkie","fa":"جزیورا ویلکیه","de":"Jeziora Wielkie","es":"Lago Wielkie","fr":"Lac Wielkie","ja":"ジェジオラ・ヴィエルキエ","it":"Jeziora Wielkie","zh-CN":"耶齐奥拉维尔基","tr":"Jeziora Wielkie","ru":"Езиора Вельке","uk":"Єзьора Веліке","pl":"Jeziora Wielkie","hi":"जेज़ियोरा विल्की","ar":"جيزيورا ويلكي"},"wikiDataId":"Q986691"},{"id":86600,"name":"Kamień Krajeński","state_id":1625,"state_code":"04","state_name":"Kuyavia-Pomerania","country_id":176,"country_code":"PL","country_name":"Poland","latitude":"53.53352000","longitude":"17.52019000","native":"Kamień Krajeński","type":"adm3","level":null,"parent_id":null,"population":2358,"timezone":"Europe/Warsaw","translations":{"br":"Kamień Krajeński","ko":"카미엔 크라예인스키","pt-BR":"Kamień Krajeński","pt":"Kamień Krajeński","nl":"Kamień Krajeński","hr":"Kamień Krajeński","fa":"کامین کراینسکی","de":"Kamień Krajeński","es":"Kamień Krajeński","fr":"Kamień Krajeński","ja":"カミエン・クラジェンスキ","it":"Kamień Krajeński","zh-CN":"卡缅·克拉延斯基","tr":"Kamień Krajeński","ru":"Камень Крайенский","uk":"Кам'ян Краєнський","pl":"Kamień Krajeński","hi":"कामिएन क्राजेन्स्की","ar":"كاميين كراجينسكي"},"wikiDataId":"Q1021223"},{"id":86631,"name":"Kcynia","state_id":1625,"state_code":"04","state_name":"Kuyavia-Pomerania","country_id":176,"country_code":"PL","country_name":"Poland","latitude":"52.99192000","longitude":"17.48830000","native":"Kcynia","type":"adm3","level":null,"parent_id":null,"population":4252,"timezone":"Europe/Warsaw","translations":{"br":"Kcynia","ko":"크시니아","pt-BR":"Kcynia","pt":"Kcynia","nl":"Kcynia","hr":"Kcynia","fa":"کسینیا","de":"Kcynia","es":"Kcynia","fr":"Kcynia","ja":"クチニア","it":"Kcynia","zh-CN":"克西尼亚","tr":"Kcynia","ru":"Кцыня","uk":"Ксиня","pl":"Kcynia","hi":"क्सिनिया","ar":"كيسينيا"},"wikiDataId":"Q1003283"},{"id":86857,"name":"Kęsowo","state_id":1625,"state_code":"04","state_name":"Kuyavia-Pomerania","country_id":176,"country_code":"PL","country_name":"Poland","latitude":"53.55872000","longitude":"17.71580000","native":"Kęsowo","type":"adm3","level":null,"parent_id":null,"population":790,"timezone":"Europe/Warsaw","translations":{"br":"Kęsowo","ko":"켄소보","pt-BR":"Kęsowo","pt":"Kęsowo","nl":"Kesowo","hr":"Kęsówó","fa":"کسوو","de":"Kęsowo","es":"Kęsowo","fr":"Kęsowo","ja":"ケソヴォ","it":"Kęsowo","zh-CN":"肯索沃","tr":"Kęsowo","ru":"Кесово","uk":"Кенсово","pl":"Kęsowo","hi":"केसोवो","ar":"كيسوفو"},"wikiDataId":"Q984787"},{"id":86639,"name":"Kikół","state_id":1625,"state_code":"04","state_name":"Kuyavia-Pomerania","country_id":176,"country_code":"PL","country_name":"Poland","latitude":"52.90994000","longitude":"19.12016000","native":"Kikół","type":"adm3","level":null,"parent_id":null,"population":1500,"timezone":"Europe/Warsaw","translations":{"br":"Kikół","ko":"키콜","pt-BR":"Kikół","pt":"Kikół","nl":"Kikół","hr":"Kikół","fa":"کیکول","de":"Kikół","es":"Kikół","fr":"Kikół","ja":"キコル","it":"Kikół","zh-CN":"基科乌","tr":"Kikół","ru":"Кикул","uk":"Кікол","pl":"Kikół","hi":"किकोल","ar":"كيكول"},"wikiDataId":"Q984964"},{"id":86705,"name":"Koronowo","state_id":1625,"state_code":"04","state_name":"Kuyavia-Pomerania","country_id":176,"country_code":"PL","country_name":"Poland","latitude":"53.31370000","longitude":"17.93698000","native":"Koronowo","type":"city","level":null,"parent_id":null,"population":10974,"timezone":"Europe/Warsaw","translations":{"br":"Koronowo","ko":"코로노보","pt-BR":"Koronowo","pt":"Koronowo","nl":"Koronowo","hr":"Koronowo","fa":"کورونوو","de":"Koronowo","es":"Koronowo","fr":"Koronowo","ja":"コロノヴォ","it":"Koronowo","zh-CN":"科罗诺沃","tr":"Koronowo","ru":"Короново","uk":"Короново","pl":"Koronowo","hi":"कोरोनोवो","ar":"كورونوفو"},"wikiDataId":"Q611297"},{"id":86725,"name":"Kowal","state_id":1625,"state_code":"04","state_name":"Kuyavia-Pomerania","country_id":176,"country_code":"PL","country_name":"Poland","latitude":"52.53019000","longitude":"19.14767000","native":"Kowal","type":"adm3","level":null,"parent_id":null,"population":3386,"timezone":"Europe/Warsaw","translations":{"br":"Kowal","ko":"코왈","pt-BR":"Kowal","pt":"Kowal","nl":"Kowal","hr":"Kowal","fa":"کوال","de":"Kowal","es":"Kowal","fr":"Kowal","ja":"コワル","it":"Kowal","zh-CN":"科瓦尔","tr":"Kowal","ru":"Коваль","uk":"Коваль","pl":"Kowal","hi":"कोवल","ar":"كوال"},"wikiDataId":"Q992010"},{"id":86730,"name":"Kowalewo Pomorskie","state_id":1625,"state_code":"04","state_name":"Kuyavia-Pomerania","country_id":176,"country_code":"PL","country_name":"Poland","latitude":"53.15432000","longitude":"18.89868000","native":"Kowalewo Pomorskie","type":"city","level":null,"parent_id":null,"population":4109,"timezone":"Europe/Warsaw","translations":{"br":"Kowalewo Pomorskie","ko":"코왈레워 포모르스키에","pt-BR":"Kowalewo Pomorskie","pt":"Kowalewo Pomorskie","nl":"Kowalewo Pomorskie","hr":"Kowalewo Pomorskie","fa":"کووالوو پومورسکی","de":"Kowalewo Pomorskie","es":"Kowalewo Pomorskie","fr":"Kowalewo Pomorskie","ja":"コワレヴォ・ポモルスキエ","it":"Kowalewo Pomorskie","zh-CN":"波莫瑞地区科瓦莱沃","tr":"Kowalewo Pomorskie","ru":"Ковалево Поморское","uk":"Ковалево Поморське","pl":"Kowalewo Pomorskie","hi":"कोवालेवो पोमोर्स्की","ar":"كواليو بومورسكي"},"wikiDataId":"Q1288480"},{"id":86793,"name":"Kruszwica","state_id":1625,"state_code":"04","state_name":"Kuyavia-Pomerania","country_id":176,"country_code":"PL","country_name":"Poland","latitude":"52.67562000","longitude":"18.33131000","native":"Kruszwica","type":"adm3","level":null,"parent_id":null,"population":9288,"timezone":"Europe/Warsaw","translations":{"br":"Kruszwica","ko":"크루슈비차","pt-BR":"Kruszwica","pt":"Kruszwica","nl":"Kruszwica","hr":"Kruszwica","fa":"کروشویتسا","de":"Kruszwica","es":"Kruszwica","fr":"Kruszwica","ja":"クルシュヴィツァ","it":"Kruszwica","zh-CN":"克鲁斯维卡","tr":"Kruszwica","ru":"Крушвица","uk":"Крушвіца","pl":"Kruszwica","hi":"क्रुज़्विका","ar":"كروسزويكا"},"wikiDataId":"Q166717"},{"id":86917,"name":"Lipno","state_id":1625,"state_code":"04","state_name":"Kuyavia-Pomerania","country_id":176,"country_code":"PL","country_name":"Poland","latitude":"52.84436000","longitude":"19.17852000","native":"Lipno","type":"adm3","level":null,"parent_id":null,"population":14821,"timezone":"Europe/Warsaw","translations":{"br":"Lipno","ko":"리프노","pt-BR":"Lipno","pt":"Lipno","nl":"Lipno","hr":"Lipno","fa":"لیپنو","de":"Lipno","es":"Lipno","fr":"Lipno","ja":"リプノ","it":"Lipno","zh-CN":"利普诺","tr":"Lipno","ru":"Липно","uk":"Ліпно","pl":"Lipno","hi":"लिप्नो","ar":"ليبنو"},"wikiDataId":"Q324922"},{"id":86924,"name":"Lisewo","state_id":1625,"state_code":"04","state_name":"Kuyavia-Pomerania","country_id":176,"country_code":"PL","country_name":"Poland","latitude":"53.29580000","longitude":"18.68714000","native":"Wysoki","type":"city","level":null,"parent_id":null,"population":1700,"timezone":"Europe/Warsaw","translations":{"br":"Lisewo","ko":"리세보","pt-BR":"Lisewo","pt":"Lisewo","nl":"Lisewo","hr":"Lisewo","fa":"لیسوو","de":"Lisewo","es":"Lisewo","fr":"Lisewo","ja":"リセウォ","it":"Lisewo","zh-CN":"利瑟沃","tr":"Lisewo","ru":"Лисево","uk":"Лісево","pl":"Lisewo","hi":"लिसेवो","ar":"ليزوو"},"wikiDataId":"Q1005282"},{"id":86929,"name":"Lniano","state_id":1625,"state_code":"04","state_name":"Kuyavia-Pomerania","country_id":176,"country_code":"PL","country_name":"Poland","latitude":"53.52801000","longitude":"18.21267000","native":"Lnian","type":"city","level":null,"parent_id":null,"population":1200,"timezone":"Europe/Warsaw","translations":{"br":"Lniano","ko":"리니아노","pt-BR":"Lniano","pt":"Lniano","nl":"Lniano","hr":"Lniano","fa":"لنیو","de":"Lniano","es":"Lniano","fr":"Lniano","ja":"ニアノ","it":"Lniano","zh-CN":"利尼亚诺","tr":"Lniano","ru":"Льяно","uk":"Льняно","pl":"Lniano","hi":"लिनियानो","ar":"لينيانو"},"wikiDataId":"Q984784"},{"id":86931,"name":"Lubanie","state_id":1625,"state_code":"04","state_name":"Kuyavia-Pomerania","country_id":176,"country_code":"PL","country_name":"Poland","latitude":"52.74689000","longitude":"18.91940000","native":"Lubanie","type":"adm3","level":null,"parent_id":null,"population":799,"timezone":"Europe/Warsaw","translations":{"br":"Lubanie","ko":"루바니에","pt-BR":"Lubânia","pt":"Lubânia","nl":"Lubanie","hr":"Lubanie","fa":"لوبانی","de":"Lubanie","es":"Lubanie","fr":"Lubanie","ja":"ルバニエ","it":"Lubanie","zh-CN":"卢巴尼","tr":"Lubanie","ru":"Любание","uk":"Любане","pl":"Lubanie","hi":"लुबानी","ar":"لوباني"},"wikiDataId":"Q984945"},{"id":86939,"name":"Lubicz Dolny","state_id":1625,"state_code":"04","state_name":"Kuyavia-Pomerania","country_id":176,"country_code":"PL","country_name":"Poland","latitude":"53.03151000","longitude":"18.74559000","native":"Lubicz Dolny","type":"city","level":null,"parent_id":null,"population":3186,"timezone":"Europe/Warsaw","translations":{"br":"Lubicz Dolny","ko":"루비츠 돌니","pt-BR":"Lubicz Dolny","pt":"Lubicz Dolny","nl":"Lubicz Dolny","hr":"Łubicz Dolny","fa":"لوبیچ دولنی","de":"Lubicz Dolny","es":"Lubicz Dolny","fr":"Lubicz Dolny","ja":"ルビッチ・ドルニー","it":"Lubicz Dolny","zh-CN":"卢比茨·多尔尼","tr":"Lubicz Dolny","ru":"Любич Дольны","uk":"Любіч-Дольний","pl":"Lubicz Dolny","hi":"लुबिज़ डोल्नी","ar":"لوبيتش دولني"},"wikiDataId":"Q11763033"},{"id":86940,"name":"Lubicz Górny","state_id":1625,"state_code":"04","state_name":"Kuyavia-Pomerania","country_id":176,"country_code":"PL","country_name":"Poland","latitude":"53.02686000","longitude":"18.77100000","native":"Lubicz Górny","type":"city","level":null,"parent_id":null,"population":3581,"timezone":"Europe/Warsaw","translations":{"br":"Lubicz Górny","ko":"루비츠 고르니","pt-BR":"Lubicz Górny","pt":"Lubicz Górny","nl":"Lubicz Górny","hr":"Łubicz Górny","fa":"لوبیچ گورنی","de":"Lubicz Górny","es":"Lubicz Górny","fr":"Lubicz Górny","ja":"ルビチ・グルニー","it":"Lubicz Górny","zh-CN":"卢比奇·戈尔尼","tr":"Lubicz Górny","ru":"Любич Гурны","uk":"Любіч-Гурни","pl":"Lubicz Górny","hi":"लुबिज़ गोर्नी","ar":"لوبيتش جورني"},"wikiDataId":"Q4271662"},{"id":86943,"name":"Lubień Kujawski","state_id":1625,"state_code":"04","state_name":"Kuyavia-Pomerania","country_id":176,"country_code":"PL","country_name":"Poland","latitude":"52.40574000","longitude":"19.16440000","native":"Lubień Kujawski","type":"adm3","level":null,"parent_id":null,"population":1360,"timezone":"Europe/Warsaw","translations":{"br":"Lubień Kujawski","ko":"루비엔 쿠야프스키","pt-BR":"Lubień Kujawski","pt":"Lubień Kujawski","nl":"Lubień Kujawski","hr":"Lubień Kujawski","fa":"لوبین کویاوسکی","de":"Lubień Kujawski","es":"Lubień Kujawski","fr":"Lubień Kujawski","ja":"ルビエン・クヤフスキ","it":"Lubień Kujawski","zh-CN":"卢比恩·库亚夫斯基","tr":"Lubień Kujawski","ru":"Любен Куявский","uk":"Любень Куявський","pl":"Lubień Kujawski","hi":"लुबिएन कुजावस्की","ar":"لوبيان كوجافسكي"},"wikiDataId":"Q1005855"},{"id":86941,"name":"Lubiewo","state_id":1625,"state_code":"04","state_name":"Kuyavia-Pomerania","country_id":176,"country_code":"PL","country_name":"Poland","latitude":"53.46542000","longitude":"18.02994000","native":"Lubiewo","type":"adm3","level":null,"parent_id":null,"population":1012,"timezone":"Europe/Warsaw","translations":{"br":"Lubiewo","ko":"루비에워","pt-BR":"Lubiewo","pt":"Lubiewo","nl":"Lubiewo","hr":"Lubiewo","fa":"لوبیوو","de":"Lubiewo","es":"Lubiewo","fr":"Lubiewo","ja":"ルビエウォ","it":"Lubiewo","zh-CN":"鲁别沃","tr":"Lubiewo","ru":"Любево","uk":"Любево","pl":"Lubiewo","hi":"लुबिएवो","ar":"لوبييو"},"wikiDataId":"Q1992130"},{"id":86957,"name":"Lubraniec","state_id":1625,"state_code":"04","state_name":"Kuyavia-Pomerania","country_id":176,"country_code":"PL","country_name":"Poland","latitude":"52.54178000","longitude":"18.83254000","native":"Lubraniec","type":"adm3","level":null,"parent_id":null,"population":2825,"timezone":"Europe/Warsaw","translations":{"br":"Lubraniec","ko":"루브라니에츠","pt-BR":"Lubraniec","pt":"Lubraniec","nl":"Lubraniec","hr":"Lubraniec","fa":"لوبرانیک","de":"Lubraniec","es":"Lubraniec","fr":"Lubraniec","ja":"ルブラニエツ","it":"Lubranie","zh-CN":"卢布拉涅茨","tr":"Lubraniec","ru":"Любранец","uk":"Любранець","pl":"Lubraniec","hi":"लुब्रानिएक","ar":"لوبرانييك"},"wikiDataId":"Q1007479"},{"id":88755,"name":"Łabiszyn","state_id":1625,"state_code":"04","state_name":"Kuyavia-Pomerania","country_id":176,"country_code":"PL","country_name":"Poland","latitude":"52.95210000","longitude":"17.91971000","native":"Łabiszyn","type":"adm3","level":null,"parent_id":null,"population":4494,"timezone":"Europe/Warsaw","translations":{"br":"Łabiszyn","ko":"라비신","pt-BR":"Łabiszyn","pt":"Łabiszyn","nl":"Łabiszyn","hr":"Łabiszyn","fa":"وابیزین","de":"Łabiszyn","es":"Łabiszyn","fr":"Łabiszyn","ja":"ワビシン","it":"Łabiszyn","zh-CN":"瓦比申","tr":"Łabiszyn","ru":"Лабишин","uk":"Лабішин","pl":"Łabiszyn","hi":"लाबिज़िन","ar":"لابيشين"},"wikiDataId":"Q345163"},{"id":88769,"name":"Łasin","state_id":1625,"state_code":"04","state_name":"Kuyavia-Pomerania","country_id":176,"country_code":"PL","country_name":"Poland","latitude":"53.51794000","longitude":"19.08832000","native":"Łasin","type":"adm3","level":null,"parent_id":null,"population":3145,"timezone":"Europe/Warsaw","translations":{"br":"Łasin","ko":"라신","pt-BR":"Łasin","pt":"Łasin","nl":"Łasin","hr":"Łasin","fa":"لاسین","de":"Łasin","es":"Lasin","fr":"Łasin","ja":"ワシン","it":"Łasin","zh-CN":"瓦辛","tr":"Łasin","ru":"Ласин","uk":"Ласін","pl":"Łasin","hi":"लासिन","ar":"لاسين"},"wikiDataId":"Q345233"},{"id":88796,"name":"Łubianka","state_id":1625,"state_code":"04","state_name":"Kuyavia-Pomerania","country_id":176,"country_code":"PL","country_name":"Poland","latitude":"53.13864000","longitude":"18.48115000","native":"Łubianka","type":"adm3","level":null,"parent_id":null,"population":953,"timezone":"Europe/Warsaw","translations":{"br":"Łubianka","ko":"루비앙카","pt-BR":"Łubianka","pt":"Łubianka","nl":"Łubianka","hr":"Łubianka","fa":"لوبیانکا","de":"Łubianka","es":"Łubianka","fr":"Łubianka","ja":"ルビャンカ","it":"Łubianka","zh-CN":"乌比安卡","tr":"Łubianka","ru":"Лубянка","uk":"Лубянка","pl":"Łubianka","hi":"Lubianka","ar":"لوبيانكا"},"wikiDataId":"Q345492"},{"id":88808,"name":"Łysomice","state_id":1625,"state_code":"04","state_name":"Kuyavia-Pomerania","country_id":176,"country_code":"PL","country_name":"Poland","latitude":"53.08629000","longitude":"18.62002000","native":"Łysomice","type":"adm3","level":null,"parent_id":null,"population":1100,"timezone":"Europe/Warsaw","translations":{"br":"Łysomice","ko":"로이소미스","pt-BR":"Łysomice","pt":"Łysomice","nl":"Łysomice","hr":"Łysomice","fa":"لیسومیسه","de":"Łysomice","es":"Łysomice","fr":"Lysomice","ja":"ウォミツェ","it":"Łysomice","zh-CN":"伊索米采","tr":"Łysomice","ru":"Лысомице","uk":"Лисоміце","pl":"Łysomice","hi":"Lysomice","ar":"ليسوميتسه"},"wikiDataId":"Q384287"},{"id":87086,"name":"Mogilno","state_id":1625,"state_code":"04","state_name":"Kuyavia-Pomerania","country_id":176,"country_code":"PL","country_name":"Poland","latitude":"52.65806000","longitude":"17.95578000","native":"Mogilno","type":"adm3","level":null,"parent_id":null,"population":11453,"timezone":"Europe/Warsaw","translations":{"br":"Mogilno","ko":"모길노","pt-BR":"Mogilno","pt":"Mogilno","nl":"Mogilno","hr":"Mogilno","fa":"موگیلنو","de":"Mogilno","es":"Mogilno","fr":"Mogilno","ja":"モギルノ","it":"Mogilno","zh-CN":"莫吉尔诺","tr":"Mogilno","ru":"Могильно","uk":"Могильно","pl":"Mogilno","hi":"मोगिलनो","ar":"موغيلنو"},"wikiDataId":"Q325627"},{"id":87101,"name":"Mrocza","state_id":1625,"state_code":"04","state_name":"Kuyavia-Pomerania","country_id":176,"country_code":"PL","country_name":"Poland","latitude":"53.24313000","longitude":"17.60405000","native":"Mocza","type":"adm3","level":null,"parent_id":null,"population":4168,"timezone":"Europe/Warsaw","translations":{"br":"Mrocza","ko":"므로차","pt-BR":"Mrocza","pt":"Mrocza","nl":"Mrocza","hr":"Mrocza","fa":"مروچا","de":"Mrocza","es":"Mrocza","fr":"Mrocza","ja":"ムロチャ","it":"Mrocza","zh-CN":"姆罗查","tr":"Fas","ru":"Мроча","uk":"Мроча","pl":"Mrocza","hi":"म्रोक्ज़ा","ar":"مروزا"},"wikiDataId":"Q761508"},{"id":87135,"name":"Nakło nad Notecią","state_id":1625,"state_code":"04","state_name":"Kuyavia-Pomerania","country_id":176,"country_code":"PL","country_name":"Poland","latitude":"53.14214000","longitude":"17.60181000","native":"Nakło nad Notecią","type":"adm3","level":null,"parent_id":null,"population":17620,"timezone":"Europe/Warsaw","translations":{"br":"Nakło nad Notecią","ko":"Nakło nad Notecią","pt-BR":"Nakło nad Notecią","pt":"Nakło nad Notecią","nl":"Nakło nad Notecią","hr":"Nakło nad Notecią","fa":"ناکلاو ناد نوتسیچ","de":"Nakło nad Notecią","es":"Nakło nad Notecią","fr":"Nakło nad Notecią","ja":"Nakło nad Notecią","it":"Nakło nad Notecią","zh-CN":"诺特奇河畔纳克沃","tr":"Nakło nad Notecią","ru":"Nakło nad Notecią","uk":"Накло над Нотечею","pl":"Nakło nad Notecią","hi":"Nakło nad Notecią","ar":"Nakło nad Notecią"},"wikiDataId":"Q988576"},{"id":87168,"name":"Nieszawa","state_id":1625,"state_code":"04","state_name":"Kuyavia-Pomerania","country_id":176,"country_code":"PL","country_name":"Poland","latitude":"52.83452000","longitude":"18.89921000","native":"Nieszawa","type":"adm3","level":null,"parent_id":null,"population":1770,"timezone":"Europe/Warsaw","translations":{"br":"Nieszawa","ko":"니에샤바","pt-BR":"Nieszawa","pt":"Nieszawa","nl":"Nieszawa","hr":"Nieszawa","fa":"نیساوا","de":"Nieszawa","es":"Nieszawa","fr":"Nieszawa","ja":"ニーザワ","it":"Nieszawa","zh-CN":"涅沙瓦","tr":"Nieszawa","ru":"Нешава","uk":"Нєшава","pl":"Nieszawa","hi":"नीज़्ज़ावा","ar":"نيشاوا"},"wikiDataId":"Q682046"},{"id":87179,"name":"Nowa Wieś Wielka","state_id":1625,"state_code":"04","state_name":"Kuyavia-Pomerania","country_id":176,"country_code":"PL","country_name":"Poland","latitude":"52.97159000","longitude":"18.09036000","native":"Nowa Wieś Wielka","type":"city","level":null,"parent_id":null,"population":2207,"timezone":"Europe/Warsaw","translations":{"br":"Nowa Wieś Wielka","ko":"노바 비에시 비엘카","pt-BR":"Nowa Wieś Wielka","pt":"Nowa Wieś Wielka","nl":"Nowa Wieś Wielka","hr":"Nova Velika Visa","fa":"نوا ویس ویلکا","de":"Nowa Wieś Wielka","es":"Nowa Wieś Wielka","fr":"Nowa Wieś Wielka","ja":"Nowa Wieś Wielka","it":"Nowa Wieś Wielka","zh-CN":"新维希维尔卡","tr":"Nowa Wieś Wielka","ru":"Nowa Wieś Wielka","uk":"Нова Вєсь Велика","pl":"Nowa Wieś Wielka","hi":"Nowa Wieś Wielka","ar":"Nowa Wieś Wielka"},"wikiDataId":"Q2483409"},{"id":87180,"name":"Nowe","state_id":1625,"state_code":"04","state_name":"Kuyavia-Pomerania","country_id":176,"country_code":"PL","country_name":"Poland","latitude":"53.64906000","longitude":"18.72716000","native":"Nowe","type":"city","level":null,"parent_id":null,"population":5579,"timezone":"Europe/Warsaw","translations":{"br":"Bremañ","ko":"노베","pt-BR":"Agora","pt":"Agora","nl":"Nu","hr":"Nowe","fa":"نو","de":"Nowe","es":"Ahora","fr":"Maintenant","ja":"ノウェ","it":"Adesso","zh-CN":"诺韦","tr":"Şimdi","ru":"Нове","uk":"Нове","pl":"Nowy","hi":"नोवे","ar":"الآن"},"wikiDataId":"Q164023"},{"id":87219,"name":"Obrowo","state_id":1625,"state_code":"04","state_name":"Kuyavia-Pomerania","country_id":176,"country_code":"PL","country_name":"Poland","latitude":"52.97149000","longitude":"18.87863000","native":"Obrowo","type":"adm3","level":null,"parent_id":null,"population":1410,"timezone":"Europe/Warsaw","translations":{"br":"Obrowo","ko":"오브로보","pt-BR":"Obrowo","pt":"Obrowo","nl":"Obrowo","hr":"Obrowo","fa":"ابرووو","de":"Obrowo","es":"Obrowo","fr":"Obrowo","ja":"オブロウォ","it":"Obrowo","zh-CN":"奥布罗沃","tr":"Obrowo","ru":"Оброво","uk":"Оброво","pl":"Obrowo","hi":"ओब्रोवो","ar":"أوبروو"},"wikiDataId":"Q936101"},{"id":87276,"name":"Osie","state_id":1625,"state_code":"04","state_name":"Kuyavia-Pomerania","country_id":176,"country_code":"PL","country_name":"Poland","latitude":"53.59918000","longitude":"18.34373000","native":"Osie","type":"city","level":null,"parent_id":null,"population":2520,"timezone":"Europe/Warsaw","translations":{"br":"Osie","ko":"오시","pt-BR":"Osie","pt":"Osie","nl":"Osie","hr":"Osie","fa":"اوسی","de":"Osie","es":"Osie","fr":"Osie","ja":"オシエ","it":"Osie","zh-CN":"奥西","tr":"Osie","ru":"Оси","uk":"Осі","pl":"Osie","hi":"ओसी","ar":"أوسي"},"wikiDataId":"Q2912283"},{"id":87294,"name":"Osięciny","state_id":1625,"state_code":"04","state_name":"Kuyavia-Pomerania","country_id":176,"country_code":"PL","country_name":"Poland","latitude":"52.62926000","longitude":"18.72208000","native":"Osięciny","type":"adm3","level":null,"parent_id":null,"population":2769,"timezone":"Europe/Warsaw","translations":{"br":"Osięciny","ko":"오시에치니","pt-BR":"Osięciny","pt":"Osięciny","nl":"Osięciny","hr":"Osięciny","fa":"اوسیچینی","de":"Osięciny","es":"Osięciny","fr":"Osięciny","ja":"オシェンチニ","it":"Osięciny","zh-CN":"奥西奇尼","tr":"Osięciny","ru":"Осиенцины","uk":"Осєнціни","pl":"Osięciny","hi":"ओसिएन्सीनी","ar":"أوسينسيني"},"wikiDataId":"Q618178"},{"id":87285,"name":"Osiek","state_id":1625,"state_code":"04","state_name":"Kuyavia-Pomerania","country_id":176,"country_code":"PL","country_name":"Poland","latitude":"52.92629000","longitude":"18.80765000","native":"Osiek","type":"city","level":null,"parent_id":null,"population":1064,"timezone":"Europe/Warsaw","translations":{"br":"Osiek","ko":"오시크","pt-BR":"Osiek","pt":"Osiek","nl":"Osiek","hr":"Osiek","fa":"اوسیک","de":"Osiek","es":"Osiek","fr":"Osiek","ja":"オシエク","it":"Osiek","zh-CN":"奥西克","tr":"Osiek","ru":"Осек","uk":"Осієк","pl":"Osiek","hi":"ओसिएक","ar":"أوسيك"},"wikiDataId":"Q7106769"},{"id":87292,"name":"Osielsko","state_id":1625,"state_code":"04","state_name":"Kuyavia-Pomerania","country_id":176,"country_code":"PL","country_name":"Poland","latitude":"53.18505000","longitude":"18.08418000","native":"Osielsko","type":"city","level":null,"parent_id":null,"population":3930,"timezone":"Europe/Warsaw","translations":{"br":"Osielsko","ko":"오시엘스코","pt-BR":"Osielsko","pt":"Osielsko","nl":"Osielsko","hr":"Osielsko","fa":"اوسیلسکو","de":"Osielsko","es":"Osielsko","fr":"Osielsko","ja":"オシエルスコ","it":"Osielsko","zh-CN":"奥谢尔斯科","tr":"Osielsko","ru":"Осельско","uk":"Осельсько","pl":"Osielsko","hi":"ओसिल्स्को","ar":"أوسيلسكو"},"wikiDataId":"Q2690943"},{"id":87300,"name":"Ostrowite","state_id":1625,"state_code":"04","state_name":"Kuyavia-Pomerania","country_id":176,"country_code":"PL","country_name":"Poland","latitude":"53.06917000","longitude":"19.29337000","native":"Ostrowite","type":"city","level":null,"parent_id":null,"population":1300,"timezone":"Europe/Warsaw","translations":{"br":"Ostrowit","ko":"오스트로위트","pt-BR":"Ostrowite","pt":"Ostrowite","nl":"Ostrowite","hr":"Ostrowite","fa":"استروویت","de":"Ostrowit","es":"Ostrowita","fr":"Ostrowite","ja":"オストロウィット","it":"Ostrowite","zh-CN":"奥斯特罗夫石","tr":"Ostrovit","ru":"Островитянин","uk":"Островіте","pl":"Ostrowite","hi":"ओस्ट्रोवाइट","ar":"أوسترويت"},"wikiDataId":"Q729503"},{"id":87338,"name":"Pakość","state_id":1625,"state_code":"04","state_name":"Kuyavia-Pomerania","country_id":176,"country_code":"PL","country_name":"Poland","latitude":"52.80178000","longitude":"18.08530000","native":"Pakość","type":"adm3","level":null,"parent_id":null,"population":5329,"timezone":"Europe/Warsaw","translations":{"br":"Pakość","ko":"파코시치","pt-BR":"Pakość","pt":"Pakość","nl":"Pakość","hr":"Pakość","fa":"پاکوشچ","de":"Pakość","es":"Pakość","fr":"Pakość","ja":"パコシッチ","it":"Pakość","zh-CN":"帕科希奇","tr":"Pakość","ru":"Пакост","uk":"Пакость","pl":"Pakość","hi":"वॉरसॉ","ar":"باكوتش"},"wikiDataId":"Q999632"},{"id":87393,"name":"Piotrków Kujawski","state_id":1625,"state_code":"04","state_name":"Kuyavia-Pomerania","country_id":176,"country_code":"PL","country_name":"Poland","latitude":"52.55111000","longitude":"18.49905000","native":"Piotrków Kujawski","type":"adm3","level":null,"parent_id":null,"population":4290,"timezone":"Europe/Warsaw","translations":{"br":"Piotrków Kujawski","ko":"피오트르쿠프 쿠야프스키","pt-BR":"Piotrków Kujawski","pt":"Piotrków Kujawski","nl":"Piotrków Kujawski","hr":"Piotrków Kujawski","fa":"پیوترکوف کویاوسکی","de":"Piotrków Kujawski","es":"Piotrków Kujawski","fr":"Piotrków Kujawski","ja":"ピョトルコフ・クヤフスキ","it":"Piotrków Kujawski","zh-CN":"彼得库亚夫斯基","tr":"Piotrków Kujawski","ru":"Пётркув Куявский","uk":"Пйотркув Куявський","pl":"Piotrków Kujawski","hi":"पिओट्रकोव कुजाव्स्की","ar":"بيوتركوف كوجافسكي"},"wikiDataId":"Q999638"},{"id":87868,"name":"Płużnica","state_id":1625,"state_code":"04","state_name":"Kuyavia-Pomerania","country_id":176,"country_code":"PL","country_name":"Poland","latitude":"53.29672000","longitude":"18.77692000","native":"Płużnica","type":"adm3","level":null,"parent_id":null,"population":635,"timezone":"Europe/Warsaw","translations":{"br":"Płużnica","ko":"플루즈니차","pt-BR":"Płużnica","pt":"Płużnica","nl":"Płużnica","hr":"Płużnica","fa":"پولوژنیتسا","de":"Płużnica","es":"Płużnica","fr":"Płużnica","ja":"プルジニツァ","it":"Płużnica","zh-CN":"普鲁日尼察","tr":"Płużnica","ru":"Плужница","uk":"Плужниця","pl":"Płużnica","hi":"प्लुज़्निका","ar":"بلوزنيتسا"},"wikiDataId":"Q259476"},{"id":87797,"name":"Pruszcz","state_id":1625,"state_code":"04","state_name":"Kuyavia-Pomerania","country_id":176,"country_code":"PL","country_name":"Poland","latitude":"53.33021000","longitude":"18.19894000","native":"Pruszcz","type":"city","level":null,"parent_id":null,"population":2798,"timezone":"Europe/Warsaw","translations":{"br":"Pruszcz","ko":"프루슈치","pt-BR":"Pruszcz","pt":"Pruszcz","nl":"Pruszcz","hr":"Pruszcz","fa":"پروشچ","de":"Pruszcz","es":"Pruszcz","fr":"Pruszcz","ja":"プルシュチ","it":"Pruszcz","zh-CN":"普鲁什茨","tr":"Pruszcz","ru":"Прущ","uk":"Прущ","pl":"Pruszcz","hi":"प्रस्ज़","ar":"بروشتش"},"wikiDataId":"Q2459589"},{"id":87874,"name":"Raciążek","state_id":1625,"state_code":"04","state_name":"Kuyavia-Pomerania","country_id":176,"country_code":"PL","country_name":"Poland","latitude":"52.85650000","longitude":"18.81334000","native":"Raciążek","type":"city","level":null,"parent_id":null,"population":1719,"timezone":"Europe/Warsaw","translations":{"br":"Raciążek","ko":"라치오제크","pt-BR":"Raciążek","pt":"Raciążek","nl":"Raciążek","hr":"Raciążek","fa":"راچیژک","de":"Raciążek","es":"Raciążek","fr":"Raciążek","ja":"ラチョジェク","it":"Raciążek","zh-CN":"拉恰热克","tr":"Raciążek","ru":"Рационжек","uk":"Рацьонжек","pl":"Raciążek","hi":"रैसिज़ेक","ar":"راسياجيك"},"wikiDataId":"Q984809"},{"id":87885,"name":"Radomin","state_id":1625,"state_code":"04","state_name":"Kuyavia-Pomerania","country_id":176,"country_code":"PL","country_name":"Poland","latitude":"53.08670000","longitude":"19.19415000","native":"Radomin","type":"adm3","level":null,"parent_id":null,"population":956,"timezone":"Europe/Warsaw","translations":{"br":"Radomin","ko":"라도민","pt-BR":"Radomin","pt":"Radomin","nl":"Radomin","hr":"Radomin","fa":"رادومین","de":"Radomin","es":"Radomin","fr":"Radomin","ja":"ラドミン","it":"Radomin","zh-CN":"拉多明","tr":"Radomin","ru":"Радомин","uk":"Радомін","pl":"Radomin","hi":"रेडोमिन","ar":"رادومين"},"wikiDataId":"Q618414"},{"id":87898,"name":"Radziejów","state_id":1625,"state_code":"04","state_name":"Kuyavia-Pomerania","country_id":176,"country_code":"PL","country_name":"Poland","latitude":"52.62481000","longitude":"18.52771000","native":"Radziejów","type":"adm2","level":null,"parent_id":null,"population":5253,"timezone":"Europe/Warsaw","translations":{"br":"Radziejów","ko":"라지에조프","pt-BR":"Radziejów","pt":"Radziejów","nl":"Radziejów","hr":"Radziejów","fa":"رادزیِخوف","de":"Radziejów","es":"Radziejów","fr":"Radziejów","ja":"ラジエフ","it":"Radziejów","zh-CN":"拉德齐尤夫","tr":"Radziejów","ru":"Радзеюв","uk":"Радзеюв","pl":"Radziejów","hi":"राडज़िएजॉ","ar":"رادزيجوف"},"wikiDataId":"Q324875"},{"id":87903,"name":"Radzyń Chełmiński","state_id":1625,"state_code":"04","state_name":"Kuyavia-Pomerania","country_id":176,"country_code":"PL","country_name":"Poland","latitude":"53.38509000","longitude":"18.93725000","native":"Radzyń Chełmiński","type":"city","level":null,"parent_id":null,"population":1825,"timezone":"Europe/Warsaw","translations":{"br":"Radzyń Chełmiński","ko":"라진 첼민스키","pt-BR":"Radzyń Chełmiński","pt":"Radzyń Chełmiński","nl":"Radzyń Chełmiński","hr":"Radzyń Chełmiński","fa":"رادژین چلمینسکی","de":"Radzyń Chełmiński","es":"Radzyń Chełmiński","fr":"Radzyń Chełmiński","ja":"ラジン・チェルミンスキ","it":"Radzyń Chełmiński","zh-CN":"拉津·切乌明斯基","tr":"Radzyń Chełmiński","ru":"Радзынь Хелминьский","uk":"Радзинь Хелмінський","pl":"Radzyń Chełmiński","hi":"राडज़िन चेल्मिंस्की","ar":"رادزين تشيلمينسكي"},"wikiDataId":"Q991917"},{"id":87944,"name":"Rogowo","state_id":1625,"state_code":"04","state_name":"Kuyavia-Pomerania","country_id":176,"country_code":"PL","country_name":"Poland","latitude":"52.72449000","longitude":"17.65117000","native":"Rogowo","type":"adm3","level":null,"parent_id":null,"population":2127,"timezone":"Europe/Warsaw","translations":{"br":"Rogowo","ko":"로고보","pt-BR":"Rogowo","pt":"Rogowo","nl":"Rogowo","hr":"Rogowo","fa":"روگوو","de":"Rogowo","es":"Rogowo","fr":"Rogowo","ja":"ロゴウォ","it":"Rogowo","zh-CN":"罗戈沃","tr":"Rogowo","ru":"Рогово","uk":"Рогово","pl":"Rogowo","hi":"रोगोवो","ar":"روغوو"},"wikiDataId":"Q7357674"},{"id":87952,"name":"Rogóźno","state_id":1625,"state_code":"04","state_name":"Kuyavia-Pomerania","country_id":176,"country_code":"PL","country_name":"Poland","latitude":"53.53587000","longitude":"18.92859000","native":"Rogóźno","type":"adm3","level":null,"parent_id":null,"population":984,"timezone":"Europe/Warsaw","translations":{"br":"Rogóźno","ko":"로고즈노","pt-BR":"Rogóźno","pt":"Rogóźno","nl":"Rogóźno","hr":"Rogóźno","fa":"روگنو","de":"Rogóźno","es":"Rogóźno","fr":"Rogóźno","ja":"ロゴズノ","it":"Rogóźno","zh-CN":"罗格日诺","tr":"Rogóźno","ru":"Рогозьно","uk":"Рогозно","pl":"Rogóźno","hi":"Rogozno","ar":"روغوزنو"},"wikiDataId":"Q617840"},{"id":88012,"name":"Rypin","state_id":1625,"state_code":"04","state_name":"Kuyavia-Pomerania","country_id":176,"country_code":"PL","country_name":"Poland","latitude":"53.06603000","longitude":"19.40941000","native":"Rypin","type":"adm2","level":null,"parent_id":null,"population":15832,"timezone":"Europe/Warsaw","translations":{"br":"Rypin","ko":"리핀","pt-BR":"Rypin","pt":"Rypin","nl":"Rypin","hr":"Rypin","fa":"ریپین","de":"Rypin","es":"Rypin","fr":"Rypin","ja":"リピン","it":"Rypin","zh-CN":"赖平","tr":"Rypin","ru":"Рыпин","uk":"Рипін","pl":"Rypin","hi":"राइपिन","ar":"ريبين"},"wikiDataId":"Q325244"},{"id":88040,"name":"Sadki","state_id":1625,"state_code":"04","state_name":"Kuyavia-Pomerania","country_id":176,"country_code":"PL","country_name":"Poland","latitude":"53.16036000","longitude":"17.44912000","native":"Sadki","type":"adm3","level":null,"parent_id":null,"population":2000,"timezone":"Europe/Warsaw","translations":{"br":"Sadki","ko":"사드키","pt-BR":"Sadki","pt":"Sadki","nl":"Sadki","hr":"Sadki","fa":"سادکی","de":"Sadki","es":"Sadki","fr":"Sadki","ja":"サドキ","it":"Sadki","zh-CN":"萨德基","tr":"Sadki","ru":"Садки","uk":"Садкі","pl":"Sadki","hi":"सादकी","ar":"صادقي"},"wikiDataId":"Q618435"},{"id":88333,"name":"Sępólno Krajeńskie","state_id":1625,"state_code":"04","state_name":"Kuyavia-Pomerania","country_id":176,"country_code":"PL","country_name":"Poland","latitude":"53.45198000","longitude":"17.53169000","native":"Sępólno Krajeńskie","type":"adm3","level":null,"parent_id":null,"population":8914,"timezone":"Europe/Warsaw","translations":{"br":"Sępólno Krajeńskie","ko":"쉔폴노 크라예인스키에","pt-BR":"Sępólno Krajeńskie","pt":"Sępólno Krajeńskie","nl":"Sępólno Krajeńskie","hr":"Sępolno Krajeńskie","fa":"سپولنو کرایِنسکی","de":"Sępólno Krajeńskie","es":"Sępólno Krajeńskie","fr":"Sępólno Krajeńskie","ja":"Sępólno Krajeńskie","it":"Sępólno Krajeńskie","zh-CN":"森波尔诺·克拉延斯基","tr":"Sępólno Krajeńskie","ru":"Sępólno Krajeńskie","uk":"Сеппульно Краєнське","pl":"Sępólno Krajeńskie","hi":"Sępólno Krajeńskie","ar":"Sępólno Krajeńskie"},"wikiDataId":"Q324888"},{"id":88060,"name":"Sicienko","state_id":1625,"state_code":"04","state_name":"Kuyavia-Pomerania","country_id":176,"country_code":"PL","country_name":"Poland","latitude":"53.20387000","longitude":"17.80051000","native":"Sicienko","type":"adm3","level":null,"parent_id":null,"population":971,"timezone":"Europe/Warsaw","translations":{"br":"Sicienko","ko":"시첸코","pt-BR":"Sicienko","pt":"Sicienko","nl":"Sicienko","hr":"Sicienko","fa":"سیچینکو","de":"Sicienko","es":"Sicienko","fr":"Sicienko","ja":"シチエンコ","it":"Sicienko","zh-CN":"西琴科","tr":"Sicienko","ru":"Сициенко","uk":"Сіцієнко","pl":"Sicienko","hi":"सिसिएन्को","ar":"سيسينكو"},"wikiDataId":"Q618407"},{"id":88124,"name":"Skępe","state_id":1625,"state_code":"04","state_name":"Kuyavia-Pomerania","country_id":176,"country_code":"PL","country_name":"Poland","latitude":"52.86798000","longitude":"19.35604000","native":"Skępe","type":"adm3","level":null,"parent_id":null,"population":3509,"timezone":"Europe/Warsaw","translations":{"br":"Skępe","ko":"스케페","pt-BR":"Skępe","pt":"Skępe","nl":"Skępe","hr":"Skępe","fa":"اسکپه","de":"Skępe","es":"Skępe","fr":"Skępe","ja":"スケーペ","it":"Skępe","zh-CN":"斯科佩","tr":"Skępe","ru":"Скемпе","uk":"Скемпе","pl":"Skępe","hi":"स्केप","ar":"سكيبه"},"wikiDataId":"Q607132"},{"id":88115,"name":"Skrwilno","state_id":1625,"state_code":"04","state_name":"Kuyavia-Pomerania","country_id":176,"country_code":"PL","country_name":"Poland","latitude":"53.01607000","longitude":"19.62364000","native":"Przygotowany w shakerze","type":"adm3","level":null,"parent_id":null,"population":1425,"timezone":"Europe/Warsaw","translations":{"br":"Skrwilno","ko":"스크르빌노","pt-BR":"Skrwilno","pt":"Skrwilno","nl":"Skrwilno","hr":"Skrwilno","fa":"اسکرویلنو","de":"Skrwilno","es":"Skrwilno","fr":"Skrwilno","ja":"スクルウィルノ","it":"Skrwilno","zh-CN":"斯克维尔诺","tr":"Skrwilno","ru":"Скрвильно","uk":"Скрвільно","pl":"Skrwilno","hi":"स्क्रविल्नो","ar":"سكرويلنو"},"wikiDataId":"Q984967"},{"id":88831,"name":"Ślesin","state_id":1625,"state_code":"04","state_name":"Kuyavia-Pomerania","country_id":176,"country_code":"PL","country_name":"Poland","latitude":"53.16514000","longitude":"17.70258000","native":"Śles","type":"city","level":null,"parent_id":null,"population":1500,"timezone":"Europe/Warsaw","translations":{"br":"Ślesin","ko":"슐레신","pt-BR":"Ślesin","pt":"Ślesin","nl":"Ślesin","hr":"Šlesin","fa":"شلسین","de":"Ślesin","es":"Ślesin","fr":"Ślesin","ja":"シュレシン","it":"Ślesin","zh-CN":"希莱辛","tr":"Ślesin","ru":"Слесин","uk":"Шлесін","pl":"Ślesin","hi":"Slesin","ar":"شلسين"},"wikiDataId":"Q8081892"},{"id":88833,"name":"Śliwice","state_id":1625,"state_code":"04","state_name":"Kuyavia-Pomerania","country_id":176,"country_code":"PL","country_name":"Poland","latitude":"53.70875000","longitude":"18.17370000","native":"Śliwice","type":"adm3","level":null,"parent_id":null,"population":4600,"timezone":"Europe/Warsaw","translations":{"br":"Śliwice","ko":"실리비체","pt-BR":"Śliwice","pt":"Śliwice","nl":"Śliwice","hr":"Śliwice","fa":"شلیویتسه","de":"Śliwice","es":"Śliwice","fr":"Śliwice","ja":"シリヴィツェ","it":"Śliwice","zh-CN":"希利维采","tr":"Śliwice","ru":"Сливице","uk":"Слівіце","pl":"Śliwice","hi":"Sliwice","ar":"شلفيتش"},"wikiDataId":"Q2458679"},{"id":88142,"name":"Solec Kujawski","state_id":1625,"state_code":"04","state_name":"Kuyavia-Pomerania","country_id":176,"country_code":"PL","country_name":"Poland","latitude":"53.08371000","longitude":"18.22572000","native":"Solec Kujawski","type":"city","level":null,"parent_id":null,"population":15458,"timezone":"Europe/Warsaw","translations":{"br":"Solec Kujawski","ko":"솔렉 쿠야프스키","pt-BR":"Solec Kujawski","pt":"Solec Kujawski","nl":"Solec Kujawski","hr":"Solec Kujawski","fa":"سولک کویاوسکی","de":"Solec Kujawski","es":"Solec Kujawski","fr":"Solec Kujawski","ja":"ソレツ・クヤフスキ","it":"Solec Kujawski","zh-CN":"索莱克·库亚夫斯基","tr":"Solec Kujawski","ru":"Солец Куявски","uk":"Солець Куявський","pl":"Solec Kujawski","hi":"सोलेक कुजावस्की","ar":"سوليك كوجاوسكي"},"wikiDataId":"Q161912"},{"id":88160,"name":"Sośno","state_id":1625,"state_code":"04","state_name":"Kuyavia-Pomerania","country_id":176,"country_code":"PL","country_name":"Poland","latitude":"53.38922000","longitude":"17.68713000","native":"Sośno","type":"adm3","level":null,"parent_id":null,"population":980,"timezone":"Europe/Warsaw","translations":{"br":"Sośno","ko":"소스노","pt-BR":"Sośno","pt":"Sośno","nl":"Sośno","hr":"Sosno","fa":"سوزنو","de":"Sośno","es":"Sośno","fr":"Sośno","ja":"ソシノ","it":"Sośno","zh-CN":"索希诺","tr":"Sośno","ru":"Сосьно","uk":"Сосно","pl":"Sośno","hi":"सोस्नो","ar":"سوسنو"},"wikiDataId":"Q553969"},{"id":88232,"name":"Strzelno","state_id":1625,"state_code":"04","state_name":"Kuyavia-Pomerania","country_id":176,"country_code":"PL","country_name":"Poland","latitude":"52.62789000","longitude":"18.17246000","native":"Strzelno","type":"adm3","level":null,"parent_id":null,"population":5951,"timezone":"Europe/Warsaw","translations":{"br":"Strzelno","ko":"스트젤노","pt-BR":"Strzelno","pt":"Strzelno","nl":"Strzelno","hr":"Strzelno","fa":"استرزلنو","de":"Strzelno","es":"Strzelno","fr":"Strzelno","ja":"ストルツェルノ","it":"Strzelno","zh-CN":"斯特泽尔诺","tr":"Strzelno","ru":"Стшельно","uk":"Стшельно","pl":"Strzelno","hi":"स्ट्रज़ेल्नो","ar":"سترزيلنو"},"wikiDataId":"Q1005414"},{"id":88847,"name":"Świecie","state_id":1625,"state_code":"04","state_name":"Kuyavia-Pomerania","country_id":176,"country_code":"PL","country_name":"Poland","latitude":"53.40953000","longitude":"18.44742000","native":"Świecie","type":"city","level":null,"parent_id":null,"population":25843,"timezone":"Europe/Warsaw","translations":{"br":"Świecie","ko":"시비에치에","pt-BR":"Świecie","pt":"Świecie","nl":"Świecie","hr":"Świecie","fa":"شوئیچی","de":"Świecie","es":"Świecie","fr":"Świecie","ja":"シュフィエチェ","it":"Świecie","zh-CN":"希维切","tr":"Świecie","ru":"Свеце","uk":"Світє","pl":"Świecie","hi":"Swiecie","ar":"شفيتشي"},"wikiDataId":"Q1817381"},{"id":88848,"name":"Świecie nad Osą","state_id":1625,"state_code":"04","state_name":"Kuyavia-Pomerania","country_id":176,"country_code":"PL","country_name":"Poland","latitude":"53.44400000","longitude":"19.10171000","native":"Świecie nad Osą","type":"adm3","level":null,"parent_id":null,"population":870,"timezone":"Europe/Warsaw","translations":{"br":"Świecie nad Osą","ko":"Świecie nad Osą","pt-BR":"Świecie nad Osą","pt":"Świecie nad Osą","nl":"Świecie nad Osą","hr":"Świecie nad Osou","fa":"آب و هوا","de":"Świecie nad Osą","es":"Świecie nad Osą","fr":"Świecie nad Osą","ja":"Świecie nad Osą","it":"Świecie nad Osą","zh-CN":"奥萨河畔希维切","tr":"Świecie nad Osą","ru":"Świecie nad Osą","uk":"Світєчє-над-Осою","pl":"Świecie nad Osą","hi":"Świecie nad Osą","ar":"Świecie nad Osą"},"wikiDataId":"Q387467"},{"id":88849,"name":"Świedziebnia","state_id":1625,"state_code":"04","state_name":"Kuyavia-Pomerania","country_id":176,"country_code":"PL","country_name":"Poland","latitude":"53.15207000","longitude":"19.55463000","native":"Świedziebnia","type":"adm3","level":null,"parent_id":null,"population":958,"timezone":"Europe/Warsaw","translations":{"br":"Świedziebnia","ko":"스비에드지브니아","pt-BR":"Świedziebnia","pt":"Świedziebnia","nl":"Świedziebnia","hr":"Świedziebnia","fa":"سویدزیبنیا","de":"Świedziebnia","es":"Świedziebnia","fr":"Świedziebnia","ja":"シュヴィエジブニア","it":"Świedziebnia","zh-CN":"希维德齐布尼亚","tr":"Świedziebnia","ru":"Сведзебня","uk":"Свєдзебня","pl":"Świedziebnia","hi":"Świedziebnia","ar":"سويدزيبنيا"},"wikiDataId":"Q387489"},{"id":88850,"name":"Świekatowo","state_id":1625,"state_code":"04","state_name":"Kuyavia-Pomerania","country_id":176,"country_code":"PL","country_name":"Poland","latitude":"53.41864000","longitude":"18.09731000","native":"Świekatowo","type":"city","level":null,"parent_id":null,"population":1077,"timezone":"Europe/Warsaw","translations":{"br":"Świekatowo","ko":"스비에카토보","pt-BR":"Świekatowo","pt":"Świekatowo","nl":"Świekatowo","hr":"Świekatowo","fa":"شویکاتووو","de":"Świekatowo","es":"Świekatowo","fr":"Świekatowo","ja":"シフィエカトヴォ","it":"Świekatowo","zh-CN":"希维卡托沃","tr":"Świekatowo","ru":"Свекатово","uk":"Свєнкатово","pl":"Świekatowo","hi":"Świekatowo","ar":"Świekatowo"},"wikiDataId":"Q387495"},{"id":88280,"name":"Sypniewo","state_id":1625,"state_code":"04","state_name":"Kuyavia-Pomerania","country_id":176,"country_code":"PL","country_name":"Poland","latitude":"53.36981000","longitude":"17.32690000","native":"Sypniewo","type":"city","level":null,"parent_id":null,"population":1199,"timezone":"Europe/Warsaw","translations":{"br":"Sypniewo","ko":"시프니에보","pt-BR":"Sypniewo","pt":"Sypniewo","nl":"Sypniewo","hr":"Sypniewo","fa":"سیپنیو","de":"Sypniewo","es":"Sypniewo","fr":"Sypniewo","ja":"シプニエウォ","it":"Sypniewo","zh-CN":"西普尼沃","tr":"Sypniewo","ru":"Сыпнево","uk":"Сипнєво","pl":"Sypniewo","hi":"सिप्नीवो","ar":"سيبنيو"},"wikiDataId":"Q4027183"},{"id":88317,"name":"Szubin","state_id":1625,"state_code":"04","state_name":"Kuyavia-Pomerania","country_id":176,"country_code":"PL","country_name":"Poland","latitude":"53.00967000","longitude":"17.74000000","native":"Szubin","type":"adm3","level":null,"parent_id":null,"population":9563,"timezone":"Europe/Warsaw","translations":{"br":"Szubin","ko":"슈빈","pt-BR":"Szubin","pt":"Szubin","nl":"Szubin","hr":"Szubin","fa":"زوبین","de":"Szubin","es":"Szubin","fr":"Szubin","ja":"シュビン","it":"Szubin","zh-CN":"苏宾","tr":"Szubin","ru":"Шубин","uk":"Шубін","pl":"Szubin","hi":"ज़ुबिन","ar":"زوبين"},"wikiDataId":"Q2458791"},{"id":88444,"name":"Tłuchowo","state_id":1625,"state_code":"04","state_name":"Kuyavia-Pomerania","country_id":176,"country_code":"PL","country_name":"Poland","latitude":"52.74715000","longitude":"19.46563000","native":"Tłuchowo","type":"adm3","level":null,"parent_id":null,"population":1188,"timezone":"Europe/Warsaw","translations":{"br":"Tłuchowo","ko":"트루초보","pt-BR":"Tłuchowo","pt":"Tłuchowo","nl":"Tłuchowo","hr":"Tłuchowo","fa":"توچوو","de":"Tłuchowo","es":"Tłuchowo","fr":"Tłuchowo","ja":"トゥホヴォ","it":"Tłuchowo","zh-CN":"特武霍沃","tr":"Tłuchowo","ru":"Тлухово","uk":"Тлухово","pl":"Tłuchowo","hi":"ट्लुचोवो","ar":"توخوفو"},"wikiDataId":"Q984972"},{"id":88383,"name":"Topólka","state_id":1625,"state_code":"04","state_name":"Kuyavia-Pomerania","country_id":176,"country_code":"PL","country_name":"Poland","latitude":"52.50327000","longitude":"18.71246000","native":"Szczyt","type":"adm3","level":null,"parent_id":null,"population":447,"timezone":"Europe/Warsaw","translations":{"br":"Topólka","ko":"토폴카","pt-BR":"Topólka","pt":"Topólka","nl":"Topólka","hr":"Topólka","fa":"توپولکا","de":"Topólka","es":"Topólka","fr":"Topólka","ja":"トポルカ","it":"Topólka","zh-CN":"托波尔卡","tr":"Topólka","ru":"Тополька","uk":"Тополька","pl":"Topólka","hi":"टोपोल्का","ar":"توبولكا"},"wikiDataId":"Q618398"},{"id":88384,"name":"Toruń","state_id":1625,"state_code":"04","state_name":"Kuyavia-Pomerania","country_id":176,"country_code":"PL","country_name":"Poland","latitude":"53.01375000","longitude":"18.59814000","native":"Toruń","type":"city","level":null,"parent_id":null,"population":196935,"timezone":"Europe/Warsaw","translations":{"br":"Toruń","ko":"토룬","pt-BR":"Torun","pt":"Torun","nl":"Toruń","hr":"Toruń","fa":"تورون","de":"Thorn","es":"Torun","fr":"Toruń","ja":"トルン","it":"Toruń","zh-CN":"托伦","tr":"Toruń","ru":"Торунь","uk":"Торунь","pl":"Toruń","hi":"चलाने के लिए","ar":"تورون"},"wikiDataId":"Q47554"},{"id":88417,"name":"Tuchola","state_id":1625,"state_code":"04","state_name":"Kuyavia-Pomerania","country_id":176,"country_code":"PL","country_name":"Poland","latitude":"53.58792000","longitude":"17.85905000","native":"Tuchola","type":"adm2","level":null,"parent_id":null,"population":13408,"timezone":"Europe/Warsaw","translations":{"br":"Tuchola","ko":"투콜라","pt-BR":"Tuchola","pt":"Tuchola","nl":"Tuchola","hr":"Tuchola","fa":"توچولا","de":"Tuchola","es":"Tuchola","fr":"Tuchola","ja":"トゥチョラ","it":"Tuchola","zh-CN":"图乔拉","tr":"Tuchola","ru":"Тухола","uk":"Тухола","pl":"Tuchola","hi":"टचोला","ar":"توتشولا"},"wikiDataId":"Q325910"},{"id":88456,"name":"Unisław","state_id":1625,"state_code":"04","state_name":"Kuyavia-Pomerania","country_id":176,"country_code":"PL","country_name":"Poland","latitude":"53.21241000","longitude":"18.38622000","native":"Unisław","type":"city","level":null,"parent_id":null,"population":3490,"timezone":"Europe/Warsaw","translations":{"br":"Unisław","ko":"유니스와프","pt-BR":"Unisław","pt":"Unisław","nl":"Unisław","hr":"Unisław","fa":"اونیسلاو","de":"Unisław","es":"Unislaw","fr":"Unisław","ja":"ウニスワフ","it":"Unisław","zh-CN":"乌尼斯瓦夫","tr":"Unisław","ru":"Унислав","uk":"Уніслав","pl":"Unisław","hi":"यूनिस्लाव","ar":"أونيسلاف"},"wikiDataId":"Q618417"},{"id":88631,"name":"Wąbrzeźno","state_id":1625,"state_code":"04","state_name":"Kuyavia-Pomerania","country_id":176,"country_code":"PL","country_name":"Poland","latitude":"53.27989000","longitude":"18.94773000","native":"Wąbrzeźno","type":"adm2","level":null,"parent_id":null,"population":13317,"timezone":"Europe/Warsaw","translations":{"br":"Wąbrzeźno","ko":"왕브제즈노","pt-BR":"Wąbrzeźno","pt":"Wąbrzeźno","nl":"Wąbrzeźno","hr":"Wąbrzeźno","fa":"وبرزنو","de":"Wąbrzeźno","es":"Wąbrzeźno","fr":"Wąbrzeźno","ja":"ヴォブジェズノ","it":"Wąbrzeźno","zh-CN":"瓦布热日诺","tr":"Wąbrzeźno","ru":"Вабжезно","uk":"Вомбжезно","pl":"Wąbrzeźno","hi":"Wąbrzeźno","ar":"Wąbrzeźno"},"wikiDataId":"Q324912"},{"id":88471,"name":"Waganiec","state_id":1625,"state_code":"04","state_name":"Kuyavia-Pomerania","country_id":176,"country_code":"PL","country_name":"Poland","latitude":"52.80120000","longitude":"18.87589000","native":"Waganiec","type":"city","level":null,"parent_id":null,"population":1300,"timezone":"Europe/Warsaw","translations":{"br":"Waganiec","ko":"와가니에츠","pt-BR":"Waganiec","pt":"Waganiec","nl":"Waganiec","hr":"Waganiec","fa":"واگنیک","de":"Waganiec","es":"Waganiec","fr":"Waganiec","ja":"ワガニエツ","it":"Waganiec","zh-CN":"瓦加涅茨","tr":"Waganiec","ru":"Ваганец","uk":"Ваганець","pl":"Waganiec","hi":"वागानिएक","ar":"واجانيك"},"wikiDataId":"Q984810"},{"id":88634,"name":"Wąpielsk","state_id":1625,"state_code":"04","state_name":"Kuyavia-Pomerania","country_id":176,"country_code":"PL","country_name":"Poland","latitude":"53.13761000","longitude":"19.27792000","native":"Wąpielsk","type":"adm3","level":null,"parent_id":null,"population":715,"timezone":"Europe/Warsaw","translations":{"br":"Wąpielsk","ko":"웡피엘스크","pt-BR":"Wąpielsk","pt":"Wąpielsk","nl":"Wąpielsk","hr":"Wąpielsk","fa":"واپیِلسک","de":"Wąpielsk","es":"Wąpielsk","fr":"Wąpielsk","ja":"ヴォピエルスク","it":"Wąpielsk","zh-CN":"瓦皮耶尔斯克","tr":"Wąpielsk","ru":"Вонпельск","uk":"Вапельськ","pl":"Wąpielsk","hi":"वापील्स्क","ar":"وابلسك"},"wikiDataId":"Q2597195"},{"id":88478,"name":"Warlubie","state_id":1625,"state_code":"04","state_name":"Kuyavia-Pomerania","country_id":176,"country_code":"PL","country_name":"Poland","latitude":"53.58751000","longitude":"18.63444000","native":"Warlubie","type":"city","level":null,"parent_id":null,"population":2043,"timezone":"Europe/Warsaw","translations":{"br":"Warlubie","ko":"워루비","pt-BR":"Warlubie","pt":"Warlubie","nl":"Warlubie","hr":"Warlubie","fa":"وارلوبی","de":"Warlubie","es":"Warlubie","fr":"Warlubie","ja":"ワルルビー","it":"Warlubie","zh-CN":"瓦尔卢比","tr":"Warlubie","ru":"Варлюби","uk":"Варлубіє","pl":"Warlubie","hi":"वारलुबी","ar":"وارلوبي"},"wikiDataId":"Q984898"},{"id":88557,"name":"Więcbork","state_id":1625,"state_code":"04","state_name":"Kuyavia-Pomerania","country_id":176,"country_code":"PL","country_name":"Poland","latitude":"53.35384000","longitude":"17.49064000","native":"Więcbork","type":"adm3","level":null,"parent_id":null,"population":5799,"timezone":"Europe/Warsaw","translations":{"br":"Więcbork","ko":"비에츠보르크","pt-BR":"Więcbork","pt":"Więcbork","nl":"Więcbork","hr":"Więcbork","fa":"ویکبورک","de":"Więcbork","es":"Więcbork","fr":"Więcbork","ja":"ヴィエンツボルク","it":"Więcbork","zh-CN":"温克堡","tr":"Więcbork","ru":"Венцборк","uk":"Вєнцборк","pl":"Więcbork","hi":"विएन्कबोर्क","ar":"فينكبورك"},"wikiDataId":"Q991829"},{"id":88500,"name":"Wielgie","state_id":1625,"state_code":"04","state_name":"Kuyavia-Pomerania","country_id":176,"country_code":"PL","country_name":"Poland","latitude":"52.74076000","longitude":"19.26350000","native":"Wielgie","type":"adm3","level":null,"parent_id":null,"population":1081,"timezone":"Europe/Warsaw","translations":{"br":"Wielgie","ko":"비엘기","pt-BR":"Wielgie","pt":"Wielgie","nl":"Wielgie","hr":"Wielgie","fa":"ویلگی","de":"Wielgie","es":"Wielgie","fr":"Wielgie","ja":"ウィルギー","it":"Wielgie","zh-CN":"维尔吉","tr":"Wielgie","ru":"Вилги","uk":"Вельгі","pl":"Wielgie","hi":"विएल्जी","ar":"ويلجي"},"wikiDataId":"Q617802"},{"id":88504,"name":"Wielka Nieszawka","state_id":1625,"state_code":"04","state_name":"Kuyavia-Pomerania","country_id":176,"country_code":"PL","country_name":"Poland","latitude":"52.99619000","longitude":"18.50973000","native":"Wielka Nieszawka","type":"adm3","level":null,"parent_id":null,"population":460,"timezone":"Europe/Warsaw","translations":{"br":"Wielka Nieszawka","ko":"비엘카 니에샤프카","pt-BR":"Wielka Nieszawka","pt":"Wielka Nieszawka","nl":"Wielka Nieszawka","hr":"Wielka Nieszawka","fa":"ویلکا نیساوکا","de":"Wielka Nieszawka","es":"Wielka Nieszawka","fr":"Wielka Nieszawka","ja":"ヴィエルカ・ニェシャフカ","it":"Wielka Nieszawka","zh-CN":"大涅扎夫卡","tr":"Wielka Nieszawka","ru":"Велька Нешавка","uk":"Велька Нешавка","pl":"Wielka Nieszawka","hi":"विल्का नीस्ज़ाव्का","ar":"ويلكا نيسزاوكا"},"wikiDataId":"Q1021047"},{"id":88524,"name":"Wierzchosławice","state_id":1625,"state_code":"04","state_name":"Kuyavia-Pomerania","country_id":176,"country_code":"PL","country_name":"Poland","latitude":"52.86923000","longitude":"18.35609000","native":"Wierzchosławice","type":"city","level":null,"parent_id":null,"population":1400,"timezone":"Europe/Warsaw","translations":{"br":"Wierzchosławice","ko":"비에르초스와비체","pt-BR":"Wierzchosławice","pt":"Wierzchosławice","nl":"Wierzchosławice","hr":"Wierzchosławice","fa":"ویرژوشوسواویتسه","de":"Wierzchosławice","es":"Wierzchosławice","fr":"Wierzchosławice","ja":"ヴィェルチョスワヴィツェ","it":"Wierzchosławice","zh-CN":"维尔日霍斯瓦维采","tr":"Wierzchosławice","ru":"Вежхославице","uk":"Вежославіце","pl":"Wierzchosławice","hi":"विएर्ज़्कोस्लाविस","ar":"ويرزتشوسلاويسي"},"wikiDataId":"Q9373336"},{"id":88649,"name":"Włocławek","state_id":1625,"state_code":"04","state_name":"Kuyavia-Pomerania","country_id":176,"country_code":"PL","country_name":"Poland","latitude":"52.64817000","longitude":"19.06780000","native":"Włocławek","type":"adm2","level":null,"parent_id":null,"population":104705,"timezone":"Europe/Warsaw","translations":{"br":"Włocławek","ko":"브로츠와베크","pt-BR":"Włocławek","pt":"Włocławek","nl":"Włocławek","hr":"Włocławek","fa":"ووتسلاوک","de":"Włocławek","es":"Włocławek","fr":"Włocławek","ja":"ヴウォツワヴェク","it":"Włocławek","zh-CN":"弗沃茨瓦韦克","tr":"Włocławek","ru":"Влоцлавек","uk":"Влоцлавек","pl":"Włocławek","hi":"व्लोक्लावेक","ar":"فواتسوافيك"},"wikiDataId":"Q106681"},{"id":88713,"name":"Zbójno","state_id":1625,"state_code":"04","state_name":"Kuyavia-Pomerania","country_id":176,"country_code":"PL","country_name":"Poland","latitude":"53.00848000","longitude":"19.15750000","native":"Zbójno","type":"adm3","level":null,"parent_id":null,"population":857,"timezone":"Europe/Warsaw","translations":{"br":"Zbójno","ko":"즈보이노","pt-BR":"Zbójno","pt":"Zbójno","nl":"Zbójno","hr":"Zbójno","fa":"زبوینو","de":"Zbójno","es":"Zbójno","fr":"Zbójno","ja":"ズボイノ","it":"Zbójno","zh-CN":"兹博伊诺","tr":"Zbójno","ru":"Збойно","uk":"Збойно","pl":"Zbójno","hi":"ज़्बोज्नो","ar":"زبوينو"},"wikiDataId":"Q618409"},{"id":88741,"name":"Zławieś Wielka","state_id":1625,"state_code":"04","state_name":"Kuyavia-Pomerania","country_id":176,"country_code":"PL","country_name":"Poland","latitude":"53.09562000","longitude":"18.32897000","native":"Zławieś Wielka","type":"adm3","level":null,"parent_id":null,"population":682,"timezone":"Europe/Warsaw","translations":{"br":"Zławieś Wielka","ko":"즐라비에시 비엘카","pt-BR":"Zławieś Wielka","pt":"Zławieś Wielka","nl":"Zławieś Wielka","hr":"Zławieś Wielka","fa":"زلاویش ویلکا","de":"Zławieś Wielka","es":"Zławieś Wielka","fr":"Zławieś Wielka","ja":"ズワヴィエシュ・ヴィエルカ","it":"Zławieś Wielka","zh-CN":"兹瓦维耶斯维尔卡","tr":"Zławieś Wielka","ru":"Zławieś Wielka","uk":"Злавєш Велька","pl":"Zławieś Wielka","hi":"ज़्लाविएश विल्का","ar":"زلافيس ويلكا"},"wikiDataId":"Q2458261"},{"id":88748,"name":"Złotniki Kujawskie","state_id":1625,"state_code":"04","state_name":"Kuyavia-Pomerania","country_id":176,"country_code":"PL","country_name":"Poland","latitude":"52.89943000","longitude":"18.14564000","native":"Złotniki Kujawskie","type":"city","level":null,"parent_id":null,"population":2400,"timezone":"Europe/Warsaw","translations":{"br":"Złotniki Kujawskie","ko":"즐로트니키 쿠야프스키에","pt-BR":"Złotniki Kujawskie","pt":"Złotniki Kujawskie","nl":"Złotniki Kujawskie","hr":"Złotniki Kujawskie","fa":"زلوتنیکی کویاوسکی","de":"Złotniki Kujawskie","es":"Złotniki Kujawskie","fr":"Złotniki Kujawskie","ja":"ズウォトニキ・クヤフスキエ","it":"Złotniki Kujawskie","zh-CN":"库亚维省","tr":"Złotniki Kujawskie","ru":"Злотники Куявские","uk":"Злотники Куявські","pl":"Złotniki Kujawskie","hi":"ज़्लोटनिकी कुजाव्स्की","ar":"زلوتنيكي كوجاوسكي"},"wikiDataId":"Q8076202"},{"id":88888,"name":"Żnin","state_id":1625,"state_code":"04","state_name":"Kuyavia-Pomerania","country_id":176,"country_code":"PL","country_name":"Poland","latitude":"52.84958000","longitude":"17.71992000","native":"Żnin","type":"adm2","level":null,"parent_id":null,"population":13268,"timezone":"Europe/Warsaw","translations":{"br":"Żnin","ko":"지닌","pt-BR":"Żnin","pt":"Żnin","nl":"Żnin","hr":"Żnin","fa":"ژنین","de":"Żnin","es":"Żnin","fr":"Żnin","ja":"ズニン","it":"Żnin","zh-CN":"日宁","tr":"Żnin","ru":"Жнин","uk":"Жнін","pl":"Żnin","hi":"Znin","ar":"جنين"},"wikiDataId":"Q324941"}]