{"id":64783,"name":"Embu","state_id":163,"state_code":"06","state_name":"Embu","country_id":113,"country_code":"KE","country_name":"Kenya","latitude":"-0.53987000","longitude":"37.45743000","native":"Embu","type":"adm1","level":null,"parent_id":null,"population":64979,"timezone":"Africa/Nairobi","translations":{"br":"Embu","ko":"엠부","pt-BR":"Embu","pt":"Embu","nl":"Embu","hr":"Embu","fa":"امبو","de":"Embu","es":"Embú","fr":"Embu","ja":"エンブ","it":"Embu","zh-CN":"恩布","tr":"Embu","ru":"Эмбу","uk":"Ембу","pl":"Embu","hi":"एम्बु","ar":"إمبو"},"wikiDataId":"Q186362"}